CountyFIPS,Year,Population,Log_Population,Days_with_AQI,Good_Days,Moderate_Days,USG_Days,Unhealthy_Days,Very_Unhealthy_Days,Hazardous_Days,Max_AQI,AQI_90th_Percentile,Median_AQI,Days_NO2,Days_Ozone,Days_PM2_5,Days_PM10,AQI_Coverage_Pct,Poor_Air_Days,Poor_Air_Days_Pct,Smoking_AdjPrev
1003,2019,223234,5.3487603411967575,271,221,50,0,0,0,0,80,55,40,0,198,73,0,74.24657534246575,0,0.0,19.9
1003,2020,229287,5.360379432015966,269,223,46,0,0,0,0,74,54,38,0,178,91,0,73.49726775956285,0,0.0,16.9
1003,2021,239294,5.3789318093549365,280,248,32,0,0,0,0,63,52,37,0,199,81,0,76.71232876712328,0,0.0,15.0
1003,2022,253507,5.40398995585634,281,237,44,0,0,0,0,97,52,39,0,201,80,0,76.98630136986301,0,0.0,13.3
1033,2019,55241,4.74226153179202,263,238,25,0,0,0,0,65,50,38,0,219,44,0,72.05479452054794,0,0.0,21.5
1049,2019,71513,4.854384997256603,361,303,58,0,0,0,0,90,54,39,0,306,55,0,98.9041095890411,0,0.0,25.0
1049,2020,71658,4.855264682687404,364,332,32,0,0,0,0,91,49,37,0,309,55,0,99.4535519125683,0,0.0,23.0
1049,2021,71813,4.8562030698302365,361,315,46,0,0,0,0,84,53,37,0,298,63,0,98.9041095890411,0,0.0,22.2
1049,2022,72569,4.860751138549722,364,323,41,0,0,0,0,97,52,38,0,305,59,0,99.72602739726028,0,0.0,19.9
1051,2019,81209,4.909604162661628,228,208,20,0,0,0,0,100,50,39,0,228,0,0,62.465753424657535,0,0.0,20.4
1051,2020,82158,4.914649858540343,197,197,0,0,0,0,0,47,41,31,0,197,0,0,53.825136612021865,0,0.0,18.6
1051,2021,89304,4.95087091173314,241,238,3,0,0,0,0,87,44,32,0,241,0,0,66.02739726027397,0,0.0,16.8
1051,2022,90441,4.956365355664486,240,232,8,0,0,0,0,74,44,33,0,240,0,0,65.75342465753424,0,0.0,15.1
1055,2019,102268,5.009739762769156,279,201,78,0,0,0,0,90,58,44,0,201,78,0,76.43835616438356,0,0.0,23.5
1055,2020,102371,5.010176945665998,276,239,37,0,0,0,0,93,53,36,0,191,85,0,75.40983606557377,0,0.0,20.6
1055,2021,103162,5.013519753207506,286,235,51,0,0,0,0,80,57,38,0,201,85,0,78.35616438356165,0,0.0,19.4
1055,2022,103241,5.013852202500837,359,224,135,0,0,0,0,93,60,46,0,93,266,0,98.35616438356163,0,0.0,18.1
1069,2019,105882,5.024822136074347,280,230,50,0,0,0,0,77,55,38,0,181,99,0,76.71232876712328,0,0.0,21.7
1073,2019,658573,5.81860392165166,365,85,267,13,0,0,0,150,80,58,0,75,289,1,100.0,13,3.5616438356164384,17.6
1073,2020,655342,5.816468002205684,366,119,244,3,0,0,0,129,70,54,0,58,308,0,100.0,3,0.819672131147541,16.1
1073,2021,667820,5.824659421246614,365,104,256,3,2,0,0,189,77,56,1,47,317,0,100.0,5,1.36986301369863,16.4
1073,2022,662895,5.821444743288764,365,128,235,2,0,0,0,105,71,54,0,66,299,0,100.0,2,0.547945205479452,14.1
1089,2019,372909,5.571602865000272,361,189,172,0,0,0,0,93,62,49,0,99,255,7,98.9041095890411,0,0.0,16.1
1089,2020,379453,5.579157990759224,364,210,154,0,0,0,0,89,59,47,0,72,288,4,99.4535519125683,0,0.0,15.7
1089,2021,395211,5.596829023903489,357,189,166,2,0,0,0,105,62,49,0,59,285,13,97.80821917808218,2,0.5602240896358543,13.8
1089,2022,412600,5.615529223637132,365,201,164,0,0,0,0,97,61,48,0,68,293,4,100.0,0,0.0,12.0
1097,2019,413210,5.616170823235452,352,167,185,0,0,0,0,82,64,52,0,69,283,0,96.43835616438356,0,0.0,21.4
1097,2020,412716,5.615651305749275,348,188,160,0,0,0,0,78,62,49,0,84,264,0,95.08196721311477,0,0.0,20.4
1097,2021,413073,5.616026808788668,361,125,236,0,0,0,0,83,62,53,0,35,326,0,98.9041095890411,0,0.0,18.9
1097,2022,411640,5.614517569528736,363,235,128,0,0,0,0,93,58,44,0,99,264,0,99.45205479452056,0,0.0,15.7
1101,2019,226486,5.35504136171017,365,84,280,1,0,0,0,122,71,57,0,18,346,1,100.0,1,0.273972602739726,20.1
1101,2020,224639,5.351485157154445,361,70,289,2,0,0,0,116,70,58,0,18,343,0,98.63387978142076,2,0.554016620498615,17.2
1101,2021,227434,5.35685538958925,354,222,132,0,0,0,0,93,60,44,0,86,268,0,96.986301369863,0,0.0,17.6
1101,2022,224980,5.352143912441583,363,269,94,0,0,0,0,96,57,41,0,163,200,0,99.45205479452056,0,0.0,14.8
1103,2019,119679,5.07801795170775,365,247,118,0,0,0,0,93,58,45,0,145,220,0,100.0,0,0.0,20.6
1103,2020,119883,5.078757602367898,355,251,104,0,0,0,0,75,58,41,0,96,259,0,96.99453551912568,0,0.0,20.7
1103,2021,123668,5.092257337290431,365,209,156,0,0,0,0,97,63,47,0,71,294,0,100.0,0,0.0,18.9
1103,2022,125133,5.097371856679516,365,208,156,1,0,0,0,111,63,47,0,82,283,0,100.0,1,0.273972602739726,16.3
1113,2019,57961,4.763135869737982,363,195,168,0,0,0,0,84,63,48,0,64,299,0,99.45205479452056,0,0.0,21.7
1113,2020,58237,4.765198994790501,365,236,129,0,0,0,0,99,61,44,0,49,316,0,99.72677595628416,0,0.0,21.5
1113,2021,58722,4.768800838702498,364,214,147,3,0,0,0,142,65,47,0,51,313,0,99.72602739726028,3,0.8241758241758242,20.2
1113,2022,58744,4.768963515199759,364,208,156,0,0,0,0,97,61,46,0,69,295,0,99.72602739726028,0,0.0,18.1
1117,2019,217702,5.337862418866423,244,202,39,3,0,0,0,119,61,42,0,244,0,0,66.84931506849315,3,1.2295081967213115,15.3
1117,2020,221428,5.345232537394635,241,232,9,0,0,0,0,67,46,34,0,241,0,0,65.84699453551912,0,0.0,13.7
1117,2021,226902,5.355838323937539,243,231,12,0,0,0,0,77,48,35,0,243,0,0,66.57534246575342,0,0.0,12.7
1117,2022,233000,5.367355921026019,245,225,19,1,0,0,0,105,50,37,0,245,0,0,67.12328767123287,1,0.4081632653061224,10.6
1125,2019,209355,5.320883337553396,264,217,47,0,0,0,0,87,54,39,0,173,91,0,72.32876712328768,0,0.0,20.2
1125,2020,210758,5.323784068658176,278,247,31,0,0,0,0,97,52,34,0,186,92,0,75.95628415300546,0,0.0,18.2
1125,2021,227007,5.356039249327488,280,246,34,0,0,0,0,90,52,34,0,188,92,0,76.71232876712328,0,0.0,17.4
1125,2022,237373,5.375431318587105,280,240,40,0,0,0,0,87,54,37,0,195,85,0,76.71232876712328,0,0.0,15.0
2020,2019,288000,5.459392487759231,365,254,102,5,4,0,0,163,67,32,0,0,285,75,100.0,9,2.4657534246575343,15.3
2020,2020,287095,5.458025628960043,366,294,72,0,0,0,0,92,55,27,0,0,267,93,100.0,0,0.0,15.6
2020,2021,288121,5.45957491344093,365,289,74,2,0,0,0,132,57,28,0,0,277,86,100.0,2,0.547945205479452,14.9
2020,2022,286075,5.456479906611818,365,302,62,1,0,0,0,125,56,24,0,0,200,158,100.0,1,0.273972602739726,14.1
2050,2019,18386,4.264487255780689,317,302,13,1,1,0,0,185,34,13,0,0,212,105,86.84931506849315,2,0.6309148264984227,34.9
2090,2019,96849,4.986095140834954,365,205,121,18,16,1,4,503,103,44,6,98,258,3,100.0,39,10.684931506849315,17.6
2090,2020,95651,4.980689514794174,366,231,98,17,20,0,0,177,106,39,0,76,287,3,100.0,37,10.10928961748634,15.9
2090,2021,95593,4.980426091306664,365,211,120,21,13,0,0,189,97,42,0,66,298,1,100.0,34,9.315068493150685,16.0
2090,2022,94840,4.97699154530615,365,213,105,18,27,1,1,310,118,43,0,88,274,3,100.0,47,12.876712328767123,14.3
2110,2019,31974,4.504796970624556,362,280,79,3,0,0,0,145,60,27,0,0,340,22,99.17808219178085,3,0.8287292817679558,15.1
2110,2020,31849,4.503095800837778,361,320,40,1,0,0,0,101,52,19,0,0,336,25,98.63387978142076,1,0.2770083102493075,14.7
2110,2021,31973,4.504783387673614,357,315,42,0,0,0,0,89,53,20,0,0,353,4,97.80821917808218,0,0.0,14.5
2110,2022,31555,4.4990681845107945,342,291,51,0,0,0,0,95,56,21,0,0,342,0,93.69863013698632,0,0.0,13.8
2170,2019,108317,5.0346966230777,361,262,96,3,0,0,0,127,66,25,0,0,313,48,98.9041095890411,3,0.8310249307479225,19.8
2170,2020,110213,5.042232824055506,359,317,41,1,0,0,0,103,53,17,0,0,303,56,98.08743169398907,1,0.2785515320334262,18.6
2170,2021,110686,5.044092693080626,354,307,44,2,1,0,0,163,54,15,0,0,300,54,96.986301369863,3,0.847457627118644,19.3
2170,2022,115239,5.061599480983191,341,301,40,0,0,0,0,89,53,12,0,0,252,89,93.42465753424658,0,0.0,17.0
4001,2019,71887,4.856650359941603,359,357,2,0,0,0,0,64,21,11,0,0,62,297,98.35616438356163,0,0.0,23.9
4001,2020,71875,4.856577857697687,364,356,8,0,0,0,0,63,30,14,0,0,53,311,99.4535519125683,0,0.0,26.2
4001,2021,65623,4.81705608057097,359,353,6,0,0,0,0,90,30,15,0,0,67,292,98.35616438356163,0,0.0,27.3
4001,2022,65036,4.8131538223869255,363,359,4,0,0,0,0,57,27,11,0,0,58,305,99.45205479452056,0,0.0,23.1
4003,2019,125922,5.10010161290306,365,253,112,0,0,0,0,97,64,46,0,305,45,15,100.0,0,0.0,17.6
4003,2020,127450,5.105339839805287,366,271,93,2,0,0,0,108,61,45,0,301,4,61,100.0,2,0.546448087431694,17.5
4003,2021,126050,5.100542850012465,365,259,104,2,0,0,0,105,60,45,0,307,2,56,100.0,2,0.547945205479452,16.5
4003,2022,124640,5.095657440328489,365,291,73,1,0,0,0,101,61,44,0,331,2,32,100.0,1,0.273972602739726,13.4
4005,2019,143476,5.156779260378176,365,280,85,0,0,0,0,80,61,45,0,349,16,0,100.0,0,0.0,18.1
4005,2020,142481,5.15375695455287,366,302,64,0,0,0,0,93,58,44,0,345,21,0,100.0,0,0.0,17.8
4005,2021,145052,5.161523721301218,365,265,100,0,0,0,0,93,64,46,0,356,9,0,100.0,0,0.0,16.2
4005,2022,144472,5.159783684990139,365,279,85,1,0,0,0,101,64,44,0,358,7,0,100.0,1,0.273972602739726,12.9
4007,2019,54018,4.732538500528158,365,210,139,16,0,0,0,146,87,48,0,349,1,15,100.0,16,4.383561643835616,19.8
4007,2020,54303,4.73482382309632,366,256,99,8,3,0,0,174,74,44,0,338,1,27,100.0,11,3.0054644808743167,23.2
4007,2021,53589,4.729075652947064,365,239,116,8,2,0,0,180,80,46,0,341,4,20,100.0,10,2.73972602739726,20.4
4007,2022,54003,4.7324178866240025,365,245,102,16,2,0,0,177,84,45,0,339,2,24,100.0,18,4.931506849315069,16.7
4012,2019,21108,4.324447085505086,364,303,61,0,0,0,0,77,58,44,0,357,6,1,99.72602739726028,0,0.0,19.5
4012,2020,21480,4.332034277027518,366,292,72,2,0,0,0,125,58,44,0,350,9,7,100.0,2,0.546448087431694,21.3
4012,2021,16408,4.21505564736031,362,254,107,0,1,0,0,187,71,46,0,351,7,4,99.17808219178085,1,0.2762430939226519,19.7
4012,2022,16710,4.222976449893391,359,275,83,1,0,0,0,130,64,44,0,337,12,10,98.35616438356163,1,0.2785515320334262,16.7
4013,2019,4485414,6.651802534251383,365,50,277,38,0,0,0,147,101,67,2,204,92,67,100.0,38,10.41095890410959,14.3
4013,2020,4579081,6.660778325891074,366,11,154,60,66,75,0,282,216,112,0,271,63,32,100.0,201,54.91803278688525,14.6
4013,2021,4496588,6.652883097146884,365,12,128,91,61,73,0,297,213,122,0,295,27,43,100.0,225,61.64383561643836,14.0
4013,2022,4585871,6.66142183391417,365,27,242,73,17,6,0,264,136,75,1,204,83,77,100.0,96,26.301369863013697,11.0
4015,2019,212181,5.326706491890512,365,358,7,0,0,0,0,69,29,14,0,0,52,313,100.0,0,0.0,21.0
4015,2020,217206,5.336871817836243,358,348,9,1,0,0,0,116,36,19,0,0,51,307,97.81420765027322,1,0.2793296089385474,21.0
4015,2021,217692,5.337842469373229,363,360,2,0,1,0,0,156,34,19,0,0,2,361,99.45205479452056,1,0.2754820936639118,19.8
4015,2022,223682,5.349631037224925,357,340,16,1,0,0,0,115,32,17,0,0,0,357,97.80821917808218,1,0.2801120448179272,17.1
4017,2019,110924,5.045025522162633,365,294,70,1,0,0,0,112,58,44,0,357,1,7,100.0,1,0.273972602739726,20.7
4017,2020,112112,5.0496521001495,366,314,50,2,0,0,0,136,54,43,0,359,4,3,100.0,2,0.546448087431694,23.6
4017,2021,108147,5.034014476604361,365,292,72,1,0,0,0,101,61,44,0,337,4,24,100.0,1,0.273972602739726,21.9
4017,2022,109175,5.038123200593378,364,307,57,0,0,0,0,93,58,44,0,356,5,3,99.72602739726028,0,0.0,19.5
4019,2019,1047279,6.020062395164168,365,207,156,2,0,0,0,103,71,49,0,237,51,77,100.0,2,0.547945205479452,14.3
4019,2020,1061175,6.025787009977894,366,124,229,12,0,1,0,277,77,55,0,169,99,98,100.0,13,3.551912568306011,15.8
4019,2021,1052030,6.022028124464763,365,93,258,13,0,0,1,313,85,56,0,147,145,73,100.0,14,3.8356164383561646,15.1
4019,2022,1063162,6.02659944546925,365,147,205,13,0,0,0,142,81,53,0,196,94,75,100.0,13,3.5616438356164384,11.3
4021,2019,462789,5.665383027686636,365,104,228,21,2,3,7,929,100,63,0,148,66,151,100.0,33,9.04109589041096,17.4
4021,2020,480828,5.681989749950223,366,86,196,74,8,0,2,1194,121,73,0,123,60,183,100.0,84,22.950819672131143,18.7
4021,2021,449557,5.652784764403072,365,72,240,49,4,0,0,198,108,70,0,135,48,182,100.0,53,14.52054794520548,17.2
4021,2022,484239,5.685059764045644,365,91,238,28,3,2,3,689,100,61,0,138,40,187,100.0,36,9.863013698630136,12.7
4023,2019,46498,4.667434273155681,362,250,110,2,0,0,0,120,67,39,0,0,323,39,99.17808219178085,2,0.5524861878453038,14.5
4023,2020,46808,4.670320085102662,360,208,147,4,1,0,0,170,71,44,0,0,303,57,98.36065573770492,5,1.3888888888888888,15.0
4023,2021,47883,4.680181352315623,360,169,189,1,1,0,0,171,71,52,0,0,295,65,98.63013698630137,2,0.5555555555555556,14.8
4023,2022,49158,4.69159420524304,357,220,136,1,0,0,0,138,69,43,0,0,328,29,97.80821917808218,1,0.2801120448179272,12.0
4025,2019,235099,5.37125078184546,357,298,59,0,0,0,0,87,54,43,0,355,2,0,97.80821917808218,0,0.0,17.2
4025,2020,240226,5.3806200099172266,331,265,65,1,0,0,0,119,61,45,0,331,0,0,90.43715846994536,1,0.3021148036253776,17.4
4025,2021,242253,5.384269163949339,331,302,29,0,0,0,0,64,50,44,0,331,0,0,90.68493150684932,0,0.0,16.6
4025,2022,249081,5.396340600640217,365,341,24,0,0,0,0,87,48,40,0,365,0,0,100.0,0,0.0,12.9
4027,2019,213787,5.329981293015334,365,226,136,3,0,0,0,129,67,47,0,214,120,31,100.0,3,0.821917808219178,15.1
4027,2020,217824,5.338105728924504,366,206,157,2,0,0,1,319,70,49,0,174,152,40,100.0,3,0.819672131147541,16.4
4027,2021,206990,5.315949364540375,365,186,173,5,1,0,0,170,71,50,0,174,146,45,100.0,6,1.643835616438356,15.7
4027,2022,213221,5.328829975846958,365,228,128,9,0,0,0,142,73,46,0,199,98,68,100.0,9,2.4657534246575343,13.7
5019,2019,22320,4.348694190265541,355,347,8,0,0,0,0,67,46,32,0,355,0,0,97.26027397260276,0,0.0,20.5
5019,2020,22103,4.344451223686138,342,341,1,0,0,0,0,67,40,29,0,342,0,0,93.44262295081968,0,0.0,21.3
5019,2021,21321,4.32880757016209,338,328,10,0,0,0,0,90,45,32,0,338,0,0,92.6027397260274,0,0.0,20.1
5019,2022,21274,4.327849154905208,363,350,13,0,0,0,0,90,46,35,0,363,0,0,99.45205479452056,0,0.0,17.4
5035,2019,47955,4.680833895327369,365,212,152,1,0,0,0,101,60,47,0,107,258,0,100.0,1,0.273972602739726,23.9
5035,2020,47616,4.677752909529766,366,244,119,3,0,0,0,115,60,45,3,104,259,0,100.0,3,0.819672131147541,22.3
5035,2021,47525,4.676922125537481,365,222,139,4,0,0,0,122,63,45,2,98,265,0,100.0,4,1.095890410958904,24.1
5035,2022,47139,4.673380365225038,365,215,146,3,1,0,0,156,64,46,3,103,259,0,100.0,4,1.095890410958904,18.8
5113,2019,19964,4.300247561194085,361,291,69,1,0,0,0,119,58,40,0,287,74,0,98.9041095890411,1,0.2770083102493075,24.5
5113,2020,19707,4.294620516587421,359,322,37,0,0,0,0,84,51,37,0,299,60,0,98.08743169398907,0,0.0,24.2
5113,2021,19353,4.2867482966137125,360,299,61,0,0,0,0,93,56,40,0,293,67,0,98.63013698630137,0,0.0,24.2
5113,2022,19436,4.288606890390969,350,308,40,2,0,0,0,105,52,34,0,268,82,0,95.8904109589041,2,0.5714285714285714,19.4
5119,2019,391911,5.593187453251661,365,145,220,0,0,0,0,81,64,53,2,88,275,0,100.0,0,0.0,19.6
5119,2020,392980,5.594370448312677,366,186,178,2,0,0,0,132,64,50,3,68,295,0,100.0,2,0.546448087431694,18.2
5119,2021,397821,5.599687704739647,365,114,249,2,0,0,0,112,73,54,2,36,327,0,100.0,2,0.547945205479452,18.9
5119,2022,400009,5.602069762843876,365,153,211,1,0,0,0,115,67,52,0,68,297,0,100.0,1,0.273972602739726,13.6
5139,2019,38682,4.5875089205947495,241,135,106,0,0,0,0,99,59,46,0,0,241,0,66.02739726027397,0,0.0,21.4
5143,2019,239187,5.378737571713992,365,193,172,0,0,0,0,97,61,48,0,118,247,0,100.0,0,0.0,18.6
5143,2020,243216,5.385992141666258,366,251,114,1,0,0,0,150,58,44,0,129,237,0,100.0,1,0.273224043715847,18.9
5143,2021,250057,5.398039016527445,365,206,158,1,0,0,0,119,66,48,0,101,264,0,100.0,1,0.273972602739726,17.9
5143,2022,261549,5.417553063895811,365,214,148,3,0,0,0,119,61,47,0,149,216,0,100.0,3,0.821917808219178,14.2
6001,2019,1671329,6.223061948888258,365,183,174,8,0,0,0,150,67,50,11,94,260,0,100.0,8,2.191780821917808,10.0
6001,2020,1662323,6.220715413845445,366,169,177,8,11,1,0,243,81,52,6,87,273,0,100.0,20,5.46448087431694,9.9
6001,2021,1648556,6.217103704332013,365,155,200,9,1,0,0,151,71,53,3,99,263,0,100.0,10,2.73972602739726,9.2
6001,2022,1622188,6.210101184419676,365,185,175,5,0,0,0,122,70,49,2,108,255,0,100.0,5,1.36986301369863,9.2
6005,2019,39752,4.599358983737476,355,308,45,2,0,0,0,115,51,39,0,355,0,0,97.26027397260276,2,0.5633802816901409,14.2
6005,2020,40083,4.602960218714666,359,327,29,2,1,0,0,156,50,37,0,359,0,0,98.08743169398907,3,0.8356545961002786,14.4
6005,2021,41259,4.6155186977102085,365,307,54,4,0,0,0,133,67,37,0,365,0,0,100.0,4,1.095890410958904,13.3
6005,2022,41811,4.6212905547613286,364,333,30,1,0,0,0,112,50,36,0,364,0,0,99.72602739726028,1,0.2747252747252747,12.4
6007,2019,219186,5.340812811140254,365,171,189,3,2,0,0,180,71,51,0,121,243,1,100.0,5,1.36986301369863,14.6
6007,2020,212744,5.327857320560921,366,149,178,18,16,3,2,508,110,54,0,159,204,3,100.0,39,10.655737704918032,15.3
6007,2021,208309,5.318708034066321,365,160,174,18,10,3,0,257,90,53,0,177,185,3,100.0,31,8.493150684931507,14.6
6007,2022,207172,5.316331058663902,365,191,171,3,0,0,0,119,77,50,0,239,126,0,100.0,3,0.821917808219178,13.9
6009,2019,45905,4.66185999172781,360,288,71,1,0,0,0,108,60,43,0,297,62,1,98.63013698630137,1,0.2777777777777778,15.0
6009,2020,46308,4.665656024619022,364,206,135,10,12,1,0,210,79,48,0,182,177,5,99.4535519125683,23,6.318681318681318,14.6
6009,2021,46221,4.664839337287267,364,220,135,6,3,0,0,178,77,46,0,216,148,0,99.72602739726028,9,2.4725274725274726,14.7
6009,2022,46565,4.668059607290941,364,286,77,1,0,0,0,115,58,41,0,237,126,1,99.72602739726028,1,0.2747252747252747,13.9
6011,2019,21547,4.333386811659532,365,260,105,0,0,0,0,85,61,41,0,152,173,40,100.0,0,0.0,13.5
6011,2020,21558,4.333608467588293,366,218,116,9,22,1,0,221,87,42,0,148,190,28,100.0,32,8.743169398907105,14.2
6011,2021,21917,4.340781107631172,365,111,238,9,6,1,0,225,76,55,0,60,291,14,100.0,16,4.383561643835616,14.4
6011,2022,22037,4.343152471662257,363,240,122,1,0,0,0,105,59,44,0,185,171,7,99.45205479452056,1,0.2754820936639118,13.5
6013,2019,1153526,6.062027387785828,365,238,123,4,0,0,0,129,64,43,3,171,190,1,100.0,4,1.095890410958904,10.0
6013,2020,1152333,6.061577999195165,366,192,156,7,10,1,0,221,75,49,2,107,257,0,100.0,18,4.918032786885246,10.0
6013,2021,1161413,6.064986682896433,365,195,165,5,0,0,0,150,69,47,0,139,226,0,100.0,5,1.36986301369863,9.6
6013,2022,1155025,6.062591384439891,365,175,188,2,0,0,0,129,67,51,0,102,263,0,100.0,2,0.547945205479452,9.3
6015,2019,27812,4.4442322207135785,248,210,38,0,0,0,0,74,53,26,0,0,248,0,67.94520547945206,0,0.0,17.6
6015,2020,27968,4.446661410954309,292,193,90,4,3,2,0,245,61,42,0,0,292,0,79.78142076502732,9,3.0821917808219177,17.6
6015,2021,28100,4.44870631990508,323,259,64,0,0,0,0,72,54,31,0,0,323,0,88.4931506849315,0,0.0,17.4
6015,2022,26589,4.424702004023985,344,299,45,0,0,0,0,74,52,29,0,0,344,0,94.24657534246576,0,0.0,15.1
6017,2019,192843,5.285203879050917,365,273,86,6,0,0,0,122,74,43,0,353,3,9,100.0,6,1.643835616438356,12.3
6017,2020,192925,5.285388508921991,366,256,87,17,6,0,0,190,90,43,0,346,13,7,100.0,23,6.284153005464481,11.9
6017,2021,193221,5.286054325436068,365,247,96,16,4,1,1,375,93,43,0,349,9,7,100.0,22,6.027397260273973,11.2
6017,2022,192215,5.283787275960191,365,258,93,12,2,0,0,186,77,43,0,353,8,4,100.0,14,3.8356164383561646,10.6
6019,2019,999101,5.999609393656899,365,113,186,64,2,0,0,187,115,63,1,229,118,17,100.0,66,18.08219178082192,14.3
6019,2020,1000918,6.000398499451112,366,75,192,59,31,8,1,346,154,76,0,149,204,13,100.0,99,27.049180327868854,14.2
6019,2021,1013581,6.005858460919884,365,62,221,63,17,2,0,278,130,68,0,146,209,10,100.0,82,22.46575342465753,13.9
6019,2022,1017162,6.00739012706543,365,78,217,67,3,0,0,159,115,71,0,192,160,13,100.0,70,19.17808219178082,13.4
6021,2019,28393,4.453211282438223,362,274,88,0,0,0,0,86,58,42,0,232,119,11,99.17808219178085,0,0.0,15.2
6021,2020,28283,4.45152547352459,364,200,135,7,19,3,0,221,84,46,0,151,202,11,99.4535519125683,29,7.967032967032966,15.8
6021,2021,28805,4.4594678795625455,365,244,106,9,6,0,0,192,65,42,0,183,172,10,100.0,15,4.10958904109589,15.7
6021,2022,28129,4.449154293053878,360,264,95,1,0,0,0,104,61,42,0,255,98,7,98.63013698630137,1,0.2777777777777778,14.2
6023,2019,135558,5.132125152704649,363,340,23,0,0,0,0,69,44,28,1,253,70,37,99.45205479452056,0,0.0,15.4
6023,2020,134977,5.130259771279629,366,318,44,3,1,0,0,180,53,29,0,225,81,60,100.0,4,1.092896174863388,15.8
6023,2021,136310,5.134527717797338,365,333,32,0,0,0,0,64,48,29,0,219,78,56,100.0,0,0.0,15.6
6023,2022,133985,5.127056180589668,365,340,25,0,0,0,0,74,42,24,0,217,84,63,100.0,0,0.0,15.0
6025,2019,181215,5.258194143382776,365,94,250,19,2,0,0,185,93,61,0,185,128,52,100.0,21,5.753424657534247,13.3
6025,2020,180267,5.255916231272498,366,94,244,26,2,0,0,166,97,60,1,153,146,66,100.0,28,7.650273224043716,14.0
6025,2021,179851,5.254912856907238,365,84,252,22,4,1,2,436,97,60,0,134,126,105,100.0,29,7.945205479452055,14.2
6025,2022,179057,5.252991303856433,365,86,232,34,5,2,6,791,106,61,2,131,131,101,100.0,47,12.876712328767123,13.3
6027,2019,18039,4.2562124585651615,365,226,127,6,2,1,3,653,84,47,0,313,23,29,100.0,12,3.287671232876712,13.6
6027,2020,18046,4.256380953031641,366,158,153,23,16,8,8,705,130,57,0,218,128,20,100.0,55,15.027322404371583,13.9
6027,2021,18970,4.278067330888662,365,100,223,24,12,3,3,558,115,61,0,152,185,28,100.0,42,11.506849315068491,13.1
6027,2022,18527,4.267805101513972,365,117,217,18,4,4,5,1551,97,58,0,188,130,47,100.0,31,8.493150684931507,12.4
6029,2019,900202,5.954339973485818,365,91,179,87,6,1,1,553,122,69,1,228,108,28,100.0,95,26.02739726027397,15.1
6029,2020,901362,5.954899244950644,366,56,180,98,28,4,0,267,140,83,0,184,166,16,100.0,130,35.51912568306011,15.1
6029,2021,917673,5.962687953973589,365,35,202,97,29,1,1,314,147,84,0,151,199,15,100.0,128,35.06849315068493,16.1
6029,2022,913820,5.96086065885712,365,47,196,109,12,1,0,289,136,80,0,189,153,23,100.0,122,33.42465753424658,14.7
6031,2019,152940,5.184521085852911,365,123,201,37,2,0,2,508,105,58,0,166,130,69,100.0,41,11.232876712328768,14.3
6031,2020,152692,5.183816283638807,366,76,220,54,13,2,1,548,124,70,0,118,199,49,100.0,70,19.12568306010929,15.0
6031,2021,153443,5.185947080902639,365,84,230,40,10,0,1,685,109,64,0,119,168,78,100.0,51,13.972602739726028,15.1
6031,2022,152682,5.183787840190311,365,71,244,48,2,0,0,187,108,69,0,163,149,53,100.0,50,13.6986301369863,15.0
6033,2019,64386,4.808791445252275,360,360,0,0,0,0,0,50,42,31,0,351,8,1,98.63013698630137,0,0.0,16.5
6033,2020,64479,4.809418293408548,351,341,6,1,3,0,0,190,44,32,0,324,25,2,95.90163934426228,4,1.1396011396011396,16.9
6033,2021,68766,4.837373762913333,356,348,7,0,1,0,0,157,43,33,0,335,19,2,97.53424657534246,1,0.2808988764044944,16.3
6033,2022,67878,4.831729037508926,363,359,4,0,0,0,0,76,43,32,0,350,13,0,99.45205479452056,0,0.0,15.6
6037,2019,10039107,7.001695083105738,365,34,245,57,28,1,0,201,136,72,24,166,170,5,100.0,86,23.56164383561644,10.9
6037,2020,9943046,6.997519448617174,366,35,194,77,43,17,0,250,166,85,9,180,175,2,100.0,137,37.43169398907104,10.5
6037,2021,9829544,6.992533371049099,365,9,259,70,26,1,0,281,143,79,13,148,199,5,100.0,97,26.575342465753423,11.0
6037,2022,9663345,6.985127484964335,365,17,254,65,28,1,0,209,140,74,19,170,167,9,100.0,94,25.753424657534246,11.3
6039,2019,157327,5.196803261369422,365,167,185,13,0,0,0,140,84,52,0,225,103,37,100.0,13,3.5616438356164384,14.1
6039,2020,157761,5.197999650469255,366,104,209,34,15,4,0,275,113,64,0,173,174,19,100.0,53,14.48087431693989,15.4
6039,2021,159410,5.202515561781529,365,133,197,28,7,0,0,194,100,58,0,210,131,24,100.0,35,9.58904109589041,15.7
6039,2022,162858,5.211809097076632,365,147,205,13,0,0,0,136,87,54,0,212,129,24,100.0,13,3.5616438356164384,14.9
6041,2019,258826,5.413007900626364,363,291,71,1,0,0,0,133,55,37,10,151,202,0,99.45205479452056,1,0.2754820936639118,9.5
6041,2020,257332,5.410493795379768,366,272,85,4,4,1,0,231,62,36,8,148,210,0,100.0,9,2.459016393442623,8.8
6041,2021,260206,5.415317306587014,365,267,98,0,0,0,0,88,60,38,2,149,214,0,100.0,0,0.0,8.9
6041,2022,254407,5.405529056738756,365,275,90,0,0,0,0,91,57,37,2,151,212,0,100.0,0,0.0,8.4
6043,2019,17203,4.2356041893398375,365,192,159,9,5,0,0,185,84,50,0,247,118,0,100.0,14,3.8356164383561646,14.8
6043,2020,17160,4.234517283512687,366,195,123,27,10,6,5,1073,111,49,0,275,84,7,100.0,48,13.114754098360656,14.5
6043,2021,17147,4.234188147853202,365,193,140,25,7,0,0,162,97,49,0,292,73,0,100.0,32,8.767123287671232,13.7
6043,2022,16919,4.228374690421907,365,211,125,8,21,0,0,198,89,48,0,276,88,1,100.0,29,7.945205479452055,13.3
6045,2019,86749,4.938264477157608,361,290,71,0,0,0,0,80,54,36,0,155,199,7,98.9041095890411,0,0.0,14.8
6045,2020,86061,4.934806388132299,366,240,103,10,10,0,3,716,79,40,0,112,252,2,100.0,23,6.284153005464481,15.0
6045,2021,91305,4.96049456080869,365,210,147,6,2,0,0,185,69,46,0,76,289,0,100.0,8,2.191780821917808,15.1
6045,2022,89108,4.949916696179288,365,129,234,2,0,0,0,103,69,54,0,26,339,0,100.0,2,0.547945205479452,14.7
6047,2019,277680,5.443544600663356,365,176,182,7,0,0,0,119,80,51,0,202,161,2,100.0,7,1.9178082191780823,14.4
6047,2020,279252,5.445996292211473,366,131,203,17,15,0,0,194,96,57,0,164,201,1,100.0,32,8.743169398907105,15.0
6047,2021,286461,5.45706550365869,365,155,177,31,2,0,0,166,100,54,0,210,151,4,100.0,33,9.04109589041096,15.2
6047,2022,291920,5.465263850356592,365,140,212,13,0,0,0,143,87,56,0,195,141,29,100.0,13,3.5616438356164384,14.5
6051,2019,14444,4.159687479754789,365,242,108,6,0,0,9,4227,83,34,0,0,322,43,100.0,15,4.10958904109589,12.9
6051,2020,14534,4.162385155857241,366,183,117,13,14,11,28,2088,224,51,0,0,331,35,100.0,66,18.0327868852459,12.6
6051,2021,13247,4.122117536313263,364,260,78,12,11,0,3,2971,84,27,0,0,241,123,99.72602739726028,26,7.142857142857142,12.4
6051,2022,13066,4.116142653853793,365,276,61,5,7,1,15,8368,68,27,0,0,255,110,100.0,28,7.671232876712329,11.6
6053,2019,434061,5.637550766613451,365,303,61,1,0,0,0,144,54,39,0,228,127,8,100.0,1,0.273972602739726,12.0
6053,2020,430906,5.634382541312201,366,259,92,4,8,3,0,275,64,39,0,171,171,24,100.0,15,4.098360655737705,12.4
6053,2021,437325,5.640804304812744,365,261,104,0,0,0,0,80,57,41,0,161,194,10,100.0,0,0.0,12.4
6053,2022,430723,5.634198063093888,365,299,66,0,0,0,0,80,54,39,0,198,144,23,100.0,0,0.0,12.1
6055,2019,137744,5.139072690473783,363,295,66,2,0,0,0,119,54,37,0,211,150,0,99.45205479452056,2,0.5509641873278237,10.8
6055,2020,135965,5.133427127023717,365,259,91,7,7,1,0,224,66,39,0,163,199,0,99.72677595628416,15,4.10958904109589,11.1
6057,2019,99755,4.998934672960174,361,251,105,5,0,0,0,122,71,45,0,272,89,0,98.9041095890411,5,1.3850415512465373,12.4
6057,2020,99606,4.998285499953895,366,223,111,15,11,6,0,277,91,46,0,173,193,0,100.0,32,8.743169398907105,12.2
6057,2021,103487,5.014885797301504,365,183,129,34,13,4,2,326,115,50,0,208,157,0,100.0,53,14.52054794520548,12.0
6057,2022,102037,5.008757681390137,365,185,161,11,3,5,0,293,87,50,0,258,107,0,100.0,19,5.205479452054795,11.5
6059,2019,3175692,6.501838374993465,365,157,192,15,1,0,0,172,87,53,7,188,164,6,100.0,16,4.383561643835616,10.4
6059,2020,3166857,6.500628453168864,366,118,207,28,11,2,0,218,108,56,4,153,207,2,100.0,41,11.202185792349727,10.5
6059,2021,3167809,6.500758988338322,365,109,238,18,0,0,0,148,87,55,5,124,232,4,100.0,18,4.931506849315069,9.7
6059,2022,3135755,6.496342123430572,365,143,215,5,2,0,0,156,71,53,9,133,217,6,100.0,7,1.9178082191780823,9.3
6061,2019,398329,5.600241925996315,365,198,158,9,0,0,0,136,77,49,0,218,145,2,100.0,9,2.4657534246575343,11.0
6061,2020,402950,5.605251160108172,366,130,195,20,15,6,0,247,108,57,0,181,177,8,100.0,41,11.202185792349727,10.4
6061,2021,412300,5.615213334801359,365,130,187,30,9,6,3,692,115,58,0,220,144,1,100.0,48,13.150684931506849,10.2
6061,2022,423561,5.626915964975244,365,156,185,15,4,3,2,442,90,54,0,241,123,1,100.0,24,6.575342465753424,9.6
6063,2019,18807,4.274319524558622,341,220,116,5,0,0,0,138,71,34,0,0,341,0,93.42465753424658,5,1.466275659824047,14.0
6063,2020,18967,4.277998644200288,360,135,175,16,17,10,7,755,146,56,0,0,360,0,98.36065573770492,50,13.88888888888889,13.9
6063,2021,19915,4.299180310745347,365,97,184,37,24,16,7,654,170,67,0,0,365,0,100.0,84,23.013698630136982,13.9
6063,2022,19131,4.281737671706917,359,148,182,25,4,0,0,175,96,55,0,0,359,0,98.35616438356163,29,8.07799442896936,13.7
6065,2019,2470546,6.392792944588593,365,53,192,91,29,0,0,185,147,77,0,219,102,44,100.0,120,32.87671232876712,12.5
6065,2020,2489188,6.39605769864927,366,42,179,98,36,9,2,584,159,87,0,211,124,31,100.0,145,39.61748633879781,13.0
6065,2021,2458395,6.390651663960567,365,19,210,89,44,2,1,329,158,89,0,191,127,47,100.0,136,37.26027397260274,12.4
6065,2022,2492442,6.39662506091628,365,41,198,86,31,2,7,1683,151,77,0,196,110,59,100.0,126,34.52054794520548,11.6
6067,2019,1552058,6.190907946696196,365,175,180,10,0,0,0,140,84,52,1,188,169,7,100.0,10,2.73972602739726,13.3
6067,2020,1559146,6.192886784865248,366,145,185,17,16,3,0,226,100,55,0,166,191,9,100.0,36,9.836065573770492,12.6
6067,2021,1588921,6.201102304937416,365,146,183,30,4,1,1,381,100,55,0,195,166,4,100.0,36,9.863013698630136,12.7
6067,2022,1584288,6.199834132708997,365,162,184,17,2,0,0,164,93,53,0,200,164,1,100.0,19,5.205479452054795,11.8
6069,2019,62808,4.798014964351487,365,318,47,0,0,0,0,90,52,39,0,308,51,6,100.0,0,0.0,11.7
6069,2020,64055,4.80655303552734,366,271,78,8,9,0,0,174,68,41,0,241,117,8,100.0,17,4.644808743169399,11.8
6069,2021,66677,4.823976051372591,365,295,70,0,0,0,0,100,55,41,0,280,79,6,100.0,0,0.0,11.0
6069,2022,68175,4.833625146613668,365,297,68,0,0,0,0,97,57,42,0,299,65,1,100.0,0,0.0,10.8
6071,2019,2180085,6.338473426774929,365,29,203,71,54,8,0,213,172,81,4,214,140,7,100.0,133,36.43835616438356,13.2
6071,2020,2189183,6.340282066989717,366,33,170,76,69,18,0,236,185,93,6,219,128,13,100.0,163,44.53551912568306,13.5
6071,2021,2194710,6.341377142473202,365,17,202,73,61,11,1,486,172,87,7,191,155,12,100.0,146,40.0,12.5
6071,2022,2195611,6.341555397928184,365,23,212,67,56,7,0,225,166,77,9,197,142,17,100.0,130,35.61643835616438,12.4
6073,2019,3338330,6.5235292652657,365,38,302,23,2,0,0,169,93,66,1,133,228,3,100.0,25,6.849315068493151,11.0
6073,2020,3332427,6.522760644554187,366,33,284,35,14,0,0,192,108,74,0,100,263,3,100.0,49,13.387978142076504,10.9
6073,2021,3286069,6.516676678394428,365,52,297,16,0,0,0,133,90,67,0,163,199,3,100.0,16,4.383561643835616,10.6
6073,2022,3269973,6.514544166727741,365,42,297,25,1,0,0,156,97,63,1,150,190,24,100.0,26,7.123287671232877,10.1
6075,2019,881549,5.945246457121077,365,251,113,1,0,0,0,108,58,39,15,119,231,0,100.0,1,0.273972602739726,9.3
6075,2020,866606,5.937821691573351,366,227,131,3,4,1,0,223,67,42,5,118,243,0,100.0,8,2.185792349726776,9.0
6075,2021,815201,5.9112647037439725,365,255,110,0,0,0,0,86,60,39,8,162,195,0,100.0,0,0.0,8.9
6075,2022,808988,5.907942079619152,364,260,104,0,0,0,0,88,59,36,18,152,192,0,99.72602739726028,0,0.0,8.8
6077,2019,762148,5.882039314308294,365,202,151,11,1,0,0,190,82,47,1,201,149,14,100.0,12,3.287671232876712,13.9
6077,2020,767967,5.885342558539559,366,162,173,16,13,2,0,215,97,54,0,129,223,14,100.0,31,8.469945355191257,13.9
6077,2021,789410,5.897302623601568,365,140,209,15,1,0,0,153,84,55,0,114,231,20,100.0,16,4.383561643835616,13.1
6077,2022,800965,5.903613539006875,365,192,164,8,0,1,0,208,86,48,0,172,169,24,100.0,9,2.4657534246575343,12.7
6079,2019,283111,5.451956743778711,365,196,166,3,0,0,0,108,74,49,0,239,109,17,100.0,3,0.821917808219178,11.9
6079,2020,282249,5.4506324119070095,366,161,174,21,7,1,2,334,90,53,0,179,181,6,100.0,31,8.469945355191257,11.6
6079,2021,283159,5.452030369911761,365,154,203,8,0,0,0,133,77,53,0,190,167,8,100.0,8,2.191780821917808,11.7
6079,2022,281639,5.44969279362359,365,117,245,3,0,0,0,115,75,55,0,160,203,2,100.0,3,0.821917808219178,11.3
6081,2019,766573,5.884553518600159,365,276,87,2,0,0,0,122,57,39,14,135,216,0,100.0,2,0.547945205479452,9.2
6081,2020,758308,5.879845637731951,366,257,99,5,5,0,0,199,64,37,11,136,219,0,100.0,10,2.73224043715847,8.7
6081,2021,737888,5.86799044763163,365,290,75,0,0,0,0,90,56,36,3,199,163,0,100.0,0,0.0,8.1
6081,2022,726353,5.861147734603024,365,267,98,0,0,0,0,85,60,36,7,179,179,0,100.0,0,0.0,8.0
6083,2019,446499,5.6498204905594624,365,242,122,1,0,0,0,105,63,45,0,228,128,9,100.0,1,0.273972602739726,11.7
6083,2020,444766,5.648131580334878,366,199,154,9,4,0,0,174,68,48,0,156,207,3,100.0,13,3.551912568306011,11.7
6083,2021,446475,5.649797145943453,365,240,124,1,0,0,0,101,60,44,0,180,184,1,100.0,1,0.273972602739726,12.0
6083,2022,441257,5.644691607998734,365,198,167,0,0,0,0,93,60,48,0,138,223,4,100.0,0,0.0,11.6
6085,2019,1927852,6.285073690329023,365,205,156,4,0,0,0,136,68,48,1,134,229,1,100.0,4,1.095890410958904,8.7
6085,2020,1907105,6.28037460477398,366,174,172,11,9,0,0,198,81,52,3,107,256,0,100.0,20,5.46448087431694,8.4
6085,2021,1885508,6.275428379408563,365,147,211,7,0,0,0,147,72,53,0,90,275,0,100.0,7,1.9178082191780823,7.4
6085,2022,1877592,6.273601226162726,365,188,172,5,0,0,0,119,73,49,0,131,234,0,100.0,5,1.36986301369863,8.2
6087,2019,273213,5.436501360067851,365,291,74,0,0,0,0,74,54,39,0,166,199,0,100.0,0,0.0,11.4
6087,2020,269925,5.431243110044611,366,261,85,6,10,1,3,624,68,39,0,138,228,0,100.0,20,5.46448087431694,11.4
6087,2021,267792,5.427797598785957,365,298,67,0,0,0,0,80,54,37,0,187,178,0,100.0,0,0.0,11.2
6087,2022,261547,5.417549742941478,365,287,78,0,0,0,0,93,56,35,0,180,185,0,100.0,0,0.0,10.7
6089,2019,180080,5.255465481992464,364,306,58,0,0,0,0,100,54,42,0,349,13,2,99.72602739726028,0,0.0,16.1
6089,2020,179027,5.252918534146043,366,286,72,6,2,0,0,171,67,41,0,325,41,0,100.0,8,2.185792349726776,15.4
6089,2021,182139,5.260402947834015,365,222,111,15,12,5,0,240,93,46,0,271,94,0,100.0,32,8.767123287671232,14.8
6089,2022,180366,5.256154673981781,365,253,106,6,0,0,0,119,71,45,0,303,62,0,100.0,6,1.643835616438356,14.1
6093,2019,43539,4.63887844998139,365,302,59,2,2,0,0,164,54,38,0,239,126,0,100.0,4,1.095890410958904,15.6
6093,2020,43245,4.635935901443889,366,272,71,10,9,2,2,468,66,39,0,210,156,0,100.0,23,6.284153005464481,16.1
6093,2021,44118,4.644615816355384,364,237,96,7,21,3,0,210,86,43,0,178,186,0,99.72602739726028,31,8.516483516483516,16.0
6093,2022,42905,4.632507906307724,362,269,86,2,4,0,1,454,62,41,0,203,159,0,99.17808219178085,7,1.9337016574585637,15.2
6095,2019,447643,5.65093179761896,365,226,138,1,0,0,0,119,64,45,1,129,235,0,100.0,1,0.273972602739726,11.9
6095,2020,446935,5.650244366098431,366,183,167,9,6,1,0,228,77,51,0,125,240,1,100.0,16,4.371584699453552,11.9
6095,2021,451716,5.654865473755208,365,215,147,3,0,0,0,126,66,44,0,172,193,0,100.0,3,0.821917808219178,11.4
6095,2022,449218,5.652457149958196,365,235,130,0,0,0,0,93,67,43,0,197,168,0,100.0,0,0.0,11.3
6097,2019,494336,5.694022239091244,365,318,47,0,0,0,0,87,52,36,1,202,155,7,100.0,0,0.0,11.4
6097,2020,489819,5.690035627328334,366,290,69,1,6,0,0,199,57,36,1,166,192,7,100.0,7,1.912568306010929,11.8
6097,2021,485887,5.6865352795861766,365,283,82,0,0,0,0,89,57,37,0,156,203,6,100.0,0,0.0,11.0
6097,2022,481812,5.682877612326673,365,286,79,0,0,0,0,82,56,36,0,194,168,3,100.0,0,0.0,10.8
6099,2019,550660,5.7408835304304295,365,168,174,22,1,0,0,177,92,52,0,208,147,10,100.0,23,6.301369863013699,14.2
6099,2020,550081,5.740426644517734,366,131,198,21,16,0,0,195,102,60,1,169,182,14,100.0,37,10.10928961748634,14.4
6099,2021,552999,5.742724345961345,365,84,234,42,5,0,0,172,105,61,0,136,225,4,100.0,47,12.876712328767123,14.4
6099,2022,551430,5.741490389771279,365,108,234,22,1,0,0,166,95,57,0,128,218,19,100.0,23,6.301369863013699,13.6
6101,2019,96971,4.98664187423491,365,200,163,2,0,0,0,110,71,48,0,200,159,6,100.0,2,0.547945205479452,14.7
6101,2020,96385,4.984009451702538,366,162,173,15,13,2,1,356,90,53,0,140,222,4,100.0,31,8.469945355191257,14.3
6101,2021,99063,4.995911475914936,364,102,240,17,5,0,0,175,90,59,0,95,268,1,99.72602739726028,22,6.043956043956044,14.4
6101,2022,97948,4.990995572563205,364,154,205,5,0,0,0,119,81,52,0,178,186,0,99.72602739726028,5,1.3736263736263736,14.1
6103,2019,65084,4.813474236405938,365,263,102,0,0,0,0,93,64,43,0,299,66,0,100.0,0,0.0,16.6
6103,2020,64494,4.8095193132694165,366,216,117,12,19,2,0,218,94,46,0,214,152,0,100.0,33,9.01639344262295,16.5
6103,2021,65498,4.816228038889112,365,207,122,21,15,0,0,193,100,47,0,256,109,0,100.0,36,9.863013698630136,16.0
6103,2022,64896,4.812217928981204,365,245,117,3,0,0,0,108,74,44,0,281,84,0,100.0,3,0.821917808219178,15.5
6105,2019,12285,4.0893751608161,269,225,42,2,0,0,0,113,56,23,0,0,269,0,73.6986301369863,2,0.7434944237918215,17.4
6105,2020,12216,4.086929024048365,343,215,100,12,13,3,0,211,81,36,0,0,343,0,93.71584699453553,28,8.16326530612245,17.8
6105,2021,16060,4.205745540942663,328,201,81,4,19,9,14,1217,168,38,0,0,328,0,89.86301369863014,46,14.02439024390244,18.0
6105,2022,15670,4.19506899646859,353,227,111,5,5,3,2,342,72,34,0,0,353,0,96.7123287671233,15,4.2492917847025495,17.7
6107,2019,466195,5.668567611346604,365,98,186,78,2,1,0,280,122,67,0,210,136,19,100.0,81,22.19178082191781,14.9
6107,2020,468680,5.670876421250182,366,52,179,103,30,2,0,225,145,80,0,164,190,12,100.0,135,36.885245901639344,15.6
6107,2021,477054,5.6785675416704215,365,49,182,93,38,2,1,961,154,81,0,173,187,5,100.0,134,36.71232876712329,14.7
6107,2022,479468,5.680759627383279,365,58,193,106,8,0,0,182,129,77,0,192,158,15,100.0,114,31.232876712328768,14.2
6109,2019,54478,4.736221155349159,358,273,83,2,0,0,0,108,67,43,0,358,0,0,98.08219178082192,2,0.5586592178770949,15.0
6109,2020,54515,4.736516016421845,353,277,71,5,0,0,0,143,64,41,0,353,0,0,96.448087431694,5,1.41643059490085,13.9
6109,2021,55810,4.74671202251666,360,295,63,2,0,0,0,136,61,41,0,360,0,0,98.63013698630137,2,0.5555555555555556,13.2
6109,2022,54204,4.734031336609019,250,237,12,1,0,0,0,108,48,39,0,250,0,0,68.4931506849315,1,0.4,12.9
6111,2019,846006,5.92737344313081,365,175,181,9,0,0,0,126,77,51,3,226,127,9,100.0,9,2.4657534246575343,10.6
6111,2020,841387,5.924995797588417,366,185,155,21,5,0,0,174,90,50,0,239,119,8,100.0,26,7.103825136612022,11.1
6111,2021,839784,5.924167595977194,365,157,198,10,0,0,0,122,80,53,0,214,140,11,100.0,10,2.73972602739726,10.8
6111,2022,829590,5.918863508362911,365,171,183,11,0,0,0,140,80,52,1,242,122,0,100.0,11,3.0136986301369864,10.5
6113,2019,220500,5.343408593803857,365,252,112,1,0,0,0,136,63,43,1,249,114,1,100.0,1,0.273972602739726,12.2
6113,2020,219728,5.341885402713267,366,215,123,14,13,1,0,209,86,45,1,168,197,0,100.0,28,7.650273224043716,12.2
6113,2021,216986,5.336431713945819,365,242,117,4,2,0,0,159,68,42,0,215,149,1,100.0,6,1.643835616438356,11.4
6113,2022,220544,5.3434952470958965,365,283,80,2,0,0,0,101,64,42,0,278,87,0,100.0,2,0.547945205479452,11.1
8001,2019,517421,5.713844050973184,365,183,181,1,0,0,0,132,67,50,30,129,152,54,100.0,1,0.273972602739726,15.0
8001,2020,519883,5.715905616381643,366,192,162,11,1,0,0,151,74,49,60,163,97,46,100.0,12,3.278688524590164,14.4
8001,2021,522140,5.717786964832727,365,188,154,22,1,0,0,151,93,49,52,174,88,51,100.0,23,6.301369863013699,15.3
8001,2022,533365,5.727024513405627,365,180,171,14,0,0,0,126,84,51,50,189,89,37,100.0,14,3.8356164383561646,13.2
8005,2019,656590,5.8172942640499,365,222,137,6,0,0,0,140,80,47,0,348,17,0,100.0,6,1.643835616438356,13.1
8005,2020,657452,5.8178640508559525,366,243,112,9,2,0,0,159,77,46,0,350,16,0,100.0,11,3.0054644808743167,13.1
8005,2021,654900,5.816174990428801,365,220,108,34,3,0,0,161,101,46,0,352,13,0,100.0,37,10.136986301369864,12.9
8005,2022,656061,5.816944221588706,365,237,116,12,0,0,0,129,84,46,0,355,10,0,100.0,12,3.287671232876712,10.4
8007,2019,14029,4.147026715222231,363,331,30,2,0,0,0,124,50,31,3,186,0,174,99.45205479452056,2,0.5509641873278237,14.2
8007,2020,14196,4.152165990675555,365,302,63,0,0,0,0,93,58,43,0,319,0,46,99.72677595628416,0,0.0,14.0
8007,2021,13790,4.139564266175849,365,269,96,0,0,0,0,93,64,45,0,345,0,20,100.0,0,0.0,14.4
8007,2022,14189,4.151951788707265,365,313,48,3,0,1,0,227,56,42,0,329,0,36,100.0,4,1.095890410958904,12.1
8013,2019,326196,5.513478631172133,365,192,168,5,0,0,0,119,74,50,0,234,131,0,100.0,5,1.36986301369863,11.1
8013,2020,327171,5.514774801423062,366,173,172,19,2,0,0,181,84,51,0,213,152,1,100.0,21,5.737704918032787,11.3
8013,2021,329543,5.517912090991635,365,154,176,32,3,0,0,160,100,52,0,228,136,1,100.0,35,9.58904109589041,11.0
8013,2022,326831,5.514323242751529,365,224,134,7,0,0,0,129,77,47,0,260,105,0,100.0,7,1.9178082191780823,9.4
8019,2019,9700,3.9867717342662448,294,183,109,2,0,0,0,126,74,47,0,294,0,0,80.54794520547945,2,0.6802721088435374,13.7
8019,2020,9586,3.981637424655769,239,140,87,10,2,0,0,156,84,49,0,239,0,0,65.30054644808743,12,5.02092050209205,12.6
8019,2021,9446,3.975247941240681,357,206,127,22,2,0,0,154,93,49,0,357,0,0,97.80821917808218,24,6.722689075630252,11.6
8019,2022,9147,3.961278679085043,359,244,110,5,0,0,0,126,74,47,0,359,0,0,98.35616438356163,5,1.392757660167131,9.9
8029,2019,31162,4.493625323233193,365,338,27,0,0,0,0,80,50,41,0,340,25,0,100.0,0,0.0,19.4
8029,2020,31067,4.492299317421358,365,312,53,0,0,0,0,97,54,41,0,304,61,0,99.72677595628416,0,0.0,19.5
8029,2021,31661,4.500524627760176,365,294,69,2,0,0,0,141,59,43,0,319,39,7,100.0,2,0.547945205479452,18.2
8031,2019,727211,5.861660439525201,365,139,223,2,1,0,0,153,77,54,80,133,152,0,100.0,3,0.821917808219178,13.2
8031,2020,735538,5.866605114540101,366,137,212,17,0,0,0,150,80,53,83,115,167,1,100.0,17,4.644808743169399,13.6
8031,2021,711463,5.852152319299209,365,128,202,31,4,0,0,166,100,55,107,142,116,0,100.0,35,9.58904109589041,12.6
8031,2022,716577,5.855262864486822,365,161,197,7,0,0,0,112,77,52,88,156,120,1,100.0,7,1.9178082191780823,10.2
8035,2019,351154,5.545497619834844,361,220,130,10,1,0,0,154,79,47,0,289,72,0,98.9041095890411,11,3.0470914127423825,9.8
8035,2020,360750,5.557206339765532,361,221,123,14,3,0,0,159,80,47,0,285,76,0,98.63387978142076,17,4.709141274238228,9.3
8035,2021,368990,5.567014596501425,358,195,121,34,8,0,0,177,108,48,0,295,63,0,98.08219178082192,42,11.731843575418994,8.9
8035,2022,383906,5.584224899683252,365,242,105,17,1,0,0,169,87,46,0,312,53,0,100.0,18,4.931506849315069,7.6
8041,2019,720403,5.857575512699318,365,249,116,0,0,0,0,100,67,46,0,320,45,0,100.0,0,0.0,14.2
8041,2020,728310,5.862316273039543,366,241,118,6,1,0,0,151,74,46,0,318,48,0,100.0,7,1.912568306010929,14.9
8041,2021,737867,5.867978087606938,365,224,113,28,0,0,0,140,93,47,0,333,32,0,100.0,28,7.671232876712329,13.7
8041,2022,744215,5.871698419181319,365,249,114,2,0,0,0,115,74,46,0,330,35,0,100.0,2,0.547945205479452,10.9
8045,2019,60061,4.778592558813119,365,248,115,2,0,0,0,105,74,48,0,364,1,0,100.0,2,0.547945205479452,14.5
8045,2020,60366,4.780792399383683,366,232,129,5,0,0,0,150,75,48,0,347,19,0,100.0,5,1.366120218579235,15.0
8045,2021,62161,4.793517992456123,365,198,156,10,1,0,0,158,87,49,0,357,8,0,100.0,11,3.0136986301369864,14.0
8045,2022,62707,4.797316023951698,365,221,142,2,0,0,0,108,67,49,0,365,0,0,100.0,2,0.547945205479452,12.0
8047,2020,6235,3.7948364578145615,357,278,70,9,0,0,0,136,67,45,0,357,0,0,97.54098360655738,9,2.5210084033613445,12.5
8047,2021,5873,3.768860000842957,363,250,94,18,1,0,0,151,84,46,0,363,0,0,99.45205479452056,19,5.234159779614325,12.2
8047,2022,5926,3.772761647144032,365,286,75,4,0,0,0,112,64,45,0,365,0,0,100.0,4,1.095890410958904,10.7
8051,2019,17462,4.242093983883883,362,264,96,2,0,0,0,101,67,46,0,362,0,0,99.17808219178085,2,0.5524861878453038,13.6
8051,2020,17593,4.245339902695324,335,270,62,3,0,0,0,115,58,44,0,335,0,0,91.53005464480874,3,0.8955223880597015,12.7
8051,2021,17281,4.237568870198198,365,262,102,1,0,0,0,101,71,46,0,365,0,0,100.0,1,0.273972602739726,12.5
8051,2022,17321,4.238572961696629,365,281,82,2,0,0,0,108,64,46,0,365,0,0,100.0,2,0.547945205479452,10.2
8057,2022,1309,3.116939646550756,236,216,20,0,0,0,0,71,49,40,0,165,70,1,64.65753424657534,0,0.0,16.8
8059,2019,582881,5.7655798989810645,365,238,111,16,0,0,0,129,87,46,2,363,0,0,100.0,16,4.383561643835616,13.5
8059,2020,583283,5.765879318940248,366,231,108,23,4,0,0,161,90,46,0,366,0,0,100.0,27,7.377049180327869,11.8
8059,2021,579581,5.763114139859165,365,222,88,44,11,0,0,172,115,47,2,363,0,0,100.0,55,15.068493150684931,12.5
8059,2022,576366,5.760698353738236,365,234,100,30,1,0,0,166,97,47,0,365,0,0,100.0,31,8.493150684931507,9.9
8067,2019,56221,4.749898566113462,365,267,98,0,0,0,0,87,61,44,3,317,45,0,100.0,0,0.0,14.2
8067,2020,56564,4.752540113598297,366,273,91,2,0,0,0,133,61,45,0,326,40,0,100.0,2,0.546448087431694,14.0
8067,2021,56250,4.7501225267834,364,239,121,4,0,0,0,140,71,47,0,325,38,0,99.72602739726028,4,1.098901098901099,13.5
8067,2022,56407,4.7513330024360485,365,266,98,1,0,0,0,108,71,46,0,349,16,0,100.0,1,0.273972602739726,11.9
8069,2019,356899,5.552545331101947,365,183,176,6,0,0,0,129,77,50,0,307,58,0,100.0,6,1.643835616438356,13.9
8069,2020,360428,5.556818521966138,366,197,147,20,2,0,0,159,89,49,0,291,75,0,100.0,22,6.0109289617486334,13.0
8069,2021,362533,5.559347544881088,365,164,151,46,4,0,0,159,112,54,0,298,67,0,100.0,50,13.6986301369863,12.5
8069,2022,370771,5.5691057582866295,365,176,179,10,0,0,0,126,84,51,0,296,69,0,100.0,10,2.73972602739726,10.2
8077,2019,154210,5.188112537165025,364,238,125,1,0,0,0,101,67,47,0,283,78,1,99.72602739726028,1,0.2747252747252747,17.9
8077,2020,155603,5.192017965859878,366,262,101,3,0,0,0,108,64,44,0,255,110,1,100.0,3,0.819672131147541,16.5
8077,2021,157335,5.196825344467197,365,247,116,2,0,0,0,139,65,46,0,271,94,0,100.0,2,0.547945205479452,16.4
8077,2022,159681,5.203253243714852,365,282,82,1,0,0,0,108,58,44,0,293,70,2,100.0,1,0.273972602739726,13.2
8083,2019,26183,4.418019405728941,365,279,86,0,0,0,0,97,61,46,0,365,0,0,100.0,0,0.0,18.4
8083,2020,26408,4.421735511322255,366,301,63,2,0,0,0,126,58,44,0,366,0,0,100.0,2,0.546448087431694,18.4
8083,2021,26175,4.41788669035088,365,280,83,2,0,0,0,115,64,44,0,364,1,0,100.0,2,0.547945205479452,17.8
8083,2022,26531,4.423753619612828,365,300,65,0,0,0,0,87,61,44,0,358,7,0,100.0,0,0.0,15.2
8099,2019,12172,4.08536194368613,346,343,3,0,0,0,0,76,28,14,0,0,0,346,94.7945205479452,0,0.0,16.5
8099,2020,12106,4.083000669576533,350,327,19,1,2,1,0,238,42,17,0,0,0,350,95.62841530054644,4,1.1428571428571428,18.7
8099,2021,11996,4.07903645708749,361,345,14,1,0,0,1,584,39,19,0,0,0,361,98.9041095890411,2,0.554016620498615,18.5
8099,2022,11751,4.070074826267528,354,330,22,0,1,0,1,330,41,18,0,0,0,354,96.986301369863,2,0.5649717514124294,15.6
8101,2021,169622,5.229482179636299,220,203,16,1,0,0,0,138,48,23,0,0,83,137,60.273972602739725,1,0.4545454545454545,16.8
8101,2022,169422,5.228969804213312,349,317,29,3,0,0,0,121,48,21,0,0,107,242,95.61643835616438,3,0.8595988538681949,14.2
8103,2019,6324,3.8009918612601714,365,252,113,0,0,0,0,100,55,47,0,194,171,0,100.0,0,0.0,17.3
8103,2020,6342,3.80222623769107,365,263,99,3,0,0,0,115,57,45,1,185,179,0,99.72677595628416,3,0.821917808219178,17.4
8103,2021,6476,3.811306840081336,365,212,148,4,1,0,0,156,77,48,0,251,114,0,100.0,5,1.36986301369863,17.6
8103,2022,6569,3.8174992618677583,365,243,120,2,0,0,0,122,64,47,0,300,65,0,100.0,2,0.547945205479452,13.3
8107,2019,25638,4.40888414320084,356,353,2,1,0,0,0,137,27,13,0,0,0,356,97.53424657534246,1,0.2808988764044944,13.5
8107,2020,25560,4.407560849486362,358,353,5,0,0,0,0,68,29,14,0,0,0,358,97.81420765027322,0,0.0,12.6
8107,2021,25091,4.399517970434873,354,347,7,0,0,0,0,68,31,15,0,0,0,354,96.986301369863,0,0.0,11.9
8107,2022,25064,4.399050381873649,356,356,0,0,0,0,0,43,25,13,0,0,0,356,97.53424657534246,0,0.0,10.0
8113,2019,8179,3.91270020819086,241,189,52,0,0,0,0,87,58,45,0,185,0,56,66.02739726027397,0,0.0,11.8
8113,2020,8105,3.908753019184534,247,155,90,2,0,0,0,136,67,48,0,191,0,56,67.4863387978142,2,0.8097165991902834,12.1
8113,2021,8074,3.907088745074296,252,165,87,0,0,0,0,97,67,48,0,199,0,53,69.04109589041096,0,0.0,11.9
8113,2022,7868,3.8958643512472992,255,194,60,1,0,0,0,108,64,45,0,198,0,57,69.86301369863014,1,0.392156862745098,9.4
8123,2019,324492,5.511203994206702,365,152,205,8,0,0,0,129,77,53,0,228,137,0,100.0,8,2.191780821917808,14.8
8123,2020,333983,5.523724361440038,366,166,187,13,0,0,0,140,84,52,1,223,142,0,100.0,13,3.551912568306011,13.9
8123,2021,340036,5.531524898729587,365,156,169,39,1,0,0,154,101,54,0,259,106,0,100.0,40,10.95890410958904,14.4
8123,2022,359442,5.555628822084377,365,170,185,10,0,0,0,133,87,51,2,265,98,0,100.0,10,2.73972602739726,12.6
9001,2019,943332,5.974664566960404,365,221,123,18,3,0,0,161,77,46,2,159,204,0,100.0,21,5.753424657534247,10.9
9001,2020,942426,5.974247259086457,366,217,136,12,1,0,0,161,80,47,6,150,210,0,100.0,13,3.551912568306011,10.5
9001,2021,959768,5.98216626585573,363,225,119,13,6,0,0,185,74,46,9,133,221,0,99.45205479452056,19,5.234159779614325,11.3
9003,2019,891720,5.950228507353124,365,252,108,5,0,0,0,122,59,43,12,163,190,0,100.0,5,1.36986301369863,13.2
9003,2020,889226,5.949012152510365,366,255,111,0,0,0,0,98,60,42,11,145,209,0,100.0,0,0.0,15.0
9003,2021,896854,5.952721749448629,365,247,115,3,0,0,0,136,63,42,12,127,226,0,100.0,3,0.821917808219178,13.2
9005,2019,180333,5.256075207623722,365,327,38,0,0,0,0,97,51,37,0,311,54,0,100.0,0,0.0,14.0
9005,2020,179610,5.254330512865347,362,300,62,0,0,0,0,84,54,39,0,250,110,0,98.90710382513662,0,0.0,15.6
9005,2021,185000,5.267171728403014,364,300,61,3,0,0,0,142,58,38,0,249,114,0,99.72602739726028,3,0.8241758241758242,12.7
9007,2019,162436,5.210682286411963,205,175,23,6,1,0,0,154,61,41,0,205,0,0,56.16438356164384,7,3.414634146341464,13.2
9007,2020,161657,5.208594514982544,208,182,24,2,0,0,0,129,54,39,0,208,0,0,56.830601092896174,2,0.9615384615384616,14.2
9007,2021,164759,5.216849147354544,207,171,25,10,1,0,0,151,80,39,0,207,0,0,56.71232876712329,11,5.314009661835748,12.3
9009,2019,854757,5.931842666121368,365,228,123,12,2,0,0,159,70,44,3,181,180,1,100.0,14,3.8356164383561646,15.0
9009,2020,851948,5.930413087721806,366,210,143,11,2,0,0,174,77,46,7,158,198,2,100.0,13,3.551912568306011,15.4
9009,2021,863700,5.9363629195977445,365,220,131,12,2,0,0,159,69,46,8,138,218,1,100.0,14,3.8356164383561646,14.8
9011,2019,265206,5.423583345288598,364,295,62,7,0,0,0,129,56,40,0,161,203,0,99.72602739726028,7,1.9230769230769231,13.6
9011,2020,264999,5.423244235086615,365,274,87,3,1,0,0,172,61,41,0,149,216,0,99.72677595628416,4,1.095890410958904,15.5
9011,2021,268805,5.429437342701036,363,277,79,7,0,0,0,129,60,39,0,135,228,0,99.45205479452056,7,1.9283746556473829,14.7
9013,2019,150721,5.178173766904755,212,187,20,5,0,0,0,126,54,42,0,212,0,0,58.08219178082192,5,2.358490566037736,13.6
9013,2020,150600,5.177824971864681,206,192,14,0,0,0,0,93,48,39,0,206,0,0,56.28415300546448,0,0.0,13.5
9013,2021,150293,5.176938753493304,201,170,30,1,0,0,0,101,58,39,0,201,0,0,55.06849315068493,1,0.4975124378109453,13.4
9015,2019,116782,5.067375908674526,360,344,15,1,0,0,0,105,46,36,0,360,0,0,98.63013698630137,1,0.2777777777777778,17.3
9015,2020,116540,5.066475013754132,356,345,11,0,0,0,0,87,44,35,0,356,0,0,97.26775956284152,0,0.0,17.7
9015,2021,116418,5.066020134062204,361,331,29,1,0,0,0,140,48,34,0,361,0,0,98.9041095890411,1,0.2770083102493075,16.8
10001,2019,180786,5.257164795839777,365,248,117,0,0,0,0,85,61,44,0,198,167,0,100.0,0,0.0,18.9
10001,2020,183643,5.263974378805395,362,296,66,0,0,0,0,80,54,39,0,208,154,0,98.90710382513662,0,0.0,20.0
10001,2021,184149,5.265169364811018,360,260,98,2,0,0,0,108,58,42,0,183,177,0,98.63013698630137,2,0.5555555555555556,18.0
10001,2022,189789,5.278271037502546,364,277,87,0,0,0,0,84,58,42,0,177,187,0,99.72602739726028,0,0.0,14.0
10003,2019,558753,5.747219867916186,365,207,155,3,0,0,0,136,71,47,3,178,184,0,100.0,3,0.821917808219178,15.4
10003,2020,561531,5.749373737012985,366,231,133,2,0,0,0,105,63,46,3,139,224,0,100.0,2,0.546448087431694,14.8
10003,2021,571708,5.757174269407812,365,195,166,4,0,0,0,144,67,48,0,137,228,0,100.0,4,1.095890410958904,13.8
10003,2022,578592,5.76237242450748,365,208,157,0,0,0,0,93,63,48,1,164,200,0,100.0,0,0.0,11.8
10005,2019,234225,5.369633247621898,365,251,114,0,0,0,0,93,61,44,0,205,160,0,100.0,0,0.0,17.5
10005,2020,241635,5.383159840569778,366,286,80,0,0,0,0,87,56,42,0,190,176,0,100.0,0,0.0,16.4
10005,2021,247527,5.393622578265388,365,277,88,0,0,0,0,100,57,40,0,232,133,0,100.0,0,0.0,15.0
10005,2022,263509,5.420795452882864,365,274,91,0,0,0,0,87,58,43,0,225,140,0,100.0,0,0.0,14.6
11001,2019,705749,5.848650271452624,365,195,165,4,1,0,0,159,73,49,16,160,189,0,100.0,5,1.36986301369863,14.2
11001,2020,712816,5.852977439392628,366,248,117,0,1,0,0,171,58,44,25,138,203,0,100.0,1,0.273224043715847,12.3
11001,2021,670050,5.826107211527519,365,172,185,7,1,0,0,153,71,51,22,108,235,0,100.0,8,2.191780821917808,11.3
11001,2022,678972,5.8318518648604325,365,198,163,4,0,0,0,128,63,49,14,125,226,0,100.0,4,1.095890410958904,9.5
12001,2019,269043,5.429821696992357,364,289,75,0,0,0,0,80,55,39,0,158,206,0,99.72602739726028,0,0.0,16.1
12001,2020,271218,5.433318509093485,366,274,91,1,0,0,0,105,56,42,0,100,266,0,100.0,1,0.273224043715847,16.4
12001,2022,285994,5.456356921960424,362,292,70,0,0,0,0,84,54,41,0,131,231,0,99.17808219178085,0,0.0,12.7
12005,2019,174705,5.242305334526925,357,240,117,0,0,0,0,87,59,44,0,108,249,0,97.80821917808218,0,0.0,22.1
12005,2020,171322,5.233813135674882,363,210,151,2,0,0,0,146,62,47,0,92,271,0,99.18032786885246,2,0.5509641873278237,20.8
12005,2022,190769,5.280507803162833,365,218,147,0,0,0,0,99,59,46,0,101,264,0,100.0,0,0.0,14.7
12009,2019,601942,5.779554646916536,351,308,43,0,0,0,0,90,51,39,0,223,128,0,96.16438356164385,0,0.0,18.0
12009,2020,608459,5.784231319339032,366,265,101,0,0,0,0,85,57,43,0,142,224,0,100.0,0,0.0,16.8
12009,2022,643979,5.808871705352325,365,288,77,0,0,0,0,80,54,43,0,179,186,0,100.0,0,0.0,13.0
12011,2019,1952778,6.290652873674381,363,213,150,0,0,0,0,90,58,47,1,55,305,0,99.45205479452056,0,0.0,14.9
12011,2020,1958105,6.2918359763833305,366,192,172,2,0,0,0,142,60,49,0,59,307,0,100.0,2,0.546448087431694,15.8
12011,2022,1962531,6.292816525556198,365,197,168,0,0,0,0,100,61,49,1,58,306,0,100.0,0,0.0,11.8
12021,2019,384902,5.5853501677501045,362,291,71,0,0,0,0,90,54,40,0,111,251,0,99.17808219178085,0,0.0,15.6
12021,2020,392973,5.594362712324969,364,267,97,0,0,0,0,87,58,41,0,73,291,0,99.4535519125683,0,0.0,15.2
12021,2022,404310,5.606714483087596,347,277,70,0,0,0,0,82,53,40,0,115,232,0,95.06849315068492,0,0.0,11.2
12023,2019,71686,4.855434347907406,363,229,134,0,0,0,0,90,61,46,0,102,261,0,99.45205479452056,0,0.0,25.9
12023,2020,72654,4.861259529578378,311,197,111,1,2,0,0,160,61,44,0,38,273,0,84.97267759562843,3,0.964630225080386,23.6
12023,2022,73063,4.8636975005709,363,234,129,0,0,0,0,91,60,45,0,101,262,0,99.45205479452056,0,0.0,18.6
12031,2019,957755,5.981254427913525,361,164,196,1,0,0,0,114,67,51,0,72,289,0,98.9041095890411,1,0.2770083102493075,19.0
12031,2020,966728,5.985304297541258,366,162,201,3,0,0,0,125,63,52,0,38,328,0,100.0,3,0.819672131147541,18.5
12031,2022,1030822,6.013183678773555,365,144,221,0,0,0,0,93,64,53,1,49,315,0,100.0,0,0.0,14.0
12033,2019,318316,5.502858468772026,365,248,116,1,0,0,0,101,61,44,0,193,172,0,100.0,1,0.273972602739726,19.6
12033,2020,322364,5.50834653600429,360,176,184,0,0,0,0,82,63,51,0,82,278,0,98.36065573770492,0,0.0,19.7
12033,2022,326928,5.514452117658196,365,191,173,1,0,0,0,133,64,49,0,106,259,0,100.0,1,0.273972602739726,14.8
12035,2019,115081,5.061003627050361,270,265,5,0,0,0,0,74,45,34,0,270,0,0,73.97260273972603,0,0.0,20.7
12035,2020,118451,5.073538731522682,366,363,3,0,0,0,0,64,43,31,0,366,0,0,100.0,0,0.0,19.4
12035,2022,131439,5.118724246287216,361,352,9,0,0,0,0,100,44,34,0,361,0,0,98.9041095890411,0,0.0,13.0
12047,2019,14428,4.159206133646325,316,214,102,0,0,0,0,81,58,44,0,0,316,0,86.57534246575342,0,0.0,27.6
12047,2020,14521,4.161996525422446,298,190,106,1,1,0,0,155,58,46,0,0,298,0,81.4207650273224,2,0.6711409395973155,29.4
12047,2022,13471,4.129399836135896,294,165,129,0,0,0,0,73,58,47,0,0,294,0,80.54794520547945,0,0.0,21.5
12055,2019,106221,5.026210385695786,233,224,9,0,0,0,0,84,46,36,0,233,0,0,63.83561643835617,0,0.0,20.9
12055,2020,106639,5.027916063857808,358,345,13,0,0,0,0,74,44,31,0,358,0,0,97.81420765027322,0,0.0,21.2
12055,2022,107614,5.031868774371578,349,337,11,1,0,0,0,112,46,33,0,349,0,0,95.61643835616438,1,0.2865329512893982,15.9
12057,2019,1471968,6.167898368714468,365,202,158,5,0,0,0,126,67,49,0,104,261,0,100.0,5,1.36986301369863,16.1
12057,2020,1497957,6.17549934678751,366,176,187,3,0,0,0,112,63,52,0,65,300,1,100.0,3,0.819672131147541,16.2
12057,2022,1535564,6.186267921897688,365,175,189,1,0,0,0,126,64,51,0,91,274,0,100.0,1,0.273972602739726,12.1
12061,2019,159923,5.203910928128727,335,324,11,0,0,0,0,90,47,36,0,335,0,0,91.78082191780824,0,0.0,18.1
12061,2020,162518,5.210901469116419,338,323,15,0,0,0,0,87,47,37,0,338,0,0,92.34972677595628,0,0.0,19.5
12061,2022,169795,5.229924897307338,357,349,8,0,0,0,0,67,44,33,0,357,0,0,97.80821917808218,0,0.0,12.6
12069,2019,367118,5.564805678726345,330,301,28,1,0,0,0,101,50,35,0,330,0,0,90.41095890410958,1,0.303030303030303,19.3
12069,2020,375492,5.574600688629491,366,354,12,0,0,0,0,87,45,32,0,366,0,0,100.0,0,0.0,18.8
12069,2022,424462,5.62783881606639,364,349,15,0,0,0,0,87,47,35,0,364,0,0,99.72602739726028,0,0.0,12.9
12071,2019,770577,5.8868160421514775,365,289,75,1,0,0,0,108,55,40,0,155,206,4,100.0,1,0.273972602739726,17.2
12071,2020,790767,5.898048537200889,366,284,82,0,0,0,0,100,55,39,0,176,190,0,100.0,0,0.0,17.3
12071,2022,834573,5.921464330362884,302,238,64,0,0,0,0,80,55,42,0,138,164,0,82.73972602739727,0,0.0,12.6
12073,2019,293582,5.467729424744322,360,215,144,1,0,0,0,119,63,46,0,80,280,0,98.63013698630137,1,0.2777777777777778,16.6
12073,2020,295460,5.470498693490922,366,185,178,2,1,0,0,163,63,49,0,33,333,0,100.0,3,0.819672131147541,17.6
12073,2022,296913,5.472629213105189,364,211,153,0,0,0,0,93,60,47,0,55,309,0,99.72602739726028,0,0.0,12.9
12081,2019,403253,5.605577607006069,365,333,30,2,0,0,0,108,49,36,0,365,0,0,100.0,2,0.547945205479452,17.1
12081,2020,411219,5.614073172632463,366,355,11,0,0,0,0,97,44,33,0,366,0,0,100.0,0,0.0,17.7
12081,2022,441095,5.644532134893082,349,336,13,0,0,0,0,80,46,33,0,349,0,0,95.61643835616438,0,0.0,13.1
12083,2019,365579,5.56298124054631,365,244,121,0,0,0,0,88,58,44,0,111,254,0,100.0,0,0.0,21.4
12083,2020,373513,5.572305721894424,366,229,137,0,0,0,0,100,59,46,0,66,300,0,100.0,0,0.0,20.8
12083,2022,409959,5.612740425099928,363,259,104,0,0,0,0,93,55,44,0,128,235,0,99.45205479452056,0,0.0,15.7
12085,2019,161000,5.20682587603185,352,288,64,0,0,0,0,85,54,41,0,115,237,0,96.43835616438356,0,0.0,17.0
12085,2020,162088,5.209750863542574,365,275,90,0,0,0,0,96,57,42,0,93,272,0,99.72677595628416,0,0.0,17.1
12085,2022,163315,5.213026075233021,356,280,75,1,0,0,0,108,54,42,0,95,261,0,97.53424657534246,1,0.2808988764044944,12.3
12086,2019,2716940,6.434080047708786,363,245,116,2,0,0,0,146,57,44,1,59,301,1,99.45205479452056,2,0.5509641873278237,13.6
12086,2020,2707303,6.432536864512261,366,226,140,0,0,0,0,90,62,45,1,63,302,0,100.0,0,0.0,14.9
12086,2022,2686867,6.429246169374866,365,259,104,2,0,0,0,136,59,44,13,78,274,0,100.0,2,0.547945205479452,11.4
12089,2019,88625,4.947556248191123,270,203,67,0,0,0,0,74,55,41,0,0,270,0,73.97260273972603,0,0.0,18.8
12091,2019,210738,5.323742854081313,363,335,28,0,0,0,0,84,48,36,0,342,0,21,99.45205479452056,0,0.0,18.0
12091,2020,212820,5.328012438855587,364,355,9,0,0,0,0,74,46,34,0,334,0,30,99.4535519125683,0,0.0,17.9
12095,2019,1393452,6.144092013240088,360,293,67,0,0,0,0,93,55,39,1,210,148,0,98.63013698630137,0,0.0,15.3
12095,2020,1404396,6.147489583837745,366,354,12,0,0,0,0,93,45,34,0,366,0,0,100.0,0,0.0,15.9
12095,2022,1471416,6.167735474197937,365,317,48,0,0,0,0,97,52,39,0,305,60,0,100.0,0,0.0,11.9
12097,2019,375751,5.5749001450644124,364,338,22,4,0,0,0,122,48,34,0,364,0,0,99.72602739726028,4,1.098901098901099,15.6
12097,2020,385315,5.585815916073542,366,354,12,0,0,0,0,90,44,32,0,366,0,0,100.0,0,0.0,17.0
12097,2022,437784,5.641259885055831,364,348,16,0,0,0,0,80,46,34,0,364,0,0,99.72602739726028,0,0.0,11.7
12099,2019,1496770,6.17515506994557,357,273,84,0,0,0,0,94,56,40,0,108,249,0,97.80821917808218,0,0.0,14.9
12099,2020,1507600,6.178286128777567,361,267,94,0,0,0,0,93,58,42,0,121,222,18,98.63387978142076,0,0.0,16.3
12099,2022,1533801,6.185769016582876,365,275,90,0,0,0,0,90,57,41,0,122,243,0,100.0,0,0.0,11.8
12101,2019,553947,5.743468214712845,365,336,29,0,0,0,0,97,49,36,0,365,0,0,100.0,0,0.0,21.1
12101,2020,570412,5.756188653377757,366,355,11,0,0,0,0,77,46,35,0,366,0,0,100.0,0,0.0,21.5
12101,2022,632996,5.801400965651768,361,332,29,0,0,0,0,87,50,37,0,361,0,0,98.9041095890411,0,0.0,13.7
12103,2019,974996,5.989002833973931,365,223,142,0,0,0,0,100,61,47,0,99,265,1,100.0,0,0.0,18.9
12103,2020,976802,5.989806540154756,366,226,140,0,0,0,0,100,60,46,0,76,290,0,100.0,0,0.0,18.7
12103,2022,961596,5.982992648105482,365,226,139,0,0,0,0,87,58,46,1,112,249,3,100.0,0,0.0,12.7
12105,2019,724777,5.860204403030273,365,268,97,0,0,0,0,100,58,42,0,138,227,0,100.0,0,0.0,18.4
12105,2020,744552,5.871895034558879,365,252,113,0,0,0,0,87,59,42,0,105,258,2,99.72677595628416,0,0.0,19.6
12105,2022,818330,5.912928472715429,363,264,99,0,0,0,0,87,56,44,0,141,222,0,99.45205479452056,0,0.0,14.8
12107,2019,74521,4.872278674076701,351,346,5,0,0,0,0,54,29,17,0,0,0,351,96.16438356164385,0,0.0,27.2
12107,2020,74815,4.873988680272648,366,365,1,0,0,0,0,67,27,14,0,0,0,366,100.0,0,0.0,27.1
12107,2022,75955,4.880556368072875,323,321,2,0,0,0,0,58,27,16,0,0,0,323,88.4931506849315,0,0.0,21.7
12111,2019,328297,5.516266914135375,352,342,10,0,0,0,0,77,46,34,0,352,0,0,96.43835616438356,0,0.0,18.1
12111,2020,337186,5.527869534372134,360,351,9,0,0,0,0,74,44,33,0,360,0,0,98.36065573770492,0,0.0,19.2
12111,2022,373586,5.572390592834634,358,352,6,0,0,0,0,77,44,33,0,358,0,0,98.08219178082192,0,0.0,13.9
12113,2019,184313,5.265555968041395,364,229,135,0,0,0,0,93,60,44,0,119,245,0,99.72602739726028,0,0.0,19.4
12113,2020,189139,5.276781088540652,365,223,142,0,0,0,0,86,61,47,0,100,265,0,99.72677595628416,0,0.0,20.3
12113,2022,203162,5.307842479529116,365,239,125,1,0,0,0,109,60,44,0,123,242,0,100.0,1,0.273972602739726,13.2
12115,2019,433742,5.637231477682744,365,268,97,0,0,0,0,100,57,43,0,114,251,0,100.0,0,0.0,17.2
12115,2020,443465,5.646859349293597,366,244,122,0,0,0,0,90,60,44,0,88,278,0,100.0,0,0.0,15.9
12115,2022,469013,5.671184880561606,358,234,124,0,0,0,0,100,59,45,0,110,248,0,98.08219178082192,0,0.0,11.7
12117,2019,471826,5.67378186903243,365,296,68,1,0,0,0,110,56,39,0,192,172,1,100.0,1,0.273972602739726,13.5
12117,2020,474171,5.675934989277124,365,287,78,0,0,0,0,84,55,40,0,135,227,3,99.72677595628416,0,0.0,14.3
12117,2022,484271,5.685088462610297,363,288,75,0,0,0,0,87,54,42,0,158,205,0,99.45205479452056,0,0.0,10.8
12127,2019,553284,5.742948111363291,350,274,76,0,0,0,0,80,55,41,0,149,201,0,95.8904109589041,0,0.0,20.8
12127,2020,561497,5.749347440228952,362,252,110,0,0,0,0,77,56,44,0,116,246,0,98.90710382513662,0,0.0,20.0
12127,2022,590357,5.771114717136782,365,242,123,0,0,0,0,93,57,45,0,103,262,0,100.0,0,0.0,14.3
12129,2019,33739,4.528132206263837,361,275,86,0,0,0,0,84,58,39,0,154,207,0,98.9041095890411,0,0.0,20.9
12129,2020,34319,4.535534624724186,363,265,96,0,2,0,0,164,58,41,0,102,257,0,99.18032786885246,2,0.5509641873278237,21.1
12129,2022,36449,4.56168561768995,365,279,86,0,0,0,0,97,56,41,0,110,255,0,100.0,0,0.0,15.0
13021,2019,153159,5.18514252210566,362,216,143,3,0,0,0,137,64,46,0,92,270,0,99.17808219178085,3,0.8287292817679558,22.5
13021,2020,152737,5.183944256109182,366,262,104,0,0,0,0,97,57,42,0,61,305,0,100.0,0,0.0,20.4
13021,2021,156762,5.195240795654642,365,198,165,2,0,0,0,131,66,48,0,47,318,0,100.0,2,0.547945205479452,19.8
13021,2022,156512,5.194547641141188,365,216,149,0,0,0,0,91,60,46,0,58,307,0,100.0,0,0.0,17.3
13051,2019,289430,5.461543544610252,335,204,131,0,0,0,0,87,60,46,0,70,265,0,91.78082191780824,0,0.0,18.1
13051,2020,289463,5.461593058831078,365,232,132,1,0,0,0,131,59,46,0,47,318,0,99.72677595628416,1,0.273972602739726,16.4
13051,2021,296329,5.471774155441164,363,176,186,1,0,0,0,103,63,51,0,31,332,0,99.45205479452056,1,0.2754820936639118,16.2
13051,2022,303655,5.482380436634382,335,199,136,0,0,0,0,97,60,46,0,84,251,0,91.78082191780824,0,0.0,13.7
13055,2019,24789,4.394259007476107,244,231,13,0,0,0,0,71,48,40,0,244,0,0,66.84931506849315,0,0.0,27.3
13055,2020,24843,4.3952040393618494,245,244,1,0,0,0,0,58,43,32,0,245,0,0,66.93989071038251,0,0.0,26.5
13055,2021,24932,4.396757118219961,245,238,7,0,0,0,0,80,45,33,0,245,0,0,67.12328767123287,0,0.0,24.6
13055,2022,25222,4.401779521353841,245,236,9,0,0,0,0,77,47,35,0,245,0,0,67.12328767123287,0,0.0,21.6
13059,2019,128331,5.108331578453746,365,171,194,0,0,0,0,87,65,52,0,69,296,0,100.0,0,0.0,18.8
13059,2020,127795,5.106513862313081,366,249,117,0,0,0,0,99,59,44,0,80,286,0,100.0,0,0.0,18.5
13059,2021,128711,5.109615664504674,365,195,169,1,0,0,0,107,65,49,0,61,304,0,100.0,1,0.273972602739726,16.3
13059,2022,129933,5.113719465913559,362,201,161,0,0,0,0,88,63,47,0,109,253,0,99.17808219178085,0,0.0,14.4
13067,2019,760141,5.880894157862699,282,191,90,1,0,0,0,119,61,44,0,191,91,0,77.26027397260275,1,0.3546099290780142,14.0
13067,2020,762944,5.882492661960745,285,243,42,0,0,0,0,91,54,36,0,195,90,0,77.8688524590164,0,0.0,13.0
13067,2021,766802,5.884683236949675,285,218,67,0,0,0,0,80,57,41,0,188,97,0,78.08219178082192,0,0.0,11.9
13067,2022,776743,5.890277348087203,285,231,53,1,0,0,0,105,57,40,0,193,92,0,78.08219178082192,1,0.3508771929824561,10.3
13073,2019,156714,5.195107795773986,245,229,16,0,0,0,0,74,49,39,0,245,0,0,67.12328767123287,0,0.0,15.9
13073,2020,160377,5.205142085336518,241,239,2,0,0,0,0,51,44,31,0,241,0,0,65.84699453551912,0,0.0,14.1
13073,2021,159639,5.203138998641915,245,239,6,0,0,0,0,67,46,33,0,245,0,0,67.12328767123287,0,0.0,12.9
13073,2022,165162,5.217910133246651,245,238,7,0,0,0,0,71,45,34,0,245,0,0,67.12328767123287,0,0.0,11.8
13089,2019,759297,5.880411683973769,365,173,188,3,1,0,0,159,67,52,20,94,251,0,100.0,4,1.095890410958904,14.7
13089,2020,762009,5.8819601007716935,366,215,150,1,0,0,0,106,61,46,14,64,288,0,100.0,1,0.273224043715847,13.8
13089,2021,757718,5.879507604271761,365,190,173,2,0,0,0,119,66,49,18,59,288,0,100.0,2,0.547945205479452,13.2
13089,2022,762992,5.882519984384671,365,177,186,2,0,0,0,147,65,51,18,63,283,0,100.0,2,0.547945205479452,11.4
13095,2019,87956,4.9442654706043045,356,163,191,2,0,0,0,107,68,52,0,0,356,0,97.53424657534246,2,0.5617977528089888,23.3
13095,2020,86477,4.936900614964162,366,194,170,2,0,0,0,114,65,49,0,0,366,0,100.0,2,0.546448087431694,22.0
13095,2021,84844,4.928621135292156,352,166,182,4,0,0,0,133,69,51,0,0,352,0,96.43835616438356,4,1.1363636363636365,21.0
13095,2022,82645,4.917216584004321,358,180,173,4,1,0,0,151,64,50,0,0,358,0,98.08219178082192,5,1.3966480446927374,18.5
13097,2019,146343,5.165371953732028,245,212,28,5,0,0,0,126,58,40,0,245,0,0,67.12328767123287,5,2.0408163265306123,18.5
13097,2020,147988,5.170226500901223,245,238,7,0,0,0,0,77,44,32,0,245,0,0,66.93989071038251,0,0.0,17.1
13097,2021,145814,5.163799223782043,244,215,27,2,0,0,0,101,58,38,0,244,0,0,66.84931506849315,2,0.819672131147541,15.6
13097,2022,149160,5.1736523746892695,243,215,27,1,0,0,0,133,54,38,0,243,0,0,66.57534246575342,1,0.411522633744856,13.5
13115,2019,98498,4.9934274122460165,363,140,223,0,0,0,0,90,66,54,0,0,363,0,99.45205479452056,0,0.0,22.0
13115,2020,98604,4.9938945330212485,327,208,119,0,0,0,0,82,58,42,0,0,327,0,89.34426229508196,0,0.0,20.7
13115,2021,98771,4.994629450774613,354,234,118,2,0,0,0,141,62,38,0,0,354,0,96.986301369863,2,0.5649717514124294,18.9
13115,2022,100113,5.000490475697943,356,256,100,0,0,0,0,84,57,37,0,0,356,0,97.53424657534246,0,0.0,16.5
13121,2019,1063937,6.026915912392856,365,122,236,6,1,0,0,172,74,55,5,77,283,0,100.0,7,1.9178082191780823,13.9
13121,2020,1077402,6.032377777399056,366,166,198,2,0,0,0,125,66,52,3,37,326,0,100.0,2,0.546448087431694,13.0
13121,2021,1065334,6.027485787695975,365,147,214,4,0,0,0,150,71,53,3,44,318,0,100.0,4,1.095890410958904,12.6
13121,2022,1079105,6.03306370483303,365,162,200,2,1,0,0,169,65,52,3,66,296,0,100.0,3,0.821917808219178,9.9
13127,2019,85292,4.930908298239158,279,235,44,0,0,0,0,80,54,37,0,203,76,0,76.43835616438356,0,0.0,20.0
13127,2020,85568,4.932311381245872,285,256,29,0,0,0,0,97,51,33,0,198,87,0,77.8688524590164,0,0.0,18.5
13127,2021,84739,4.928083334611343,322,267,55,0,0,0,0,80,54,38,0,185,137,0,88.21917808219179,0,0.0,17.0
13127,2022,86172,4.935366172774795,356,221,134,1,0,0,0,106,62,45,0,59,297,0,97.53424657534246,1,0.2808988764044944,15.0
13135,2019,936250,5.971391830707523,355,154,199,2,0,0,0,112,71,52,0,91,264,0,97.26027397260276,2,0.5633802816901409,14.9
13135,2020,942627,5.974339875252892,364,246,117,1,0,0,0,101,60,43,0,95,269,0,99.4535519125683,1,0.2747252747252747,13.7
13135,2021,964546,5.984322944338418,324,173,149,2,0,0,0,108,67,49,0,71,253,0,88.76712328767124,2,0.6172839506172839,12.7
13135,2022,983526,5.99278584519819,365,226,139,0,0,0,0,97,62,44,0,130,235,0,100.0,0,0.0,11.5
13139,2019,204441,5.310567996590672,340,181,159,0,0,0,0,90,62,49,0,0,340,0,93.15068493150685,0,0.0,18.0
13139,2020,206591,5.31511139784442,360,221,139,0,0,0,0,99,60,44,0,0,360,0,98.36065573770492,0,0.0,18.2
13139,2021,207369,5.316743833368337,365,209,156,0,0,0,0,83,62,46,0,0,365,0,100.0,0,0.0,16.0
13139,2022,217267,5.33699376770917,364,217,147,0,0,0,0,79,60,46,0,0,364,0,99.72602739726028,0,0.0,14.2
13151,2019,234561,5.370255804485404,363,234,122,7,0,0,0,150,64,43,0,119,244,0,99.45205479452056,7,1.9283746556473829,16.7
13151,2020,239139,5.378650408836786,366,291,75,0,0,0,0,96,55,36,0,116,250,0,100.0,0,0.0,16.4
13151,2021,245235,5.389582452886016,360,259,100,1,0,0,0,112,63,39,0,140,220,0,98.63013698630137,1,0.2777777777777778,14.5
13151,2022,254613,5.40588057403928,351,262,86,3,0,0,0,105,60,40,0,147,204,0,96.16438356164385,3,0.8547008547008548,12.7
13153,2019,157863,5.19828035180183,354,173,179,1,1,0,0,153,65,51,0,0,354,0,96.986301369863,2,0.5649717514124294,17.9
13153,2020,160110,5.20441845752325,363,202,160,1,0,0,0,114,62,47,0,0,363,0,99.18032786885246,1,0.2754820936639118,16.9
13153,2021,166829,5.222271546573021,359,182,173,4,0,0,0,111,65,49,0,0,359,0,98.35616438356163,4,1.1142061281337048,15.7
13153,2022,171974,5.235462792779324,362,214,147,1,0,0,0,102,61,45,0,0,362,0,99.17808219178085,1,0.2762430939226519,13.0
13185,2019,117406,5.069690291973834,310,177,133,0,0,0,0,71,60,47,0,0,310,0,84.93150684931507,0,0.0,20.3
13185,2020,118268,5.07286725262981,202,143,58,1,0,0,0,141,60,40,0,0,202,0,55.19125683060109,1,0.495049504950495,19.0
13185,2021,119276,5.076553066334811,358,213,145,0,0,0,0,86,60,46,0,0,358,0,98.08219178082192,0,0.0,19.5
13185,2022,120712,5.081750445530113,354,191,163,0,0,0,0,100,63,48,0,0,354,0,96.986301369863,0,0.0,16.2
13213,2019,40096,4.603101049314056,269,225,44,0,0,0,0,93,54,42,0,230,39,0,73.6986301369863,0,0.0,23.3
13213,2020,40032,4.6024072880133255,272,257,15,0,0,0,0,61,46,34,0,227,45,0,74.31693989071039,0,0.0,23.1
13213,2021,39951,4.601527654464691,276,240,36,0,0,0,0,87,52,38,0,223,53,0,75.61643835616438,0,0.0,21.0
13213,2022,41035,4.613154437759265,279,248,30,1,0,0,0,105,51,38,0,229,50,0,76.43835616438356,1,0.3584229390681003,17.0
13215,2019,195769,5.291743922427154,364,209,155,0,0,0,0,90,62,47,0,91,273,0,99.72602739726028,0,0.0,20.7
13215,2020,196442,5.29323434708725,366,257,108,1,0,0,0,101,59,42,0,84,282,0,100.0,1,0.273224043715847,20.1
13215,2021,205617,5.313059018401924,353,233,118,1,1,0,0,155,63,43,0,87,266,0,96.7123287671233,2,0.56657223796034,18.4
13215,2022,201877,5.305086842261735,365,214,149,2,0,0,0,149,62,45,0,73,292,0,100.0,2,0.547945205479452,15.4
13245,2019,202518,5.306463629789005,364,159,203,2,0,0,0,101,67,52,0,67,279,18,99.72602739726028,2,0.5494505494505495,21.5
13245,2020,202079,5.305521184084393,366,175,190,1,0,0,0,114,64,51,0,44,307,15,100.0,1,0.273224043715847,21.4
13245,2021,205673,5.313177282843738,364,174,183,7,0,0,0,145,70,51,0,77,286,1,99.72602739726028,7,1.9230769230769231,19.6
13245,2022,205414,5.31263003962906,365,195,170,0,0,0,0,99,62,49,0,64,301,0,100.0,0,0.0,16.8
13247,2019,90896,4.958544771933183,241,186,50,5,0,0,0,129,67,43,0,241,0,0,66.02739726027397,5,2.0746887966804977,18.3
13247,2020,90939,4.958750174227241,244,232,12,0,0,0,0,77,46,34,0,244,0,0,66.66666666666666,0,0.0,17.5
13247,2021,94082,4.973506541084651,243,216,27,0,0,0,0,93,54,39,0,243,0,0,66.57534246575342,0,0.0,16.7
13247,2022,95987,4.982212418346142,243,214,29,0,0,0,0,90,54,39,0,243,0,0,66.57534246575342,0,0.0,14.2
13261,2019,29524,4.47017519665518,238,211,27,0,0,0,0,97,54,39,0,238,0,0,65.20547945205479,0,0.0,23.3
13261,2020,29282,4.466600736296881,240,237,3,0,0,0,0,64,44,32,0,240,0,0,65.57377049180327,0,0.0,21.2
13261,2021,29283,4.466615567492371,245,228,17,0,0,0,0,74,49,35,0,245,0,0,67.12328767123287,0,0.0,20.4
13261,2022,28890,4.460747541844197,238,224,14,0,0,0,0,93,47,35,0,238,0,0,65.20547945205479,0,0.0,17.8
13295,2019,69761,4.843612697431523,356,185,171,0,0,0,0,84,62,49,0,0,356,0,97.53424657534246,0,0.0,23.4
13295,2021,68510,4.835753967519383,233,93,139,1,0,0,0,110,68,53,0,0,233,0,63.83561643835617,1,0.4291845493562232,20.2
13295,2022,69489,4.841916061893772,352,136,216,0,0,0,0,89,68,53,0,0,352,0,96.43835616438356,0,0.0,17.0
13303,2019,20374,4.309076301822332,211,138,72,1,0,0,0,116,59,39,0,0,211,0,57.80821917808219,1,0.4739336492890995,24.6
13303,2020,20150,4.304275050477128,354,230,122,2,0,0,0,112,59,43,0,0,354,0,96.72131147540983,2,0.5649717514124294,23.4
13303,2021,19785,4.296336054602047,365,178,184,3,0,0,0,111,69,51,0,0,365,0,100.0,3,0.821917808219178,22.3
13303,2022,19820,4.297103650149256,362,142,217,3,0,0,0,112,68,52,0,0,362,0,99.17808219178085,3,0.8287292817679558,19.6
15001,2019,201513,5.304303068572161,365,357,8,0,0,0,0,81,34,21,0,0,365,0,100.0,0,0.0,17.6
15001,2020,203340,5.3082228192210215,366,352,14,0,0,0,0,83,41,23,0,0,366,0,100.0,0,0.0,16.5
15001,2021,202906,5.307294889459982,365,336,29,0,0,0,0,65,48,27,0,0,365,0,100.0,0,0.0,13.7
15001,2022,207615,5.317258727701914,365,328,37,0,0,0,0,71,51,33,0,0,365,0,100.0,0,0.0,15.0
15003,2019,974563,5.988809919049318,365,360,5,0,0,0,0,62,41,28,5,266,93,1,100.0,0,0.0,13.6
15003,2020,963826,5.983998637574473,366,363,3,0,0,0,0,63,38,28,1,229,133,3,100.0,0,0.0,12.0
15003,2021,1000890,6.000386350188551,365,364,1,0,0,0,0,58,39,28,2,266,89,7,100.0,0,0.0,11.2
15003,2022,989408,5.9953754175925535,365,356,9,0,0,0,0,57,40,29,2,177,185,1,100.0,0,0.0,10.3
15007,2019,72293,4.859096247383737,363,361,2,0,0,0,0,70,31,16,104,0,259,0,99.45205479452056,0,0.0,14.7
15007,2020,71851,4.856432816888612,365,361,4,0,0,0,0,52,32,15,69,0,296,0,99.72677595628416,0,0.0,13.4
15007,2021,73454,4.866015450645363,364,364,0,0,0,0,0,47,29,17,35,0,329,0,99.72602739726028,0,0.0,13.3
15009,2019,167417,5.223799555397587,362,339,19,3,1,0,0,171,39,20,0,0,362,0,99.17808219178085,4,1.1049723756906076,15.5
15009,2020,167902,5.2250558693589575,349,343,6,0,0,0,0,61,31,21,0,0,349,0,95.3551912568306,0,0.0,14.0
15009,2021,164221,5.2154286923751805,363,361,2,0,0,0,0,63,31,21,0,0,363,0,99.45205479452056,0,0.0,12.6
15009,2022,164183,5.215328186958766,361,357,4,0,0,0,0,58,34,21,0,0,361,0,98.9041095890411,0,0.0,13.4
16001,2019,481587,5.682674755026209,365,266,99,0,0,0,0,100,58,41,3,183,179,0,100.0,0,0.0,13.2
16001,2020,494399,5.694077583652521,366,242,106,11,7,0,0,198,76,44,8,170,187,1,100.0,18,4.918032786885246,13.3
16001,2021,511931,5.70921142906441,365,223,124,15,3,0,0,173,79,46,7,207,150,1,100.0,18,4.931506849315069,12.3
16001,2022,524673,5.71988871570831,365,196,162,6,1,0,0,166,75,48,5,201,157,2,100.0,7,1.9178082191780823,10.5
16005,2019,87808,4.94353408535462,365,330,35,0,0,0,0,64,50,24,0,0,265,100,100.0,0,0.0,17.6
16005,2020,88795,4.948388511572007,362,284,72,2,4,0,0,165,61,38,0,135,165,62,98.90710382513662,6,1.6574585635359116,18.3
16005,2021,88263,4.945778684739357,365,245,112,7,1,0,0,155,76,44,0,96,195,74,100.0,8,2.191780821917808,16.7
16005,2022,90400,4.956168430475364,365,270,93,2,0,0,0,140,67,40,0,111,165,89,100.0,2,0.547945205479452,13.3
16013,2019,23021,4.3621241848476044,314,307,7,0,0,0,0,57,33,20,0,0,314,0,86.02739726027397,0,0.0,13.6
16013,2020,23426,4.369698138949881,365,323,34,6,2,0,0,172,53,19,0,0,365,0,99.72677595628416,8,2.191780821917808,13.4
16013,2021,24766,4.393855868587961,350,288,52,10,0,0,0,144,66,23,0,0,350,0,95.8904109589041,10,2.857142857142857,12.3
16013,2022,25041,4.3986516682209045,355,321,29,2,3,0,0,182,49,23,0,0,355,0,97.26027397260276,5,1.4084507042253522,9.8
16017,2019,45739,4.660286665315999,365,291,73,1,0,0,0,115,60,27,0,0,298,67,100.0,1,0.273972602739726,18.5
16017,2020,46817,4.670403580971269,365,283,72,5,5,0,0,190,58,32,0,0,316,49,99.72677595628416,10,2.73972602739726,17.0
16017,2021,49491,4.694526229121204,364,260,94,4,4,2,0,203,63,37,0,0,319,45,99.72602739726028,10,2.7472527472527477,17.2
16017,2022,52547,4.720547926441579,364,259,97,5,2,1,0,216,66,35,0,0,332,32,99.72602739726028,8,2.197802197802198,13.2
16019,2019,119062,5.075773173543036,357,287,70,0,0,0,0,67,53,38,0,0,357,0,97.80821917808218,0,0.0,15.7
16019,2020,122134,5.086836580872747,362,298,59,1,4,0,0,155,56,28,0,0,362,0,98.90710382513662,5,1.3812154696132597,15.4
16019,2021,127930,5.106972399886674,356,275,72,9,0,0,0,144,67,31,0,0,356,0,97.53424657534246,9,2.528089887640449,15.1
16019,2022,131366,5.118482976159217,357,306,50,1,0,0,0,109,53,27,0,0,357,0,97.80821917808218,1,0.2801120448179272,11.6
16021,2022,13557,4.132163596050864,332,273,51,4,3,1,0,205,66,23,0,0,332,0,90.95890410958904,8,2.409638554216868,15.2
16027,2019,229849,5.3614426186130775,365,285,80,0,0,0,0,95,58,32,0,0,319,46,100.0,0,0.0,17.7
16027,2020,237053,5.374845455859158,366,210,140,10,6,0,0,158,76,42,0,0,352,14,100.0,16,4.371584699453552,17.1
16027,2021,243115,5.385811755290301,365,209,147,5,4,0,0,172,71,46,0,0,347,18,100.0,9,2.4657534246575343,16.6
16027,2022,257674,5.411070599279699,364,189,167,7,1,0,0,155,76,49,0,0,351,13,99.72602739726028,8,2.197802197802198,12.6
16041,2019,13876,4.142264291170022,364,315,46,3,0,0,0,112,54,23,0,0,364,0,99.72602739726028,3,0.8241758241758242,16.3
16041,2020,14215,4.152746864026461,365,297,65,2,1,0,0,162,58,26,0,0,365,0,99.72677595628416,3,0.821917808219178,16.6
16041,2021,14666,4.166311680659592,365,285,74,6,0,0,0,119,66,28,0,0,365,0,100.0,6,1.643835616438356,17.7
16041,2022,15494,4.190163551630705,365,310,54,1,0,0,0,103,56,23,0,0,365,0,100.0,1,0.273972602739726,13.2
16049,2019,16667,4.221857435419136,365,236,129,0,0,0,0,89,60,44,0,135,230,0,100.0,0,0.0,19.5
16049,2020,16823,4.2259034449261605,366,244,113,3,5,1,0,209,64,40,0,127,239,0,100.0,9,2.459016393442623,17.9
16049,2021,17040,4.231469590430681,365,237,112,9,7,0,0,188,77,42,0,186,179,0,100.0,16,4.383561643835616,17.7
16049,2022,17890,4.252610340567373,365,242,113,4,4,2,0,263,64,41,0,155,210,0,100.0,10,2.73972602739726,14.0
16053,2019,24412,4.387603361284556,353,345,8,0,0,0,0,55,37,20,0,0,353,0,96.7123287671233,0,0.0,17.7
16053,2020,24578,4.390546539888802,213,213,0,0,0,0,0,49,26,13,0,0,213,0,58.19672131147541,0,0.0,18.1
16055,2019,165697,5.219314645442631,355,281,74,0,0,0,0,88,57,31,0,0,355,0,97.26027397260276,0,0.0,17.4
16055,2020,170628,5.232050300264637,354,288,58,1,2,4,1,518,55,26,0,0,354,0,96.72131147540983,8,2.2598870056497176,15.7
16055,2021,179789,5.254763116844148,357,268,81,3,5,0,0,195,60,31,0,0,357,0,97.80821917808218,8,2.2408963585434174,16.6
16055,2022,185010,5.267195203145967,359,264,88,4,3,0,0,186,62,29,0,0,359,0,98.35616438356163,7,1.9498607242339836,12.3
16057,2019,40108,4.603231006269363,350,343,7,0,0,0,0,55,35,14,0,0,350,0,95.8904109589041,0,0.0,15.1
16057,2020,40830,4.610979379922997,361,319,35,0,1,4,2,415,52,21,0,0,361,0,98.63387978142076,7,1.9390581717451525,14.9
16057,2021,40313,4.605445118544163,360,309,41,5,5,0,0,195,57,20,0,0,360,0,98.63013698630137,10,2.7777777777777777,14.0
16057,2022,41301,4.6159605671339845,361,312,44,1,4,0,0,192,53,13,0,0,361,0,98.9041095890411,5,1.3850415512465373,11.6
16059,2019,8027,3.9045532629767727,360,237,119,4,0,0,0,133,72,31,0,0,360,0,98.63013698630137,4,1.1111111111111112,18.4
16059,2020,8054,3.9060116252714128,365,194,160,8,3,0,0,168,80,46,0,0,365,0,99.72677595628416,11,3.0136986301369864,18.0
16059,2021,8162,3.911796590437252,365,188,157,16,4,0,0,172,83,47,0,0,365,0,100.0,20,5.47945205479452,17.2
16059,2022,8441,3.9263939002696815,365,199,136,18,10,2,0,212,92,44,0,0,365,0,100.0,30,8.21917808219178,14.3
16069,2019,40408,4.606467355504293,360,272,88,0,0,0,0,90,61,32,0,0,360,0,98.63013698630137,0,0.0,17.5
16069,2020,40755,4.610180897473572,366,279,76,4,0,6,1,475,63,28,0,0,366,0,100.0,11,3.0054644808743167,16.2
16069,2021,42454,4.627918615571418,365,251,96,15,2,1,0,204,77,34,0,0,365,0,100.0,18,4.931506849315069,16.2
16069,2022,42987,4.633337137396425,365,252,107,2,4,0,0,195,63,34,0,0,365,0,100.0,6,1.643835616438356,14.1
16079,2019,12882,4.109983294819893,365,225,137,3,0,0,0,117,75,38,0,0,359,6,100.0,3,0.821917808219178,22.6
16079,2020,12911,4.110959881124878,366,221,138,0,3,3,1,440,68,41,0,0,364,2,100.0,7,1.912568306010929,21.4
16079,2021,13612,4.133921940423772,363,186,162,9,6,0,0,179,75,49,0,0,362,1,99.45205479452056,15,4.132231404958678,21.1
16079,2022,14026,4.146933834562764,365,217,141,4,3,0,0,172,71,42,0,0,363,2,100.0,7,1.9178082191780823,16.3
16083,2019,86878,4.93890981455875,365,344,21,0,0,0,0,74,43,26,0,0,365,0,100.0,0,0.0,16.6
16083,2020,88411,4.946506302819625,364,313,44,3,4,0,0,163,56,24,0,0,364,0,99.4535519125683,7,1.9230769230769231,17.1
16083,2021,92243,4.9649334189858925,361,298,56,7,0,0,0,144,61,28,0,0,361,0,98.9041095890411,7,1.9390581717451525,17.5
16083,2022,95156,4.978436177643925,353,280,71,1,1,0,0,155,55,31,0,0,353,0,96.7123287671233,2,0.56657223796034,13.6
16085,2019,11392,4.056599976292781,357,261,96,0,0,0,0,92,66,29,0,0,357,0,97.80821917808218,0,0.0,15.0
16085,2020,11792,4.071587470514976,329,205,117,5,1,1,0,211,68,40,0,0,329,0,89.89071038251366,7,2.127659574468085,15.5
16085,2021,12241,4.08781689793553,351,217,125,7,2,0,0,162,72,41,0,0,351,0,96.16438356164385,9,2.564102564102564,16.0
16085,2022,12644,4.101884487167542,351,241,102,6,2,0,0,168,69,37,0,0,351,0,96.16438356164385,8,2.2792022792022792,13.3
17001,2019,65435,4.815810106748683,241,208,33,0,0,0,0,93,54,41,0,241,0,0,66.02739726027397,0,0.0,19.2
17001,2020,64783,4.8114610556420185,244,220,24,0,0,0,0,84,50,38,0,244,0,0,66.66666666666666,0,0.0,18.9
17001,2021,64954,4.812605900973897,242,219,23,0,0,0,0,93,50,40,0,242,0,0,66.3013698630137,0,0.0,18.1
17001,2022,64441,4.809162271211988,237,230,7,0,0,0,0,71,47,39,0,237,0,0,64.93150684931507,0,0.0,15.0
17019,2019,209689,5.321575648564521,365,225,140,0,0,0,0,100,64,45,0,179,186,0,100.0,0,0.0,16.0
17019,2020,209192,5.320545072058104,366,250,114,2,0,0,0,126,61,44,0,156,210,0,100.0,2,0.546448087431694,15.9
17019,2021,205943,5.313747034879285,365,236,129,0,0,0,0,99,63,44,0,143,222,0,100.0,0,0.0,15.1
17019,2022,205644,5.31311604277831,365,223,141,1,0,0,0,126,62,44,0,152,213,0,100.0,1,0.273972602739726,12.9
17031,2019,5150233,6.711826877259693,365,80,276,9,0,0,0,133,79,58,8,58,295,4,100.0,9,2.4657534246575343,14.6
17031,2020,5108284,6.708275034285231,366,86,260,16,4,0,0,164,84,58,5,73,263,25,100.0,20,5.46448087431694,13.4
17031,2021,5173146,6.71375473553253,365,87,257,20,1,0,0,156,89,59,7,78,255,25,100.0,21,5.753424657534247,13.2
17031,2022,5087072,6.706467884472599,365,117,240,7,1,0,0,151,76,54,7,68,270,20,100.0,8,2.191780821917808,11.2
17043,2019,922921,5.965164527968028,352,196,153,2,1,0,0,174,65,48,0,130,222,0,96.43835616438356,3,0.8522727272727272,11.2
17043,2020,917481,5.962597079266802,366,213,149,3,1,0,0,154,64,47,0,114,252,0,100.0,4,1.092896174863388,12.2
17043,2021,924885,5.96608773601439,365,179,184,2,0,0,0,105,69,51,0,100,265,0,100.0,2,0.547945205479452,10.8
17043,2022,921213,5.964360058024747,365,199,165,1,0,0,0,129,67,47,0,100,265,0,100.0,1,0.273972602739726,9.5
17049,2019,34008,4.531581091959066,245,224,21,0,0,0,0,84,50,40,0,245,0,0,67.12328767123287,0,0.0,19.0
17049,2021,34430,4.536937022704674,237,226,11,0,0,0,0,77,46,37,0,237,0,0,64.93150684931507,0,0.0,17.2
17049,2022,34331,4.5356864538235575,239,215,24,0,0,0,0,100,51,38,0,239,0,0,65.47945205479452,0,0.0,14.3
17083,2019,21773,4.337918272572673,347,221,124,2,0,0,0,119,62,46,0,170,177,0,95.06849315068492,2,0.5763688760806917,19.2
17083,2020,21616,4.334775331677956,358,258,99,1,0,0,0,112,58,44,0,144,214,0,97.81420765027322,1,0.2793296089385474,17.9
17083,2021,21333,4.3290519333599295,360,225,133,2,0,0,0,112,61,45,0,120,240,0,98.63013698630137,2,0.5555555555555556,16.3
17083,2022,21091,4.3240971716876135,365,240,120,5,0,0,0,112,61,45,0,145,220,0,100.0,5,1.36986301369863,14.6
17085,2019,21235,4.3270522653266985,363,351,12,0,0,0,0,74,47,34,0,363,0,0,99.45205479452056,0,0.0,18.2
17085,2020,21239,4.327134064918578,353,337,16,0,0,0,0,87,44,32,0,353,0,0,96.448087431694,0,0.0,17.7
17085,2021,21939,4.34121682814391,362,336,26,0,0,0,0,97,47,36,0,362,0,0,99.17808219178085,0,0.0,16.7
17085,2022,21756,4.337579050143133,343,328,15,0,0,0,0,84,46,34,0,343,0,0,93.97260273972604,0,0.0,13.9
17089,2019,532403,5.726240493984784,284,210,70,4,0,0,0,112,66,42,0,204,80,0,77.8082191780822,4,1.4084507042253522,14.9
17089,2020,531010,5.725102699808259,279,204,68,6,1,0,0,161,66,42,0,193,86,0,76.22950819672131,7,2.508960573476702,14.2
17089,2021,515588,5.712302800856637,285,188,96,1,0,0,0,112,67,44,0,189,96,0,78.08219178082192,1,0.3508771929824561,13.4
17089,2022,514982,5.711792049551307,285,189,93,3,0,0,0,129,67,42,0,176,109,0,78.08219178082192,3,1.0526315789473684,11.0
17097,2019,696535,5.842942944054975,245,210,33,2,0,0,0,115,58,40,0,245,0,0,67.12328767123287,2,0.8163265306122449,12.8
17097,2020,693593,5.841104701427909,241,199,31,10,1,0,0,185,74,39,0,241,0,0,65.84699453551912,11,4.564315352697095,13.7
17097,2021,711239,5.852015562670273,244,180,55,9,0,0,0,136,77,42,0,244,0,0,66.84931506849315,9,3.6885245901639343,11.9
17097,2022,708760,5.850499199469473,243,199,41,2,1,0,0,159,64,39,0,243,0,0,66.57534246575342,3,1.2345679012345678,10.5
17111,2019,307774,5.4882319289020165,340,161,177,2,0,0,0,126,65,52,0,88,252,0,93.15068493150685,2,0.5882352941176471,15.0
17111,2020,305888,5.485562439926798,334,192,133,9,0,0,0,147,62,47,0,107,227,0,91.2568306010929,9,2.694610778443114,14.5
17111,2021,311122,5.492930721943762,363,187,174,2,0,0,0,105,68,49,0,115,248,0,99.45205479452056,2,0.5509641873278237,12.9
17111,2022,312800,5.49526674438781,365,199,163,3,0,0,0,126,66,47,0,112,253,0,100.0,3,0.821917808219178,11.4
17113,2019,171517,5.234307171844066,364,187,177,0,0,0,0,100,65,49,0,116,248,0,99.72602739726028,0,0.0,15.9
17113,2020,171256,5.233645796054939,364,207,154,3,0,0,0,136,61,48,0,111,253,0,99.4535519125683,3,0.8241758241758242,15.7
17113,2021,170889,5.232714108402122,365,191,173,1,0,0,0,107,63,48,0,89,276,0,100.0,1,0.273972602739726,14.1
17113,2022,170441,5.2315740735993375,365,207,156,2,0,0,0,129,63,47,0,119,246,0,100.0,2,0.547945205479452,12.2
17115,2019,104009,5.017070920848997,364,176,188,0,0,0,0,93,64,51,0,100,264,0,99.72602739726028,0,0.0,20.5
17115,2020,103015,5.012900466869481,362,214,148,0,0,0,0,90,60,46,0,100,262,0,98.90710382513662,0,0.0,20.0
17115,2021,102432,5.010435652464039,361,179,179,3,0,0,0,112,67,51,0,92,269,0,98.9041095890411,3,0.8310249307479225,18.4
17115,2022,100591,5.002559125598758,365,209,154,2,0,0,0,115,62,46,0,111,254,0,100.0,2,0.547945205479452,15.7
17117,2019,44926,4.652497752773742,357,340,17,0,0,0,0,87,47,33,112,245,0,0,97.80821917808218,0,0.0,20.4
17117,2020,44567,4.64901340080603,364,346,18,0,0,0,0,93,45,31,129,235,0,0,99.4535519125683,0,0.0,20.5
17117,2021,44406,4.647441654593042,358,339,19,0,0,0,0,93,48,31,131,227,0,0,98.08219178082192,0,0.0,19.8
17117,2022,44018,4.6436303060797535,363,352,9,2,0,0,0,108,45,33,122,241,0,0,99.45205479452056,2,0.5509641873278237,16.3
17119,2019,262966,5.4198996003265485,363,140,220,1,2,0,0,156,73,55,0,144,217,2,99.45205479452056,3,0.8264462809917356,18.8
17119,2020,262635,5.419352601776266,365,129,233,3,0,0,0,112,71,54,0,91,273,1,99.72677595628416,3,0.821917808219178,18.2
17119,2021,264490,5.422409256609699,365,82,277,6,0,0,0,143,74,57,0,65,300,0,100.0,6,1.643835616438356,16.6
17119,2022,262752,5.419546030449692,363,134,220,9,0,0,0,147,71,54,0,113,250,0,99.45205479452056,9,2.479338842975207,13.6
17143,2019,179179,5.253287108459212,364,236,126,2,0,0,0,101,62,44,0,153,211,0,99.72602739726028,2,0.5494505494505495,17.7
17143,2020,177652,5.24957010112495,364,247,116,1,0,0,0,115,61,44,0,169,195,0,99.4535519125683,1,0.2747252747252747,17.7
17143,2021,179432,5.253899897928308,361,181,179,1,0,0,0,101,65,50,0,92,269,0,98.9041095890411,1,0.2770083102493075,16.5
17143,2022,177513,5.24923016370957,319,181,138,0,0,0,0,100,65,48,0,102,217,0,87.3972602739726,0,0.0,14.3
17161,2019,141879,5.151918118790514,361,221,138,2,0,0,0,115,63,45,0,134,227,0,98.9041095890411,2,0.554016620498615,18.7
17161,2020,140907,5.148932568594521,355,234,120,1,0,0,0,102,61,43,0,109,246,0,96.99453551912568,1,0.2816901408450704,18.2
17161,2021,142909,5.155059580276322,361,191,167,3,0,0,0,112,66,49,0,95,266,0,98.9041095890411,3,0.8310249307479225,17.9
17161,2022,141236,5.149945409241336,360,214,146,0,0,0,0,90,64,47,0,97,263,0,98.63013698630137,0,0.0,15.1
17167,2019,194672,5.289303490708703,360,222,138,0,0,0,0,87,61,45,0,122,238,0,98.63013698630137,0,0.0,17.5
17167,2020,193882,5.287537491061469,364,254,110,0,0,0,0,97,58,44,0,153,211,0,99.4535519125683,0,0.0,17.2
17167,2021,194734,5.289441784716015,362,233,129,0,0,0,0,98,62,43,0,100,262,0,99.17808219178085,0,0.0,16.2
17167,2022,193491,5.28666076914181,362,220,138,4,0,0,0,126,62,45,0,107,255,0,99.17808219178085,4,1.1049723756906076,13.5
17197,2019,690743,5.839316492464008,365,179,186,0,0,0,0,84,66,51,0,75,290,0,100.0,0,0.0,14.2
17197,2020,688726,5.8380464782857295,363,183,176,3,1,0,0,156,64,50,0,79,284,0,99.18032786885246,4,1.1019283746556474,14.2
17197,2021,697252,5.843389768671638,365,157,206,2,0,0,0,105,67,52,0,83,282,0,100.0,2,0.547945205479452,13.3
17197,2022,700728,5.845549471571694,365,193,170,2,0,0,0,101,66,49,0,92,273,0,100.0,2,0.547945205479452,11.5
17201,2019,282572,5.451129125495727,341,182,158,1,0,0,0,102,66,49,0,108,233,0,93.42465753424658,1,0.2932551319648094,18.3
17201,2020,281295,5.449162012678147,366,205,160,1,0,0,0,101,64,47,0,84,282,0,100.0,1,0.273224043715847,19.6
17201,2021,283119,5.451969015667714,360,190,170,0,0,0,0,100,68,49,0,114,246,0,98.63013698630137,0,0.0,18.2
17201,2022,280922,5.44858575167744,363,237,126,0,0,0,0,97,61,43,0,123,240,0,99.45205479452056,0,0.0,15.9
18003,2019,379299,5.578981697711875,365,200,164,1,0,0,0,101,64,49,0,163,202,0,100.0,1,0.273972602739726,19.5
18003,2020,382187,5.582275910546612,366,232,132,2,0,0,0,120,61,45,0,150,216,0,100.0,2,0.546448087431694,20.5
18003,2021,388608,5.589511736871311,365,257,108,0,0,0,0,100,63,40,0,226,139,0,100.0,0,0.0,17.5
18003,2022,394545,5.596096544014733,351,326,23,2,0,0,0,115,48,35,0,351,0,0,96.16438356164385,2,0.5698005698005698,14.7
18005,2019,83779,4.923135172245375,364,256,108,0,0,0,0,77,58,44,0,203,161,0,99.72602739726028,0,0.0,19.2
18005,2020,84447,4.926584225765073,366,275,91,0,0,0,0,97,57,41,0,191,175,0,100.0,0,0.0,18.8
18005,2021,82475,4.916322324217382,364,252,112,0,0,0,0,93,61,43,0,163,201,0,99.72602739726028,0,0.0,16.4
18005,2022,84003,4.924294796302125,365,280,84,1,0,0,0,105,57,41,0,215,150,0,100.0,1,0.273972602739726,15.1
18019,2019,118302,5.072992086822534,365,225,139,1,0,0,0,101,62,45,0,194,171,0,100.0,1,0.273972602739726,20.8
18019,2020,119266,5.07651665392256,366,186,180,0,0,0,0,92,62,50,0,77,289,0,100.0,0,0.0,20.6
18019,2021,122738,5.088979042232576,365,160,205,0,0,0,0,96,71,52,0,59,306,0,100.0,0,0.0,19.1
18019,2022,125467,5.098529513845081,363,170,192,1,0,0,0,119,66,51,0,73,290,0,99.45205479452056,1,0.2754820936639118,16.5
18035,2019,114135,5.057418843156233,352,299,53,0,0,0,0,71,56,36,0,272,80,0,96.43835616438356,0,0.0,22.5
18035,2020,113454,5.054819812228921,365,303,62,0,0,0,0,97,55,35,0,291,74,0,99.72677595628416,0,0.0,22.5
18035,2021,111871,5.048717520198971,362,299,63,0,0,0,0,97,57,37,0,293,69,0,99.17808219178085,0,0.0,21.7
18035,2022,112321,5.050460961350444,359,303,55,1,0,0,0,115,54,38,0,308,51,0,98.35616438356163,1,0.2785515320334262,19.0
18039,2019,206341,5.314585530952335,365,251,114,0,0,0,0,83,61,41,0,166,199,0,100.0,0,0.0,19.8
18039,2020,206161,5.3142065121271935,366,254,110,0,2,0,0,161,58,42,0,139,227,0,100.0,2,0.546448087431694,21.0
18039,2021,206921,5.315804568584099,365,214,151,0,0,0,0,87,62,45,0,139,226,0,100.0,0,0.0,19.5
18039,2022,206409,5.314728629801695,362,242,117,3,0,0,0,127,60,43,0,138,224,0,99.17808219178085,3,0.8287292817679558,17.4
18043,2019,78522,4.894991352796308,361,336,25,0,0,0,0,87,48,35,0,361,0,0,98.9041095890411,0,0.0,19.2
18043,2020,78936,4.897275115194261,363,347,15,1,0,0,0,143,44,32,0,363,0,0,99.18032786885246,1,0.2754820936639118,18.5
18043,2021,80454,4.9055476411602505,363,340,23,0,0,0,0,100,48,34,0,363,0,0,99.45205479452056,0,0.0,17.4
18043,2022,80809,4.9074597324660285,354,337,17,0,0,0,0,87,45,33,0,354,0,0,96.986301369863,0,0.0,15.1
18057,2019,338011,5.528930833891756,365,214,149,2,0,0,0,119,64,47,0,145,220,0,100.0,2,0.547945205479452,12.5
18057,2020,344238,5.536858809859629,366,247,119,0,0,0,0,97,59,44,0,155,211,0,100.0,0,0.0,11.3
18057,2021,356650,5.552242228356702,365,232,133,0,0,0,0,100,66,44,0,155,210,0,100.0,0,0.0,10.2
18057,2022,371645,5.570128294310994,365,241,124,0,0,0,0,100,63,43,0,160,205,0,100.0,0,0.0,9.3
18063,2019,170311,5.231242698960969,361,348,13,0,0,0,0,93,47,34,0,361,0,0,98.9041095890411,0,0.0,16.5
18063,2020,173251,5.238675750026866,366,348,18,0,0,0,0,87,45,32,0,366,0,0,100.0,0,0.0,16.5
18063,2021,179355,5.253713488300201,365,347,18,0,0,0,0,80,46,33,0,365,0,0,100.0,0,0.0,14.5
18063,2022,186387,5.270415618183462,352,338,14,0,0,0,0,87,46,34,0,352,0,0,96.43835616438356,0,0.0,12.6
18067,2019,82544,4.916685510529233,361,236,124,1,0,0,0,108,59,44,0,192,169,0,98.9041095890411,1,0.2770083102493075,21.9
18067,2020,82732,4.917673523281381,366,266,99,1,0,0,0,108,58,42,0,207,159,0,100.0,1,0.273224043715847,21.8
18067,2021,83687,4.922657999609084,361,227,132,2,0,0,0,105,62,44,0,164,197,0,98.9041095890411,2,0.554016620498615,19.7
18067,2022,83831,4.923404646784884,364,246,114,4,0,0,0,108,63,44,0,206,158,0,99.72602739726028,4,1.098901098901099,18.6
18069,2019,36520,4.562530768862262,355,345,10,0,0,0,0,84,44,31,0,355,0,0,97.26027397260276,0,0.0,21.6
18083,2019,36594,4.563409883741345,359,328,31,0,0,0,0,87,50,36,0,359,0,0,98.35616438356163,0,0.0,22.7
18083,2020,36522,4.562554552136652,351,328,22,1,0,0,0,105,48,33,0,351,0,0,95.90163934426228,1,0.2849002849002849,22.8
18083,2021,35956,4.555771371755518,360,320,38,2,0,0,0,108,51,36,0,360,0,0,98.63013698630137,2,0.5555555555555556,21.7
18083,2022,36070,4.557146142318363,344,321,23,0,0,0,0,87,48,36,0,344,0,0,94.24657534246576,0,0.0,18.5
18089,2019,485493,5.686182972486476,365,151,213,1,0,0,0,101,72,52,2,86,274,3,100.0,1,0.273972602739726,20.6
18089,2020,487536,5.68800668982758,366,161,199,6,0,0,0,136,68,52,1,86,275,4,100.0,6,1.639344262295082,20.3
18089,2021,498558,5.697715689457507,365,134,225,5,1,0,0,175,72,54,2,53,308,2,100.0,6,1.643835616438356,18.7
18089,2022,500598,5.699489110172926,365,152,208,5,0,0,0,143,69,52,3,82,275,5,100.0,5,1.36986301369863,17.2
18091,2019,109888,5.040950269144804,364,296,64,4,0,0,0,126,64,37,0,317,47,0,99.72602739726028,4,1.098901098901099,24.8
18091,2020,109663,5.040060122503365,366,291,68,6,1,0,0,154,63,38,0,309,57,0,100.0,7,1.912568306010929,23.2
18091,2021,112390,5.0507276712150535,365,282,78,5,0,0,0,143,64,37,0,309,56,0,100.0,5,1.36986301369863,20.4
18091,2022,111706,5.048076500751322,365,302,60,3,0,0,0,133,57,36,0,300,65,0,100.0,3,0.821917808219178,17.9
18095,2019,129569,5.112501106940675,365,216,148,1,0,0,0,101,61,47,0,148,217,0,100.0,1,0.273972602739726,24.4
18095,2020,129681,5.11287635079795,366,233,133,0,0,0,0,97,59,44,0,127,239,0,100.0,0,0.0,23.7
18095,2021,130782,5.116547974579905,364,199,165,0,0,0,0,97,67,48,0,124,240,0,99.72602739726028,0,0.0,21.4
18095,2022,132504,5.122228988851744,365,224,137,4,0,0,0,133,66,45,0,157,208,0,100.0,4,1.095890410958904,18.8
18097,2019,964582,5.984339153321285,365,78,283,4,0,0,0,112,74,58,0,62,303,0,100.0,4,1.095890410958904,18.7
18097,2020,966183,5.98505939180177,366,110,250,6,0,0,0,144,72,55,0,56,309,1,100.0,6,1.639344262295082,21.4
18097,2021,971102,5.987264848559543,365,81,278,6,0,0,0,114,81,58,2,31,332,0,100.0,6,1.643835616438356,19.6
18097,2022,968460,5.986081687896615,365,101,251,12,1,0,0,154,80,56,0,51,314,0,100.0,13,3.5616438356164384,15.2
18105,2019,148431,5.171524613361778,346,220,126,0,0,0,0,72,58,43,0,0,346,0,94.7945205479452,0,0.0,18.7
18105,2020,148219,5.170903878854193,357,240,117,0,0,0,0,72,57,41,0,0,357,0,97.54098360655738,0,0.0,18.7
18105,2021,139875,5.145740099536407,352,223,129,0,0,0,0,95,61,43,0,0,352,0,96.43835616438356,0,0.0,16.3
18105,2022,139342,5.144082039747641,347,265,82,0,0,0,0,96,55,38,0,0,347,0,95.06849315068492,0,0.0,14.3
18109,2019,70489,4.848121349444844,364,344,20,0,0,0,0,87,48,35,0,364,0,0,99.72602739726028,0,0.0,21.1
18123,2019,19169,4.282599457384596,358,322,36,0,0,0,0,80,51,37,0,358,0,0,98.08219178082192,0,0.0,23.1
18123,2020,19154,4.282259483083982,366,352,13,1,0,0,0,105,45,34,0,366,0,0,100.0,1,0.273224043715847,22.5
18123,2021,19316,4.285917196728309,363,334,29,0,0,0,0,97,50,36,0,363,0,0,99.45205479452056,0,0.0,19.8
18123,2022,19209,4.28350475654383,365,344,20,1,0,0,0,119,48,36,0,365,0,0,100.0,1,0.273972602739726,18.6
18127,2019,170389,5.231441554083836,365,236,125,4,0,0,0,115,64,44,0,164,188,13,100.0,4,1.095890410958904,18.0
18127,2020,170980,5.232945312745227,366,247,113,5,1,0,0,151,61,43,0,193,165,8,100.0,6,1.639344262295082,17.6
18127,2021,174243,5.241155339869399,365,204,154,7,0,0,0,136,68,47,0,149,205,11,100.0,7,1.9178082191780823,16.2
18127,2022,175335,5.243868617688999,365,229,130,5,0,1,0,202,62,46,0,165,195,5,100.0,6,1.643835616438356,14.7
18129,2019,25427,4.405295123042287,364,341,23,0,0,0,0,80,49,35,0,364,0,0,99.72602739726028,0,0.0,20.5
18129,2020,25275,4.402691164263039,355,336,18,1,0,0,0,112,45,31,0,355,0,0,96.99453551912568,1,0.2816901408450704,20.1
18129,2021,25116,4.399950474386311,360,344,16,0,0,0,0,77,45,32,0,360,0,0,98.63013698630137,0,0.0,17.8
18129,2022,25040,4.398634324538392,364,349,15,0,0,0,0,97,45,33,0,364,0,0,99.72602739726028,0,0.0,15.6
18141,2019,271826,5.434290994399758,365,217,148,0,0,0,0,100,66,46,0,178,187,0,100.0,0,0.0,19.8
18141,2020,271484,5.433744239389069,366,207,154,4,1,0,0,166,65,47,0,137,229,0,100.0,5,1.366120218579235,19.3
18141,2021,272212,5.434907266418052,365,169,195,1,0,0,0,105,71,52,0,96,269,0,100.0,1,0.273972602739726,17.6
18141,2022,272848,5.435920774713824,365,167,192,6,0,0,0,122,73,52,1,103,261,0,100.0,6,1.643835616438356,15.6
18157,2019,195732,5.291661833768998,351,210,141,0,0,0,0,78,61,43,0,0,351,0,96.16438356164385,0,0.0,17.7
18157,2020,196115,5.292510812271008,348,167,181,0,0,0,0,73,61,51,0,0,348,0,95.08196721311477,0,0.0,18.3
18157,2021,187076,5.27201807538817,349,213,136,0,0,0,0,97,62,44,0,0,349,0,95.61643835616438,0,0.0,16.5
18157,2022,188792,5.275983587263605,350,268,82,0,0,0,0,96,56,36,0,0,350,0,95.8904109589041,0,0.0,15.2
18163,2019,181451,5.2587593659964,365,229,136,0,0,0,0,90,59,46,0,155,210,0,100.0,0,0.0,21.9
18163,2020,182447,5.261136726598132,366,248,116,2,0,0,0,101,61,43,0,174,192,0,100.0,2,0.546448087431694,21.2
18163,2021,179987,5.255241138258019,365,176,188,1,0,0,0,109,68,51,0,76,289,0,100.0,1,0.273972602739726,19.6
18163,2022,179810,5.254813841034874,365,172,193,0,0,0,0,100,66,51,0,94,271,0,100.0,0,0.0,16.8
18167,2019,107038,5.029537985727574,365,161,203,1,0,0,0,102,67,52,0,110,255,0,100.0,1,0.273972602739726,23.0
18167,2020,106608,5.027789795924061,366,223,142,1,0,0,0,112,61,46,0,135,231,0,100.0,1,0.273224043715847,23.6
18167,2021,105994,5.025281281862484,365,172,193,0,0,0,0,99,67,51,0,100,265,0,100.0,0,0.0,21.8
18167,2022,106153,5.0259322723129936,365,203,160,2,0,0,0,115,63,47,0,109,256,0,100.0,2,0.547945205479452,19.1
18173,2019,62998,4.799326762108324,365,337,28,0,0,0,0,93,50,36,0,365,0,0,100.0,0,0.0,18.0
18173,2020,63269,4.801190970259465,366,347,17,2,0,0,0,112,47,33,0,366,0,0,100.0,2,0.546448087431694,17.5
18173,2021,64514,4.809653969875328,365,337,27,1,0,0,0,105,48,35,0,365,0,0,100.0,1,0.273972602739726,15.4
18173,2022,65867,4.818667883372954,365,326,38,1,0,0,0,101,51,37,0,365,0,0,100.0,1,0.273972602739726,13.1
19013,2019,131228,5.118026509948869,363,238,125,0,0,0,0,85,63,41,0,0,363,0,99.45205479452056,0,0.0,19.4
19013,2020,130786,5.11656125738153,366,239,127,0,0,0,0,92,59,42,0,0,366,0,100.0,0,0.0,17.9
19013,2021,130368,5.115171002984051,365,211,154,0,0,0,0,96,63,47,0,0,365,0,100.0,0,0.0,17.3
19013,2022,130471,5.115513991064523,364,232,132,0,0,0,0,84,59,44,0,0,364,0,99.72602739726028,0,0.0,16.9
19017,2019,25062,4.3990157256487645,243,228,15,0,0,0,0,90,46,37,0,243,0,0,66.57534246575342,0,0.0,16.2
19017,2020,25311,4.403309303826869,244,232,12,0,0,0,0,87,45,35,0,244,0,0,66.66666666666666,0,0.0,15.2
19017,2021,25081,4.399344848180368,244,223,21,0,0,0,0,90,49,40,0,244,0,0,66.84931506849315,0,0.0,14.9
19017,2022,25307,4.403240665084475,243,235,8,0,0,0,0,67,47,37,0,243,0,0,66.57534246575342,0,0.0,14.2
19045,2019,46429,4.666789329818256,364,192,172,0,0,0,0,91,65,49,0,94,270,0,99.72602739726028,0,0.0,20.3
19045,2020,46392,4.666443095740159,324,199,125,0,0,0,0,87,62,45,0,125,199,0,88.52459016393442,0,0.0,19.9
19045,2021,46463,4.667107247680808,365,134,229,2,0,0,0,112,70,55,0,62,303,0,100.0,2,0.547945205479452,18.6
19045,2022,46158,4.664246982821391,364,165,198,1,0,0,0,107,67,52,0,74,290,0,99.72602739726028,1,0.2747252747252747,17.3
19085,2019,14049,4.147645412501743,241,222,19,0,0,0,0,97,50,38,0,241,0,0,66.02739726027397,0,0.0,18.5
19085,2020,13928,4.1438887581092745,242,223,19,0,0,0,0,87,49,37,0,242,0,0,66.12021857923497,0,0.0,18.5
19085,2021,14669,4.166400508575069,243,216,27,0,0,0,0,87,54,39,0,243,0,0,66.57534246575342,0,0.0,18.2
19085,2022,14670,4.166430113843282,237,210,27,0,0,0,0,84,51,40,0,237,0,0,64.93150684931507,0,0.0,16.1
19103,2019,151140,5.179379417881757,364,210,154,0,0,0,0,92,64,46,0,0,364,0,99.72602739726028,0,0.0,14.6
19103,2020,153740,5.186786876733248,362,207,154,1,0,0,0,105,63,47,0,0,362,0,98.90710382513662,1,0.2762430939226519,13.5
19103,2021,154748,5.18962504480313,364,172,190,2,0,0,0,121,67,52,0,0,364,0,99.72602739726028,2,0.5494505494505495,14.0
19103,2022,157528,5.1973577591714015,365,223,141,1,0,0,0,108,62,44,0,0,365,0,100.0,1,0.273972602739726,12.3
19113,2019,226706,5.355463014314471,365,223,142,0,0,0,0,86,64,43,0,116,249,0,100.0,0,0.0,15.7
19113,2020,227854,5.357656657068914,366,207,158,1,0,0,0,105,63,47,0,78,288,0,100.0,1,0.273224043715847,14.9
19113,2021,228939,5.35971978149959,365,160,201,4,0,0,0,123,69,52,0,75,290,0,100.0,4,1.095890410958904,15.5
19113,2022,228972,5.359782377584539,365,197,168,0,0,0,0,81,61,48,0,90,274,1,100.0,0,0.0,13.9
19137,2019,9917,3.99638031323341,364,267,97,0,0,0,0,77,58,41,0,156,208,0,99.72602739726028,0,0.0,20.5
19137,2020,9935,3.997167871445834,366,277,89,0,0,0,0,79,57,41,0,121,245,0,100.0,0,0.0,19.9
19137,2021,10322,4.013763854733933,351,250,100,1,0,0,0,112,58,42,0,109,242,0,96.16438356164385,1,0.2849002849002849,19.9
19137,2022,10139,4.005995123054691,363,305,58,0,0,0,0,79,54,39,0,169,194,0,99.45205479452056,0,0.0,17.2
19139,2019,42664,4.63006157067482,365,238,127,0,0,0,0,93,61,42,0,0,365,0,100.0,0,0.0,17.0
19139,2020,42394,4.627304395477659,366,245,120,1,0,0,0,124,59,40,0,0,366,0,100.0,1,0.273224043715847,17.4
19139,2021,42688,4.630305807900436,365,211,154,0,0,0,0,90,63,45,0,0,363,2,100.0,0,0.0,16.8
19139,2022,42218,4.625497655557678,365,235,130,0,0,0,0,89,58,42,0,0,363,2,100.0,0,0.0,16.2
19147,2019,8886,3.948706308904852,364,246,118,0,0,0,0,93,60,44,0,102,262,0,99.72602739726028,0,0.0,17.2
19147,2020,8845,3.946697837245742,366,273,93,0,0,0,0,87,57,40,0,151,215,0,100.0,0,0.0,16.6
19147,2021,8906,3.949682690795204,362,250,108,2,2,0,0,167,64,43,0,136,226,0,99.17808219178085,4,1.1049723756906076,16.7
19147,2022,8810,3.944975908412048,365,271,94,0,0,0,0,79,55,42,0,133,232,0,100.0,0,0.0,15.9
19153,2019,490161,5.690338753348948,365,251,114,0,0,0,0,100,60,42,2,174,189,0,100.0,0,0.0,17.4
19153,2020,494281,5.693973916643766,366,261,103,0,2,0,0,199,59,42,4,125,237,0,100.0,2,0.546448087431694,16.2
19153,2021,496844,5.696220049549852,365,227,137,1,0,0,0,110,64,45,7,115,243,0,100.0,1,0.273972602739726,15.4
19153,2022,505255,5.703510619983809,365,273,92,0,0,0,0,89,57,41,4,136,224,1,100.0,0,0.0,13.3
19163,2019,172943,5.237902988305298,365,168,195,2,0,0,0,112,69,52,0,82,216,67,100.0,2,0.547945205479452,18.0
19163,2020,173216,5.238588005410968,366,173,190,2,1,0,0,156,66,52,0,73,215,78,100.0,3,0.819672131147541,15.1
19163,2021,174170,5.240973351840004,365,145,219,1,0,0,0,102,70,53,0,73,241,51,100.0,1,0.273972602739726,16.6
19163,2022,174270,5.241222631195892,365,202,163,0,0,0,0,96,65,49,0,97,216,52,100.0,0,0.0,14.3
19177,2019,7044,3.847819347295239,361,266,95,0,0,0,0,97,58,42,1,130,230,0,98.9041095890411,0,0.0,21.3
19177,2020,7069,3.849357981661299,366,281,85,0,0,0,0,87,55,39,0,148,218,0,100.0,0,0.0,20.6
19177,2021,7243,3.859918485200716,362,223,139,0,0,0,0,94,60,44,0,88,274,0,99.17808219178085,0,0.0,21.2
19177,2022,7266,3.861295393526696,365,271,93,1,0,0,0,102,55,43,1,123,241,0,100.0,1,0.273972602739726,19.2
20057,2019,33619,4.526584791169458,304,301,3,0,0,0,0,54,31,15,0,0,0,304,83.28767123287672,0,0.0,17.5
20057,2020,33094,4.519749262564474,302,297,5,0,0,0,0,79,29,11,0,0,0,302,82.5136612021858,0,0.0,18.6
20057,2021,34159,4.533505148292178,358,353,5,0,0,0,0,80,32,17,0,0,0,358,98.08219178082192,0,0.0,17.3
20057,2022,33980,4.531223374533027,362,339,21,1,1,0,0,169,40,19,0,0,0,362,99.17808219178085,2,0.5524861878453038,15.8
20091,2019,602401,5.779885684132421,362,308,54,0,0,0,0,77,53,38,0,246,116,0,99.17808219178085,0,0.0,11.9
20091,2020,607220,5.783346067476675,365,250,114,1,0,0,0,117,61,41,0,142,221,2,99.72677595628416,1,0.273972602739726,11.2
20091,2021,613219,5.78761560258697,364,207,153,4,0,0,0,138,65,46,0,117,247,0,99.72602739726028,4,1.098901098901099,10.0
20091,2022,622237,5.793955831938338,365,227,137,1,0,0,0,115,64,44,0,138,226,1,100.0,1,0.273972602739726,9.7
20103,2019,81758,4.912530259018773,362,347,15,0,0,0,0,97,45,33,0,362,0,0,99.17808219178085,0,0.0,17.4
20103,2020,82246,4.915114785404135,366,356,10,0,0,0,0,77,44,32,0,366,0,0,100.0,0,0.0,18.1
20103,2021,82184,4.914787275106086,348,330,16,2,0,0,0,126,47,34,0,348,0,0,95.34246575342463,2,0.5747126436781609,15.7
20103,2022,83518,4.921780085761591,365,341,24,0,0,0,0,80,49,37,0,365,0,0,100.0,0,0.0,13.6
20133,2019,16007,4.204309944940537,365,219,145,1,0,0,0,119,62,45,0,122,242,1,100.0,1,0.273972602739726,20.2
20133,2020,15929,4.202188512266052,366,235,129,2,0,0,0,106,59,44,0,108,250,8,100.0,2,0.546448087431694,20.1
20133,2021,15784,4.198217072244135,362,171,189,2,0,0,0,145,66,51,0,78,277,7,99.17808219178085,2,0.5524861878453038,19.2
20133,2022,15420,4.188084373714938,360,201,159,0,0,0,0,94,66,48,1,144,208,7,98.63013698630137,0,0.0,17.4
20173,2019,516042,5.712685049739497,365,282,83,0,0,0,0,97,58,41,8,253,100,4,100.0,0,0.0,17.1
20173,2020,519907,5.715925664790586,366,296,67,3,0,0,0,114,56,40,3,251,104,8,100.0,3,0.819672131147541,19.0
20173,2021,523828,5.719188708904961,365,224,136,5,0,0,0,141,66,46,6,188,163,8,100.0,5,1.36986301369863,18.4
20173,2022,528469,5.723019516669358,365,183,178,4,0,0,0,119,71,50,0,166,191,8,100.0,4,1.095890410958904,15.5
20177,2019,176875,5.247666452868366,365,216,148,0,1,0,0,161,63,45,0,128,237,0,100.0,1,0.273972602739726,17.0
20177,2020,175999,5.245510200224856,366,227,135,2,2,0,0,169,61,44,0,128,235,3,100.0,4,1.092896174863388,17.3
20177,2021,178264,5.251063647269982,365,189,173,2,1,0,0,151,65,49,0,86,279,0,100.0,3,0.821917808219178,18.1
20177,2022,177746,5.249799836138939,350,220,130,0,0,0,0,87,62,44,0,172,177,1,95.8904109589041,0,0.0,15.7
20181,2019,5917,3.772101569277012,358,354,4,0,0,0,0,58,31,12,0,0,0,358,98.08219178082192,0,0.0,16.2
20181,2020,5777,3.761702367541413,303,282,20,1,0,0,0,106,44,13,0,0,0,303,82.78688524590164,1,0.33003300330033,17.4
20181,2021,5895,3.770483809431108,320,308,11,0,0,1,0,221,38,17,0,0,0,320,87.67123287671232,1,0.3125,17.8
20181,2022,5844,3.766710207262259,360,338,18,3,0,0,1,494,41,18,0,0,0,360,98.63013698630137,4,1.1111111111111112,16.2
20191,2019,22836,4.3586200343346455,365,287,78,0,0,0,0,97,57,41,3,244,110,8,100.0,0,0.0,18.3
20191,2020,22578,4.353685468703508,366,231,132,3,0,0,0,117,63,45,0,123,229,14,100.0,3,0.819672131147541,19.7
20191,2021,22385,4.349957098719464,365,167,194,4,0,0,0,147,68,52,0,94,266,5,100.0,4,1.095890410958904,19.7
20191,2022,22334,4.34896651180206,365,197,165,3,0,0,0,115,67,48,0,146,205,14,100.0,3,0.821917808219178,17.2
20209,2019,165429,5.218611644490942,365,239,125,1,0,0,0,137,63,43,24,155,185,1,100.0,1,0.273972602739726,20.1
20209,2020,165265,5.218180887955466,366,146,215,5,0,0,0,116,67,53,0,58,305,3,100.0,5,1.366120218579235,23.2
20209,2021,167046,5.222836080700123,365,154,204,7,0,0,0,145,69,53,0,78,287,0,100.0,7,1.9178082191780823,21.9
20209,2022,165281,5.218222931796359,365,179,184,2,0,0,0,112,67,51,5,103,252,4,100.0,2,0.547945205479452,17.7
21013,2019,26032,4.415507535592783,263,238,25,0,0,0,0,77,50,40,0,222,41,0,72.05479452054794,0,0.0,33.8
21013,2020,25482,4.406233511374323,263,242,21,0,0,0,0,74,48,34,0,215,48,0,71.85792349726776,0,0.0,32.1
21013,2021,23858,4.377634034247592,364,164,198,2,0,0,0,112,68,52,0,47,317,0,99.72602739726028,2,0.5494505494505495,31.1
21015,2019,133581,5.125744690310452,239,222,17,0,0,0,0,80,49,39,0,239,0,0,65.47945205479452,0,0.0,18.1
21015,2020,135396,5.131605834189687,242,218,24,0,0,0,0,87,50,36,0,242,0,0,66.12021857923497,0,0.0,16.8
21015,2021,137412,5.138024660716386,244,225,19,0,0,0,0,90,49,39,0,244,0,0,66.84931506849315,0,0.0,16.0
21019,2019,46718,4.669484242333031,365,259,106,0,0,0,0,74,58,44,4,124,236,1,100.0,0,0.0,24.9
21019,2020,46516,4.667602361847101,366,285,81,0,0,0,0,89,57,41,2,115,248,1,100.0,0,0.0,23.8
21019,2021,47899,4.680326446629275,360,231,128,1,0,0,0,102,61,44,8,70,282,0,98.63013698630137,1,0.2777777777777778,22.5
21029,2019,81676,4.912094460463952,243,214,29,0,0,0,0,93,51,41,0,243,0,0,66.57534246575342,0,0.0,23.6
21029,2020,82182,4.914776706144576,240,224,15,1,0,0,0,115,48,37,0,240,0,0,65.57377049180327,1,0.4166666666666667,21.8
21029,2021,82918,4.918648818271811,237,212,24,1,0,0,0,143,51,37,0,237,0,0,64.93150684931507,1,0.4219409282700421,20.0
21037,2019,93584,4.971201604019247,362,241,120,1,0,0,0,108,60,44,21,127,214,0,99.17808219178085,1,0.2762430939226519,20.8
21037,2020,94020,4.973220246852234,366,246,120,0,0,0,0,93,59,43,0,117,249,0,100.0,0,0.0,18.1
21037,2021,93050,4.9687163774667855,362,230,131,1,0,0,0,101,64,44,2,94,266,0,99.17808219178085,1,0.2762430939226519,16.8
21043,2019,26797,4.428086176253649,285,266,19,0,0,0,0,67,49,37,0,215,69,1,78.08219178082192,0,0.0,28.9
21043,2020,26542,4.423933644837305,285,273,12,0,0,0,0,64,45,33,0,209,75,1,77.8688524590164,0,0.0,27.1
21043,2021,26412,4.421801288600973,279,252,27,0,0,0,0,86,50,35,0,200,77,2,76.43835616438356,0,0.0,27.0
21047,2019,70461,4.847948802504038,278,228,50,0,0,0,0,80,54,40,0,198,80,0,76.16438356164383,0,0.0,26.4
21047,2020,71478,4.854172392167189,320,249,71,0,0,0,0,85,56,41,0,179,141,0,87.43169398907104,0,0.0,24.4
21047,2021,72357,4.859480552238981,365,190,175,0,0,0,0,99,67,49,0,66,299,0,100.0,0,0.0,23.4
21059,2019,101511,5.006513106096073,364,220,143,1,0,0,0,101,63,46,0,137,227,0,99.72602739726028,1,0.2747252747252747,23.4
21059,2020,101978,5.008506490299809,366,254,111,1,0,0,0,105,59,43,1,126,239,0,100.0,1,0.273224043715847,21.5
21059,2021,103063,5.0131027799306365,363,200,163,0,0,0,0,99,68,48,0,88,275,0,99.45205479452056,0,0.0,21.0
21067,2019,323152,5.50940684813205,364,231,133,0,0,0,0,80,58,46,5,127,232,0,99.72602739726028,0,0.0,17.3
21067,2020,324735,5.511529099490465,366,258,108,0,0,0,0,86,57,42,5,114,247,0,100.0,0,0.0,17.8
21067,2021,321793,5.507576592608137,363,214,148,1,0,0,0,108,66,47,16,66,280,1,99.45205479452056,1,0.2754820936639118,15.8
21089,2019,35098,4.545282369636454,242,237,5,0,0,0,0,58,45,37,0,242,0,0,66.3013698630137,0,0.0,23.7
21089,2020,34865,4.542389669540937,243,241,2,0,0,0,0,61,44,33,0,243,0,0,66.39344262295081,0,0.0,23.1
21089,2021,35649,4.552047351843618,231,227,4,0,0,0,0,54,46,34,0,231,0,0,63.287671232876704,0,0.0,21.5
21091,2019,8722,3.940616082337408,245,208,37,0,0,0,0,84,54,42,0,245,0,0,67.12328767123287,0,0.0,24.8
21091,2020,8742,3.9416108021536336,245,233,12,0,0,0,0,97,47,37,0,245,0,0,66.93989071038251,0,0.0,24.1
21091,2021,9064,3.9573198968553407,241,220,21,0,0,0,0,90,49,38,0,241,0,0,66.02739726027397,0,0.0,22.5
21093,2019,110958,5.045158620047999,363,261,102,0,0,0,0,72,57,44,0,128,235,0,99.45205479452056,0,0.0,23.2
21093,2020,111309,5.046530281067089,366,268,98,0,0,0,0,80,56,43,0,125,241,0,100.0,0,0.0,20.7
21093,2021,111607,5.047691434440583,364,238,125,1,0,0,0,101,62,43,0,117,247,0,99.72602739726028,1,0.2747252747252747,20.5
21111,2019,766757,5.884657749502904,365,124,239,2,0,0,0,136,71,54,1,99,265,0,100.0,2,0.547945205479452,22.2
21111,2020,767452,5.885051222211732,366,151,208,7,0,0,0,115,64,52,3,89,274,0,100.0,7,1.912568306010929,18.0
21111,2021,777874,5.890909255683337,365,138,221,6,0,0,0,126,74,54,0,68,297,0,100.0,6,1.643835616438356,18.2
21113,2019,54115,4.733317662782867,245,221,24,0,0,0,0,67,50,43,0,245,0,0,67.12328767123287,0,0.0,22.5
21113,2020,54057,4.732851940001292,243,232,11,0,0,0,0,77,47,37,0,243,0,0,66.39344262295081,0,0.0,20.0
21113,2021,53626,4.7293754038488665,227,211,15,1,0,0,0,101,49,38,0,227,0,0,62.19178082191781,1,0.4405286343612335,19.0
21139,2019,9194,3.9635044994142903,261,237,24,0,0,0,0,77,50,41,0,242,0,19,71.5068493150685,0,0.0,26.7
21139,2020,9041,3.95621646924339,248,235,12,1,0,0,0,105,47,37,0,239,0,9,67.75956284153006,1,0.4032258064516129,23.3
21139,2021,8959,3.952259536590821,243,225,18,0,0,0,0,93,48,39,0,243,0,0,66.57534246575342,0,0.0,22.7
21145,2019,65418,4.81569726246947,361,186,175,0,0,0,0,97,63,50,2,101,257,1,98.9041095890411,0,0.0,22.5
21145,2020,65644,4.817195036808223,366,239,126,1,0,0,0,111,61,44,4,102,260,0,100.0,1,0.273224043715847,22.0
21145,2021,67454,4.829007708291385,363,221,140,2,0,0,0,109,64,44,21,93,247,2,99.45205479452056,2,0.5509641873278237,21.4
21185,2019,66799,4.824769961012482,242,203,38,1,0,0,0,105,58,42,0,242,0,0,66.3013698630137,1,0.4132231404958678,17.0
21185,2020,66999,4.82606832064526,239,218,21,0,0,0,0,97,49,38,0,239,0,0,65.30054644808743,0,0.0,15.5
21185,2021,68685,4.836861902583379,244,216,27,1,0,0,0,105,54,39,0,244,0,0,66.84931506849315,1,0.4098360655737705,13.7
21193,2019,25758,4.4109121388630825,353,238,115,0,0,0,0,87,57,44,0,106,247,0,96.7123287671233,0,0.0,29.4
21193,2020,25456,4.405790162302506,364,278,86,0,0,0,0,99,55,39,0,97,267,0,99.4535519125683,0,0.0,26.2
21193,2021,27929,4.446055386031947,365,247,118,0,0,0,0,93,60,44,0,71,294,0,100.0,0,0.0,26.7
21195,2019,57876,4.762498507969507,361,286,75,0,0,0,0,68,55,41,0,111,250,0,98.9041095890411,0,0.0,28.7
21195,2020,57057,4.75630893315181,365,310,55,0,0,0,0,93,53,37,0,111,254,0,99.72677595628416,0,0.0,27.6
21195,2021,57391,4.758843792105353,365,273,91,0,1,0,0,164,57,41,0,92,273,0,100.0,1,0.273972602739726,27.4
21199,2019,64979,4.812773023447504,282,251,31,0,0,0,0,67,52,41,0,202,80,0,77.26027397260275,0,0.0,27.0
21199,2020,65530,4.816440167956139,283,246,37,0,0,0,0,77,52,38,0,196,87,0,77.3224043715847,0,0.0,25.4
21199,2021,65423,4.81573045500714,361,229,131,1,0,0,0,101,62,45,0,74,287,0,98.9041095890411,1,0.2770083102493075,24.2
21213,2019,18572,4.268858674994137,244,222,22,0,0,0,0,67,50,40,0,244,0,0,66.84931506849315,0,0.0,24.6
21213,2020,18635,4.270329397089858,221,217,4,0,0,0,0,67,46,36,0,221,0,0,60.38251366120219,0,0.0,23.3
21213,2021,19718,4.294862862277967,243,222,21,0,0,0,0,90,50,37,0,243,0,0,66.57534246575342,0,0.0,21.0
21227,2019,132896,5.1235119094297845,348,237,111,0,0,0,0,76,58,44,0,98,250,0,95.34246575342463,0,0.0,21.8
21227,2020,134510,5.128754572690689,366,237,129,0,0,0,0,97,58,44,0,76,290,0,100.0,0,0.0,20.9
21227,2021,137212,5.137392094649789,363,218,143,2,0,0,0,117,65,45,0,78,285,0,99.45205479452056,2,0.5509641873278237,20.4
22005,2019,126604,5.102447427249145,361,319,41,1,0,0,0,101,54,33,7,354,0,0,98.9041095890411,1,0.2770083102493075,19.1
22005,2020,128665,5.109460424339467,364,350,14,0,0,0,0,100,46,31,6,358,0,0,99.4535519125683,0,0.0,17.7
22005,2021,128369,5.108460158044185,356,338,16,1,1,0,0,159,45,31,10,346,0,0,97.53424657534246,2,0.5617977528089888,16.7
22005,2022,131632,5.119361479962119,364,336,28,0,0,0,0,90,49,32,7,357,0,0,99.72602739726028,0,0.0,15.1
22015,2019,127039,5.10393706650469,357,282,75,0,0,0,0,86,55,37,0,175,175,7,97.80821917808218,0,0.0,21.6
22015,2020,127275,5.104743105709376,362,269,92,1,0,0,0,105,58,40,0,172,184,6,98.90710382513662,1,0.2762430939226519,18.8
22015,2021,129144,5.1110742337581,365,172,193,0,0,0,0,88,64,51,0,61,297,7,100.0,0,0.0,19.1
22015,2022,129795,5.113257962770714,358,162,196,0,0,0,0,99,64,52,0,55,299,4,98.08219178082192,0,0.0,16.3
22017,2019,240204,5.380580235221189,356,271,85,0,0,0,0,82,59,39,0,251,105,0,97.53424657534246,0,0.0,22.7
22017,2020,237479,5.375625211487825,349,289,59,1,0,0,0,126,55,36,0,255,94,0,95.3551912568306,1,0.2865329512893982,21.8
22017,2021,233092,5.367527368263277,362,289,73,0,0,0,0,93,56,37,0,268,94,0,99.17808219178085,0,0.0,22.9
22017,2022,226386,5.354849566020015,363,274,88,1,0,0,0,108,58,40,0,265,98,0,99.45205479452056,1,0.2754820936639118,18.6
22019,2019,203436,5.308427808065185,365,131,234,0,0,0,0,90,65,53,1,69,295,0,100.0,0,0.0,22.3
22019,2020,203310,5.308158740359688,349,179,169,1,0,0,0,116,64,49,2,96,251,0,95.3551912568306,1,0.2865329512893982,21.0
22019,2021,205282,5.312350870250322,365,171,193,0,1,0,0,156,65,51,2,78,285,0,100.0,1,0.273972602739726,20.8
22019,2022,203761,5.30912106335238,365,167,198,0,0,0,0,100,67,52,0,87,275,3,100.0,0,0.0,17.3
22033,2019,440059,5.64351090752404,365,190,173,2,0,0,0,108,71,50,3,102,260,0,100.0,2,0.547945205479452,19.0
22033,2020,439729,5.643185108159308,366,236,127,3,0,0,0,119,59,45,2,118,246,0,100.0,3,0.819672131147541,16.1
22033,2021,453301,5.656386677130612,365,217,145,2,1,0,0,159,61,47,1,85,279,0,100.0,3,0.821917808219178,18.4
22033,2022,448467,5.651730491426527,365,205,157,3,0,0,0,141,65,48,0,95,270,0,100.0,3,0.821917808219178,15.0
22047,2019,32511,4.512030328087411,365,290,71,4,0,0,0,119,59,38,1,283,81,0,100.0,4,1.095890410958904,24.1
22047,2020,32070,4.5060989599284405,366,306,57,3,0,0,0,136,56,38,0,302,64,0,100.0,3,0.819672131147541,22.4
22047,2021,29824,4.474565890673888,365,299,63,3,0,0,0,129,58,39,0,307,58,0,100.0,3,0.821917808219178,22.6
22047,2022,29617,4.471541065345551,365,267,91,6,1,0,0,156,71,42,0,325,40,0,100.0,7,1.9178082191780823,19.1
22051,2019,432493,5.635979082700312,365,269,96,0,0,0,0,84,58,42,2,204,159,0,100.0,0,0.0,18.8
22051,2020,432346,5.635831445303167,366,280,86,0,0,0,0,87,59,40,1,184,181,0,100.0,0,0.0,17.0
22051,2021,433688,5.63717740553386,355,277,76,2,0,0,0,105,55,40,1,163,191,0,97.26027397260276,2,0.5633802816901409,18.7
22051,2022,421777,5.625082893456031,362,219,143,0,0,0,0,96,61,46,1,102,259,0,99.17808219178085,0,0.0,15.0
22055,2019,244390,5.388083431383649,365,212,153,0,0,0,0,84,61,46,0,116,249,0,100.0,0,0.0,20.4
22055,2020,246518,5.39184863564274,364,203,160,1,0,0,0,120,62,45,0,124,240,0,99.4535519125683,1,0.2747252747252747,18.0
22055,2021,244205,5.38775455170624,365,243,122,0,0,0,0,87,60,42,0,145,219,1,100.0,0,0.0,18.8
22055,2022,249750,5.39750549689802,364,213,149,2,0,0,0,103,63,47,0,126,236,2,99.72602739726028,2,0.5494505494505495,15.9
22057,2019,97614,4.989512109538762,360,173,185,2,0,0,0,126,63,51,0,81,279,0,98.63013698630137,2,0.5555555555555556,23.3
22057,2020,97596,4.989432018347773,366,212,153,1,0,0,0,115,61,48,0,71,295,0,100.0,1,0.273224043715847,22.4
22057,2021,97504,4.98902243254258,347,204,143,0,0,0,0,84,60,45,0,112,235,0,95.06849315068492,0,0.0,22.7
22057,2022,95056,4.977979535032612,351,238,112,1,0,0,0,109,59,43,0,129,222,0,96.16438356164385,1,0.2849002849002849,19.4
22063,2019,140789,5.148568724224264,365,198,167,0,0,0,0,97,63,48,0,103,262,0,100.0,0,0.0,22.7
22063,2020,143737,5.157568576258574,355,206,148,1,0,0,0,105,62,47,0,85,270,0,96.99453551912568,1,0.2816901408450704,20.0
22063,2021,145830,5.163846875794205,348,186,161,1,0,0,0,133,62,48,6,83,259,0,95.34246575342463,1,0.2873563218390804,19.3
22063,2022,150145,5.176510874273492,361,177,181,3,0,0,0,117,66,51,1,112,248,0,98.9041095890411,3,0.8310249307479225,17.0
22071,2019,390144,5.591224932315432,365,292,73,0,0,0,0,90,57,36,52,0,307,6,100.0,0,0.0,21.4
22071,2020,389476,5.590480701061984,366,297,69,0,0,0,0,90,55,33,65,0,293,6,100.0,0,0.0,18.3
22071,2021,376971,5.576307941652994,357,308,49,0,0,0,0,69,53,33,57,0,296,2,97.80821917808218,0,0.0,19.0
22071,2022,364136,5.561263617215933,365,286,77,2,0,0,0,102,56,35,53,0,305,5,100.0,2,0.547945205479452,15.2
22073,2019,153279,5.1854826583844,363,310,53,0,0,0,0,71,52,36,0,300,63,0,99.45205479452056,0,0.0,23.3
22073,2020,152439,5.183096091137217,362,324,37,1,0,0,0,111,51,34,0,289,73,0,98.90710382513662,1,0.2762430939226519,20.3
22073,2021,158768,5.200762974011397,349,318,31,0,0,0,0,87,50,35,0,277,72,0,95.61643835616438,0,0.0,21.8
22073,2022,157568,5.1974680225791845,359,309,49,1,0,0,0,105,53,38,0,298,61,0,98.35616438356163,1,0.2785515320334262,18.2
22077,2019,21730,4.337059726320525,351,322,26,3,0,0,0,112,49,33,0,351,0,0,96.16438356164385,3,0.8547008547008548,24.6
22077,2020,21529,4.333023857758089,362,343,19,0,0,0,0,100,45,32,0,362,0,0,98.90710382513662,0,0.0,23.0
22077,2021,20356,4.308692442201257,365,353,12,0,0,0,0,100,44,32,0,365,0,0,100.0,0,0.0,22.6
22077,2022,20000,4.301029995663981,346,323,22,1,0,0,0,112,48,34,0,346,0,0,94.7945205479452,1,0.2890173410404624,19.2
22087,2019,47244,4.674346660837855,365,159,205,1,0,0,0,112,64,52,0,82,283,0,100.0,1,0.273972602739726,23.3
22087,2020,47647,4.678035561334018,357,229,128,0,0,0,0,86,58,44,0,138,218,1,97.54098360655738,0,0.0,22.3
22087,2021,44258,4.645991784453663,359,206,153,0,0,0,0,80,61,47,0,117,242,0,98.35616438356163,0,0.0,23.2
22087,2022,44463,4.647998761995242,365,209,155,1,0,0,0,108,61,47,0,144,221,0,100.0,1,0.273972602739726,19.7
22093,2019,21096,4.324200116785378,359,344,15,0,0,0,0,97,46,29,0,359,0,0,98.35616438356163,0,0.0,22.8
22093,2020,20727,4.316536447403556,357,351,6,0,0,0,0,90,44,29,0,357,0,0,97.54098360655738,0,0.0,21.2
22093,2021,19742,4.295391147571983,330,326,4,0,0,0,0,58,41,28,0,330,0,0,90.41095890410958,0,0.0,20.5
22093,2022,19191,4.283097605437225,361,345,16,0,0,0,0,93,46,32,0,361,0,0,98.9041095890411,0,0.0,16.8
22095,2019,42837,4.63181904831605,364,334,30,0,0,0,0,93,48,33,0,364,0,0,99.72602739726028,0,0.0,20.7
22095,2020,42516,4.628552398380802,351,341,10,0,0,0,0,80,45,31,0,351,0,0,95.90163934426228,0,0.0,19.3
22095,2021,42094,4.624220196724192,336,327,8,1,0,0,0,108,45,31,0,336,0,0,92.05479452054794,1,0.2976190476190476,20.1
22095,2022,39592,4.5976074408031,351,335,16,0,0,0,0,80,47,33,0,351,0,0,96.16438356164385,0,0.0,16.7
22099,2019,53431,4.727793302395854,355,330,25,0,0,0,0,80,48,34,0,355,0,0,97.26027397260276,0,0.0,25.1
22099,2020,52954,4.723898771097236,358,337,21,0,0,0,0,87,48,33,0,358,0,0,97.81420765027322,0,0.0,22.4
22099,2021,51540,4.712144414214886,360,347,13,0,0,0,0,87,47,34,0,360,0,0,98.63013698630137,0,0.0,23.1
22099,2022,51057,4.708055293004027,338,296,42,0,0,0,0,97,54,34,0,338,0,0,92.6027397260274,0,0.0,19.7
22103,2019,260419,5.415672666893594,363,266,97,0,0,0,0,84,60,41,0,187,176,0,99.45205479452056,0,0.0,19.1
22103,2020,263446,5.420691608901915,364,268,96,0,0,0,0,90,57,39,0,179,185,0,99.4535519125683,0,0.0,17.2
22103,2021,269388,5.4303782459903225,352,288,64,0,0,0,0,71,54,37,0,152,200,0,96.43835616438356,0,0.0,15.9
22103,2022,275583,5.440252423562487,365,277,87,1,0,0,0,103,59,41,0,155,210,0,100.0,1,0.273972602739726,14.6
22121,2019,26465,4.422671898327287,364,202,162,0,0,0,0,100,62,47,8,93,263,0,99.72602739726028,0,0.0,20.8
22121,2020,26792,4.42800513453181,366,229,134,3,0,0,0,101,61,44,4,117,245,0,100.0,3,0.819672131147541,19.3
22121,2021,27792,4.443919801103023,365,220,142,3,0,0,0,150,59,46,1,92,272,0,100.0,3,0.821917808219178,20.0
22121,2022,28266,4.451264354621878,364,216,144,4,0,0,0,105,63,46,2,102,260,0,99.72602739726028,4,1.098901098901099,16.1
23001,2019,108277,5.034536214391645,361,327,34,0,0,0,0,76,49,33,0,162,198,1,98.9041095890411,0,0.0,19.8
23001,2020,108547,5.035617825013378,360,327,33,0,0,0,0,70,49,34,0,141,217,2,98.36065573770492,0,0.0,19.5
23001,2021,111034,5.0454559855558925,356,303,53,0,0,0,0,95,53,36,0,113,239,4,97.53424657534246,0,0.0,18.6
23001,2022,113765,5.056008671155474,358,327,31,0,0,0,0,97,48,32,0,197,159,2,98.08219178082192,0,0.0,16.9
23003,2019,67055,4.826431166847557,365,304,59,1,1,0,0,182,55,36,0,176,176,13,100.0,2,0.547945205479452,22.3
23003,2020,66804,4.824802467354563,366,316,49,0,0,1,0,205,53,36,0,187,164,15,100.0,1,0.273224043715847,22.8
23003,2021,66859,4.825159876627927,365,305,58,1,1,0,0,182,54,35,0,198,158,9,100.0,2,0.547945205479452,21.8
23003,2022,67351,4.8283440483330615,364,304,60,0,0,0,0,80,54,34,0,134,211,19,99.72602739726028,0,0.0,18.6
23005,2019,295003,5.469826432509759,365,208,157,0,0,0,0,100,59,47,0,65,297,3,100.0,0,0.0,14.1
23005,2020,298111,5.4743780013636005,366,263,103,0,0,0,0,97,58,42,6,149,210,1,100.0,0,0.0,12.7
23005,2021,305231,5.484628639522823,365,319,43,3,0,0,0,129,54,36,5,260,97,3,100.0,3,0.821917808219178,11.9
23005,2022,310230,5.491683792847272,362,323,36,3,0,0,0,109,51,36,5,273,82,2,99.17808219178085,3,0.8287292817679558,11.1
23009,2019,54987,4.740260025937805,365,339,25,1,0,0,0,105,49,37,0,320,42,1,100.0,1,0.273972602739726,17.9
23009,2020,55088,4.741057005360599,366,336,29,1,0,0,0,105,50,36,0,348,18,0,100.0,1,0.273224043715847,16.9
23009,2021,56192,4.74967448988999,365,324,38,3,0,0,0,133,52,36,0,332,32,0,100.0,3,0.821917808219178,16.5
23009,2022,56526,4.752248254177775,361,326,34,1,0,0,0,112,50,36,0,328,33,0,98.9041095890411,1,0.2770083102493075,13.9
23011,2019,122302,5.087433559095662,361,352,9,0,0,0,0,70,44,29,129,211,21,0,98.9041095890411,0,0.0,19.8
23011,2020,122955,5.089746194142301,230,221,9,0,0,0,0,67,45,35,4,188,38,0,62.841530054644814,0,0.0,18.5
23011,2021,124486,5.0951205123584495,244,226,17,1,0,0,0,125,47,33,0,205,37,2,66.84931506849315,1,0.4098360655737705,18.0
23011,2022,127259,5.104688506231746,203,194,9,0,0,0,0,84,46,30,0,165,36,2,55.61643835616439,0,0.0,15.8
23013,2019,39772,4.599577430742687,213,204,9,0,0,0,0,84,47,36,0,213,0,0,58.35616438356165,0,0.0,17.7
23013,2021,41084,4.613672720547386,211,192,17,2,0,0,0,119,50,35,0,211,0,0,57.80821917808219,2,0.9478672985781992,15.7
23013,2022,40977,4.612540159747515,212,206,6,0,0,0,0,80,45,35,0,212,0,0,58.08219178082192,0,0.0,14.3
23017,2019,57975,4.763240757310025,334,305,29,0,0,0,0,72,49,33,0,148,186,0,91.5068493150685,0,0.0,21.5
23017,2020,58132,4.764415264880041,324,299,25,0,0,0,0,69,47,36,0,177,147,0,88.52459016393442,0,0.0,21.0
23017,2021,58629,4.768112486745165,360,308,51,1,0,0,0,113,52,35,0,170,190,0,98.63013698630137,1,0.2777777777777778,20.3
23017,2022,59905,4.777463072502592,358,324,34,0,0,0,0,96,50,33,0,189,169,0,98.08219178082192,0,0.0,18.0
23019,2019,152148,5.182266247889239,362,336,26,0,0,0,0,72,47,33,0,177,182,3,99.17808219178085,0,0.0,20.3
23019,2020,151655,5.18085673338465,363,338,25,0,0,0,0,76,47,33,0,184,177,2,99.18032786885246,0,0.0,20.2
23019,2021,152765,5.184023864396704,362,326,36,0,0,0,0,100,50,33,0,194,166,2,99.17808219178085,0,0.0,18.8
23019,2022,155312,5.191205012280046,361,324,37,0,0,0,0,87,51,33,0,176,185,0,98.9041095890411,0,0.0,16.2
23029,2019,31379,4.496639099180746,363,360,3,0,0,0,0,71,45,34,0,362,1,0,99.45205479452056,0,0.0,23.1
23029,2020,31473,4.49793814174857,353,351,2,0,0,0,0,61,44,33,0,344,9,0,96.448087431694,0,0.0,22.1
23029,2021,31121,4.493053543571646,360,348,12,0,0,0,0,90,44,33,0,344,16,0,98.63013698630137,0,0.0,21.6
23029,2022,31555,4.4990681845107945,364,355,9,0,0,0,0,58,44,34,0,336,28,0,99.72602739726028,0,0.0,19.2
23031,2019,207641,5.317313111776048,231,216,14,1,0,0,0,115,48,38,0,231,0,0,63.287671232876704,1,0.4329004329004329,16.9
23031,2020,209066,5.320283410086904,235,223,12,0,0,0,0,87,47,39,0,235,0,0,64.20765027322405,0,0.0,16.3
23031,2021,214591,5.331611503593115,240,217,20,3,0,0,0,129,50,37,0,240,0,0,65.75342465753424,3,1.25,14.9
23031,2022,218586,5.339622342803747,246,230,14,2,0,0,0,126,49,38,0,246,0,0,67.3972602739726,2,0.8130081300813009,13.7
24003,2019,579234,5.762854046246768,264,179,78,7,0,0,0,143,77,45,0,243,0,21,72.32876712328768,7,2.6515151515151514,15.0
24003,2020,582777,5.765502403478545,262,235,25,2,0,0,0,108,51,39,0,240,0,22,71.58469945355192,2,0.7633587786259541,11.8
24003,2021,590336,5.77109926827053,262,222,39,1,0,0,0,101,64,38,0,240,0,22,71.78082191780823,1,0.381679389312977,11.4
24003,2022,594582,5.774211757511029,263,247,16,0,0,0,0,93,48,38,0,243,0,20,72.05479452054794,0,0.0,10.5
24005,2019,827370,5.917699769556032,365,232,124,9,0,0,0,150,71,46,6,226,133,0,100.0,9,2.4657534246575343,15.6
24005,2020,826017,5.91698898549256,365,257,106,2,0,0,0,105,59,43,12,177,176,0,99.72677595628416,2,0.547945205479452,13.8
24005,2021,849316,5.929069305700517,365,207,148,10,0,0,0,140,71,47,10,178,177,0,100.0,10,2.73972602739726,12.8
24009,2019,92525,4.96625909376715,232,214,18,0,0,0,0,71,49,39,0,232,0,0,63.56164383561645,0,0.0,15.7
24009,2020,93072,4.968819046454293,238,235,3,0,0,0,0,67,44,35,0,238,0,0,65.02732240437157,0,0.0,13.6
24009,2021,93928,4.972795075043795,223,205,17,1,0,0,0,105,49,39,0,223,0,0,61.09589041095891,1,0.4484304932735426,13.0
24009,2022,94728,4.976478368107121,239,225,14,0,0,0,0,74,47,39,0,239,0,0,65.47945205479452,0,0.0,11.0
24013,2019,168447,5.22646328070718,241,205,35,1,0,0,0,101,54,43,0,241,0,0,66.02739726027397,1,0.4149377593360996,14.0
24013,2020,169092,5.228123060950536,242,225,17,0,0,0,0,84,49,39,0,242,0,0,66.12021857923497,0,0.0,13.4
24013,2021,173873,5.240232147492069,243,208,34,1,0,0,0,112,54,41,0,243,0,0,66.57534246575342,1,0.411522633744856,12.6
24013,2022,176639,5.2470865974003775,243,210,32,1,0,0,0,112,54,42,0,243,0,0,66.57534246575342,1,0.411522633744856,11.0
24015,2019,102855,5.012225408521056,361,265,93,3,0,0,0,150,61,42,0,203,158,0,98.9041095890411,3,0.8310249307479225,19.4
24015,2020,103419,5.01460033408794,357,309,48,0,0,0,0,97,54,38,0,194,163,0,97.54098360655738,0,0.0,18.0
24015,2021,103905,5.01663644669252,358,235,119,4,0,0,0,118,65,44,0,158,200,0,98.08219178082192,4,1.11731843575419,18.1
24015,2022,105672,5.023959927171132,361,267,93,1,0,0,0,101,58,43,0,173,188,0,98.9041095890411,1,0.2770083102493075,15.4
24017,2019,163257,5.21287181166961,221,202,19,0,0,0,0,77,50,40,0,221,0,0,60.54794520547945,0,0.0,16.1
24017,2020,164436,5.215996903774474,236,235,1,0,0,0,0,58,44,34,0,236,0,0,64.48087431693989,0,0.0,14.2
24017,2021,168698,5.227109933839199,242,215,26,1,0,0,0,105,51,38,0,242,0,0,66.3013698630137,1,0.4132231404958678,12.7
24017,2022,171973,5.235460267422325,245,225,20,0,0,0,0,87,50,41,0,245,0,0,67.12328767123287,0,0.0,11.3
24019,2019,31929,4.504185316870708,365,281,81,3,0,0,0,126,58,43,0,280,85,0,100.0,3,0.821917808219178,19.7
24019,2020,31853,4.503150341603528,365,339,26,0,0,0,0,84,48,36,0,309,56,0,99.72677595628416,0,0.0,18.2
24019,2021,32489,4.511736344119204,365,287,77,1,0,0,0,105,58,41,0,254,111,0,100.0,1,0.273972602739726,18.8
24019,2022,32879,4.5169186001975055,365,274,91,0,0,0,0,93,55,43,0,197,168,0,100.0,0,0.0,16.6
24021,2019,259547,5.414216013407604,243,198,44,1,0,0,0,112,58,44,0,243,0,0,66.57534246575342,1,0.411522633744856,12.3
24021,2020,265161,5.423509648200611,237,217,20,0,0,0,0,90,49,40,0,237,0,0,64.75409836065575,0,0.0,11.7
24021,2021,279835,5.446902032372562,244,207,36,1,0,0,0,126,58,41,0,244,0,0,66.84931506849315,1,0.4098360655737705,12.2
24021,2022,293391,5.467446787386313,236,212,23,1,0,0,0,115,51,41,0,236,0,0,64.65753424657534,1,0.423728813559322,9.1
24023,2019,29014,4.462607606712852,365,311,54,0,0,0,0,71,53,39,0,238,125,0,100.0,0,0.0,20.7
24023,2020,28852,4.460175923518029,365,345,20,0,0,0,0,71,47,37,0,297,68,0,99.72677595628416,0,0.0,18.4
24023,2021,28702,4.457912160103358,365,312,53,0,0,0,0,92,54,39,0,266,99,0,100.0,0,0.0,16.8
24023,2022,28423,4.453669915065227,365,330,35,0,0,0,0,97,50,38,2,271,91,0,100.0,0,0.0,14.8
24025,2019,255441,5.4072906057100285,359,229,121,9,0,0,0,133,71,45,0,210,149,0,98.35616438356163,9,2.5069637883008355,15.8
24025,2020,256805,5.409603475203942,357,286,70,1,0,0,0,119,58,41,0,198,159,0,97.54098360655738,1,0.2801120448179272,14.4
24025,2021,262977,5.419917766703139,357,219,129,9,0,0,0,122,71,46,0,174,183,0,97.80821917808218,9,2.5210084033613445,13.5
24025,2022,264644,5.422662052128798,360,262,98,0,0,0,0,97,64,43,0,208,152,0,98.63013698630137,0,0.0,10.9
24027,2019,325690,5.512804424172821,365,267,98,0,0,0,0,81,58,39,77,0,288,0,100.0,0,0.0,9.6
24027,2020,328200,5.516138576717075,364,297,67,0,0,0,0,71,54,37,48,0,311,0,99.4535519125683,0,0.0,8.7
24027,2021,334529,5.524433772310284,365,284,81,0,0,0,0,83,55,36,109,0,256,0,100.0,0,0.0,8.1
24027,2022,336001,5.526340569931022,365,290,75,0,0,0,0,70,54,37,71,0,293,0,100.0,0,0.0,7.3
24031,2019,1050688,6.021473772170401,361,284,77,0,0,0,0,88,57,41,0,190,171,0,98.9041095890411,0,0.0,9.0
24031,2020,1051816,6.021939772922446,355,310,45,0,0,0,0,77,52,37,0,175,180,0,96.99453551912568,0,0.0,8.4
24031,2021,1054827,6.02318123773207,361,251,107,3,0,0,0,119,61,42,0,193,168,0,98.9041095890411,3,0.8310249307479225,8.5
24031,2022,1058474,6.024680194622591,355,241,113,1,0,0,0,119,59,43,0,168,187,0,97.26027397260276,1,0.2816901408450704,7.2
24033,2019,909327,5.958720086475962,365,234,125,6,0,0,0,122,64,45,0,247,118,0,100.0,6,1.643835616438356,13.2
24033,2020,909612,5.958856181120538,366,314,51,1,0,0,0,105,55,39,1,239,126,0,100.0,1,0.273224043715847,11.6
24033,2021,955306,5.98014250543204,365,287,73,5,0,0,0,129,64,41,6,290,69,0,100.0,5,1.36986301369863,11.0
24033,2022,947430,5.976547132374393,365,313,51,1,0,0,0,101,58,39,15,314,36,0,100.0,1,0.273972602739726,10.5
24043,2019,151049,5.179117854429428,360,279,81,0,0,0,0,93,58,42,0,173,187,0,98.63013698630137,0,0.0,18.3
24043,2020,151146,5.179396658289131,359,288,71,0,0,0,0,83,55,40,0,172,187,0,98.08743169398907,0,0.0,19.2
24043,2021,154937,5.190155142594566,360,244,115,1,0,0,0,115,65,44,0,155,205,0,98.63013698630137,1,0.2777777777777778,17.4
24043,2022,155813,5.192603689490159,344,283,61,0,0,0,0,87,54,40,0,184,160,0,94.24657534246576,0,0.0,15.3
24510,2019,593490,5.773413405714524,363,217,140,6,0,0,0,126,65,46,15,142,206,0,99.45205479452056,6,1.6528925619834711,20.7
24510,2020,586131,5.767994691477004,363,293,70,0,0,0,0,97,56,38,57,120,185,1,99.18032786885246,0,0.0,19.2
24510,2021,576498,5.760797804969017,364,243,121,0,0,0,0,93,61,43,35,99,230,0,99.72602739726028,0,0.0,18.3
25001,2019,212990,5.328359213547802,359,346,13,0,0,0,0,93,45,36,0,353,6,0,98.35616438356163,0,0.0,14.6
25001,2020,213164,5.3287138611355305,351,339,10,2,0,0,0,108,46,36,0,338,13,0,95.90163934426228,2,0.5698005698005698,13.2
25001,2021,232411,5.3662566793389725,359,331,25,3,0,0,0,126,49,36,0,346,13,0,98.35616438356163,3,0.8356545961002786,13.1
25001,2022,231735,5.364991632231593,360,341,19,0,0,0,0,93,46,36,0,351,9,0,98.63013698630137,0,0.0,11.4
25003,2019,124944,5.096715405484823,364,266,98,0,0,0,0,87,57,41,0,151,213,0,99.72602739726028,0,0.0,17.8
25003,2020,124571,5.095416950783348,366,278,88,0,0,0,0,94,57,40,0,125,241,0,100.0,0,0.0,15.1
25003,2021,128657,5.10943342038445,365,230,134,1,0,0,0,103,60,44,0,72,293,0,100.0,1,0.273972602739726,15.1
25003,2022,126818,5.103180899806526,365,269,96,0,0,0,0,87,58,42,0,176,189,0,100.0,0,0.0,13.3
25005,2019,565217,5.752215215623729,364,279,85,0,0,0,0,97,56,43,0,248,116,0,99.72602739726028,0,0.0,17.8
25005,2020,566765,5.753403022986508,366,250,113,3,0,0,0,119,58,42,0,219,147,0,100.0,3,0.819672131147541,16.0
25005,2021,580164,5.763550776713434,365,279,84,2,0,0,0,147,56,39,0,230,135,0,100.0,2,0.547945205479452,16.9
25005,2022,581841,5.764804320978387,365,301,63,1,0,0,0,115,54,38,0,245,120,0,100.0,1,0.273972602739726,16.0
25007,2019,17332,4.238848680362337,352,329,19,4,0,0,0,126,48,39,0,341,11,0,96.43835616438356,4,1.1363636363636365,14.8
25007,2020,17461,4.24206911233894,357,345,11,1,0,0,0,126,46,37,0,337,20,0,97.54098360655738,1,0.2801120448179272,13.1
25007,2021,21097,4.324220702877004,356,329,27,0,0,0,0,100,49,36,0,337,19,0,97.53424657534246,0,0.0,12.8
25007,2022,20819,4.318459865188351,359,338,20,1,0,0,0,126,47,37,0,346,13,0,98.35616438356163,1,0.2785515320334262,11.2
25009,2019,789034,5.897095717650791,364,288,75,1,0,0,0,122,55,41,2,193,169,0,99.72602739726028,1,0.2747252747252747,13.8
25009,2020,791263,5.8983208582947775,366,282,84,0,0,0,0,97,56,40,0,173,193,0,100.0,0,0.0,13.0
25009,2021,807074,5.906913356677797,365,285,79,1,0,0,0,129,56,38,0,184,181,0,100.0,1,0.273972602739726,12.4
25009,2022,810089,5.908532735033662,365,276,84,5,0,0,0,113,58,41,1,213,151,0,100.0,5,1.36986301369863,11.5
25011,2019,70180,4.846213363879388,364,281,83,0,0,0,0,89,56,40,0,189,175,0,99.72602739726028,0,0.0,16.3
25011,2020,70267,4.846751412036462,365,246,119,0,0,0,0,96,60,43,0,110,255,0,99.72677595628416,0,0.0,15.2
25011,2021,71015,4.851350091383622,365,228,137,0,0,0,0,99,60,44,0,101,264,0,100.0,0,0.0,14.4
25011,2022,70836,4.85025402926882,365,271,93,1,0,0,0,108,59,40,0,174,191,0,100.0,1,0.273972602739726,13.1
25013,2019,466372,5.668732468400778,364,260,104,0,0,0,0,93,58,43,6,157,201,0,99.72602739726028,0,0.0,17.9
25013,2020,463986,5.666504876644376,366,249,117,0,0,0,0,99,60,44,1,116,249,0,100.0,0,0.0,16.4
25013,2021,462718,5.665316394137077,365,215,148,2,0,0,0,116,63,46,4,83,278,0,100.0,2,0.547945205479452,15.9
25013,2022,460291,5.663032483282961,365,262,102,1,0,0,0,115,61,42,5,162,198,0,100.0,1,0.273972602739726,15.2
25015,2019,160830,5.206367061944969,364,296,68,0,0,0,0,93,54,41,1,231,132,0,99.72602739726028,0,0.0,14.2
25015,2020,161401,5.207906221173762,366,300,66,0,0,0,0,84,54,39,9,177,179,1,100.0,0,0.0,12.7
25015,2021,161572,5.208366100874819,352,307,45,0,0,0,0,96,52,35,0,204,147,1,96.43835616438356,0,0.0,12.8
25015,2022,162502,5.210858710444854,365,267,98,0,0,0,0,97,57,42,0,202,163,0,100.0,0,0.0,11.4
25017,2019,1611699,6.207283936448516,364,289,75,0,0,0,0,80,54,41,7,168,189,0,99.72602739726028,0,0.0,11.6
25017,2020,1609379,6.206658330131472,366,306,60,0,0,0,0,93,54,39,8,178,180,0,100.0,0,0.0,9.8
25017,2021,1614742,6.208103141572852,365,299,64,1,1,0,0,153,55,37,10,157,198,0,100.0,2,0.547945205479452,9.4
25017,2022,1623952,6.210573188425348,365,310,55,0,0,0,0,90,54,38,11,211,143,0,100.0,0,0.0,9.3
25021,2019,706775,5.849281179269831,362,352,10,0,0,0,0,100,44,34,13,349,0,0,99.17808219178085,0,0.0,12.2
25021,2020,709409,5.85089669389846,366,330,36,0,0,0,0,74,50,34,5,231,130,0,100.0,0,0.0,10.4
25021,2021,724505,5.860041386998245,365,280,82,3,0,0,0,133,57,37,0,185,180,0,100.0,3,0.821917808219178,10.9
25021,2022,727473,5.861816879213118,365,304,60,1,0,0,0,105,55,40,1,272,92,0,100.0,1,0.273972602739726,9.3
25023,2019,521202,5.717006073554932,363,289,74,0,0,0,0,90,54,40,0,193,170,0,99.45205479452056,0,0.0,16.1
25023,2020,523738,5.719114085437862,366,267,99,0,0,0,0,80,56,42,0,148,218,0,100.0,0,0.0,14.1
25023,2021,533003,5.726729653453925,365,257,106,2,0,0,0,112,58,39,0,147,218,0,100.0,2,0.547945205479452,13.8
25023,2022,535308,5.728603733818503,360,235,125,0,0,0,0,93,57,45,0,87,273,0,98.63013698630137,0,0.0,12.1
25025,2019,803907,5.90520581028707,365,224,141,0,0,0,0,87,58,46,6,61,297,0,100.0,0,0.0,13.1
25025,2020,801582,5.903947956292077,366,229,137,0,0,0,0,84,57,45,7,59,300,0,100.0,0,0.0,13.2
25025,2021,771245,5.887192361508788,365,237,125,3,0,0,0,145,61,44,11,65,289,0,100.0,3,0.821917808219178,12.7
25025,2022,768425,5.885601485790683,365,261,102,2,0,0,0,112,60,41,17,117,231,0,100.0,2,0.547945205479452,11.6
25027,2019,830622,5.919403429726026,365,238,127,0,0,0,0,93,59,45,3,127,234,0,100.0,0,0.0,14.8
25027,2020,829212,5.918665578390556,366,257,109,0,0,0,0,90,58,43,6,120,240,0,100.0,0,0.0,14.9
25027,2021,862029,5.935521876414183,365,218,144,3,0,0,0,125,59,45,3,97,265,0,100.0,3,0.821917808219178,13.4
25027,2022,866866,5.937951969496665,365,228,137,0,0,0,0,100,59,45,4,104,257,0,100.0,0,0.0,12.5
26005,2019,118081,5.072180022431565,276,224,48,4,0,0,0,115,62,39,0,231,45,0,75.61643835616438,4,1.4492753623188406,19.2
26005,2020,118927,5.075280463700602,359,275,78,6,0,0,0,136,58,37,0,202,157,0,98.08743169398907,6,1.6713091922005572,19.6
26005,2021,120950,5.082605872697899,361,245,107,9,0,0,0,136,64,42,0,176,185,0,98.9041095890411,9,2.4930747922437675,17.6
26005,2022,121939,5.086142629128884,344,256,82,4,2,0,0,195,64,40,0,191,153,0,94.24657534246576,6,1.744186046511628,15.0
26017,2019,103126,5.0133681728779935,316,252,64,0,0,0,0,85,55,34,0,0,316,0,86.57534246575342,0,0.0,21.3
26017,2020,102387,5.0102448180980845,365,325,40,0,0,0,0,77,52,22,0,0,365,0,99.72677595628416,0,0.0,22.1
26017,2021,102985,5.012773973330169,363,290,73,0,0,0,0,86,56,28,0,0,363,0,99.45205479452056,0,0.0,18.9
26017,2022,102500,5.010723865391773,354,287,67,0,0,0,0,85,55,32,0,0,354,0,96.986301369863,0,0.0,16.2
26019,2019,17766,4.249589657772943,247,232,15,0,0,0,0,93,46,36,0,247,0,0,67.67123287671232,0,0.0,18.7
26019,2020,17852,4.251686878168492,262,244,16,1,1,0,0,164,47,36,0,262,0,0,71.58469945355192,2,0.7633587786259541,18.7
26019,2021,18223,4.260619875172372,251,222,29,0,0,0,0,100,51,36,0,251,0,0,68.76712328767123,0,0.0,16.9
26019,2022,18441,4.26578446784052,243,218,22,2,1,0,0,151,51,36,0,243,0,0,66.57534246575342,3,1.2345679012345678,14.1
26021,2019,153401,5.185828190728127,260,232,26,2,0,0,0,112,51,39,0,260,0,0,71.23287671232876,2,0.7692307692307693,20.0
26021,2020,153025,5.184762388171225,258,217,34,7,0,0,0,150,61,38,0,258,0,0,70.49180327868852,7,2.713178294573644,20.0
26021,2021,153101,5.184978027360988,250,209,38,3,0,0,0,129,67,40,0,250,0,0,68.4931506849315,3,1.2,17.9
26021,2022,152261,5.182588677769494,232,197,30,4,1,0,0,156,61,39,0,232,0,0,63.56164383561645,5,2.155172413793104,15.5
26027,2019,51787,4.714220753242595,255,229,26,0,0,0,0,90,51,39,0,255,0,0,69.86301369863014,0,0.0,21.9
26027,2020,51584,4.712515015788978,253,212,36,5,0,0,0,122,61,39,0,253,0,0,69.12568306010928,5,1.9762845849802373,20.8
26027,2021,51483,4.711663846031191,265,235,29,1,0,0,0,112,54,40,0,265,0,0,72.6027397260274,1,0.3773584905660377,19.4
26027,2022,51642,4.713003053349304,233,212,19,2,0,0,0,119,50,38,0,233,0,0,63.83561643835617,2,0.8583690987124464,16.8
26037,2019,79595,4.900885787076716,248,243,5,0,0,0,0,67,46,35,0,248,0,0,67.94520547945206,0,0.0,17.8
26037,2020,79753,4.901747028518444,256,244,12,0,0,0,0,93,46,34,0,256,0,0,69.94535519125684,0,0.0,17.3
26037,2021,79426,4.899962691446908,239,217,22,0,0,0,0,100,50,37,0,239,0,0,65.47945205479452,0,0.0,15.6
26037,2022,79720,4.90156729002845,235,213,22,0,0,0,0,90,49,38,0,235,0,0,64.38356164383562,0,0.0,13.0
26049,2019,405813,5.6083259553090405,340,225,115,0,0,0,0,75,60,42,0,145,195,0,93.15068493150685,0,0.0,22.9
26049,2020,404794,5.607234066612861,366,288,77,1,0,0,0,126,57,39,0,190,176,0,100.0,1,0.273224043715847,22.2
26049,2021,404208,5.606604904729688,365,247,115,3,0,0,0,119,61,41,0,165,200,0,100.0,3,0.821917808219178,20.8
26049,2022,401522,5.603709345920665,364,237,125,2,0,0,0,112,62,44,0,139,225,0,99.72602739726028,2,0.5494505494505495,17.4
26063,2019,30981,4.491095431740579,259,250,9,0,0,0,0,90,46,36,0,259,0,0,70.95890410958904,0,0.0,22.2
26063,2020,30653,4.486472985206382,266,246,13,7,0,0,0,150,48,36,0,266,0,0,72.6775956284153,7,2.631578947368421,22.6
26063,2021,31252,4.494877815637539,246,221,23,2,0,0,0,101,51,37,0,246,0,0,67.3972602739726,2,0.8130081300813009,20.2
26063,2022,30927,4.490337794344103,243,227,15,1,0,0,0,122,49,35,0,243,0,0,66.57534246575342,1,0.411522633744856,17.5
26065,2019,292406,5.4659862798458665,365,274,91,0,0,0,0,78,55,40,2,144,219,0,100.0,0,0.0,16.5
26065,2020,290609,5.46330906003018,366,296,69,0,1,0,0,151,56,37,7,190,169,0,100.0,1,0.273224043715847,17.8
26065,2021,284034,5.453370329936384,363,204,159,0,0,0,0,97,68,46,1,105,257,0,99.45205479452056,0,0.0,15.7
26065,2022,284637,5.4542913534130095,360,236,124,0,0,0,0,93,60,43,3,135,222,0,98.63013698630137,0,0.0,14.6
26077,2019,265066,5.423354024378276,362,260,102,0,0,0,0,87,58,43,0,139,223,0,99.17808219178085,0,0.0,16.9
26077,2020,265988,5.424862043956857,323,239,78,6,0,0,0,115,61,41,0,149,174,0,88.25136612021858,6,1.8575851393188851,18.8
26077,2021,261108,5.416820178229034,349,177,172,0,0,0,0,100,70,50,0,72,277,0,95.61643835616438,0,0.0,16.4
26077,2022,262215,5.4186575318654935,352,177,172,3,0,0,0,134,69,50,0,103,249,0,96.43835616438356,3,0.8522727272727272,14.0
26081,2019,656955,5.817535622343638,365,261,104,0,0,0,0,90,59,40,0,174,184,4,100.0,0,0.0,17.4
26081,2020,658708,5.818692937974316,365,267,90,7,1,0,0,154,62,39,0,220,145,0,99.72677595628416,8,2.191780821917808,16.5
26081,2021,658046,5.818256253565166,365,189,173,3,0,0,0,143,71,49,5,123,237,0,100.0,3,0.821917808219178,14.7
26081,2022,661354,5.820433984589004,365,209,152,4,0,0,0,136,68,47,2,130,231,2,100.0,4,1.095890410958904,13.2
26091,2019,98451,4.993220131772016,358,233,125,0,0,0,0,91,61,44,0,122,236,0,98.08219178082192,0,0.0,20.4
26091,2020,97808,4.990374378445705,366,248,116,2,0,0,0,122,61,42,0,134,232,0,100.0,2,0.546448087431694,20.1
26091,2021,98956,4.99544213192182,322,188,134,0,0,0,0,93,64,46,0,112,210,0,88.21917808219179,0,0.0,18.2
26091,2022,97520,4.989093692610325,365,250,115,0,0,0,0,97,65,43,0,149,216,0,100.0,0,0.0,16.0
26099,2019,873972,5.941497519087167,292,238,53,1,0,0,0,101,58,39,0,234,58,0,80.0,1,0.3424657534246575,19.9
26099,2020,870791,5.939913931771748,299,252,35,12,0,0,0,126,63,36,0,251,48,0,81.69398907103826,12,4.013377926421405,18.0
26099,2021,876792,5.942896578581324,365,180,182,3,0,0,0,115,71,51,0,114,251,0,100.0,3,0.821917808219178,19.0
26099,2022,875101,5.942058180120944,365,223,140,2,0,0,0,126,70,44,0,145,220,0,100.0,2,0.547945205479452,15.4
26101,2019,24558,4.390192995028913,269,243,25,1,0,0,0,101,50,36,0,233,36,0,73.6986301369863,1,0.3717472118959107,21.2
26101,2021,25350,4.403977963669354,269,218,48,3,0,0,0,115,58,38,0,241,28,0,73.6986301369863,3,1.1152416356877324,19.3
26101,2022,25562,4.407594830510745,267,235,29,2,1,0,0,156,52,35,0,225,42,0,73.15068493150685,3,1.1235955056179776,16.6
26105,2019,29144,4.46454915823386,254,244,10,0,0,0,0,64,46,35,0,254,0,0,69.58904109589041,0,0.0,20.5
26105,2020,29164,4.464847089563307,251,229,20,1,1,0,0,159,49,37,0,251,0,0,68.5792349726776,2,0.796812749003984,21.4
26105,2021,29383,4.468096135121064,243,206,34,3,0,0,0,115,54,38,0,243,0,0,66.57534246575342,3,1.2345679012345678,19.3
26105,2022,29159,4.464772625889805,236,219,15,1,1,0,0,161,49,36,0,236,0,0,64.65753424657534,2,0.847457627118644,16.3
26121,2019,173566,5.239464654834977,262,236,25,1,0,0,0,133,50,38,0,262,0,0,71.78082191780823,1,0.381679389312977,23.1
26121,2020,173883,5.240257124457644,248,210,32,6,0,0,0,143,64,37,0,248,0,0,67.75956284153006,6,2.419354838709677,21.6
26121,2021,176511,5.246771775392064,265,209,48,8,0,0,0,129,71,40,0,265,0,0,72.6027397260274,8,3.018867924528302,19.1
26121,2022,176564,5.246902159065299,243,211,25,5,2,0,0,187,58,37,0,243,0,0,66.57534246575342,7,2.880658436213992,17.3
26125,2019,1257584,6.099537003285096,293,233,58,2,0,0,0,122,60,39,0,228,65,0,80.27397260273973,2,0.6825938566552902,13.6
26125,2020,1253459,6.0981101329771485,298,244,48,6,0,0,0,126,61,37,0,237,61,0,81.4207650273224,6,2.013422818791946,13.6
26125,2021,1270017,6.103809534307751,296,227,68,1,0,0,0,101,64,39,0,233,63,0,81.0958904109589,1,0.3378378378378378,12.3
26125,2022,1270426,6.103949373260748,282,236,46,0,0,0,0,100,56,39,0,223,59,0,77.26027397260275,0,0.0,10.9
26139,2019,291830,5.4651299351405545,360,300,60,0,0,0,0,100,61,37,78,216,63,3,98.63013698630137,0,0.0,16.2
26139,2020,294635,5.469284335867103,365,303,56,6,0,0,0,150,59,35,79,227,56,3,99.72677595628416,6,1.643835616438356,16.7
26139,2021,299157,5.4758991693903525,365,186,175,4,0,0,0,108,71,49,0,101,264,0,100.0,4,1.095890410958904,14.2
26139,2022,303372,5.481975494688528,332,194,134,2,2,0,0,164,67,46,0,101,231,0,90.95890410958904,4,1.2048192771084338,12.1
26147,2019,159128,5.201746604383089,365,266,96,3,0,0,0,108,60,41,0,138,227,0,100.0,3,0.821917808219178,21.4
26147,2020,159293,5.202196691506287,328,247,80,1,0,0,0,105,60,39,0,135,193,0,89.61748633879782,1,0.3048780487804878,21.3
26147,2021,160053,5.204263818881495,365,198,160,7,0,0,0,140,71,48,0,118,247,0,100.0,7,1.9178082191780823,19.6
26147,2022,159874,5.203777841015467,359,232,125,2,0,0,0,133,67,43,0,143,216,0,98.35616438356163,2,0.5571030640668524,16.6
26153,2019,8094,3.908163200055548,364,339,25,0,0,0,0,90,46,31,0,222,142,0,99.72602739726028,0,0.0,24.9
26153,2020,8104,3.908699432352224,347,323,21,3,0,0,0,133,48,34,0,232,115,0,94.80874316939892,3,0.8645533141210375,23.9
26153,2021,8030,3.904715545278681,360,269,88,3,0,0,0,112,58,37,0,175,185,0,98.63013698630137,3,0.8333333333333334,22.1
26153,2022,8149,3.911104317804036,362,318,43,1,0,0,0,126,55,35,0,162,200,0,99.17808219178085,1,0.2762430939226519,19.0
26157,2019,52245,4.718044733513918,355,345,10,0,0,0,0,77,46,33,0,355,0,0,97.26027397260276,0,0.0,23.6
26157,2020,52289,4.7184103362524,343,330,11,2,0,0,0,101,44,32,0,343,0,0,93.71584699453553,2,0.5830903790087464,23.4
26157,2021,52917,4.723595214949007,353,327,25,1,0,0,0,101,48,34,0,353,0,0,96.7123287671233,1,0.28328611898017,21.1
26157,2022,52826,4.722847727028114,361,334,26,1,0,0,0,105,49,34,0,361,0,0,98.9041095890411,1,0.2770083102493075,17.7
26161,2019,367601,5.565376684144681,365,248,117,0,0,0,0,89,61,44,0,174,191,0,100.0,0,0.0,14.0
26161,2020,366473,5.564041983389269,366,236,124,5,1,0,0,160,61,43,0,150,216,0,100.0,6,1.639344262295082,13.8
26161,2021,369390,5.56748513419138,365,212,153,0,0,0,0,100,65,46,0,150,215,0,100.0,0,0.0,11.6
26161,2022,365536,5.562930155114488,365,222,142,1,0,0,0,101,68,46,0,152,213,0,100.0,1,0.273972602739726,10.8
26163,2019,1749343,6.242874971515544,365,81,275,9,0,0,0,142,77,58,4,28,325,8,100.0,9,2.4657534246575343,22.0
26163,2020,1740623,6.240704717843719,366,118,238,8,2,0,0,188,75,55,3,43,316,4,100.0,10,2.73224043715847,21.6
26163,2021,1774816,6.249153335235181,365,86,275,4,0,0,0,118,84,58,5,33,319,8,100.0,4,1.095890410958904,22.1
26163,2022,1751169,6.243328060547025,365,63,287,15,0,0,0,131,79,58,2,29,323,11,100.0,15,4.10958904109589,17.2
26165,2019,33631,4.52673978102338,340,322,18,0,0,0,0,74,46,34,0,340,0,0,93.15068493150685,0,0.0,23.4
26165,2020,33743,4.528183691932005,356,341,15,0,0,0,0,100,44,33,0,356,0,0,97.26775956284152,0,0.0,21.8
26165,2021,33901,4.530212509060796,360,334,25,1,0,0,0,105,47,34,0,360,0,0,98.63013698630137,1,0.2777777777777778,20.2
26165,2022,34122,4.533034478635811,359,331,24,4,0,0,0,136,49,35,0,359,0,0,98.35616438356163,4,1.1142061281337048,17.8
27003,2019,356921,5.552572101096077,364,274,89,1,0,0,0,122,59,39,5,205,152,0,99.72602739726028,1,0.2747252747252747,16.6
27003,2020,359921,5.556207186797538,366,289,77,0,0,0,0,87,57,38,6,196,163,1,100.0,0,0.0,16.2
27003,2021,367018,5.564687364276546,365,258,100,5,2,0,0,162,68,41,6,217,141,1,100.0,7,1.9178082191780823,16.3
27003,2022,372441,5.57105748405376,365,289,76,0,0,0,0,93,55,40,4,241,117,3,100.0,0,0.0,13.5
27005,2019,34423,4.536848716853547,360,325,34,1,0,0,0,105,50,31,0,170,190,0,98.63013698630137,1,0.2777777777777778,19.6
27005,2020,34456,4.537264858754543,366,325,40,1,0,0,0,101,51,34,0,218,148,0,100.0,1,0.273224043715847,19.7
27005,2021,35219,4.546777020550977,357,147,199,6,4,1,0,208,72,52,0,28,329,0,97.80821917808218,11,3.081232492997199,18.4
27005,2022,35283,4.547565504692609,354,321,32,1,0,0,0,125,49,36,0,174,180,0,96.986301369863,1,0.2824858757062147,16.0
27007,2019,47188,4.673831570744718,352,307,43,1,1,0,0,191,53,26,0,0,352,0,96.43835616438356,2,0.5681818181818182,21.5
27007,2020,47442,4.676162989181146,359,318,41,0,0,0,0,76,51,30,0,0,359,0,98.08743169398907,0,0.0,23.0
27007,2021,46380,4.666330744301969,341,281,51,5,2,2,0,283,61,29,0,0,341,0,93.42465753424658,9,2.6392961876832843,20.5
27007,2022,46718,4.669484242333031,346,318,28,0,0,0,0,65,47,23,0,0,346,0,94.7945205479452,0,0.0,18.8
27017,2019,35871,4.554743483964182,356,341,15,0,0,0,0,80,45,28,0,206,150,0,97.53424657534246,0,0.0,20.4
27017,2020,35769,4.553506798674196,354,347,7,0,0,0,0,84,42,25,0,188,166,0,96.72131147540983,0,0.0,21.4
27017,2021,36409,4.561208750879949,365,318,43,4,0,0,0,143,54,31,0,191,174,0,100.0,4,1.095890410958904,19.6
27017,2022,36825,4.566142755514669,355,351,4,0,0,0,0,57,41,25,0,186,169,0,97.26027397260276,0,0.0,16.2
27021,2019,29779,4.473910109743431,350,321,28,1,0,0,0,125,44,18,0,0,350,0,95.8904109589041,1,0.2857142857142857,22.1
27021,2020,29928,4.476077695190148,346,316,30,0,0,0,0,78,46,22,0,0,346,0,94.53551912568308,0,0.0,21.0
27021,2021,30639,4.4862745866273706,352,103,237,7,4,1,0,275,69,54,0,0,352,0,96.43835616438356,12,3.4090909090909087,19.5
27021,2022,31446,4.497565410086237,348,309,39,0,0,0,0,64,52,32,0,0,348,0,95.34246575342463,0,0.0,17.8
27035,2019,65055,4.813280681204443,359,324,34,1,0,0,0,101,50,31,0,162,197,0,98.35616438356163,1,0.2785515320334262,20.7
27035,2020,65644,4.817195036808223,359,338,21,0,0,0,0,79,45,31,0,177,182,0,98.08743169398907,0,0.0,19.5
27035,2021,67270,4.827821427682802,357,289,63,2,2,1,0,246,61,36,0,179,178,0,97.80821917808218,5,1.400560224089636,17.5
27035,2022,68304,4.834446137459872,365,324,41,0,0,0,0,67,52,37,0,195,170,0,100.0,0,0.0,15.4
27037,2019,429021,5.632478550834855,365,269,96,0,0,0,0,90,61,36,23,0,342,0,100.0,0,0.0,14.1
27037,2020,431807,5.635289678379713,366,260,105,1,0,0,0,135,57,40,4,0,362,0,100.0,1,0.273224043715847,13.5
27037,2021,442038,5.64545960527882,365,252,110,1,2,0,0,157,63,39,16,0,349,0,100.0,3,0.821917808219178,13.0
27037,2022,447440,5.650734806320192,365,286,79,0,0,0,0,82,55,34,72,0,293,0,100.0,0,0.0,11.3
27049,2019,46340,4.665956029453957,216,203,13,0,0,0,0,97,48,37,0,216,0,0,59.17808219178082,0,0.0,18.5
27049,2020,46318,4.665749798393899,210,201,9,0,0,0,0,87,46,35,0,210,0,0,57.377049180327866,0,0.0,18.0
27049,2021,47968,4.680951611168186,212,189,23,0,0,0,0,90,58,39,0,212,0,0,58.08219178082192,0,0.0,16.6
27049,2022,48035,4.681557795037682,220,210,10,0,0,0,0,71,47,38,0,220,0,0,60.273972602739725,0,0.0,14.9
27053,2019,1265843,6.102379844337054,365,187,178,0,0,0,0,95,65,49,3,41,230,91,100.0,0,0.0,12.7
27053,2020,1268408,6.1032589725106,366,206,158,1,1,0,0,158,61,48,9,12,289,56,100.0,2,0.546448087431694,13.3
27053,2021,1267416,6.102919185405482,365,213,149,0,3,0,0,157,66,45,18,92,219,36,100.0,3,0.821917808219178,12.2
27053,2022,1258713,6.099926717617681,365,244,121,0,0,0,0,96,62,42,11,79,255,20,100.0,0,0.0,11.1
27075,2019,10641,4.0269824431916055,363,333,30,0,0,0,0,83,48,31,0,117,213,33,99.45205479452056,0,0.0,18.1
27075,2020,10639,4.026900808890256,365,344,21,0,0,0,0,71,46,34,0,156,209,0,99.72677595628416,0,0.0,17.7
27075,2021,10986,4.04083959468534,362,315,43,3,1,0,0,160,54,31,0,183,179,0,99.17808219178085,4,1.1049723756906076,17.1
27075,2022,10855,4.035629827790439,357,342,15,0,0,0,0,78,44,31,0,206,151,0,97.80821917808218,0,0.0,15.6
27083,2019,25474,4.406097144474105,362,306,56,0,0,0,0,87,54,34,0,163,199,0,99.17808219178085,0,0.0,19.1
27083,2020,25271,4.402622427748527,360,309,51,0,0,0,0,80,54,35,0,167,193,0,98.36065573770492,0,0.0,18.5
27083,2021,25231,4.401934463592304,359,263,91,3,2,0,0,187,64,39,0,159,200,0,98.35616438356163,5,1.392757660167131,17.6
27083,2022,25427,4.405295123042287,356,303,51,0,2,0,0,172,54,38,0,180,176,0,97.53424657534246,2,0.5617977528089888,15.2
27095,2019,26277,4.419575781062139,247,239,8,0,0,0,0,90,44,32,0,247,0,0,67.67123287671232,0,0.0,21.9
27095,2020,26146,4.417405256843686,245,240,5,0,0,0,0,87,44,33,0,245,0,0,66.93989071038251,0,0.0,22.0
27095,2021,26867,4.429219175321009,245,232,13,0,0,0,0,71,47,36,0,245,0,0,67.12328767123287,0,0.0,20.8
27109,2019,158293,5.199461710007076,364,271,93,0,0,0,0,86,60,40,0,137,227,0,99.72602739726028,0,0.0,13.7
27109,2020,159298,5.202210323231035,366,292,73,1,0,0,0,111,56,38,0,195,171,0,100.0,1,0.273224043715847,14.1
27109,2021,163436,5.213347724652379,361,275,84,2,0,0,0,125,61,39,0,201,160,0,98.9041095890411,2,0.554016620498615,13.6
27109,2022,164784,5.216915040801338,359,280,78,1,0,0,0,110,58,41,0,133,226,0,98.35616438356163,1,0.2785515320334262,11.4
27123,2019,550321,5.740616085608007,365,246,119,0,0,0,0,91,63,39,0,0,346,19,100.0,0,0.0,15.3
27123,2020,547903,5.73870367838667,366,252,113,0,1,0,0,163,58,40,0,0,350,16,100.0,1,0.273224043715847,15.5
27123,2021,543257,5.735005331019782,365,252,110,3,0,0,0,148,65,39,0,0,344,21,100.0,3,0.821917808219178,14.6
27123,2022,536075,5.729225554259047,365,267,98,0,0,0,0,85,57,36,0,0,321,44,100.0,0,0.0,12.8
27139,2019,149013,5.173224158224251,365,273,92,0,0,0,0,93,58,38,0,192,173,0,100.0,0,0.0,13.7
27139,2020,150689,5.178081550830483,365,307,57,1,0,0,0,121,54,35,0,183,182,0,99.72677595628416,1,0.273972602739726,13.7
27139,2021,153268,5.18545149031358,351,263,88,0,0,0,0,98,61,39,0,209,142,0,96.16438356164385,0,0.0,12.4
27139,2022,155814,5.192606476761364,365,282,83,0,0,0,0,89,57,42,0,205,160,0,100.0,0,0.0,11.9
27145,2019,161075,5.207028140018384,344,290,54,0,0,0,0,94,55,34,0,194,150,0,94.24657534246576,0,0.0,17.8
27145,2020,162038,5.20961687414174,366,309,57,0,0,0,0,80,53,36,0,182,184,0,100.0,0,0.0,17.8
27145,2021,158947,5.201252335360317,362,261,95,3,2,1,0,252,68,40,0,132,230,0,99.17808219178085,6,1.6574585635359116,17.0
27145,2022,160977,5.206763829531008,277,204,73,0,0,0,0,78,58,39,0,102,175,0,75.89041095890411,0,0.0,15.1
27163,2019,262440,5.4190300290852615,260,192,68,0,0,0,0,87,64,37,0,170,89,1,71.23287671232876,0,0.0,13.0
27163,2020,265476,5.424025265384746,215,210,5,0,0,0,0,77,44,33,0,215,0,0,58.7431693989071,0,0.0,13.3
27163,2021,272256,5.4349774595505975,227,205,21,1,0,0,0,119,49,35,0,227,0,0,62.19178082191781,1,0.4405286343612335,12.5
27163,2022,278936,5.445504568738584,227,212,15,0,0,0,0,90,48,36,0,227,0,0,62.19178082191781,0,0.0,10.9
27171,2019,138377,5.141063910907099,362,289,73,0,0,0,0,90,58,36,0,199,163,0,99.17808219178085,0,0.0,15.6
27171,2020,140249,5.146899773343313,357,289,67,1,0,0,0,112,55,37,0,165,192,0,97.54098360655738,1,0.2801120448179272,16.5
27171,2021,144845,5.160903508101131,357,233,119,3,2,0,0,193,71,43,0,148,209,0,97.80821917808218,5,1.400560224089636,15.4
27171,2022,151150,5.179408151513836,356,278,78,0,0,0,0,90,56,41,0,181,175,0,97.53424657534246,0,0.0,12.5
28011,2019,30628,4.4861186384219005,364,197,167,0,0,0,0,96,64,49,0,95,269,0,99.72602739726028,0,0.0,22.4
28011,2020,30142,4.479172065501725,363,233,130,0,0,0,0,87,60,46,0,97,266,0,99.18032786885246,0,0.0,21.1
28011,2021,30308,4.481557278577391,360,236,124,0,0,0,0,90,60,44,0,94,266,0,98.63013698630137,0,0.0,23.3
28011,2022,28968,4.461918511808955,365,234,131,0,0,0,0,93,61,44,0,87,278,0,100.0,0,0.0,20.4
28033,2019,184945,5.267042594630801,364,222,141,1,0,0,0,136,60,46,0,93,271,0,99.72602739726028,1,0.2747252747252747,17.3
28033,2020,188275,5.274792656273381,365,246,119,0,0,0,0,100,58,44,0,84,281,0,99.72677595628416,0,0.0,18.2
28033,2021,188633,5.27561767177466,364,228,135,1,0,0,0,136,62,46,0,85,279,0,99.72602739726028,1,0.2747252747252747,16.0
28033,2022,193247,5.28611276057971,365,211,148,6,0,0,0,133,63,48,0,86,279,0,100.0,6,1.643835616438356,13.8
28035,2019,74897,4.87446442237852,358,210,148,0,0,0,0,77,60,46,0,0,358,0,98.08219178082192,0,0.0,19.6
28035,2020,75009,4.875113375602858,361,196,165,0,0,0,0,97,63,48,0,0,361,0,98.63387978142076,0,0.0,20.2
28035,2021,77875,4.891398059667226,363,178,185,0,0,0,0,93,60,51,0,0,363,0,99.45205479452056,0,0.0,19.0
28035,2022,78208,4.893251179890423,365,178,186,1,0,0,0,105,64,51,0,0,365,0,100.0,1,0.273972602739726,16.6
28045,2019,47632,4.6778988173026494,365,263,102,0,0,0,0,80,58,43,0,122,243,0,100.0,0,0.0,20.2
28045,2020,48000,4.681241237375588,351,217,134,0,0,0,0,90,59,45,0,75,276,0,95.90163934426228,0,0.0,17.6
28045,2021,46055,4.663276786639956,360,225,135,0,0,0,0,97,60,45,0,62,298,0,98.63013698630137,0,0.0,18.5
28045,2022,46159,4.664256391586449,359,238,121,0,0,0,0,89,58,44,0,86,273,0,98.35616438356163,0,0.0,16.0
28047,2019,208080,5.318230339187816,363,201,162,0,0,0,0,97,63,47,0,69,294,0,99.45205479452056,0,0.0,20.8
28047,2020,208801,5.31973257427966,352,179,172,1,0,0,0,101,63,49,0,49,303,0,96.17486338797814,1,0.2840909090909091,19.2
28047,2021,209396,5.320968381284945,359,221,138,0,0,0,0,87,58,45,0,61,298,0,98.35616438356163,0,0.0,20.0
28047,2022,210612,5.323483112268802,365,211,154,0,0,0,0,100,62,46,0,86,279,0,100.0,0,0.0,16.5
28049,2019,231840,5.365188368127099,365,161,204,0,0,0,0,100,66,52,0,70,295,0,100.0,0,0.0,18.4
28049,2020,227966,5.357870078958924,366,152,213,1,0,0,0,114,66,53,0,36,330,0,100.0,1,0.273224043715847,17.3
28049,2021,222679,5.347679262322987,365,144,221,0,0,0,0,88,64,52,0,30,335,0,100.0,0,0.0,18.7
28049,2022,214870,5.332175783830423,365,168,195,2,0,0,0,105,65,52,0,72,293,0,100.0,2,0.547945205479452,16.5
28059,2019,143617,5.157205850555379,365,232,132,1,0,0,0,105,61,46,0,94,271,0,100.0,1,0.273972602739726,18.9
28059,2020,143802,5.15776492626191,356,204,152,0,0,0,0,84,59,47,1,71,284,0,97.26775956284152,0,0.0,18.8
28059,2021,143987,5.158323283184649,359,242,117,0,0,0,0,84,57,44,0,108,251,0,98.35616438356163,0,0.0,17.7
28059,2022,146389,5.165508444080414,365,243,121,1,0,0,0,101,60,44,1,125,239,0,100.0,1,0.273972602739726,15.5
28075,2019,74125,4.869964706372319,245,229,16,0,0,0,0,77,49,36,0,245,0,0,67.12328767123287,0,0.0,21.8
28075,2020,73751,4.867767913349015,252,252,0,0,0,0,0,50,42,31,0,252,0,0,68.85245901639344,0,0.0,20.9
28075,2021,72088,4.857862976681661,245,244,1,0,0,0,0,54,42,31,0,245,0,0,67.12328767123287,0,0.0,21.1
28075,2022,70527,4.848355410696216,240,230,10,0,0,0,0,77,47,36,0,240,0,0,65.75342465753424,0,0.0,19.0
28081,2019,85436,4.931640907069861,241,222,19,0,0,0,0,84,49,39,0,241,0,0,66.02739726027397,0,0.0,20.0
28081,2020,85466,4.931793378481441,243,242,1,0,0,0,0,54,45,35,0,243,0,0,66.39344262295081,0,0.0,17.7
28081,2021,82883,4.918465462235449,242,232,10,0,0,0,0,64,46,36,0,242,0,0,66.3013698630137,0,0.0,17.7
28081,2022,82799,4.918025091650768,244,225,19,0,0,0,0,100,49,40,0,244,0,0,66.84931506849315,0,0.0,15.5
29019,2019,180463,5.256388172762419,245,239,6,0,0,0,0,71,46,38,0,245,0,0,67.12328767123287,0,0.0,18.0
29019,2020,182991,5.262429730460186,244,235,9,0,0,0,0,93,44,33,0,244,0,0,66.66666666666666,0,0.0,15.9
29019,2021,185840,5.269139196792179,245,233,12,0,0,0,0,77,47,37,0,245,0,0,67.12328767123287,0,0.0,15.8
29019,2022,189463,5.277524409740683,245,235,10,0,0,0,0,67,48,38,0,245,0,0,67.12328767123287,0,0.0,13.5
29021,2019,87364,4.941332510183902,365,223,142,0,0,0,0,84,61,42,0,0,327,38,100.0,0,0.0,23.8
29021,2020,86530,4.937166703715032,365,248,116,1,0,0,0,126,58,42,0,0,315,50,99.72677595628416,1,0.273972602739726,23.1
29021,2021,83853,4.923518604928256,365,235,127,3,0,0,0,109,59,44,0,0,310,55,100.0,3,0.821917808219178,22.4
29021,2022,82956,4.918847802930058,365,237,126,2,0,0,0,106,58,42,0,0,301,64,100.0,2,0.547945205479452,19.1
29027,2019,44743,4.650725100005712,245,238,7,0,0,0,0,71,47,39,0,245,0,0,67.12328767123287,0,0.0,21.9
29027,2020,44887,4.6521205805189725,245,234,11,0,0,0,0,87,45,35,0,245,0,0,66.93989071038251,0,0.0,20.7
29027,2021,44638,4.6497047278555526,245,229,16,0,0,0,0,80,47,39,0,245,0,0,67.12328767123287,0,0.0,20.3
29027,2022,44731,4.650608607308078,244,222,22,0,0,0,0,74,50,40,0,244,0,0,66.84931506849315,0,0.0,17.2
29037,2019,105780,5.0244035626829655,365,289,76,0,0,0,0,93,57,42,0,173,192,0,100.0,0,0.0,19.8
29037,2020,106806,5.028595650573609,362,300,60,2,0,0,0,105,54,39,0,171,191,0,98.90710382513662,2,0.5524861878453038,19.0
29037,2021,109638,5.039961104604728,365,267,97,1,0,0,0,108,59,42,0,156,209,0,100.0,1,0.273972602739726,18.2
29037,2022,111732,5.048177572695937,360,287,73,0,0,0,0,88,56,40,0,190,170,0,98.63013698630137,0,0.0,15.1
29047,2019,249948,5.39784966602384,365,266,99,0,0,0,0,90,61,43,0,203,162,0,100.0,0,0.0,18.4
29047,2020,253463,5.403914570893712,364,287,76,1,0,0,0,101,60,39,0,195,169,0,99.4535519125683,1,0.2747252747252747,18.6
29047,2021,255518,5.407421499481778,350,270,76,4,0,0,0,129,64,41,0,206,144,0,95.8904109589041,4,1.1428571428571428,16.1
29047,2022,259772,5.414592338034827,365,286,75,4,0,0,0,112,61,41,0,213,152,0,100.0,4,1.095890410958904,14.1
29049,2019,20387,4.30935332291878,245,213,32,0,0,0,0,87,54,42,0,245,0,0,67.12328767123287,0,0.0,21.1
29049,2020,20553,4.312875222239046,245,226,19,0,0,0,0,87,48,37,0,245,0,0,66.93989071038251,0,0.0,20.7
29049,2021,21287,4.328114460158389,245,221,24,0,0,0,0,97,50,38,0,245,0,0,67.12328767123287,0,0.0,20.5
29049,2022,21548,4.333406966873917,245,211,33,1,0,0,0,101,58,41,0,245,0,0,67.12328767123287,1,0.4081632653061224,17.1
29077,2019,293086,5.46699507375075,365,262,103,0,0,0,0,77,57,43,0,143,208,14,100.0,0,0.0,20.1
29077,2020,294997,5.469817599401653,364,268,95,1,0,0,0,116,57,40,0,124,234,6,99.4535519125683,1,0.2747252747252747,20.0
29077,2021,300865,5.47837166866076,365,300,65,0,0,0,0,84,55,38,0,188,135,42,100.0,0,0.0,18.5
29077,2022,304611,5.483745582365234,365,202,163,0,0,0,0,100,64,49,0,119,246,0,100.0,0,0.0,16.4
29095,2019,703011,5.846962120470644,365,192,173,0,0,0,0,93,65,49,19,0,330,16,100.0,0,0.0,21.8
29095,2020,705925,5.848758562501706,366,175,188,2,1,0,0,159,65,51,11,0,312,43,100.0,3,0.819672131147541,19.0
29095,2021,716862,5.855435559563451,365,132,228,5,0,0,0,147,68,53,5,0,319,41,100.0,5,1.36986301369863,17.9
29095,2022,718560,5.85646303771864,365,160,205,0,0,0,0,93,63,52,9,0,326,30,100.0,0,0.0,16.0
29097,2019,121328,5.083961038642487,365,324,40,1,0,0,0,108,51,37,0,220,0,145,100.0,1,0.273972602739726,21.6
29097,2020,121648,5.085104973142678,366,320,46,0,0,0,0,82,52,35,0,212,0,154,100.0,0,0.0,22.4
29097,2021,123155,5.0904520485610645,360,298,62,0,0,0,0,93,58,38,0,218,0,142,98.63013698630137,0,0.0,21.8
29097,2022,125056,5.097104533366641,363,283,79,1,0,0,0,108,68,41,0,206,0,157,99.45205479452056,1,0.2754820936639118,19.0
29099,2019,225081,5.352338835989317,361,252,107,2,0,0,0,105,62,42,0,182,167,12,98.9041095890411,2,0.554016620498615,22.5
29099,2020,226543,5.35515064736561,365,250,113,2,0,0,0,141,59,43,0,119,238,8,99.72677595628416,2,0.547945205479452,20.7
29099,2021,227771,5.357498428515184,365,244,116,4,1,0,0,164,62,44,0,145,210,10,100.0,5,1.36986301369863,19.5
29099,2022,231230,5.364044179182894,360,236,121,3,0,0,0,108,65,44,0,151,185,24,98.63013698630137,3,0.8333333333333334,16.3
29113,2019,59013,4.77094769310584,245,223,22,0,0,0,0,100,50,40,0,245,0,0,67.12328767123287,0,0.0,23.1
29113,2020,60119,4.779011748061015,245,228,16,1,0,0,0,108,48,37,0,245,0,0,66.93989071038251,1,0.4081632653061224,22.1
29113,2021,61586,4.789481997655101,244,225,19,0,0,0,0,93,49,39,0,244,0,0,66.84931506849315,0,0.0,19.9
29113,2022,64699,4.810897568182794,245,214,30,1,0,0,0,112,54,41,0,245,0,0,67.12328767123287,1,0.4081632653061224,17.5
29510,2019,300576,5.477954300656483,365,135,225,5,0,0,0,129,72,54,4,91,264,6,100.0,5,1.36986301369863,19.8
29510,2020,297645,5.473698591437921,366,137,224,4,1,0,0,156,70,54,6,64,269,27,100.0,5,1.366120218579235,19.4
29510,2021,293310,5.467326869904469,365,114,244,6,1,0,0,187,71,55,1,50,305,9,100.0,7,1.9178082191780823,20.3
30013,2019,81366,4.910442966350447,363,326,36,1,0,0,0,106,51,28,0,0,363,0,99.45205479452056,1,0.2754820936639118,19.5
30013,2020,81346,4.910336202378744,359,314,42,3,0,0,0,115,54,24,0,0,359,0,98.08743169398907,3,0.8356545961002786,18.6
30013,2021,84511,4.926913240646536,365,296,58,9,2,0,0,160,62,27,0,0,365,0,100.0,11,3.0136986301369864,18.1
30013,2022,84900,4.928907690243952,359,323,34,2,0,0,0,128,51,23,0,0,359,0,98.35616438356163,2,0.5571030640668524,15.1
30017,2022,11985,4.0786380383696725,364,318,46,0,0,0,0,80,52,40,3,269,89,3,99.72602739726028,0,0.0,14.8
30027,2019,11050,4.04336227802113,365,343,22,0,0,0,0,86,48,38,0,313,50,2,100.0,0,0.0,18.4
30027,2020,11104,4.045479453110779,366,330,33,1,2,0,0,159,50,39,1,307,58,0,100.0,3,0.819672131147541,17.2
30027,2021,11617,4.065093989357153,365,288,62,14,1,0,0,156,77,41,0,296,68,1,100.0,15,4.10958904109589,17.4
30027,2022,11772,4.070850253427573,365,341,22,2,0,0,0,122,49,40,0,323,42,0,100.0,2,0.547945205479452,15.1
30029,2019,103806,5.016222456514203,365,267,97,1,0,0,0,103,61,39,0,198,143,24,100.0,1,0.273972602739726,17.2
30029,2020,105851,5.024694965259828,366,286,72,3,4,1,0,206,59,37,0,219,124,23,100.0,8,2.185792349726776,17.1
30029,2021,108454,5.0352455742929685,365,268,88,8,1,0,0,155,66,39,0,181,144,40,100.0,9,2.4657534246575343,15.1
30029,2022,113679,5.055680244578174,365,249,113,2,1,0,0,152,64,41,0,149,187,29,100.0,3,0.821917808219178,12.9
30031,2019,114434,5.058555078815129,365,301,64,0,0,0,0,92,55,33,15,0,346,0,100.0,0,0.0,12.4
30031,2020,116806,5.0674651518514215,366,290,65,9,2,0,0,162,57,29,3,0,362,0,100.0,11,3.0054644808743167,12.9
30031,2021,122713,5.088890573559927,365,243,108,13,1,0,0,158,78,41,5,0,358,0,100.0,14,3.8356164383561646,12.1
30031,2022,126409,5.1017779957121165,365,290,71,4,0,0,0,148,58,32,2,0,363,0,100.0,4,1.095890410958904,10.4
30049,2019,69432,4.841559675359589,365,251,112,2,0,0,0,144,68,43,0,200,165,0,100.0,2,0.547945205479452,16.2
30049,2020,70229,4.846516484483867,366,277,84,1,4,0,0,168,60,42,0,230,136,0,100.0,5,1.366120218579235,14.8
30049,2021,72223,4.858675524195844,365,249,99,14,3,0,0,156,77,44,0,218,147,0,100.0,17,4.657534246575342,13.3
30049,2022,75011,4.875124955245091,365,239,119,4,3,0,0,167,63,45,0,167,198,0,100.0,7,1.9178082191780823,12.2
30053,2019,19980,4.300595483889963,364,189,174,1,0,0,0,102,75,48,0,0,353,11,99.72602739726028,1,0.2747252747252747,20.1
30053,2020,20343,4.308414999096672,366,175,182,2,4,1,2,403,75,52,0,0,364,2,100.0,9,2.459016393442623,20.6
30053,2021,20525,4.312283165791478,365,125,223,11,6,0,0,177,79,56,0,0,362,3,100.0,17,4.657534246575342,20.4
30053,2022,21895,4.340344949528144,365,184,175,4,2,0,0,174,77,49,0,0,362,3,100.0,6,1.643835616438356,17.4
30063,2019,119600,5.077731179652392,365,173,188,3,1,0,0,153,78,52,0,0,364,1,100.0,4,1.095890410958904,16.2
30063,2020,121630,5.085040706742194,366,155,192,13,6,0,0,185,85,54,0,96,270,0,100.0,19,5.191256830601093,14.2
30063,2021,119533,5.077487819421483,365,122,213,24,6,0,0,162,94,56,0,63,302,0,100.0,30,8.21917808219178,14.7
30063,2022,121849,5.085821969333103,365,149,201,11,4,0,0,190,81,54,0,87,278,0,100.0,15,4.10958904109589,12.1
30081,2019,43806,4.641533598824432,364,303,61,0,0,0,0,77,55,19,0,0,364,0,99.72602739726028,0,0.0,18.7
30081,2020,45002,4.653231815323397,361,301,52,3,5,0,0,185,59,15,0,0,361,0,98.63387978142076,8,2.21606648199446,17.3
30081,2021,45959,4.662370570512186,358,268,67,18,5,0,0,159,76,28,0,0,358,0,98.08219178082192,23,6.424581005586592,16.6
30081,2022,47738,4.67886422013453,363,287,64,2,8,2,0,263,64,27,0,0,363,0,99.45205479452056,12,3.3057851239669422,13.2
30083,2019,10803,4.033544376090948,365,322,43,0,0,0,0,93,51,37,0,275,85,5,100.0,0,0.0,16.5
30083,2020,11043,4.043087072166329,366,343,23,0,0,0,0,72,47,37,0,302,62,2,100.0,0,0.0,17.7
30083,2021,11283,4.0524245881420615,351,284,63,4,0,0,0,147,71,38,0,273,75,3,96.16438356164385,4,1.1396011396011396,16.6
30083,2022,11173,4.0481697987660175,361,322,39,0,0,0,0,79,51,39,0,274,85,2,98.9041095890411,0,0.0,13.8
30087,2019,8937,3.951191757934706,365,328,36,1,0,0,0,108,51,36,2,269,64,30,100.0,1,0.273972602739726,23.0
30087,2020,8836,3.946255707199397,366,321,40,3,2,0,0,154,53,37,12,254,61,39,100.0,5,1.366120218579235,21.8
30087,2021,8124,3.90976991473277,363,266,83,12,2,0,0,155,74,38,6,171,113,73,99.45205479452056,14,3.8567493112947657,23.7
30087,2022,8160,3.911690158753861,337,337,0,0,0,0,0,36,14,2,235,0,18,84,92.32876712328768,0,0.0,21.0
30089,2019,12113,4.083251717221604,365,289,76,0,0,0,0,95,56,33,0,0,357,8,100.0,0,0.0,21.7
30089,2020,12157,4.0848264166974335,366,302,56,1,4,3,0,261,57,31,0,0,361,5,100.0,8,2.185792349726776,21.8
30089,2021,12959,4.11257148986498,356,232,104,8,11,1,0,207,84,42,0,0,350,6,97.53424657534246,20,5.617977528089887,21.3
30089,2022,13684,4.136213065513025,365,266,94,2,3,0,0,188,59,36,0,0,344,21,100.0,5,1.36986301369863,17.5
30093,2019,34915,4.543012046377036,363,293,70,0,0,0,0,92,60,24,0,0,236,127,99.45205479452056,0,0.0,20.1
30093,2020,35180,4.546295835121443,366,289,69,5,3,0,0,181,61,22,0,0,247,119,100.0,8,2.185792349726776,19.2
30093,2021,35411,4.54913819132602,365,256,89,14,6,0,0,163,80,33,0,0,325,40,100.0,20,5.47945205479452,17.8
30093,2022,36360,4.56062387454993,365,268,87,8,2,0,0,162,67,27,0,0,298,67,100.0,10,2.73972602739726,14.8
30111,2019,161300,5.207634367388962,292,271,20,0,1,0,0,159,47,31,0,0,292,0,80.0,1,0.3424657534246575,17.5
30111,2020,162990,5.212160959753383,364,304,57,2,1,0,0,163,55,31,0,0,364,0,99.4535519125683,3,0.8241758241758242,17.6
30111,2021,167146,5.223095987876157,340,212,118,9,1,0,0,167,70,40,0,0,340,0,93.15068493150685,10,2.941176470588235,15.5
30111,2022,170843,5.232597189025018,365,307,56,1,1,0,0,155,54,32,0,0,365,0,100.0,2,0.547945205479452,14.2
31025,2019,26248,4.419096217377991,348,348,0,0,0,0,0,46,26,13,0,0,0,348,95.34246575342463,0,0.0,16.4
31025,2020,26232,4.418831403661309,358,346,12,0,0,0,0,71,32,14,0,0,0,358,97.81420765027322,0,0.0,16.1
31025,2021,27017,4.431637122784461,351,345,6,0,0,0,0,64,37,19,0,0,0,351,96.16438356164385,0,0.0,14.5
31025,2022,27446,4.438479059004316,356,337,19,0,0,0,0,87,40,19,0,0,0,356,97.53424657534246,0,0.0,13.0
31055,2019,571327,5.756884748607954,365,273,92,0,0,0,0,80,59,42,0,156,207,2,100.0,0,0.0,15.9
31055,2020,574332,5.759163014498567,366,267,97,1,1,0,0,157,57,42,0,133,222,9,100.0,2,0.546448087431694,15.2
31055,2021,585008,5.76716180511141,365,244,116,5,0,0,0,150,64,43,0,165,189,11,100.0,5,1.36986301369863,13.9
31055,2022,589540,5.770513277098504,365,278,86,1,0,0,0,108,57,41,0,238,118,9,100.0,1,0.273972602739726,13.5
31067,2021,21616,4.334775331677956,184,49,134,1,0,0,0,115,66,55,0,0,184,0,50.41095890410959,1,0.5434782608695652,18.0
31067,2022,21634,4.335136825371625,278,252,26,0,0,0,0,81,49,23,0,0,278,0,76.16438356164383,0,0.0,16.2
31079,2020,61028,4.785529137559473,338,296,42,0,0,0,0,87,53,26,0,0,338,0,92.34972677595628,0,0.0,17.3
31079,2021,61979,4.792244564836703,357,268,87,2,0,0,0,134,58,34,0,0,357,0,97.80821917808218,2,0.5602240896358543,15.9
31079,2022,62197,4.793769437506466,350,301,49,0,0,0,0,84,53,27,0,0,350,0,95.8904109589041,0,0.0,14.7
31109,2019,319090,5.503913193999621,288,249,39,0,0,0,0,70,52,36,0,214,74,0,78.9041095890411,0,0.0,14.4
31109,2020,320650,5.506031244253258,282,261,21,0,0,0,0,77,48,35,0,204,78,0,77.04918032786885,0,0.0,15.0
31109,2021,324514,5.5112334376281975,276,246,30,0,0,0,0,84,53,37,0,201,75,0,75.61643835616438,0,0.0,13.9
31109,2022,326716,5.514170403350739,277,258,19,0,0,0,0,64,47,37,0,209,68,0,75.89041095890411,0,0.0,12.6
31153,2019,187196,5.27229656450632,350,240,110,0,0,0,0,82,60,39,0,0,350,0,95.8904109589041,0,0.0,13.2
31153,2020,188856,5.276130787021622,316,227,87,2,0,0,0,149,57,39,0,0,316,0,86.33879781420765,2,0.6329113924050633,12.5
31153,2021,193418,5.2864968882418815,336,226,108,2,0,0,0,120,61,41,0,0,336,0,92.05479452054794,2,0.5952380952380952,12.3
31153,2022,199886,5.300782377231337,331,269,62,0,0,0,0,94,55,32,0,0,331,0,90.68493150684932,0,0.0,11.0
31157,2020,35299,4.5477624022537295,278,170,106,2,0,0,0,122,61,36,0,0,278,0,75.95628415300546,2,0.7194244604316548,17.1
31157,2021,35745,4.553215301402138,332,294,38,0,0,0,0,82,53,21,0,0,332,0,90.95890410958904,0,0.0,16.5
31157,2022,35699,4.552656050830272,339,331,8,0,0,0,0,79,36,16,0,0,339,0,92.87671232876713,0,0.0,14.6
31177,2022,21152,4.325351437805546,299,280,19,0,0,0,0,64,43,19,0,0,299,0,81.91780821917808,0,0.0,12.3
32001,2019,24909,4.396356292642913,353,323,30,0,0,0,0,80,50,41,0,353,0,0,96.7123287671233,0,0.0,18.9
32001,2020,25363,4.404200621701355,363,336,25,2,0,0,0,147,50,40,0,363,0,0,99.18032786885246,2,0.5509641873278237,19.7
32001,2021,25723,4.410321617730682,362,271,81,9,1,0,0,159,74,44,0,362,0,0,99.17808219178085,10,2.7624309392265194,17.1
32001,2022,25803,4.411670202385809,349,330,19,0,0,0,0,100,47,39,0,349,0,0,95.61643835616438,0,0.0,16.4
32003,2019,2266715,6.355396918578999,365,128,232,5,0,0,0,122,87,58,10,236,110,8,100.0,5,1.36986301369863,16.5
32003,2020,2315963,6.364731616789341,366,92,249,22,3,0,0,174,93,65,6,205,145,10,100.0,25,6.830601092896176,16.8
32003,2021,2292476,6.360304797723901,365,87,244,31,3,0,0,183,100,62,1,214,133,17,100.0,34,9.315068493150685,16.4
32003,2022,2336573,6.368579353946648,365,71,268,20,3,1,2,480,97,64,3,194,138,30,100.0,26,7.123287671232877,14.8
32005,2019,48905,4.6893532632422525,356,318,38,0,0,0,0,66,52,17,0,0,356,0,97.53424657534246,0,0.0,16.2
32005,2020,49088,4.690975337932868,366,286,63,6,7,4,0,274,64,22,0,0,366,0,100.0,17,4.644808743169399,16.9
32005,2021,49870,4.697839368218364,365,279,53,7,20,6,0,279,91,24,0,0,365,0,100.0,33,9.04109589041096,14.5
32005,2022,49545,4.694999832747095,356,295,55,1,5,0,0,195,57,20,0,0,356,0,97.53424657534246,6,1.6853932584269662,12.6
32007,2019,52778,4.7224529287900365,365,356,9,0,0,0,0,77,31,14,0,12,23,330,100.0,0,0.0,18.5
32007,2020,53006,4.724325032231097,363,304,55,1,3,0,0,169,57,30,0,133,12,218,99.18032786885246,4,1.1019283746556474,19.4
32007,2021,53915,4.731709609545512,365,282,73,9,1,0,0,156,71,42,0,186,13,166,100.0,10,2.73972602739726,18.0
32007,2022,54293,4.7347438395825385,365,321,42,2,0,0,0,149,51,38,0,159,10,196,100.0,2,0.547945205479452,16.9
32019,2019,57510,4.759743367597725,356,344,12,0,0,0,0,71,47,38,0,346,0,10,97.53424657534246,0,0.0,20.6
32019,2020,58319,4.765810068495698,356,308,39,5,3,0,1,328,59,38,0,302,0,54,97.26775956284152,9,2.528089887640449,20.6
32019,2021,60903,4.784638685922794,270,196,67,7,0,0,0,133,74,41,0,270,0,0,73.97260273972603,7,2.592592592592593,18.8
32019,2022,62583,4.796456377797351,355,329,25,1,0,0,0,105,49,39,0,355,0,0,97.26027397260276,1,0.2816901408450704,16.0
32023,2019,46523,4.667667712106219,365,352,12,1,0,0,0,146,31,15,0,0,0,365,100.0,1,0.273972602739726,22.5
32023,2020,48054,4.681729544046698,366,343,20,1,2,0,0,200,40,21,0,0,0,366,100.0,3,0.819672131147541,22.4
32023,2021,53450,4.727947709544797,365,336,28,1,0,0,0,105,44,23,0,0,0,365,100.0,1,0.273972602739726,21.7
32023,2022,55720,4.746011107751926,358,306,41,6,4,1,0,294,57,22,0,0,0,358,98.08219178082192,11,3.072625698324022,18.6
32031,2019,471519,5.673499197452783,365,214,151,0,0,0,0,97,64,48,2,273,87,3,100.0,0,0.0,15.6
32031,2020,477082,5.678593031213834,366,193,149,11,11,2,0,265,85,50,3,217,139,7,100.0,24,6.557377049180328,17.4
32031,2021,493392,5.693192103434986,365,174,156,16,10,8,1,333,95,51,1,240,120,4,100.0,35,9.58904109589041,15.7
32031,2022,498022,5.697248528035953,365,180,176,1,4,4,0,259,74,51,1,218,140,6,100.0,9,2.4657534246575343,12.8
32033,2019,9580,3.981365509078545,362,294,67,1,0,0,0,101,61,44,0,361,1,0,99.17808219178085,1,0.2762430939226519,20.4
32033,2020,9466,3.976166500131975,361,294,64,3,0,0,0,136,64,44,0,358,3,0,98.63387978142076,3,0.8310249307479225,21.3
32033,2021,9182,3.962937288430002,364,280,82,2,0,0,0,133,61,44,0,356,8,0,99.72602739726028,2,0.5494505494505495,19.0
32033,2022,8522,3.9305415298644335,346,287,59,0,0,0,0,87,54,44,0,333,13,0,94.7945205479452,0,0.0,17.8
32510,2019,55916,4.747536096212921,365,296,69,0,0,0,0,97,58,44,0,277,88,0,100.0,0,0.0,17.4
32510,2020,56034,4.748451625785822,366,284,62,12,6,2,0,210,71,42,0,240,126,0,100.0,20,5.46448087431694,18.4
32510,2021,58993,4.7708004821212935,365,273,64,9,12,6,1,304,84,42,0,266,99,0,100.0,28,7.671232876712329,16.7
32510,2022,58036,4.763697472032553,364,290,65,5,2,2,0,227,58,44,0,290,74,0,99.72602739726028,9,2.4725274725274726,14.7
33001,2019,61303,4.787481728214425,316,292,24,0,0,0,0,77,48,32,0,156,160,0,86.57534246575342,0,0.0,16.8
33001,2020,61551,4.789235113172355,359,342,17,0,0,0,0,65,45,32,0,168,191,0,98.08743169398907,0,0.0,16.8
33001,2021,64460,4.809290301176316,365,340,24,1,0,0,0,110,47,31,0,160,205,0,100.0,1,0.273972602739726,15.0
33001,2022,65027,4.813093718432021,358,339,19,0,0,0,0,68,46,32,0,182,176,0,98.08219178082192,0,0.0,12.4
33005,2019,76085,4.8812990449527245,365,331,34,0,0,0,0,82,50,35,0,254,111,0,100.0,0,0.0,17.6
33005,2020,76228,4.882114525301209,366,299,67,0,0,0,0,78,55,37,0,173,193,0,100.0,0,0.0,15.4
33005,2021,77329,4.88834239402274,364,263,100,1,0,0,0,127,59,40,0,127,237,0,99.72602739726028,1,0.2747252747252747,14.6
33005,2022,77703,4.890437786603928,365,304,61,0,0,0,0,84,55,37,0,230,135,0,100.0,0,0.0,12.4
33007,2019,31563,4.499178275320827,324,313,11,0,0,0,0,64,47,40,0,304,20,0,88.76712328767124,0,0.0,21.4
33007,2020,31174,4.4937925310696665,366,339,27,0,0,0,0,74,50,43,0,366,0,0,100.0,0,0.0,19.8
33007,2021,31289,4.495391683266939,360,325,33,2,0,0,0,133,50,42,0,355,5,0,98.63013698630137,2,0.5555555555555556,18.6
33007,2022,31372,4.496542206338053,359,350,9,0,0,0,0,64,46,40,0,354,5,0,98.35616438356163,0,0.0,15.6
33009,2019,89886,4.953692054400412,365,332,33,0,0,0,0,65,50,35,0,248,117,0,100.0,0,0.0,16.3
33009,2020,90691,4.957564190651339,366,344,22,0,0,0,0,70,45,35,0,269,97,0,100.0,0,0.0,14.9
33009,2021,92201,4.964735631380384,365,313,51,1,0,0,0,106,53,36,0,201,164,0,100.0,1,0.273972602739726,14.0
33009,2022,93146,4.9691642095787225,365,330,35,0,0,0,0,84,50,36,0,220,145,0,100.0,0,0.0,11.4
33011,2019,417025,5.620162091032751,365,345,20,0,0,0,0,80,47,37,0,337,28,0,100.0,0,0.0,15.4
33011,2020,418735,5.621939262949003,366,351,15,0,0,0,0,90,46,37,0,337,29,0,100.0,0,0.0,14.1
33011,2021,424079,5.627446767130948,365,328,35,2,0,0,0,144,51,37,0,317,48,0,100.0,2,0.547945205479452,13.7
33011,2022,427354,5.630787773276549,365,329,36,0,0,0,0,100,50,39,0,337,26,0,100.0,0,0.0,10.7
33013,2019,151391,5.180100057683757,210,206,4,0,0,0,0,61,44,36,0,210,0,0,57.53424657534247,0,0.0,15.9
33013,2020,152622,5.183617140368169,213,209,4,0,0,0,0,74,44,38,0,213,0,0,58.19672131147541,0,0.0,15.3
33013,2021,155238,5.190998038895605,214,200,13,1,0,0,0,101,47,36,0,214,0,0,58.63013698630137,1,0.4672897196261681,14.1
33013,2022,157103,5.196184478299081,212,205,7,0,0,0,0,84,46,36,0,212,0,0,58.08219178082192,0,0.0,10.9
33015,2019,309769,5.491037953763487,365,319,45,1,0,0,0,112,52,39,0,255,110,0,100.0,1,0.273972602739726,14.3
33015,2020,311307,5.493188886269389,366,296,70,0,0,0,0,90,56,41,0,201,165,0,100.0,0,0.0,14.0
33015,2021,316947,5.500986645397751,365,285,76,4,0,0,0,147,58,40,0,199,165,1,100.0,4,1.095890410958904,12.9
33015,2022,320689,5.506084063385776,365,292,71,2,0,0,0,122,55,40,0,232,133,0,100.0,2,0.547945205479452,9.9
34001,2020,262945,5.419864916951891,359,286,73,0,0,0,0,90,55,37,0,170,189,0,98.08743169398907,0,0.0,16.7
34001,2021,274966,5.439278995920197,362,290,72,0,0,0,0,96,56,37,0,202,160,0,99.17808219178085,0,0.0,16.0
34001,2022,275213,5.439668944443267,365,316,48,0,1,0,0,185,52,36,0,193,172,0,100.0,1,0.273972602739726,13.2
34003,2020,930394,5.968666901016078,364,228,133,3,0,0,0,119,63,43,45,120,196,0,99.4535519125683,3,0.8241758241758242,10.5
34003,2021,953819,5.979465969296181,365,230,126,9,0,0,0,147,65,43,54,104,207,0,100.0,9,2.4657534246575343,10.7
34003,2022,957736,5.981245812268599,365,259,106,0,0,0,0,90,60,42,61,142,162,0,100.0,0,0.0,8.4
34007,2020,506809,5.704844318554797,366,219,147,0,0,0,0,87,63,46,4,126,236,0,100.0,0,0.0,15.2
34007,2021,523771,5.719141448864635,365,188,173,4,0,0,0,120,67,49,9,138,218,0,100.0,4,1.095890410958904,15.4
34007,2022,527196,5.721972106471163,365,197,167,1,0,0,0,108,63,48,4,120,241,0,100.0,1,0.273972602739726,13.1
34011,2020,147008,5.167340969178913,365,251,114,0,0,0,0,72,57,44,3,130,232,0,99.72677595628416,0,0.0,19.1
34011,2021,153627,5.186467549813534,364,291,71,2,0,0,0,112,55,39,4,231,129,0,99.72602739726028,2,0.5494505494505495,19.0
34011,2022,152326,5.182774037891575,362,308,54,0,0,0,0,84,53,38,5,239,118,0,99.17808219178085,0,0.0,16.6
34013,2020,800501,5.903361878784001,366,226,139,1,0,0,0,127,62,44,28,118,219,0,100.0,1,0.273224043715847,14.4
34013,2021,854917,5.931923953100414,365,214,148,3,0,0,0,125,63,46,26,97,242,0,100.0,3,0.821917808219178,13.4
34013,2022,851117,5.929989265092484,269,177,92,0,0,0,0,97,61,44,32,109,127,0,73.6986301369863,0,0.0,12.3
34015,2020,293245,5.467230615873937,253,223,29,1,0,0,0,101,54,38,0,192,61,0,69.12568306010928,1,0.3952569169960474,13.4
34015,2021,304477,5.483554491877443,297,238,57,2,0,0,0,101,59,40,0,226,71,0,81.36986301369863,2,0.6734006734006733,13.9
34015,2022,308423,5.489146757188999,288,217,68,3,0,0,0,126,61,42,0,231,57,0,78.9041095890411,3,1.0416666666666663,12.1
34017,2020,671666,5.827153364695731,366,259,107,0,0,0,0,90,59,39,51,136,179,0,100.0,0,0.0,11.9
34017,2021,702463,5.846623454101656,365,216,146,3,0,0,0,126,64,44,46,98,221,0,100.0,3,0.821917808219178,11.9
34017,2022,705472,5.848479781397512,365,232,131,2,0,0,0,115,62,44,40,116,207,0,100.0,2,0.547945205479452,10.4
34019,2020,124797,5.096204145449725,364,265,99,0,0,0,0,87,57,41,0,169,195,0,99.4535519125683,0,0.0,10.3
34019,2021,129924,5.113689382826794,364,249,115,0,0,0,0,97,61,43,0,159,205,0,99.72602739726028,0,0.0,10.5
34019,2022,130183,5.114554275413219,364,263,101,0,0,0,0,93,60,42,0,197,167,0,99.72602739726028,0,0.0,8.9
34021,2020,367239,5.564948796127789,366,262,101,3,0,0,0,112,58,42,0,182,184,0,100.0,3,0.819672131147541,12.3
34021,2021,385898,5.586472527751975,365,193,165,7,0,0,0,130,67,48,0,139,226,0,100.0,7,1.9178082191780823,13.5
34021,2022,381671,5.581689162782633,365,227,135,3,0,0,0,119,61,46,0,156,209,0,100.0,3,0.821917808219178,10.7
34023,2020,822736,5.915260500903236,366,257,108,1,0,0,0,112,58,41,6,155,205,0,100.0,1,0.273224043715847,11.1
34023,2021,860807,5.9349057899777655,364,233,126,5,0,0,0,129,64,44,4,142,218,0,99.72602739726028,5,1.3736263736263736,11.0
34023,2022,863623,5.936324199942963,365,261,103,1,0,0,0,101,59,42,10,164,191,0,100.0,1,0.273972602739726,10.1
34025,2020,618381,5.7912561372461,226,209,17,0,0,0,0,93,48,37,0,226,0,0,61.74863387978142,0,0.0,11.3
34025,2021,645354,5.809798006221066,255,227,24,3,1,0,0,154,54,36,0,255,0,0,69.86301369863014,4,1.568627450980392,11.8
34025,2022,642799,5.808075192461532,248,226,20,1,1,0,0,161,49,38,0,248,0,0,67.94520547945206,2,0.8064516129032258,9.8
34027,2020,491087,5.691158437688941,366,341,25,0,0,0,0,84,48,35,8,334,24,0,100.0,0,0.0,9.8
34027,2021,510981,5.708404751898772,363,327,36,0,0,0,0,97,49,36,8,317,38,0,99.45205479452056,0,0.0,10.5
34027,2022,514423,5.711320377781212,360,320,40,0,0,0,0,84,52,36,6,326,28,0,98.63013698630137,0,0.0,8.5
34029,2020,614237,5.788335973637247,356,290,66,0,0,0,0,84,55,38,0,154,202,0,97.26775956284152,0,0.0,15.3
34029,2021,648998,5.812243358448594,357,253,100,4,0,0,0,126,60,42,0,154,203,0,97.80821917808218,4,1.1204481792717087,14.2
34029,2022,659197,5.819015222223024,358,287,68,3,0,0,0,105,58,40,0,195,163,0,98.08219178082192,3,0.8379888268156425,14.0
34031,2020,500382,5.699301678636737,262,245,17,0,0,0,0,100,47,37,0,243,19,0,71.58469945355192,0,0.0,13.4
34031,2021,518117,5.714427842210049,261,243,18,0,0,0,0,80,48,37,0,261,0,0,71.5068493150685,0,0.0,13.1
34031,2022,513395,5.710451634723069,304,251,53,0,0,0,0,90,54,38,0,186,118,0,83.28767123287672,0,0.0,12.5
34039,2020,555394,5.744601183694818,366,198,167,1,0,0,0,111,61,48,42,0,322,0,100.0,1,0.273224043715847,12.2
34039,2021,572114,5.75748257536286,365,157,207,1,0,0,0,139,66,52,34,0,331,0,100.0,1,0.273972602739726,12.5
34039,2022,572726,5.757946899195436,365,191,174,0,0,0,0,82,65,49,29,0,336,0,100.0,0,0.0,11.3
34041,2020,105624,5.023762610274551,361,287,74,0,0,0,0,100,56,38,23,136,202,0,98.63387978142076,0,0.0,13.9
34041,2021,110731,5.044269222000761,358,237,120,1,0,0,0,136,61,42,12,112,234,0,98.08219178082192,1,0.2793296089385474,13.9
34041,2022,111252,5.046307827124037,363,241,122,0,0,0,0,86,60,43,24,100,239,0,99.45205479452056,0,0.0,11.7
35001,2019,679121,5.831947160069322,365,134,227,4,0,0,0,108,77,55,1,218,110,36,100.0,4,1.095890410958904,14.8
35001,2020,681666,5.833571632885611,366,105,252,7,1,1,0,214,78,57,0,169,132,65,100.0,9,2.459016393442623,14.3
35001,2021,674393,5.828913053791729,365,60,284,19,2,0,0,171,92,63,0,147,118,100,100.0,21,5.753424657534247,13.6
35001,2022,671586,5.82710163418114,365,81,251,28,2,1,2,825,97,63,0,164,144,57,100.0,33,9.04109589041096,12.2
35015,2019,58460,4.766858811021418,365,212,134,17,2,0,0,174,90,47,1,360,4,0,100.0,19,5.205479452054795,16.1
35015,2020,58418,4.766546684376111,364,244,109,11,0,0,0,115,80,46,0,352,12,0,99.4535519125683,11,3.021978021978022,17.0
35015,2021,60911,4.784695729544384,365,219,120,25,1,0,0,166,93,47,2,357,6,0,100.0,26,7.123287671232877,15.9
35015,2022,60275,4.780137219049491,365,207,130,27,1,0,0,151,93,48,1,352,12,0,100.0,28,7.671232876712329,13.4
35025,2019,71070,4.851686315442428,365,210,151,4,0,0,0,140,71,48,4,252,109,0,100.0,4,1.095890410958904,16.9
35025,2020,71830,4.856305866433299,366,310,56,0,0,0,0,79,54,40,5,282,79,0,100.0,0,0.0,18.6
35025,2021,73004,4.863346656426421,365,257,105,2,1,0,0,151,64,44,2,264,99,0,100.0,3,0.821917808219178,16.4
35025,2022,72101,4.857941288179487,365,237,123,5,0,0,0,126,74,44,2,259,104,0,100.0,5,1.36986301369863,15.1
35029,2019,23709,4.374913236658887,361,349,10,1,0,0,1,630,29,12,0,0,0,361,98.9041095890411,2,0.554016620498615,19.3
35029,2020,23905,4.378488748031808,354,335,18,0,0,0,1,353,40,19,0,0,0,354,96.72131147540983,1,0.2824858757062147,19.6
35029,2021,25532,4.407084835757767,362,339,20,2,0,0,1,462,40,19,0,0,0,362,99.17808219178085,3,0.8287292817679558,19.7
35029,2022,25316,4.403395087002509,358,317,32,6,2,0,1,806,52,17,0,0,0,358,98.08219178082192,9,2.5139664804469275,18.0
35039,2019,38921,4.590183990098439,358,315,43,0,0,0,0,90,54,43,0,354,4,0,98.08219178082192,0,0.0,16.6
35039,2020,38521,4.585697552825414,362,313,49,0,0,0,0,90,54,44,0,361,1,0,98.90710382513662,0,0.0,17.5
35039,2021,40179,4.603999123554929,363,276,86,1,0,0,0,143,64,44,0,360,3,0,99.45205479452056,1,0.2754820936639118,16.6
35039,2022,39876,4.600711587326336,331,304,26,1,0,0,0,105,49,40,0,317,14,0,90.68493150684932,1,0.3021148036253776,14.9
35043,2019,146748,5.166572191044812,363,275,88,0,0,0,0,97,61,44,0,350,11,2,99.45205479452056,0,0.0,13.9
35043,2020,148904,5.172906364337767,358,271,82,5,0,0,0,119,61,44,0,358,0,0,97.81420765027322,5,1.3966480446927374,15.4
35043,2021,151369,5.180036941825528,357,271,83,3,0,0,0,119,67,44,0,357,0,0,97.80821917808218,3,0.8403361344537815,13.5
35043,2022,155936,5.1929463897012,360,295,64,1,0,0,0,101,67,43,0,360,0,0,98.63013698630137,1,0.2777777777777778,11.4
35045,2019,123958,5.093274560500684,365,208,157,0,0,0,0,97,90,49,3,362,0,0,100.0,0,0.0,22.3
35045,2020,123312,5.091005341641933,366,265,96,5,0,0,0,109,64,45,0,364,0,2,100.0,5,1.366120218579235,22.6
35045,2021,120993,5.082760245115521,365,237,120,8,0,0,0,126,77,46,1,360,0,4,100.0,8,2.191780821917808,21.8
35045,2022,120675,5.081617307490729,365,238,116,9,1,1,0,220,77,45,2,342,0,21,100.0,11,3.0136986301369864,20.5
35049,2019,150358,5.177126540274412,362,273,88,1,0,0,0,101,67,44,0,349,13,0,99.17808219178085,1,0.2762430939226519,11.9
35049,2020,151946,5.181689271702615,366,287,78,1,0,0,0,101,58,44,0,333,33,0,100.0,1,0.273224043715847,12.2
35049,2021,155201,5.190894515202342,364,275,87,2,0,0,0,113,64,44,0,324,40,0,99.72602739726028,2,0.5494505494505495,11.7
35049,2022,155956,5.193002087761106,365,284,81,0,0,0,0,98,61,44,0,340,25,0,100.0,0,0.0,10.4
35055,2019,32723,4.514853112350159,358,315,43,0,0,0,0,73,53,21,0,0,358,0,98.08219178082192,0,0.0,13.9
35055,2020,32593,4.513124336638276,360,310,50,0,0,0,0,68,53,27,0,0,360,0,98.36065573770492,0,0.0,14.3
35055,2021,34623,4.539364695746141,323,290,32,1,0,0,0,108,51,28,0,0,323,0,88.4931506849315,1,0.3095975232198142,13.6
35055,2022,34405,4.536621562182411,359,323,36,0,0,0,0,86,51,19,0,0,359,0,98.35616438356163,0,0.0,11.7
35061,2019,76688,4.884727411647713,357,270,87,0,0,0,0,93,67,44,0,357,0,0,97.80821917808218,0,0.0,16.3
35061,2020,77574,4.889716185838142,359,283,74,2,0,0,0,105,61,44,0,359,0,0,98.08743169398907,2,0.5571030640668524,16.2
35061,2021,77190,4.887561040930009,356,295,59,2,0,0,0,136,58,43,0,356,0,0,97.53424657534246,2,0.5617977528089888,15.4
35061,2022,79141,4.898401533568853,361,317,44,0,0,0,0,93,54,41,0,361,0,0,98.9041095890411,0,0.0,13.7
36001,2019,305506,5.485019744010008,365,276,89,0,0,0,0,93,58,41,0,151,214,0,100.0,0,0.0,15.2
36001,2020,303654,5.482379006408642,365,235,127,3,0,0,0,143,60,42,0,115,250,0,99.72677595628416,3,0.821917808219178,14.5
36001,2021,313743,5.496574044942364,365,254,109,2,0,0,0,118,60,39,0,147,218,0,100.0,2,0.547945205479452,15.3
36001,2022,316659,5.500591835943919,365,276,89,0,0,0,0,88,57,40,0,173,192,0,100.0,0,0.0,11.4
36005,2019,1418207,6.151739624638766,365,212,150,3,0,0,0,115,66,46,28,114,223,0,100.0,3,0.821917808219178,16.5
36005,2020,1401142,6.146482151482301,366,229,136,1,0,0,0,108,64,45,15,122,229,0,100.0,1,0.273224043715847,17.0
36005,2021,1424948,6.153799016116378,365,214,143,7,1,0,0,156,68,47,17,109,239,0,100.0,8,2.191780821917808,16.6
36005,2022,1356476,6.1324121142349,365,225,139,1,0,0,0,101,61,44,29,132,204,0,100.0,1,0.273972602739726,13.4
36013,2019,126903,5.103471888982376,343,302,40,1,0,0,0,105,53,38,0,302,41,0,93.97260273972604,1,0.2915451895043732,21.5
36013,2020,126032,5.100480828125241,363,332,31,0,0,0,0,93,49,36,0,337,26,0,99.18032786885246,0,0.0,19.1
36013,2021,126807,5.103143228131384,361,300,60,1,0,0,0,105,57,38,0,318,43,0,98.9041095890411,1,0.2770083102493075,22.0
36013,2022,124891,5.096531143008499,355,322,29,4,0,0,0,140,50,36,0,330,25,0,97.26027397260276,4,1.1267605633802815,15.5
36027,2019,294218,5.468669238960993,331,319,12,0,0,0,0,90,45,34,0,331,0,0,90.68493150684932,0,0.0,15.9
36027,2020,293293,5.467301697833428,331,322,9,0,0,0,0,87,45,35,0,331,0,0,90.43715846994536,0,0.0,14.4
36027,2021,297112,5.47292019279504,341,323,17,1,0,0,0,129,46,34,0,341,0,0,93.42465753424658,1,0.2932551319648094,16.0
36027,2022,297150,5.472975734594228,341,321,20,0,0,0,0,97,48,35,0,341,0,0,93.42465753424658,0,0.0,11.3
36029,2019,918702,5.96317466182863,365,262,103,0,0,0,0,93,59,43,12,130,223,0,100.0,0,0.0,17.7
36029,2020,917241,5.962483459136611,366,278,86,0,2,0,0,157,57,41,2,160,204,0,100.0,2,0.546448087431694,15.5
36029,2021,950683,5.978035727977279,365,225,139,1,0,0,0,101,64,46,3,104,258,0,100.0,1,0.273972602739726,17.6
36029,2022,946147,5.975958616665185,365,238,125,2,0,0,0,150,61,44,5,114,245,1,100.0,2,0.547945205479452,12.8
36031,2019,36885,4.566849787794398,364,327,37,0,0,0,0,80,51,42,0,357,7,0,99.72602739726028,0,0.0,18.3
36031,2020,36891,4.566920427755827,365,344,21,0,0,0,0,80,48,39,0,349,16,0,99.72677595628416,0,0.0,16.8
36031,2021,37268,4.571336086816895,365,310,54,1,0,0,0,101,58,40,0,337,28,0,100.0,1,0.273972602739726,18.3
36031,2022,36775,4.565552681399568,365,342,21,2,0,0,0,115,48,41,0,342,23,0,100.0,2,0.547945205479452,14.0
36043,2019,61319,4.787595063696637,185,185,0,0,0,0,0,45,37,29,0,185,0,0,50.68493150684932,0,0.0,20.9
36045,2019,109834,5.040736800284199,205,198,7,0,0,0,0,64,46,35,0,205,0,0,56.16438356164384,0,0.0,20.4
36045,2020,108095,5.033805605862375,360,345,15,0,0,0,0,90,44,33,0,360,0,0,98.36065573770492,0,0.0,17.6
36045,2021,116295,5.0655610430251885,351,332,19,0,0,0,0,97,46,32,0,351,0,0,96.16438356164385,0,0.0,19.9
36045,2022,114787,5.059892705588463,360,352,8,0,0,0,0,84,43,32,0,360,0,0,98.63013698630137,0,0.0,14.8
36047,2019,2559903,6.40822350931073,365,280,85,0,0,0,0,78,55,36,0,0,365,0,100.0,0,0.0,14.0
36047,2020,2538934,6.404651411465153,365,300,65,0,0,0,0,80,55,30,0,0,365,0,99.72677595628416,0,0.0,14.0
36047,2021,2641052,6.421776952168959,365,233,131,0,1,0,0,154,61,42,0,0,365,0,100.0,1,0.273972602739726,13.9
36047,2022,2561225,6.408447732301379,364,240,124,0,0,0,0,85,59,43,0,0,364,0,99.72602739726028,0,0.0,12.2
36055,2019,741770,5.870269264827154,365,272,93,0,0,0,0,90,57,40,0,140,225,0,100.0,0,0.0,17.6
36055,2020,740900,5.86975959478241,366,275,91,0,0,0,0,81,58,41,0,172,194,0,100.0,0,0.0,15.1
36055,2021,755160,5.878038977795111,365,239,126,0,0,0,0,100,61,43,0,131,234,0,100.0,0,0.0,16.7
36055,2022,748482,5.874181360598014,365,270,93,2,0,0,0,126,58,42,0,159,206,0,100.0,2,0.547945205479452,12.1
36059,2019,1356924,6.132555523927286,360,308,52,0,0,0,0,72,53,29,0,0,360,0,98.63013698630137,0,0.0,12.1
36059,2020,1351334,6.130762703892076,361,317,44,0,0,0,0,75,52,27,0,0,361,0,98.63387978142076,0,0.0,10.9
36059,2021,1390907,6.143298092797897,360,291,68,1,0,0,0,118,54,32,0,0,360,0,98.63013698630137,1,0.2777777777777778,11.1
36059,2022,1381715,6.14041847234961,361,303,58,0,0,0,0,68,53,29,0,0,361,0,98.9041095890411,0,0.0,8.7
36061,2019,1628706,6.211842696278389,365,219,144,2,0,0,0,136,62,46,0,124,241,0,100.0,2,0.547945205479452,11.4
36061,2020,1611989,6.207362073911007,366,258,107,1,0,0,0,108,61,40,0,174,190,0,100.0,1,0.273224043715847,11.4
36061,2021,1576876,6.1977975432762165,365,245,113,6,1,0,0,155,63,43,0,148,217,0,100.0,7,1.9178082191780823,11.2
36061,2022,1597451,6.203427545543435,365,234,130,1,0,0,0,105,61,43,0,146,219,0,100.0,1,0.273972602739726,8.5
36063,2019,209281,5.320729801823093,352,339,13,0,0,0,0,80,44,35,0,352,0,0,96.43835616438356,0,0.0,20.9
36063,2020,208396,5.318889378760887,359,340,19,0,0,0,0,87,46,34,0,359,0,0,98.08743169398907,0,0.0,18.3
36063,2021,211653,5.325624428605975,357,330,26,1,0,0,0,108,48,34,0,357,0,0,97.80821917808218,1,0.2801120448179272,20.3
36063,2022,209457,5.321094878951588,358,339,18,1,0,0,0,133,45,35,0,358,0,0,98.08219178082192,1,0.2793296089385474,14.0
36065,2019,228671,5.359211090979465,355,331,24,0,0,0,0,64,47,23,0,0,355,0,97.26027397260276,0,0.0,19.6
36065,2020,227346,5.356687317488962,349,324,25,0,0,0,0,81,48,21,0,0,349,0,95.3551912568306,0,0.0,17.3
36065,2021,230274,5.362244904989979,347,311,35,1,0,0,0,107,51,25,0,0,347,0,95.06849315068492,1,0.2881844380403458,21.2
36065,2022,227555,5.357086382573912,332,288,44,0,0,0,0,83,52,26,0,0,332,0,90.95890410958904,0,0.0,14.7
36067,2019,460528,5.663256040343542,365,301,64,0,0,0,0,77,55,39,0,221,144,0,100.0,0,0.0,17.3
36067,2020,459214,5.662015119873505,364,300,64,0,0,0,0,74,54,37,0,210,154,0,99.4535519125683,0,0.0,16.3
36067,2021,473236,5.675077774854151,365,279,85,1,0,0,0,113,58,39,0,187,178,0,100.0,1,0.273972602739726,19.4
36067,2022,467873,5.670127983663338,365,316,49,0,0,0,0,69,52,37,0,209,156,0,100.0,0,0.0,12.4
36071,2019,384940,5.585393041977091,365,307,58,0,0,0,0,74,54,39,0,202,163,0,100.0,0,0.0,15.4
36071,2020,385234,5.585724610126318,366,307,59,0,0,0,0,97,54,38,0,208,158,0,100.0,0,0.0,15.3
36071,2021,404525,5.606945366557793,364,294,69,1,0,0,0,149,56,37,0,207,157,0,99.72602739726028,1,0.2747252747252747,15.7
36071,2022,407470,5.6100956392991375,363,292,71,0,0,0,0,73,55,37,0,106,257,0,99.45205479452056,0,0.0,12.2
36075,2019,117124,5.06864589592285,321,316,5,0,0,0,0,67,45,34,0,321,0,0,87.94520547945206,0,0.0,21.4
36075,2020,116346,5.065751456743595,359,349,10,0,0,0,0,58,44,33,0,359,0,0,98.08743169398907,0,0.0,19.7
36075,2021,117387,5.069620003718442,360,337,23,0,0,0,0,97,46,34,0,360,0,0,98.63013698630137,0,0.0,20.7
36075,2022,118162,5.072477833197706,354,349,5,0,0,0,0,58,43,32,0,354,0,0,96.986301369863,0,0.0,16.2
36079,2019,98320,4.992641869878398,329,313,15,1,0,0,0,101,46,35,0,329,0,0,90.13698630136986,1,0.303951367781155,13.5
36079,2020,98532,4.993577298177411,314,308,6,0,0,0,0,64,44,33,0,314,0,0,85.79234972677595,0,0.0,12.5
36079,2021,97936,4.9909423621551126,353,334,18,1,0,0,0,112,47,35,0,353,0,0,96.7123287671233,1,0.28328611898017,13.4
36079,2022,98060,4.99149188891016,333,311,22,0,0,0,0,100,47,34,0,333,0,0,91.23287671232876,0,0.0,9.6
36081,2019,2253858,6.352926550681213,365,234,127,4,0,0,0,119,61,45,42,141,182,0,100.0,4,1.095890410958904,12.4
36081,2020,2225821,6.3474902355431455,366,258,105,3,0,0,0,140,64,43,25,170,171,0,100.0,3,0.819672131147541,13.0
36081,2021,2331143,6.367568915393608,365,215,141,8,1,0,0,154,67,47,13,112,240,0,100.0,9,2.4657534246575343,12.5
36081,2022,2252196,6.352606182810941,365,203,159,3,0,0,0,126,67,47,18,114,233,0,100.0,3,0.821917808219178,11.0
36085,2019,476143,5.677737403947629,365,275,90,0,0,0,0,97,60,41,0,177,188,0,100.0,0,0.0,15.5
36085,2020,475327,5.676992484225266,364,280,82,2,0,0,0,108,57,39,0,175,189,0,99.4535519125683,2,0.5494505494505495,15.1
36085,2021,493494,5.693281876797485,364,264,94,6,0,0,0,149,61,42,0,159,205,0,99.72602739726028,6,1.6483516483516485,16.0
36085,2022,490687,5.690804552166664,365,278,86,1,0,0,0,105,57,40,0,185,180,0,100.0,1,0.273972602739726,12.1
36087,2019,325789,5.512936416620895,365,314,50,1,0,0,0,112,53,39,0,268,97,0,100.0,1,0.273972602739726,13.4
36087,2020,326225,5.51351723980056,366,319,47,0,0,0,0,93,53,36,0,251,115,0,100.0,0,0.0,13.8
36087,2021,339227,5.53049041163995,362,314,47,0,1,0,0,155,53,37,0,240,122,0,99.17808219178085,1,0.2762430939226519,14.9
36087,2022,340807,5.532508506370932,365,315,50,0,0,0,0,90,53,38,0,251,114,0,100.0,0,0.0,11.8
36091,2019,229863,5.361469070490552,331,328,3,0,0,0,0,58,44,33,0,331,0,0,90.68493150684932,0,0.0,15.0
36091,2020,230298,5.362290166393517,319,315,4,0,0,0,0,61,44,33,0,319,0,0,87.1584699453552,0,0.0,15.3
36091,2021,237359,5.375405703618034,354,339,15,0,0,0,0,93,45,31,0,354,0,0,96.986301369863,0,0.0,15.3
36091,2022,238711,5.377872432116221,362,354,8,0,0,0,0,74,44,32,0,362,0,0,99.17808219178085,0,0.0,10.7
36101,2019,95379,4.979452764766347,365,315,50,0,0,0,0,69,53,37,0,208,157,0,100.0,0,0.0,21.2
36101,2020,94657,4.976152736091284,365,330,35,0,0,0,0,81,49,36,0,249,116,0,99.72677595628416,0,0.0,19.5
36101,2021,92948,4.968240049317076,365,285,79,1,0,0,0,124,59,38,0,187,178,0,100.0,1,0.273972602739726,19.9
36101,2022,92162,4.964551890770317,365,326,39,0,0,0,0,71,51,38,0,220,145,0,100.0,0,0.0,15.0
36103,2019,1476601,6.16926315820424,365,276,80,9,0,0,0,150,64,43,0,261,104,0,100.0,9,2.4657534246575343,13.7
36103,2020,1474273,6.168577911891707,366,282,78,6,0,0,0,133,63,40,0,248,118,0,100.0,6,1.639344262295082,13.4
36103,2021,1526344,6.183652423832027,365,281,73,10,1,0,0,154,58,42,0,247,118,0,100.0,11,3.0136986301369864,12.5
36103,2022,1523170,6.182748377362115,365,272,85,8,0,0,0,133,60,42,0,253,112,0,100.0,8,2.191780821917808,9.7
36109,2019,102180,5.009365898346244,356,349,7,0,0,0,0,61,45,35,0,356,0,0,97.53424657534246,0,0.0,15.2
36109,2020,101058,5.004570699032247,364,359,5,0,0,0,0,64,44,34,0,364,0,0,99.4535519125683,0,0.0,14.7
36109,2021,105162,5.021858837045434,360,334,25,1,0,0,0,105,48,35,0,360,0,0,98.63013698630137,1,0.2777777777777778,14.3
36109,2022,103558,5.015183654380146,361,349,12,0,0,0,0,67,44,36,0,361,0,0,98.9041095890411,0,0.0,10.8
36117,2019,89918,4.953846638542784,268,253,15,0,0,0,0,90,47,35,0,268,0,0,73.42465753424658,0,0.0,19.2
36117,2020,89339,4.951041086965991,327,305,22,0,0,0,0,80,46,34,0,327,0,0,89.34426229508196,0,0.0,17.9
36117,2021,90923,4.958673756814825,354,333,21,0,0,0,0,100,47,33,0,354,0,0,96.986301369863,0,0.0,19.7
36117,2022,90829,4.958224532762944,343,333,9,1,0,0,0,101,44,33,0,343,0,0,93.97260273972604,1,0.2915451895043732,14.2
36119,2019,967506,5.98565366698171,365,309,55,1,0,0,0,105,55,38,0,262,103,0,100.0,1,0.273972602739726,10.7
36119,2020,965802,5.984888100410014,363,305,57,1,0,0,0,105,55,38,0,253,110,0,99.18032786885246,1,0.2754820936639118,11.2
36119,2021,997895,5.999084846578339,365,307,52,6,0,0,0,143,56,38,0,258,107,0,100.0,6,1.643835616438356,10.9
36119,2022,990817,5.995993449410423,365,300,65,0,0,0,0,100,55,38,0,248,117,0,100.0,0,0.0,9.3
37003,2019,37497,4.57399652277935,305,274,31,0,0,0,0,80,51,39,0,245,0,60,83.56164383561644,0,0.0,22.4
37003,2020,37441,4.573347439656937,300,297,3,0,0,0,0,54,45,33,0,243,0,57,81.9672131147541,0,0.0,21.8
37003,2021,36644,4.56400287446935,245,212,33,0,0,0,0,80,54,41,0,245,0,0,67.12328767123287,0,0.0,18.4
37003,2022,36473,4.56197148664423,300,280,20,0,0,0,0,90,49,37,0,245,0,55,82.1917808219178,0,0.0,17.1
37021,2019,261191,5.416958208140258,365,277,88,0,0,0,0,84,55,42,0,146,219,0,100.0,0,0.0,17.1
37021,2020,263477,5.4207427098367935,363,329,34,0,0,0,0,97,50,34,0,154,209,0,99.18032786885246,0,0.0,16.6
37021,2021,271534,5.433824217305664,365,278,87,0,0,0,0,81,57,41,0,123,242,0,100.0,0,0.0,14.4
37021,2022,275901,5.440753274577391,365,291,74,0,0,0,0,74,54,38,0,160,205,0,100.0,0,0.0,12.5
37027,2019,82178,4.914755567449905,243,214,29,0,0,0,0,74,54,42,0,243,0,0,66.57534246575342,0,0.0,23.8
37027,2020,82100,4.914343157119441,243,243,0,0,0,0,0,50,44,34,0,243,0,0,66.39344262295081,0,0.0,22.0
37027,2021,80463,4.905596220867071,243,219,24,0,0,0,0,77,50,40,0,243,0,0,66.57534246575342,0,0.0,19.5
37027,2022,80574,4.906194924210101,245,224,21,0,0,0,0,74,50,40,0,245,0,0,67.12328767123287,0,0.0,17.3
37031,2019,69473,4.841816053089334,259,239,20,0,0,0,0,80,50,37,0,259,0,0,70.95890410958904,0,0.0,18.8
37031,2020,69558,4.842347086248286,362,359,3,0,0,0,0,61,43,34,0,362,0,0,98.90710382513662,0,0.0,17.2
37031,2021,68541,4.835950436412986,352,337,15,0,0,0,0,97,47,35,0,352,0,0,96.43835616438356,0,0.0,15.7
37031,2022,69615,4.842702827474711,359,346,13,0,0,0,0,77,46,35,0,359,0,0,98.35616438356163,0,0.0,13.1
37035,2019,159551,5.202899530517125,361,215,146,0,0,0,0,74,59,44,0,0,361,0,98.9041095890411,0,0.0,20.4
37035,2020,160307,5.204952486764615,357,247,110,0,0,0,0,95,58,42,0,0,357,0,97.54098360655738,0,0.0,19.3
37035,2021,161723,5.208771789001986,344,197,147,0,0,0,0,94,61,46,0,0,344,0,94.24657534246576,0,0.0,17.3
37035,2022,164645,5.216548546433404,355,234,121,0,0,0,0,81,59,44,0,0,355,0,97.26027397260276,0,0.0,15.0
37051,2019,335509,5.525704174573304,363,236,127,0,0,0,0,84,61,44,0,156,204,3,99.45205479452056,0,0.0,19.5
37051,2020,336364,5.526809508416064,363,280,83,0,0,0,0,83,56,39,0,120,240,3,99.18032786885246,0,0.0,20.1
37051,2021,335508,5.525702880136704,365,227,137,1,0,0,0,107,64,44,0,124,241,0,100.0,1,0.273972602739726,17.0
37051,2022,337890,5.528775338832949,360,231,128,1,0,0,0,115,61,45,0,136,214,10,98.63013698630137,1,0.2777777777777778,15.6
37057,2019,167609,5.224297334970839,350,199,151,0,0,0,0,92,61,47,0,0,350,0,95.8904109589041,0,0.0,22.3
37057,2020,169234,5.228487619512701,329,206,123,0,0,0,0,96,60,43,0,0,329,0,89.89071038251366,0,0.0,20.4
37057,2021,170637,5.232073207098552,343,190,153,0,0,0,0,97,62,47,0,0,343,0,93.97260273972604,0,0.0,18.6
37057,2022,174804,5.242551366273508,354,196,158,0,0,0,0,86,61,47,0,0,354,0,96.986301369863,0,0.0,16.0
37063,2019,321488,5.50716476689929,364,207,157,0,0,0,0,87,60,47,0,138,226,0,99.72602739726028,0,0.0,15.2
37063,2020,327306,5.514953966637084,364,276,88,0,0,0,0,97,55,40,0,111,252,1,99.4535519125683,0,0.0,14.5
37063,2021,326126,5.513385423787284,365,238,127,0,0,0,0,90,59,44,0,116,249,0,100.0,0,0.0,13.2
37063,2022,336892,5.527490698137229,365,273,92,0,0,0,0,93,55,42,0,155,209,1,100.0,0,0.0,11.0
37065,2019,51472,4.711571043557894,363,275,88,0,0,0,0,71,55,40,0,136,227,0,99.45205479452056,0,0.0,24.6
37065,2020,50829,4.706111565560386,336,287,49,0,0,0,0,95,53,35,0,135,201,0,91.8032786885246,0,0.0,22.8
37065,2021,48359,4.684477311647539,363,292,71,0,0,0,0,90,55,38,0,171,192,0,99.45205479452056,0,0.0,21.3
37065,2022,48832,4.688704511938767,356,312,44,0,0,0,0,93,52,37,0,175,181,0,97.53424657534246,0,0.0,18.4
37067,2019,382295,5.582398617959887,365,175,190,0,0,0,0,97,66,51,6,114,245,0,100.0,0,0.0,17.9
37067,2020,383843,5.584153624950439,366,233,133,0,0,0,0,97,60,45,2,113,251,0,100.0,0,0.0,16.9
37067,2021,385523,5.586050292828264,365,201,161,3,0,0,0,124,66,48,0,131,234,0,100.0,3,0.821917808219178,16.3
37067,2022,392921,5.594305240673342,365,209,155,1,0,0,0,137,61,48,1,130,234,0,100.0,1,0.273972602739726,13.8
37077,2019,60443,4.781346011774066,240,195,45,0,0,0,0,87,64,44,0,240,0,0,65.75342465753424,0,0.0,20.6
37077,2020,60486,4.78165486512618,238,237,1,0,0,0,0,51,46,36,0,238,0,0,65.02732240437157,0,0.0,19.6
37077,2021,61986,4.79229361192865,242,237,5,0,0,0,0,67,46,38,0,242,0,0,66.3013698630137,0,0.0,18.2
37077,2022,62192,4.793734523287191,244,223,20,1,0,0,0,112,50,42,0,244,0,0,66.84931506849315,1,0.4098360655737705,15.5
37081,2019,537174,5.730114984023127,365,244,121,0,0,0,0,90,61,44,0,180,166,19,100.0,0,0.0,18.7
37081,2020,540521,5.732812571567686,365,288,77,0,0,0,0,88,55,40,0,147,214,4,99.72677595628416,0,0.0,16.8
37081,2021,542410,5.734327687689363,365,245,120,0,0,0,0,100,62,44,0,154,209,2,100.0,0,0.0,14.5
37081,2022,549866,5.740256866674258,365,223,142,0,0,0,0,84,59,46,0,126,228,11,100.0,0,0.0,13.5
37087,2019,62317,4.794606537815884,276,211,65,0,0,0,0,97,64,45,0,244,32,0,75.61643835616438,0,0.0,19.8
37087,2020,62972,4.799147486777851,272,244,28,0,0,0,0,93,51,41,0,242,30,0,74.31693989071039,0,0.0,19.3
37087,2021,62476,4.7957132162351614,283,229,54,0,0,0,0,93,61,43,0,240,43,0,77.53424657534246,0,0.0,17.2
37087,2022,62969,4.799126796399881,280,234,45,1,0,0,0,108,58,43,0,242,38,0,76.71232876712328,1,0.3571428571428571,14.4
37101,2019,209339,5.320850145237701,363,224,139,0,0,0,0,87,60,46,0,106,257,0,99.45205479452056,0,0.0,19.3
37101,2020,216246,5.334948082869826,339,266,73,0,0,0,0,75,55,39,0,136,203,0,92.62295081967213,0,0.0,18.0
37101,2021,226504,5.3550758759408525,365,240,125,0,0,0,0,97,60,44,0,104,261,0,100.0,0,0.0,16.5
37101,2022,241955,5.383734601232709,365,271,93,1,0,0,0,140,55,42,0,128,237,0,100.0,1,0.273972602739726,13.9
37107,2019,55949,4.747792328605869,237,205,32,0,0,0,0,87,54,42,0,237,0,0,64.93150684931507,0,0.0,24.1
37107,2020,55720,4.746011107751926,296,290,6,0,0,0,0,58,45,32,0,238,0,58,80.87431693989072,0,0.0,22.8
37107,2021,54706,4.738034961141285,306,284,22,0,0,0,0,97,49,34,0,241,0,65,83.83561643835617,0,0.0,22.7
37107,2022,54895,4.73953278941733,241,217,23,1,0,0,0,108,50,39,0,241,0,0,66.02739726027397,1,0.4149377593360996,20.0
37109,2019,86111,4.935058632686647,243,178,65,0,0,0,0,97,64,44,0,243,0,0,66.57534246575342,0,0.0,19.3
37109,2020,88097,4.944961119471875,243,241,2,0,0,0,0,71,45,35,0,243,0,0,66.39344262295081,0,0.0,18.2
37109,2021,89670,4.952647169758943,243,205,38,0,0,0,0,97,58,42,0,243,0,0,66.57534246575342,0,0.0,16.4
37109,2022,95675,4.980798470896537,243,202,40,1,0,0,0,108,58,43,0,243,0,0,66.57534246575342,1,0.411522633744856,14.0
37117,2019,22440,4.351022852584124,295,261,34,0,0,0,0,74,51,40,0,237,0,58,80.82191780821918,0,0.0,23.3
37117,2020,22178,4.345922379138341,240,240,0,0,0,0,0,49,42,33,0,240,0,0,65.57377049180327,0,0.0,22.8
37117,2021,21754,4.337539124196711,296,291,5,0,0,0,0,74,46,32,0,238,0,58,81.0958904109589,0,0.0,21.4
37117,2022,21447,4.331366551785781,289,282,7,0,0,0,0,80,44,34,0,244,0,45,79.17808219178082,0,0.0,18.2
37119,2019,1110356,6.045462243694521,365,161,194,10,0,0,0,136,71,52,1,146,218,0,100.0,10,2.73972602739726,14.9
37119,2020,1128945,6.052672784459654,366,213,151,2,0,0,0,112,59,46,0,119,247,0,100.0,2,0.546448087431694,13.9
37119,2021,1122276,6.0500996755802445,365,188,175,2,0,0,0,128,67,49,0,108,257,0,100.0,2,0.547945205479452,12.6
37119,2022,1163701,6.06584140752097,365,190,173,2,0,0,0,119,67,50,0,142,223,0,100.0,2,0.547945205479452,10.7
37121,2019,14964,4.175047699526168,333,290,43,0,0,0,0,63,52,29,0,0,333,0,91.23287671232876,0,0.0,21.2
37121,2020,14881,4.172632116686294,356,328,27,1,0,0,0,103,48,26,0,0,356,0,97.26775956284152,1,0.2808988764044944,20.1
37121,2021,14963,4.175018675936629,356,296,60,0,0,0,0,82,53,31,0,0,356,0,97.53424657534246,0,0.0,17.6
37121,2022,14999,4.176062305125079,346,298,48,0,0,0,0,69,53,31,0,0,346,0,94.7945205479452,0,0.0,15.1
37123,2019,27173,4.434137588786735,365,256,109,0,0,0,0,71,58,44,0,153,212,0,100.0,0,0.0,21.3
37123,2020,27238,4.435175215544276,366,281,85,0,0,0,0,85,55,40,0,107,259,0,100.0,0,0.0,20.9
37123,2021,25798,4.411586038419363,365,257,108,0,0,0,0,80,58,43,0,139,226,0,100.0,0,0.0,19.2
37123,2022,26085,4.416390841058393,363,263,100,0,0,0,0,80,58,43,0,167,196,0,99.45205479452056,0,0.0,16.9
37129,2019,234473,5.370092840116697,348,305,43,0,0,0,0,80,53,37,0,209,139,0,95.34246575342463,0,0.0,16.9
37129,2020,236613,5.374038601970548,357,328,29,0,0,0,0,77,48,34,0,210,147,0,97.54098360655738,0,0.0,16.1
37129,2021,229018,5.359869617682509,360,286,74,0,0,0,0,93,55,40,0,105,255,0,98.63013698630137,0,0.0,14.3
37129,2022,238852,5.378128882149945,361,268,93,0,0,0,0,80,55,42,0,93,268,0,98.9041095890411,0,0.0,12.2
37131,2020,19088,4.280760426326267,360,303,57,0,0,0,0,90,53,29,41,0,319,0,98.36065573770492,0,0.0,23.3
37131,2021,17129,4.233732009366046,363,270,93,0,0,0,0,94,57,34,4,0,359,0,99.45205479452056,0,0.0,22.0
37131,2022,16715,4.223106380928587,362,284,78,0,0,0,0,71,55,33,5,0,357,0,99.17808219178085,0,0.0,18.4
37147,2019,180742,5.257059083655393,352,271,81,0,0,0,0,87,55,41,0,156,196,0,96.43835616438356,0,0.0,19.2
37147,2020,182924,5.262270689532032,361,313,48,0,0,0,0,95,52,36,0,152,209,0,98.63387978142076,0,0.0,18.2
37147,2021,172169,5.2359549569845205,360,288,72,0,0,0,0,81,55,39,0,137,223,0,98.63013698630137,0,0.0,16.7
37147,2022,175119,5.2433332685706,365,305,60,0,0,0,0,97,52,37,0,144,221,0,100.0,0,0.0,15.0
37157,2019,91010,4.9590891143673925,245,207,38,0,0,0,0,84,58,44,0,245,0,0,67.12328767123287,0,0.0,22.9
37157,2020,91285,4.960399419895466,243,238,5,0,0,0,0,54,47,36,0,243,0,0,66.39344262295081,0,0.0,22.0
37157,2021,91266,4.960309016718425,239,200,39,0,0,0,0,90,58,43,0,239,0,0,65.47945205479452,0,0.0,20.0
37157,2022,92518,4.966226235876013,239,219,20,0,0,0,0,80,50,41,0,239,0,0,65.47945205479452,0,0.0,17.6
37159,2019,142088,5.152557401264233,365,276,89,0,0,0,0,100,67,44,0,319,46,0,100.0,0,0.0,20.7
37159,2020,142495,5.153799625674308,365,253,112,0,0,0,0,90,57,43,0,160,205,0,99.72677595628416,0,0.0,20.5
37159,2021,148150,5.17070165581607,364,244,120,0,0,0,0,87,63,44,0,181,183,0,99.72602739726028,0,0.0,19.3
37159,2022,151661,5.180873915247076,364,230,134,0,0,0,0,87,59,46,0,180,184,0,99.72602739726028,0,0.0,16.2
37173,2019,14271,4.154454406139564,362,259,103,0,0,0,0,90,56,42,0,121,241,0,99.17808219178085,0,0.0,26.3
37173,2020,14179,4.151645602511628,362,301,60,1,0,0,0,119,53,38,0,136,226,0,98.90710382513662,1,0.2762430939226519,24.5
37173,2021,14136,4.150326536498707,354,261,92,1,0,0,0,147,58,40,0,200,154,0,96.986301369863,1,0.2824858757062147,22.6
37173,2022,13916,4.143514420075551,365,275,90,0,0,0,0,89,57,43,0,102,263,0,100.0,0,0.0,20.4
37179,2019,239859,5.379956018724393,235,175,57,3,0,0,0,105,64,45,0,235,0,0,64.38356164383562,3,1.276595744680851,17.7
37179,2020,244562,5.388388977343041,242,242,0,0,0,0,0,50,44,31,0,242,0,0,66.12021857923497,0,0.0,15.8
37179,2021,243648,5.386762850798254,244,209,34,1,0,0,0,101,58,42,0,244,0,0,66.84931506849315,1,0.4098360655737705,13.6
37179,2022,256452,5.409006090360544,244,218,26,0,0,0,0,100,51,41,0,244,0,0,66.84931506849315,0,0.0,11.8
37183,2019,1111761,6.046011435144284,365,141,224,0,0,0,0,93,64,53,1,90,273,0,100.0,0,0.0,12.6
37183,2020,1132271,6.053950384201137,365,222,142,1,0,0,0,101,61,46,1,94,269,0,99.72677595628416,1,0.273972602739726,11.5
37183,2021,1150204,6.060774873585917,365,199,166,0,0,0,0,96,65,48,1,109,255,0,100.0,0,0.0,10.5
37183,2022,1190275,6.075647311968035,365,228,136,1,0,0,0,122,59,46,0,153,212,0,100.0,1,0.273972602739726,9.5
37199,2019,18069,4.256934117890243,244,191,53,0,0,0,0,87,64,45,0,244,0,0,66.84931506849315,0,0.0,22.0
37199,2020,18099,4.257654580036067,244,204,39,1,0,0,0,105,58,44,0,244,0,0,66.66666666666666,1,0.4098360655737705,20.5
37199,2021,18757,4.273163378412345,240,186,54,0,0,0,0,90,61,44,0,240,0,0,65.75342465753424,0,0.0,18.7
37199,2022,18938,4.277334112215984,242,200,42,0,0,0,0,93,61,44,0,242,0,0,66.3013698630137,0,0.0,16.6
38013,2019,2115,3.325310371711061,365,348,17,0,0,0,0,67,47,34,1,302,62,0,100.0,0,0.0,17.7
38013,2020,2118,3.325925955771466,366,340,26,0,0,0,0,73,47,35,0,244,119,3,100.0,0,0.0,17.6
38013,2021,2158,3.334051440346892,365,283,73,7,2,0,0,183,67,38,0,222,141,2,100.0,9,2.4657534246575343,15.4
38013,2022,2134,3.329194415088451,363,304,59,0,0,0,0,77,55,40,0,210,150,3,99.45205479452056,0,0.0,13.5
38015,2019,95626,4.980575989779568,365,299,66,0,0,0,0,90,55,36,5,155,205,0,100.0,0,0.0,16.5
38015,2020,96212,4.983229242607108,366,302,64,0,0,0,0,77,55,37,2,146,216,2,100.0,0,0.0,15.1
38015,2021,98933,4.995341178628522,365,265,83,12,5,0,0,183,70,38,3,124,235,3,100.0,17,4.657534246575342,14.7
38015,2022,100012,5.000052112211158,365,260,105,0,0,0,0,99,59,39,3,104,254,4,100.0,0,0.0,12.1
38017,2019,181923,5.2598876091329245,363,301,60,1,1,0,0,157,54,36,7,197,159,0,99.45205479452056,2,0.5509641873278237,16.1
38017,2020,183904,5.264591175453604,363,303,60,0,0,0,0,80,53,37,6,188,169,0,99.18032786885246,0,0.0,15.8
38017,2021,186562,5.270823188869594,363,227,119,8,8,1,0,211,74,42,0,132,231,0,99.45205479452056,17,4.683195592286501,13.2
38017,2022,196362,5.293057446856944,365,285,79,1,0,0,0,111,59,40,1,163,201,0,100.0,1,0.273972602739726,12.0
38025,2019,4424,3.645815118296642,365,343,22,0,0,0,0,87,47,35,0,303,62,0,100.0,0,0.0,17.7
38025,2020,4465,3.649821463224565,366,347,19,0,0,0,0,62,46,34,0,311,55,0,100.0,0,0.0,19.0
38025,2021,4035,3.6058435390580894,365,277,78,7,3,0,0,184,68,39,0,238,125,2,100.0,10,2.73972602739726,17.0
38025,2022,4019,3.604118006192035,362,308,54,0,0,0,0,82,53,37,1,244,113,4,99.17808219178085,0,0.0,15.0
38053,2019,15024,4.176785574922036,365,343,22,0,0,0,0,77,49,35,1,309,55,0,100.0,0,0.0,18.5
38053,2020,15242,4.18304195729064,363,346,17,0,0,0,0,66,44,34,1,306,56,0,99.18032786885246,0,0.0,19.4
38053,2021,13819,4.140476616830133,356,286,62,6,2,0,0,183,72,36,0,237,116,3,97.53424657534246,8,2.247191011235955,17.5
38053,2022,14252,4.153875813678978,331,294,37,0,0,0,0,75,51,35,0,234,97,0,90.68493150684932,0,0.0,15.0
38057,2019,8187,3.913124790389559,365,301,64,0,0,0,0,72,53,38,0,204,161,0,100.0,0,0.0,18.3
38057,2020,8174,3.912434633375575,366,328,38,0,0,0,0,78,51,36,4,241,121,0,100.0,0,0.0,17.9
38057,2021,8323,3.920279894632949,365,279,77,5,4,0,0,174,68,38,2,218,145,0,100.0,9,2.4657534246575343,17.5
38057,2022,8309,3.919548758968848,365,318,47,0,0,0,0,72,52,36,1,241,123,0,100.0,0,0.0,15.4
38101,2019,67641,4.83021001955361,364,336,28,0,0,0,0,87,46,31,5,217,138,4,99.72602739726028,0,0.0,17.5
38101,2020,68466,4.835474955752928,366,344,22,0,0,0,0,73,44,35,1,253,112,0,100.0,0,0.0,16.8
38101,2021,69071,4.839295743704685,360,284,62,10,4,0,0,173,67,37,1,180,179,0,98.63013698630137,14,3.888888888888889,15.6
38101,2022,68332,4.834624132214746,359,315,44,0,0,0,0,79,52,37,0,213,146,0,98.35616438356163,0,0.0,13.3
38105,2019,37589,4.575060772102248,362,324,38,0,0,0,0,77,51,34,0,263,97,2,99.17808219178085,0,0.0,18.2
39001,2019,27698,4.442448410930069,327,294,33,0,0,0,0,66,51,28,0,0,327,0,89.58904109589041,0,0.0,30.2
39001,2020,27531,4.439821986424003,287,215,72,0,0,0,0,83,55,39,0,0,287,0,78.41530054644808,0,0.0,29.2
39003,2019,102351,5.010092090206735,332,229,103,0,0,0,0,97,61,44,0,167,165,0,90.95890410958904,0,0.0,22.8
39003,2020,101980,5.008515007631455,360,289,70,1,0,0,0,105,57,40,0,202,158,0,98.36065573770492,1,0.2777777777777778,22.9
39003,2021,101670,5.007192823557041,365,260,105,0,0,0,0,87,61,42,0,178,187,0,100.0,0,0.0,21.9
39003,2022,100838,5.003624223383053,365,272,93,0,0,0,0,97,59,41,0,191,174,0,100.0,0,0.0,17.6
39007,2019,97241,4.987849416360612,245,221,23,1,0,0,0,112,50,39,0,245,0,0,67.12328767123287,1,0.4081632653061224,27.0
39007,2020,96513,4.984585815395709,241,224,17,0,0,0,0,93,47,37,0,241,0,0,65.84699453551912,0,0.0,27.2
39007,2021,97337,4.98827795682917,243,213,28,2,0,0,0,112,58,38,0,243,0,0,66.57534246575342,2,0.823045267489712,26.8
39007,2022,96845,4.986077203491227,239,211,23,5,0,0,0,133,54,38,0,239,0,0,65.47945205479452,5,2.092050209205021,20.5
39013,2019,67006,4.826113693002651,365,327,38,0,0,0,0,69,51,15,250,0,91,9,100.0,0,0.0,25.8
39013,2020,65932,4.819096249955589,366,347,19,0,0,0,0,69,40,13,274,0,87,5,100.0,0,0.0,24.3
39013,2021,65849,4.818549184039192,363,320,43,0,0,0,0,77,53,14,247,0,108,8,99.45205479452056,0,0.0,22.2
39013,2022,64918,4.812365131574042,360,338,22,0,0,0,0,64,44,15,252,0,105,3,98.63013698630137,0,0.0,18.6
39017,2019,383134,5.583350693766382,364,236,126,2,0,0,0,101,70,44,0,267,92,5,99.72602739726028,2,0.5494505494505495,21.8
39017,2020,385648,5.586191083420009,366,279,84,3,0,0,0,126,61,41,0,286,78,2,100.0,3,0.819672131147541,20.0
39017,2021,390234,5.5913251055738895,365,128,232,5,0,0,0,116,75,55,0,64,289,12,100.0,5,1.36986301369863,18.1
39017,2022,393043,5.594440066001774,365,146,215,4,0,0,0,119,71,53,0,73,284,8,100.0,4,1.095890410958904,15.2
39023,2019,134083,5.127373718386963,362,147,213,2,0,0,0,105,67,53,0,102,260,0,99.17808219178085,2,0.5524861878453038,24.9
39023,2020,133593,5.125783702592981,343,218,124,1,0,0,0,108,61,44,0,145,198,0,93.71584699453553,1,0.2915451895043732,23.9
39023,2021,135633,5.13236536780746,365,169,196,0,0,0,0,100,68,52,0,78,287,0,100.0,0,0.0,21.9
39023,2022,134610,5.129077324252736,338,212,125,1,0,0,0,129,63,46,0,107,231,0,92.6027397260274,1,0.2958579881656805,18.5
39025,2019,206428,5.314768604877388,358,247,107,4,0,0,0,140,61,44,0,177,181,0,98.08219178082192,4,1.11731843575419,23.1
39025,2020,207449,5.316911345670036,361,296,65,0,0,0,0,100,54,39,0,171,190,0,98.63387978142076,0,0.0,21.2
39025,2021,209642,5.321478294251413,364,263,101,0,0,0,0,97,58,42,0,171,193,0,99.72602739726028,0,0.0,19.7
39025,2022,211972,5.326278497491964,360,238,121,1,0,0,0,129,59,44,0,146,214,0,98.63013698630137,1,0.2777777777777778,15.7
39027,2019,41968,4.622918273246278,244,203,41,0,0,0,0,100,58,43,0,244,0,0,66.84931506849315,0,0.0,25.6
39027,2020,41921,4.622431633930392,229,205,24,0,0,0,0,97,54,39,0,229,0,0,62.56830601092896,0,0.0,24.8
39027,2021,42004,4.6232906498076645,240,209,31,0,0,0,0,84,54,39,0,240,0,0,65.75342465753424,0,0.0,21.9
39027,2022,41938,4.62260771535978,245,216,28,1,0,0,0,140,54,40,0,245,0,0,67.12328767123287,1,0.4081632653061224,18.3
39035,2019,1235072,6.091692276050131,365,116,245,4,0,0,0,108,74,56,0,78,277,10,100.0,4,1.095890410958904,21.5
39035,2020,1227883,6.089156986613649,366,148,208,9,1,0,0,152,70,54,0,95,267,4,100.0,10,2.73224043715847,21.1
39035,2021,1249387,6.0966969827548425,365,100,261,4,0,0,0,115,77,57,0,75,284,6,100.0,4,1.095890410958904,18.7
39035,2022,1233088,6.090994071365119,365,137,220,6,2,0,0,158,76,54,3,74,285,1,100.0,8,2.191780821917808,15.2
39041,2019,209177,5.320513930089022,241,214,27,0,0,0,0,84,51,41,0,241,0,0,66.02739726027397,0,0.0,15.0
39041,2020,213554,5.329507710446328,244,222,21,1,0,0,0,101,50,38,0,244,0,0,66.66666666666666,1,0.4098360655737705,14.5
39041,2021,220740,5.343881038214771,240,222,18,0,0,0,0,77,49,38,0,240,0,0,65.75342465753424,0,0.0,11.1
39041,2022,231636,5.364806056723577,244,230,14,0,0,0,0,100,47,37,0,244,0,0,66.84931506849315,0,0.0,9.9
39049,2019,1316756,6.119505305963222,365,157,207,1,0,0,0,101,68,53,0,111,253,1,100.0,1,0.273972602739726,20.3
39049,2020,1324624,6.122092619481171,366,232,132,2,0,0,0,102,61,45,3,131,232,0,100.0,2,0.546448087431694,19.4
39049,2021,1321414,6.121038903721382,365,170,195,0,0,0,0,100,70,52,1,88,276,0,100.0,0,0.0,17.0
39049,2022,1326063,6.122564157479322,365,206,157,2,0,0,0,143,67,48,1,109,254,1,100.0,2,0.547945205479452,14.0
39055,2019,93649,4.971503144265441,230,189,39,2,0,0,0,119,61,42,0,230,0,0,63.013698630136986,2,0.8695652173913043,19.1
39055,2020,93271,4.969746633052698,245,214,31,0,0,0,0,100,61,41,0,245,0,0,66.93989071038251,0,0.0,19.1
39055,2021,95565,4.980298864137723,216,176,40,0,0,0,0,97,71,41,0,216,0,0,59.17808219178082,0,0.0,16.4
39055,2022,95407,4.979580240006466,239,210,27,2,0,0,0,119,54,40,0,239,0,0,65.47945205479452,2,0.8368200836820083,13.3
39057,2019,168937,5.227724777670622,243,213,30,0,0,0,0,90,54,41,0,243,0,0,66.57534246575342,0,0.0,18.6
39057,2020,170122,5.230760479754766,245,220,25,0,0,0,0,93,51,39,0,245,0,0,66.93989071038251,0,0.0,18.3
39057,2021,168412,5.2263730334113,244,221,23,0,0,0,0,97,50,39,0,244,0,0,66.84931506849315,0,0.0,15.9
39057,2022,169691,5.229658809000127,242,209,32,1,0,0,0,119,51,40,0,242,0,0,66.3013698630137,1,0.4132231404958678,12.9
39061,2019,817473,5.912473417424488,365,99,260,6,0,0,0,119,77,57,4,88,273,0,100.0,6,1.643835616438356,20.0
39061,2020,817985,5.912745339763061,366,105,254,7,0,0,0,126,71,55,4,69,293,0,100.0,7,1.912568306010929,21.1
39061,2021,826139,5.917053124625775,365,109,251,5,0,0,0,140,77,56,6,58,301,0,100.0,5,1.36986301369863,17.2
39061,2022,827058,5.917535966864153,365,125,236,3,1,0,0,151,71,54,7,75,283,0,100.0,4,1.095890410958904,14.3
39067,2019,15040,4.177247836255623,293,277,16,0,0,0,0,64,41,2,0,0,57,0,80.27397260273973,0,0.0,27.8
39067,2020,15014,4.176496411530366,304,295,9,0,0,0,0,56,30,1,0,0,41,4,83.06010928961749,0,0.0,26.8
39067,2021,14477,4.160678574400385,232,216,16,0,0,0,0,68,42,5,0,0,54,3,63.56164383561645,0,0.0,23.2
39081,2019,65325,4.815079418399363,364,143,219,2,0,0,0,123,66,53,0,47,317,0,99.72602739726028,2,0.5494505494505495,26.4
39081,2020,64939,4.81250559661173,359,263,95,1,0,0,0,112,61,42,0,159,199,1,98.08743169398907,1,0.2785515320334262,26.0
39081,2021,64789,4.8115012767838286,358,123,232,2,1,0,0,157,74,55,0,49,309,0,98.08219178082192,3,0.8379888268156425,24.1
39081,2022,64026,4.806356370289087,365,149,216,0,0,0,0,97,67,53,0,64,301,0,100.0,0,0.0,18.6
39083,2019,62322,4.794641382004472,245,218,27,0,0,0,0,93,51,41,0,245,0,0,67.12328767123287,0,0.0,21.7
39083,2020,62423,4.795344636680122,245,226,19,0,0,0,0,80,49,38,0,245,0,0,66.93989071038251,0,0.0,21.6
39083,2021,62897,4.798629931382995,245,225,20,0,0,0,0,97,49,38,0,245,0,0,67.12328767123287,0,0.0,20.5
39083,2022,63320,4.801540906190319,245,225,19,1,0,0,0,119,50,39,0,245,0,0,67.12328767123287,1,0.4081632653061224,16.4
39085,2019,230149,5.362009092219672,365,292,68,5,0,0,0,115,58,40,0,187,178,0,100.0,5,1.36986301369863,20.5
39085,2020,229569,5.360913242445887,366,296,64,6,0,0,0,140,57,40,0,173,191,2,100.0,6,1.639344262295082,19.0
39085,2021,232023,5.365531037813241,365,251,107,7,0,0,0,122,66,41,0,148,216,1,100.0,7,1.9178082191780823,17.2
39085,2022,231640,5.364813556261336,365,281,80,4,0,0,0,150,60,41,0,188,174,3,100.0,4,1.095890410958904,14.8
39087,2019,59463,4.774246816247643,365,263,102,0,0,0,0,77,55,43,0,131,234,0,100.0,0,0.0,27.2
39087,2020,59091,4.771521339629474,354,279,75,0,0,0,0,77,56,40,0,149,205,0,96.72131147540983,0,0.0,26.3
39087,2021,57445,4.759252233774364,365,210,155,0,0,0,0,99,62,46,0,85,280,0,100.0,0,0.0,24.1
39087,2022,56118,4.749102184729067,361,220,141,0,0,0,0,74,58,45,0,89,272,0,98.9041095890411,0,0.0,19.8
39089,2019,176862,5.247634531818165,245,223,22,0,0,0,0,80,50,41,0,245,0,0,67.12328767123287,0,0.0,21.8
39089,2020,178100,5.250663919463244,245,230,15,0,0,0,0,77,48,37,0,245,0,0,66.93989071038251,0,0.0,21.0
39089,2021,180401,5.2562389405966,245,227,18,0,0,0,0,87,49,38,0,245,0,0,67.12328767123287,0,0.0,17.8
39089,2022,183201,5.2629278399284285,245,226,17,2,0,0,0,115,49,39,0,245,0,0,67.12328767123287,2,0.8163265306122449,15.6
39093,2019,309833,5.491127672153488,362,260,102,0,0,0,0,75,58,41,0,153,209,0,99.17808219178085,0,0.0,21.6
39093,2020,312172,5.4943939468019005,358,289,68,0,1,0,0,155,55,39,0,136,222,0,97.81420765027322,1,0.2793296089385474,21.4
39093,2021,315595,5.499130114025308,304,208,96,0,0,0,0,90,59,41,0,150,154,0,83.28767123287672,0,0.0,19.4
39093,2022,317910,5.502304189055112,243,228,14,1,0,0,0,115,48,35,0,243,0,0,66.57534246575342,1,0.411522633744856,15.3
39095,2019,428348,5.631796743476876,351,224,126,1,0,0,0,143,64,44,0,117,234,0,96.16438356164385,1,0.2849002849002849,23.5
39095,2020,428294,5.631741990378023,354,250,96,8,0,0,0,136,65,42,0,156,198,0,96.72131147540983,8,2.2598870056497176,22.4
39095,2021,429191,5.632650606370991,364,221,138,5,0,0,0,122,69,46,0,120,244,0,99.72602739726028,5,1.3736263736263736,19.7
39095,2022,425484,5.628883233416237,362,240,117,5,0,0,0,119,63,44,0,132,230,0,99.17808219178085,5,1.3812154696132597,16.8
39097,2019,44731,4.650608607308078,245,209,36,0,0,0,0,93,54,42,0,245,0,0,67.12328767123287,0,0.0,23.1
39097,2020,44559,4.648935435770809,245,220,25,0,0,0,0,84,51,39,0,245,0,0,66.93989071038251,0,0.0,22.8
39097,2021,44386,4.647246008818986,229,212,17,0,0,0,0,84,50,39,0,229,0,0,62.73972602739726,0,0.0,20.8
39097,2022,44602,4.649354333364369,244,218,26,0,0,0,0,90,51,39,0,244,0,0,66.84931506849315,0,0.0,16.3
39099,2019,228683,5.35923388091367,360,232,128,0,0,0,0,84,59,46,0,93,267,0,98.63013698630137,0,0.0,23.5
39099,2020,226075,5.354252539513232,365,251,113,1,0,0,0,142,58,43,0,92,273,0,99.72677595628416,1,0.273972602739726,23.1
39099,2021,226762,5.3555702787349375,365,205,159,1,0,0,0,110,66,47,0,86,279,0,100.0,1,0.273972602739726,21.4
39099,2022,225596,5.353331394986268,349,214,132,3,0,0,0,129,62,46,0,101,248,0,95.61643835616438,3,0.8595988538681949,17.6
39103,2019,179746,5.254659234536107,353,230,123,0,0,0,0,81,58,44,0,99,254,0,96.7123287671233,0,0.0,18.3
39103,2020,180912,5.257467374825192,360,280,80,0,0,0,0,93,56,38,0,145,215,0,98.36065573770492,0,0.0,18.4
39103,2021,183092,5.262669368704984,363,250,113,0,0,0,0,93,62,42,0,169,194,0,99.45205479452056,0,0.0,16.1
39103,2022,184042,5.264916944133317,362,284,76,2,0,0,0,126,58,41,0,190,172,0,99.17808219178085,2,0.5524861878453038,13.2
39109,2019,106987,5.029331009729477,241,226,15,0,0,0,0,77,49,40,0,241,0,0,66.02739726027397,0,0.0,22.6
39109,2020,107516,5.031473098620446,229,217,12,0,0,0,0,93,49,39,0,229,0,0,62.56830601092896,0,0.0,22.5
39109,2021,109264,5.03847709537433,245,215,30,0,0,0,0,87,54,40,0,245,0,0,67.12328767123287,0,0.0,18.3
39109,2022,110876,5.044837549796026,245,214,29,2,0,0,0,122,51,39,0,245,0,0,67.12328767123287,2,0.8163265306122449,15.5
39113,2019,531687,5.725656041737376,365,163,202,0,0,0,0,95,67,52,0,101,264,0,100.0,0,0.0,21.8
39113,2020,531610,5.725593141766503,361,177,180,4,0,0,0,112,67,51,0,109,252,0,98.63387978142076,4,1.10803324099723,21.6
39113,2021,535840,5.729035130195792,357,157,199,1,0,0,0,101,71,53,0,91,266,0,97.80821917808218,1,0.2801120448179272,18.7
39113,2022,533796,5.727375315078247,365,205,158,2,0,0,0,126,64,48,0,101,264,0,100.0,2,0.547945205479452,15.7
39133,2019,162466,5.210762488038879,270,233,37,0,0,0,0,87,54,38,0,202,68,0,73.97260273972603,0,0.0,21.7
39133,2020,162583,5.211075132942122,262,226,35,1,0,0,0,101,58,40,0,233,29,0,71.58469945355192,1,0.381679389312977,21.1
39133,2021,162382,5.210537886149424,263,205,57,1,0,0,0,108,60,40,0,217,46,0,72.05479452054794,1,0.3802281368821292,19.0
39133,2022,162665,5.2112941175217085,282,226,52,3,1,0,0,159,61,41,0,226,56,0,77.26027397260275,4,1.4184397163120568,15.7
39135,2019,40882,4.611532133890776,364,201,163,0,0,0,0,93,64,48,0,147,217,0,99.72602739726028,0,0.0,23.4
39135,2020,40836,4.611043195143434,366,262,103,1,0,0,0,101,58,42,0,174,192,0,100.0,1,0.273224043715847,23.0
39135,2021,40867,4.611372757817634,365,205,160,0,0,0,0,97,66,47,0,108,257,0,100.0,0,0.0,20.6
39135,2022,40556,4.608055114382654,365,235,128,2,0,0,0,136,63,44,0,150,214,0,100.0,2,0.547945205479452,17.3
39145,2019,75314,4.876875714017427,365,337,28,0,0,0,0,78,44,14,0,0,111,254,100.0,0,0.0,29.3
39145,2020,74347,4.871263448853509,366,347,19,0,0,0,0,93,39,14,0,0,96,270,100.0,0,0.0,29.4
39145,2021,73346,4.865376434126184,365,333,32,0,0,0,0,86,48,16,0,0,122,243,100.0,0,0.0,27.4
39145,2022,71969,4.85714546826344,365,340,25,0,0,0,0,74,46,17,0,0,122,243,100.0,0,0.0,21.4
39151,2019,370606,5.568912446137218,365,157,208,0,0,0,0,100,71,52,0,115,250,0,100.0,0,0.0,22.9
39151,2020,369772,5.567934022275066,358,202,152,4,0,0,0,119,65,47,0,110,248,0,97.81420765027322,4,1.11731843575419,22.4
39151,2021,373834,5.5726787976872325,365,154,208,3,0,0,0,127,74,53,0,90,275,0,100.0,3,0.821917808219178,21.3
39151,2022,372716,5.571378036602943,365,206,157,2,0,0,0,136,66,49,0,108,257,0,100.0,2,0.547945205479452,17.6
39153,2019,541013,5.733207700892951,363,199,161,3,0,0,0,115,65,48,0,117,246,0,99.45205479452056,3,0.8264462809917356,21.3
39153,2020,538866,5.731480782448857,361,193,165,3,0,0,0,114,63,48,0,68,293,0,98.63387978142076,3,0.8310249307479225,21.6
39153,2021,537633,5.730485917929051,356,223,130,3,0,0,0,105,67,45,0,128,228,0,97.53424657534246,3,0.8426966292134831,19.3
39153,2022,535733,5.728948398802376,362,231,128,3,0,0,0,133,62,43,0,131,231,0,99.17808219178085,3,0.8287292817679558,14.9
39155,2019,197974,5.296608157948572,362,249,113,0,0,0,0,100,60,44,0,162,200,0,99.17808219178085,0,0.0,26.8
39155,2020,196800,5.294025094095323,357,280,74,2,1,0,0,154,57,40,0,186,171,0,97.54098360655738,3,0.8403361344537815,25.9
39155,2021,201335,5.303919279039585,363,219,141,3,0,0,0,147,67,45,0,114,249,0,99.45205479452056,3,0.8264462809917356,22.6
39155,2022,200373,5.30183920052353,360,255,103,2,0,0,0,136,60,42,0,146,214,0,98.63013698630137,2,0.5555555555555556,19.1
39165,2019,234602,5.370331710188979,360,210,147,3,0,0,0,122,64,47,0,148,212,0,98.63013698630137,3,0.8333333333333334,17.0
39165,2020,238412,5.377328110978536,361,248,109,4,0,0,0,115,61,44,0,162,199,0,98.63387978142076,4,1.10803324099723,16.3
39165,2021,246553,5.391910291294328,360,230,128,2,0,0,0,119,65,44,0,146,214,0,98.63013698630137,2,0.5555555555555556,14.4
39165,2022,252148,5.401655527750323,356,231,122,3,0,0,0,133,63,44,0,154,202,0,97.53424657534246,3,0.8426966292134831,12.1
39167,2019,59911,4.777506568644903,245,219,26,0,0,0,0,87,51,41,0,245,0,0,67.12328767123287,0,0.0,23.5
39167,2020,59652,4.775625009186624,245,233,11,1,0,0,0,108,48,38,0,245,0,0,66.93989071038251,1,0.4081632653061224,24.1
39167,2021,59423,4.773954573596168,245,222,23,0,0,0,0,87,50,39,0,245,0,0,67.12328767123287,0,0.0,23.2
39167,2022,58577,4.767727125679337,245,222,23,0,0,0,0,84,50,39,0,245,0,0,67.12328767123287,0,0.0,17.8
39173,2019,130817,5.116664185321975,244,225,19,0,0,0,0,87,49,38,0,244,0,0,66.84931506849315,0,0.0,19.5
39173,2020,131113,5.11764575460664,229,216,13,0,0,0,0,80,46,34,0,229,0,0,62.56830601092896,0,0.0,20.6
39173,2021,132472,5.122124093136748,245,216,29,0,0,0,0,90,51,39,0,245,0,0,67.12328767123287,0,0.0,16.6
39173,2022,132650,5.122707254318348,242,220,22,0,0,0,0,97,50,38,0,242,0,0,66.3013698630137,0,0.0,13.9
40001,2019,22194,4.3462355816990375,365,295,70,0,0,0,0,88,54,40,0,215,148,1,100.0,0,0.0,29.9
40001,2020,21955,4.341533441440407,363,297,65,0,1,0,0,152,55,36,0,168,189,5,99.18032786885246,1,0.2754820936639118,31.0
40001,2021,19414,4.288115025288104,365,291,73,1,0,0,0,117,57,40,0,228,133,4,100.0,1,0.273972602739726,30.2
40001,2022,19627,4.29285392247245,361,274,83,4,0,0,0,122,58,43,0,237,115,8,98.9041095890411,4,1.10803324099723,26.2
40017,2019,148306,5.171158721589273,355,306,48,1,0,0,0,105,54,37,0,355,0,0,97.26027397260276,1,0.2816901408450704,17.4
40017,2020,153192,5.185236086141411,358,332,26,0,0,0,0,84,49,36,0,358,0,0,97.81420765027322,0,0.0,17.3
40017,2021,161737,5.208809383281034,333,292,38,3,0,0,0,126,54,37,0,333,0,0,91.23287671232876,3,0.9009009009009008,15.3
40017,2022,175829,5.24509050612621,284,218,63,3,0,0,0,108,67,43,0,284,0,0,77.8082191780822,3,1.056338028169014,13.2
40019,2019,48111,4.682244383923317,365,228,137,0,0,0,0,97,61,46,0,157,208,0,100.0,0,0.0,20.9
40019,2020,48353,4.684423424500241,345,201,143,1,0,0,0,147,67,47,0,126,219,0,94.26229508196722,1,0.2898550724637681,22.1
40019,2021,48291,4.68386619877341,316,186,129,1,0,0,0,118,61,46,0,0,316,0,86.57534246575342,1,0.3164556962025316,20.7
40019,2022,48596,4.686600523389447,343,254,88,0,1,0,0,160,56,37,0,0,343,0,93.97260273972604,1,0.2915451895043732,18.2
40023,2019,14672,4.1664893183259455,252,238,14,0,0,0,0,90,47,37,0,252,0,0,69.04109589041096,0,0.0,26.5
40027,2019,284014,5.453339748402282,365,160,205,0,0,0,0,90,67,52,0,131,234,0,100.0,0,0.0,16.6
40027,2020,287066,5.45798175785077,354,175,177,2,0,0,0,121,67,51,0,106,248,0,96.72131147540983,2,0.5649717514124294,17.7
40027,2021,297597,5.473628548883207,362,144,215,3,0,0,0,129,68,53,0,83,279,0,99.17808219178085,3,0.8287292817679558,16.4
40027,2022,301193,5.478844874246127,348,182,162,4,0,0,0,105,68,49,0,141,207,0,95.34246575342463,4,1.1494252873563218,14.1
40031,2019,120749,5.081883542766985,365,220,145,0,0,0,0,97,64,47,0,155,210,0,100.0,0,0.0,19.5
40031,2020,121099,5.083140556881491,366,262,103,1,0,0,0,107,60,44,0,172,194,0,100.0,1,0.273224043715847,20.6
40031,2021,122063,5.0865840396123385,364,223,139,2,0,0,0,124,63,47,0,145,219,0,99.72602739726028,2,0.5494505494505495,20.0
40031,2022,121574,5.084840705990427,353,205,146,2,0,0,0,126,71,47,0,177,176,0,96.7123287671233,2,0.56657223796034,18.3
40037,2019,71522,4.854439650318333,356,331,24,1,0,0,0,101,48,36,0,356,0,0,97.53424657534246,1,0.2808988764044944,22.8
40037,2020,71485,4.854214921512205,363,350,13,0,0,0,0,93,47,35,0,363,0,0,99.18032786885246,0,0.0,22.6
40037,2021,72029,4.857507385379264,343,305,37,1,0,0,0,126,51,37,0,343,0,0,93.97260273972604,1,0.2915451895043732,21.7
40037,2022,73332,4.865293529767452,279,220,57,2,0,0,0,112,71,43,0,279,0,0,76.43835616438356,2,0.7168458781362007,18.7
40039,2019,29003,4.462442922590674,236,235,1,0,0,0,0,58,26,14,0,0,0,236,64.65753424657534,0,0.0,19.0
40043,2019,4891,3.6893976628212815,365,230,135,0,0,0,0,93,61,44,0,166,199,0,100.0,0,0.0,20.1
40043,2020,4815,3.682596291460553,365,266,99,0,0,0,0,99,61,43,0,171,194,0,99.72677595628416,0,0.0,21.7
40043,2021,4417,3.6451273992583912,365,261,103,1,0,0,0,116,61,44,0,196,169,0,100.0,1,0.273972602739726,20.3
40043,2022,4286,3.63205216670581,346,219,124,3,0,0,0,129,71,47,0,178,168,0,94.7945205479452,3,0.8670520231213872,18.1
40069,2020,10824,4.034387783589566,289,267,22,0,0,0,0,97,49,38,0,289,0,0,78.96174863387978,0,0.0,24.1
40071,2019,43538,4.638868475028603,365,206,158,1,0,0,0,106,61,47,0,69,296,0,100.0,1,0.273972602739726,21.9
40071,2020,43274,4.636227040741543,366,171,193,2,0,0,0,113,62,51,0,39,327,0,100.0,2,0.546448087431694,22.5
40071,2021,43732,4.640799339432712,354,167,178,8,1,0,0,168,72,52,0,0,354,0,96.986301369863,9,2.5423728813559325,22.0
40071,2022,43641,4.639894693554849,361,225,136,0,0,0,0,93,59,43,0,0,361,0,98.9041095890411,0,0.0,19.6
40075,2021,8410,3.924795995797912,283,221,62,0,0,0,0,100,67,43,0,283,0,0,77.53424657534246,0,0.0,22.2
40075,2022,8398,3.9241758703019207,257,185,70,2,0,0,0,115,74,44,0,257,0,0,70.41095890410959,2,0.7782101167315175,20.5
40087,2021,43516,4.638648968083367,208,168,39,1,0,0,0,101,61,40,0,208,0,0,56.98630136986301,1,0.4807692307692308,17.3
40087,2022,47072,4.672762651047436,278,204,71,3,0,0,0,119,71,45,0,278,0,0,76.16438356164383,3,1.079136690647482,15.2
40097,2019,41100,4.613841821876069,297,283,14,0,0,0,0,100,46,35,0,297,0,0,81.36986301369863,0,0.0,24.8
40097,2020,41152,4.6143909469081095,258,255,3,0,0,0,0,51,44,34,0,258,0,0,70.49180327868852,0,0.0,25.7
40097,2021,39159,4.592831592732042,248,228,20,0,0,0,0,100,49,37,0,248,0,0,67.94520547945206,0,0.0,23.6
40097,2022,39889,4.600853148871242,266,246,19,1,0,0,0,112,49,39,0,266,0,0,72.87671232876713,1,0.3759398496240601,20.7
40105,2019,10076,4.003288158826075,365,228,136,1,0,0,0,118,61,45,0,152,213,0,100.0,1,0.273972602739726,24.2
40105,2022,9438,3.97487997300693,349,111,231,7,0,0,0,139,80,56,0,99,250,0,95.61643835616438,7,2.005730659025788,20.6
40109,2019,797434,5.901694748629602,365,156,208,1,0,0,0,119,71,52,3,131,230,1,100.0,1,0.273972602739726,16.5
40109,2020,804041,5.905278195041689,366,147,215,4,0,0,0,112,70,53,3,110,251,2,100.0,4,1.092896174863388,18.1
40109,2021,798575,5.902315710150837,365,125,234,6,0,0,0,140,74,54,5,83,276,1,100.0,6,1.643835616438356,16.7
40109,2022,808866,5.9078765805977405,365,144,215,6,0,0,0,129,74,54,8,138,214,5,100.0,6,1.643835616438356,14.5
40113,2019,46963,4.671755831890126,354,311,43,0,0,0,0,90,51,38,0,354,0,0,96.986301369863,0,0.0,22.9
40113,2020,46642,4.6687771646141885,350,322,28,0,0,0,0,90,49,36,0,350,0,0,95.62841530054644,0,0.0,22.8
40113,2021,45772,4.660599889267743,327,278,49,0,0,0,0,100,58,39,0,327,0,0,89.58904109589041,0,0.0,20.8
40113,2022,46130,4.663983454608267,292,221,64,5,2,0,0,172,74,44,0,292,0,0,80.0,7,2.3972602739726026,18.4
40115,2019,31127,4.49313726567997,363,222,140,1,0,0,0,104,62,45,0,57,277,29,99.45205479452056,1,0.2754820936639118,24.5
40115,2020,30879,4.489663227495498,352,202,148,1,1,0,0,154,65,46,0,44,287,21,96.17486338797814,2,0.5681818181818182,26.5
40115,2021,30340,4.482015576450712,365,90,258,14,3,0,0,169,87,59,0,25,336,4,100.0,17,4.657534246575342,24.2
40115,2022,30287,4.481256257553046,365,151,203,6,4,1,0,238,74,53,0,101,262,2,100.0,11,3.0136986301369864,22.3
40121,2019,43654,4.640024044108867,365,220,143,2,0,0,0,105,62,46,0,183,182,0,100.0,2,0.547945205479452,24.0
40121,2020,43679,4.6402726869436295,366,230,135,1,0,0,0,141,60,44,0,138,228,0,100.0,1,0.273224043715847,25.1
40121,2021,43633,4.639815074060729,360,176,180,4,0,0,0,117,66,51,0,107,253,0,98.63013698630137,4,1.1111111111111112,22.2
40121,2022,43479,4.638279546925845,348,208,136,4,0,0,0,139,63,47,0,131,217,0,95.34246575342463,4,1.1494252873563218,19.8
40135,2019,41569,4.61876957707524,361,279,82,0,0,0,0,67,56,41,10,141,210,0,98.9041095890411,0,0.0,26.8
40135,2020,41538,4.61844558199508,362,304,57,1,0,0,0,141,54,37,5,166,191,0,98.90710382513662,1,0.2762430939226519,28.0
40135,2021,39508,4.596685045096567,360,250,108,2,0,0,0,122,59,41,0,125,235,0,98.63013698630137,2,0.5555555555555556,25.4
40135,2022,40291,4.605208046467364,364,278,84,2,0,0,0,122,58,42,4,146,214,0,99.72602739726028,2,0.5494505494505495,23.4
40143,2019,651552,5.813949082231035,365,188,176,1,0,0,0,105,67,50,0,133,232,0,100.0,1,0.273972602739726,17.4
40143,2020,657589,5.817954539812929,366,200,164,2,0,0,0,129,62,49,0,113,249,4,100.0,2,0.546448087431694,18.5
40143,2021,672858,5.827923420355665,365,143,212,8,2,0,0,168,74,53,0,104,259,2,100.0,10,2.73972602739726,16.6
40143,2022,682868,5.8343367616435176,365,163,190,10,2,0,0,185,77,52,0,162,200,3,100.0,12,3.287671232876712,15.0
40147,2020,52222,4.717853500430835,344,232,111,1,0,0,0,101,60,43,0,145,199,0,93.98907103825135,1,0.2906976744186046,20.6
40147,2021,52772,4.722403553765987,345,168,170,7,0,0,0,139,67,51,0,128,217,0,94.52054794520548,7,2.0289855072463765,19.4
41001,2019,16124,4.207472789481014,360,293,67,0,0,0,0,68,56,31,0,0,360,0,98.63013698630137,0,0.0,17.7
41001,2020,16284,4.211761093707362,366,282,77,2,3,2,0,225,57,33,0,0,366,0,100.0,7,1.912568306010929,17.5
41001,2021,16847,4.226522575863549,364,271,88,1,4,0,0,155,60,29,0,0,364,0,99.72602739726028,5,1.3736263736263736,16.6
41001,2022,16912,4.228194969963351,365,283,79,3,0,0,0,124,59,32,0,0,365,0,100.0,3,0.821917808219178,14.5
41003,2019,93053,4.968730379212548,365,302,63,0,0,0,0,87,56,22,0,0,365,0,100.0,0,0.0,13.8
41003,2020,93239,4.969597607010585,366,313,42,0,1,7,3,541,56,23,0,0,366,0,100.0,11,3.0054644808743167,12.7
41003,2021,96017,4.982348132545463,365,345,20,0,0,0,0,69,45,22,0,0,365,0,100.0,0,0.0,12.4
41003,2022,97713,4.989952347267186,206,183,23,0,0,0,0,68,52,21,0,0,206,0,56.43835616438356,0,0.0,11.3
41005,2019,418187,5.62137052796511,225,214,10,1,0,0,0,101,44,31,0,130,95,0,61.64383561643836,1,0.4444444444444444,13.9
41005,2020,421596,5.624896481743939,272,238,25,3,2,0,4,481,53,33,0,126,146,0,74.31693989071039,9,3.308823529411765,13.3
41005,2021,422537,5.625864744510002,354,320,33,0,1,0,0,161,50,31,0,134,220,0,96.986301369863,1,0.2824858757062147,12.3
41005,2022,423173,5.626517950319466,364,286,73,3,2,0,0,168,61,33,0,135,229,0,99.72602739726028,5,1.3736263736263736,10.6
41009,2019,52354,4.718949868661722,363,342,21,0,0,0,0,84,46,27,0,128,235,0,99.45205479452056,0,0.0,19.4
41009,2020,52876,4.723258593912653,363,332,22,1,2,6,0,293,49,28,0,105,258,0,99.18032786885246,9,2.479338842975207,16.7
41009,2021,53074,4.724881820104673,345,319,26,0,0,0,0,66,47,29,0,119,226,0,94.52054794520548,0,0.0,16.0
41009,2022,53880,4.731427587050948,362,293,66,1,2,0,0,162,56,31,0,109,253,0,99.17808219178085,3,0.8287292817679558,14.4
41013,2019,24404,4.38746101632035,365,266,98,1,0,0,0,103,63,30,0,0,365,0,100.0,1,0.273972602739726,18.9
41013,2020,25105,4.399760225710366,365,261,97,0,1,3,3,1033,65,28,0,0,365,0,99.72677595628416,7,1.9178082191780823,18.1
41013,2021,25739,4.410591669883119,365,281,75,6,3,0,0,190,62,28,0,0,365,0,100.0,9,2.4657534246575343,16.0
41013,2022,26952,4.430590997973064,359,288,69,2,0,0,0,128,58,24,0,0,359,0,98.35616438356163,2,0.5571030640668524,13.4
41017,2019,197692,5.295989095079213,365,309,51,4,1,0,0,154,53,26,0,0,365,0,100.0,5,1.36986301369863,15.3
41017,2020,201769,5.304854441568232,366,298,54,4,2,1,7,1099,61,23,0,0,366,0,100.0,14,3.825136612021858,14.0
41017,2021,204801,5.311332072877141,365,298,47,10,7,2,1,403,61,25,0,0,365,0,100.0,20,5.47945205479452,12.6
41017,2022,208513,5.319133136778664,365,282,77,2,3,1,0,205,62,23,0,0,365,0,100.0,6,1.643835616438356,10.7
41019,2019,110980,5.045244720478147,347,256,91,0,0,0,0,82,64,32,0,0,347,0,95.06849315068492,0,0.0,20.0
41019,2020,111364,5.046744821644442,366,278,78,1,1,2,6,902,62,29,0,0,366,0,100.0,10,2.73224043715847,18.6
41019,2021,111978,5.049132706445976,365,304,56,3,2,0,0,186,54,29,0,0,365,0,100.0,5,1.36986301369863,17.5
41023,2019,7199,3.8572721735640414,349,205,143,1,0,0,0,103,65,41,0,0,349,0,95.61643835616438,1,0.2865329512893982,20.4
41023,2020,7180,3.8561244442423,364,196,161,1,5,0,1,393,70,44,0,0,364,0,99.4535519125683,7,1.9230769230769231,18.8
41023,2021,7272,3.861653870213911,365,178,177,5,5,0,0,175,74,51,0,0,365,0,100.0,10,2.73972602739726,17.8
41023,2022,7215,3.858236335429513,365,198,166,1,0,0,0,108,72,46,0,0,365,0,100.0,1,0.273972602739726,15.5
41025,2019,7393,3.868820706197517,364,204,155,5,0,0,0,131,70,44,0,0,364,0,99.72602739726028,5,1.3736263736263736,18.9
41025,2020,7373,3.8676442339030985,366,211,144,2,7,1,1,357,75,42,0,0,366,0,100.0,11,3.0054644808743167,18.3
41025,2021,7575,3.879382637174343,365,191,165,5,4,0,0,185,71,48,0,0,365,0,100.0,9,2.4657534246575343,18.9
41025,2022,7440,3.871572935545879,365,226,137,2,0,0,0,114,70,41,0,0,365,0,100.0,2,0.547945205479452,17.0
41029,2019,220944,5.344282212269562,365,249,109,3,4,0,0,190,64,41,0,123,242,0,100.0,7,1.9178082191780823,17.8
41029,2020,221844,5.346047687268806,366,218,133,2,4,3,6,900,73,44,0,116,250,0,100.0,15,4.098360655737705,15.7
41029,2021,223734,5.3497319871827305,365,204,126,6,19,10,0,266,99,48,0,83,282,0,100.0,35,9.58904109589041,15.1
41029,2022,220768,5.3439361232665,365,211,146,5,3,0,0,165,69,44,0,108,257,0,100.0,8,2.191780821917808,13.4
41031,2019,24658,4.391957848245589,365,261,102,2,0,0,0,122,66,29,0,0,365,0,100.0,2,0.547945205479452,18.5
41031,2020,24856,4.395431240246918,361,258,92,3,0,3,5,1135,64,28,0,0,361,0,98.63387978142076,11,3.0470914127423825,18.4
41031,2021,25068,4.399119686027934,365,282,77,4,2,0,0,173,61,28,0,0,365,0,100.0,6,1.643835616438356,17.3
41031,2022,25454,4.405756039773956,365,272,92,1,0,0,0,108,63,26,0,0,365,0,100.0,1,0.273972602739726,15.0
41033,2019,87487,4.941943524477049,365,251,109,3,2,0,0,175,68,34,0,0,365,0,100.0,5,1.36986301369863,20.5
41033,2020,88053,4.944744157137487,366,228,112,4,14,1,7,763,76,35,0,0,366,0,100.0,26,7.103825136612022,19.1
41033,2021,88346,4.946186890942345,365,240,106,10,9,0,0,188,75,36,0,0,365,0,100.0,19,5.205479452054795,19.0
41033,2022,87821,4.943598378020126,365,208,142,8,6,1,0,252,83,39,0,0,365,0,100.0,15,4.10958904109589,16.4
41035,2019,68238,4.83402628952974,365,230,129,6,0,0,0,126,78,39,0,0,365,0,100.0,6,1.643835616438356,18.7
41035,2020,68739,4.837203209825633,366,172,148,23,20,1,2,763,124,52,0,0,364,2,100.0,46,12.568306010928962,18.5
41035,2021,70164,4.846114339884909,365,162,153,19,25,6,0,237,134,54,0,0,365,0,100.0,50,13.6986301369863,18.7
41035,2022,70003,4.845116652236079,365,222,139,2,2,0,0,163,70,38,0,0,365,0,100.0,4,1.095890410958904,15.7
41037,2019,7869,3.895919545310016,363,288,74,1,0,0,0,106,61,25,0,0,363,0,99.45205479452056,1,0.2754820936639118,20.2
41037,2020,7949,3.900312496983727,365,267,80,14,4,0,0,166,70,29,0,0,305,60,99.72677595628416,18,4.931506849315069,19.6
41037,2021,8276,3.917820481993697,365,240,102,17,6,0,0,188,85,28,0,0,365,0,100.0,23,6.301369863013699,19.3
41037,2022,8293,3.918711665382321,365,273,88,4,0,0,0,129,65,25,0,0,364,1,100.0,4,1.095890410958904,16.0
41039,2019,382067,5.582139528301294,365,216,141,8,0,0,0,117,78,44,0,50,308,7,100.0,8,2.191780821917808,15.9
41039,2020,382986,5.583182898684355,366,203,149,4,0,2,8,1000,78,46,0,66,296,4,100.0,14,3.825136612021858,16.4
41039,2021,383189,5.583413033527934,365,214,131,6,13,1,0,230,74,44,0,75,289,1,100.0,20,5.47945205479452,14.4
41039,2022,381181,5.581131245059669,365,194,132,5,14,9,11,520,116,44,0,71,294,0,100.0,39,10.684931506849315,13.0
41043,2019,129749,5.11310401934396,365,233,130,2,0,0,0,104,66,37,0,0,365,0,100.0,2,0.547945205479452,17.5
41043,2020,131054,5.117450280921051,366,245,110,0,0,3,8,853,67,36,0,0,366,0,100.0,11,3.0054644808743167,17.8
41043,2021,129839,5.11340516196178,365,268,96,1,0,0,0,136,61,34,0,0,365,0,100.0,1,0.273972602739726,15.5
41043,2022,131496,5.118912542146316,365,254,109,2,0,0,0,127,65,33,0,0,365,0,100.0,2,0.547945205479452,14.5
41047,2019,347818,5.541352053510263,356,262,94,0,0,0,0,93,63,37,0,108,248,0,97.53424657534246,0,0.0,15.1
41047,2020,349204,5.543079209741373,365,278,76,1,0,1,9,1272,63,36,0,124,241,0,99.72677595628416,11,3.0136986301369864,16.3
41047,2021,347119,5.540478385982911,363,280,83,0,0,0,0,93,60,36,0,124,239,0,99.45205479452056,0,0.0,16.3
41047,2022,346741,5.540005197355811,365,254,104,5,2,0,0,168,70,36,0,125,240,0,100.0,7,1.9178082191780823,12.7
41051,2019,812855,5.910013081490513,365,283,82,0,0,0,0,91,58,36,3,168,194,0,100.0,0,0.0,15.1
41051,2020,815637,5.911496918591335,366,275,82,1,0,2,6,779,63,36,1,200,165,0,100.0,9,2.459016393442623,14.3
41051,2021,803377,5.904919394092109,365,294,70,1,0,0,0,105,57,36,1,188,176,0,100.0,1,0.273972602739726,13.1
41051,2022,789698,5.897461038114287,365,266,94,3,2,0,0,165,63,36,0,175,190,0,100.0,5,1.36986301369863,11.7
41059,2019,77950,4.891816119524861,365,267,97,1,0,0,0,104,63,40,0,142,223,0,100.0,1,0.273972602739726,17.9
41059,2020,77752,4.890711569117427,366,273,85,0,1,2,5,738,60,38,0,113,253,0,100.0,8,2.185792349726776,18.1
41059,2021,79988,4.903024837933357,365,265,92,6,2,0,0,169,64,38,0,114,251,0,100.0,8,2.191780821917808,17.6
41059,2022,80053,4.903377611820996,365,244,118,3,0,0,0,141,66,39,0,119,246,0,100.0,3,0.821917808219178,14.9
41061,2019,26835,4.428701599623055,365,313,52,0,0,0,0,88,53,26,0,0,364,1,100.0,0,0.0,17.9
41061,2020,26551,4.424080882717047,366,300,57,1,4,3,1,326,56,27,0,0,366,0,100.0,9,2.459016393442623,17.7
41061,2021,26212,4.418500159284101,360,304,49,5,2,0,0,170,61,27,0,0,358,2,98.63013698630137,7,1.9444444444444444,17.0
41061,2022,25944,4.4140369356649165,361,283,74,4,0,0,0,130,57,28,0,0,360,1,98.9041095890411,4,1.10803324099723,14.7
41063,2019,7208,3.857814777971007,363,289,73,1,0,0,0,103,56,29,0,0,363,0,99.45205479452056,1,0.2754820936639118,17.4
41063,2020,7181,3.85618492672717,366,288,71,0,6,1,0,222,58,27,0,0,366,0,100.0,7,1.912568306010929,15.8
41063,2021,7545,3.8776592441116087,365,280,75,6,4,0,0,162,63,26,0,0,365,0,100.0,10,2.73972602739726,14.3
41063,2022,7674,3.885021794862298,343,270,65,3,5,0,0,195,58,27,0,0,343,0,93.97260273972604,8,2.332361516034985,12.3
41065,2019,26682,4.426218379832578,350,262,88,0,0,0,0,89,62,31,0,0,350,0,95.8904109589041,0,0.0,17.3
41065,2020,26403,4.421653275711644,355,307,45,0,0,0,3,599,54,24,0,0,355,0,96.99453551912568,3,0.8450704225352111,17.3
41065,2021,26726,4.426933964071905,319,287,30,1,1,0,0,163,51,22,0,0,319,0,87.3972602739726,2,0.6269592476489028,16.0
41067,2019,601592,5.779302052352608,365,268,96,1,0,0,0,102,62,37,8,96,260,1,100.0,1,0.273972602739726,12.2
41067,2020,603514,5.780687349084941,366,265,91,2,0,2,6,595,61,34,4,122,240,0,100.0,10,2.73224043715847,11.8
41067,2021,600811,5.778737875386872,365,276,89,0,0,0,0,100,58,36,4,139,222,0,100.0,0,0.0,10.4
41067,2022,598865,5.7773289319670935,365,244,118,1,2,0,0,164,67,37,4,130,231,0,100.0,3,0.821917808219178,9.6
42001,2019,103009,5.0128751711088695,365,243,122,0,0,0,0,87,63,45,0,210,155,0,100.0,0,0.0,20.3
42001,2020,102742,5.011748015549402,366,280,86,0,0,0,0,88,58,42,0,220,146,0,100.0,0,0.0,19.2
42001,2021,104127,5.017563356125501,364,206,155,3,0,0,0,129,67,47,0,145,219,0,99.72602739726028,3,0.8241758241758242,17.5
42003,2019,1216045,6.084949646392374,365,67,287,7,4,0,0,165,80,59,0,39,326,0,100.0,11,3.0136986301369864,18.1
42003,2020,1211358,6.0832725118033855,366,138,218,10,0,0,0,128,77,54,0,84,280,2,100.0,10,2.73224043715847,15.6
42003,2021,1238090,6.092752215833281,365,118,240,6,1,0,0,154,84,57,0,63,302,0,100.0,7,1.9178082191780823,16.0
42005,2019,64735,4.811139152337678,365,261,104,0,0,0,0,72,57,43,0,154,211,0,100.0,0,0.0,23.8
42005,2020,64162,4.807277892923024,366,246,117,3,0,0,0,122,58,43,0,156,210,0,100.0,3,0.819672131147541,21.5
42005,2021,65093,4.813534287725962,350,184,165,1,0,0,0,108,70,48,0,122,228,0,95.8904109589041,1,0.2857142857142857,20.1
42007,2019,163929,5.2146557896039685,365,183,181,1,0,0,0,132,67,50,0,150,215,0,100.0,1,0.273972602739726,21.6
42007,2020,162575,5.211053762679936,366,205,160,1,0,0,0,142,64,48,0,138,228,0,100.0,1,0.273224043715847,18.9
42007,2021,166624,5.221737555995598,365,170,192,3,0,0,0,125,67,52,0,95,270,0,100.0,3,0.821917808219178,19.0
42011,2019,421164,5.624451241740581,365,230,129,5,1,0,0,170,67,44,0,167,198,0,100.0,6,1.643835616438356,19.3
42011,2020,421017,5.62429963231342,362,227,134,1,0,0,0,102,63,44,0,148,214,0,98.90710382513662,1,0.2762430939226519,18.2
42011,2021,429342,5.632803375029723,365,198,162,5,0,0,0,133,71,48,0,133,232,0,100.0,5,1.36986301369863,18.4
42013,2019,121829,5.0857506794369485,352,220,132,0,0,0,0,93,64,46,0,147,205,0,96.43835616438356,0,0.0,23.3
42013,2020,121007,5.082810494063897,360,262,98,0,0,0,0,87,60,43,0,162,198,0,98.36065573770492,0,0.0,20.4
42013,2021,121767,5.085529606361368,336,206,128,2,0,0,0,120,64,45,0,79,257,0,92.05479452054794,2,0.5952380952380952,20.8
42015,2019,60323,4.780482931851232,352,273,79,0,0,0,0,78,58,41,0,157,195,0,96.43835616438356,0,0.0,23.2
42015,2020,60221,4.779747962914968,358,301,57,0,0,0,0,84,53,39,0,203,155,0,97.81420765027322,0,0.0,22.0
42015,2021,59892,4.777368815913747,356,242,113,1,0,0,0,116,61,42,0,110,246,0,97.53424657534246,1,0.2808988764044944,21.2
42017,2019,628270,5.798146322575216,357,318,36,3,0,0,0,136,54,35,0,357,0,0,97.80821917808218,3,0.8403361344537815,16.7
42017,2020,627987,5.797950653471748,351,331,16,4,0,0,0,115,46,33,0,351,0,0,95.90163934426228,4,1.1396011396011396,15.1
42017,2021,646098,5.810298396681233,283,239,34,10,0,0,0,143,64,37,0,283,0,0,77.53424657534246,10,3.53356890459364,14.5
42021,2019,130192,5.114584298651539,365,229,136,0,0,0,0,89,62,45,4,109,250,0,100.0,0,0.0,21.9
42021,2020,128672,5.109484051422817,366,228,138,0,0,0,0,90,60,44,0,107,258,0,100.0,0,0.0,20.8
42021,2021,132167,5.121123032252836,353,169,183,1,0,0,0,130,65,51,0,63,287,0,96.7123287671233,1,0.28328611898017,20.4
42027,2019,162385,5.210545909645934,365,192,173,0,0,0,0,99,66,49,0,120,245,0,100.0,0,0.0,19.0
42027,2020,161496,5.208161770014236,366,287,79,0,0,0,0,91,57,41,0,207,159,0,100.0,0,0.0,17.2
42027,2021,157527,5.19735500222749,365,241,123,1,0,0,0,114,64,43,0,162,203,0,100.0,1,0.273972602739726,16.9
42029,2019,524989,5.720150203807197,364,223,139,2,0,0,0,115,67,46,0,196,168,0,99.72602739726028,2,0.5494505494505495,13.7
42029,2020,526759,5.721611964530629,355,233,121,1,0,0,0,143,59,44,0,119,236,0,96.99453551912568,1,0.2816901408450704,12.9
42029,2021,538649,5.731305857916303,347,215,130,2,0,0,0,138,63,45,0,105,242,0,95.06849315068492,2,0.5763688760806917,12.1
42041,2019,253370,5.403755191424458,365,178,182,5,0,0,0,150,68,51,0,0,365,0,100.0,5,1.36986301369863,17.5
42041,2020,255857,5.40799730334756,363,236,125,2,0,0,0,137,61,44,0,0,363,0,99.18032786885246,2,0.5509641873278237,16.2
42041,2021,262919,5.41982197179292,365,209,155,1,0,0,0,114,63,47,0,0,365,0,100.0,1,0.273972602739726,14.9
42043,2019,278299,5.444511645804894,365,232,129,3,1,0,0,161,67,44,0,162,202,1,100.0,4,1.095890410958904,18.9
42043,2020,279874,5.446962554839851,366,219,144,3,0,0,0,116,65,46,0,126,240,0,100.0,3,0.819672131147541,18.3
42043,2021,287400,5.458486763798207,359,155,202,2,0,0,0,127,71,52,0,78,281,0,98.35616438356163,2,0.5571030640668524,16.9
42045,2019,566747,5.753389229924458,365,180,178,7,0,0,0,133,74,51,1,136,228,0,100.0,7,1.9178082191780823,17.2
42045,2020,566753,5.753393827660482,366,174,189,3,0,0,0,129,67,52,1,84,281,0,100.0,3,0.819672131147541,15.8
42045,2021,573849,5.758797629167974,365,182,180,3,0,0,0,142,67,51,3,92,270,0,100.0,3,0.821917808219178,15.7
42049,2019,269728,5.430926032156652,364,271,93,0,0,0,0,93,56,39,4,172,186,0,99.72602739726028,0,0.0,21.5
42049,2020,268426,5.428824579714732,363,298,65,0,0,0,0,87,54,36,0,201,159,0,99.18032786885246,0,0.0,19.6
42049,2021,269011,5.429770038893217,329,255,74,0,0,0,0,92,57,38,18,137,163,9,90.13698630136986,0,0.0,19.7
42051,2019,129274,5.111511186968867,360,273,87,0,0,0,0,75,57,42,0,192,168,0,98.63013698630137,0,0.0,24.2
42051,2020,128126,5.107637268002071,363,265,98,0,0,0,0,100,55,42,0,148,215,0,99.18032786885246,0,0.0,23.4
42051,2021,126931,5.10356770156495,354,227,126,1,0,0,0,113,60,43,0,83,271,0,96.986301369863,1,0.2824858757062147,22.4
42055,2019,155027,5.19040734287892,341,324,17,0,0,0,0,80,48,36,0,341,0,0,93.42465753424658,0,0.0,20.8
42055,2020,155637,5.192112850916063,363,363,0,0,0,0,0,50,42,32,0,363,0,0,99.18032786885246,0,0.0,19.3
42055,2021,156289,5.193928412392738,288,274,14,0,0,0,0,77,47,35,0,288,0,0,78.9041095890411,0,0.0,18.7
42059,2019,36233,4.559104293998835,349,294,55,0,0,0,0,71,54,38,0,190,159,0,95.61643835616438,0,0.0,23.9
42059,2020,35621,4.5517061073896,359,294,64,1,0,0,0,101,53,39,0,198,161,0,98.08743169398907,1,0.2785515320334262,21.5
42059,2021,35369,4.548622781029868,340,232,107,1,0,0,0,113,62,42,0,107,233,0,93.15068493150685,1,0.2941176470588235,21.0
42063,2019,84073,4.924656544743199,350,324,26,0,0,0,0,93,49,38,0,350,0,0,95.8904109589041,0,0.0,23.3
42063,2020,83664,4.92253862448558,351,320,30,1,0,0,0,112,49,37,0,315,36,0,95.90163934426228,1,0.2849002849002849,21.1
42063,2021,82886,4.918481181500763,348,218,128,2,0,0,0,122,63,44,0,103,245,0,95.34246575342463,2,0.5747126436781609,20.0
42069,2019,209674,5.321544580410052,365,309,56,0,0,0,0,82,53,39,11,233,121,0,100.0,0,0.0,20.9
42069,2020,208989,5.320123427905206,366,295,71,0,0,0,0,83,55,40,15,197,154,0,100.0,0,0.0,19.3
42069,2021,215663,5.333775642208835,353,252,100,1,0,0,0,137,60,40,17,132,202,0,96.7123287671233,1,0.28328611898017,18.6
42071,2019,545724,5.736973053725181,365,160,195,9,1,0,0,159,76,52,0,104,261,0,100.0,10,2.73972602739726,20.0
42071,2020,546192,5.73734533479804,366,177,184,4,1,0,0,153,66,51,0,91,274,1,100.0,5,1.366120218579235,18.3
42071,2021,553652,5.743236873089765,365,100,257,7,1,0,0,156,82,56,0,60,303,2,100.0,8,2.191780821917808,16.7
42073,2019,85512,4.932027064062622,361,356,5,0,0,0,0,74,43,31,0,361,0,0,98.9041095890411,0,0.0,22.4
42073,2020,85083,4.929842794588423,363,354,9,0,0,0,0,93,43,31,0,363,0,0,99.18032786885246,0,0.0,20.8
42073,2021,85497,4.931950876057952,278,259,19,0,0,0,0,87,47,31,0,278,0,0,76.16438356164383,0,0.0,20.3
42075,2019,141793,5.151654791239061,360,219,137,4,0,0,0,142,66,46,0,135,225,0,98.63013698630137,4,1.1111111111111112,21.4
42075,2021,143493,5.156830715456606,365,197,166,2,0,0,0,117,69,49,0,92,273,0,100.0,2,0.547945205479452,18.5
42077,2019,369318,5.567400475022139,360,254,103,3,0,0,0,119,64,43,0,159,199,2,98.63013698630137,3,0.8333333333333334,17.6
42077,2020,370802,5.569142067939076,359,262,97,0,0,0,0,93,58,41,0,169,186,4,98.08743169398907,0,0.0,17.3
42077,2021,375539,5.574655045482075,353,198,154,0,1,0,0,154,66,47,0,83,262,8,96.7123287671233,1,0.28328611898017,16.8
42079,2019,317417,5.501630182684997,361,350,11,0,0,0,0,77,45,34,0,352,0,9,98.9041095890411,0,0.0,21.7
42079,2020,316982,5.501034601263099,356,354,2,0,0,0,0,54,43,31,0,308,0,48,97.26775956284152,0,0.0,20.1
42079,2021,326053,5.513288200487204,287,270,17,0,0,0,0,90,48,34,0,257,0,30,78.63013698630137,0,0.0,19.6
42081,2019,113299,5.054226076708954,361,322,39,0,0,0,0,77,51,37,0,269,92,0,98.9041095890411,0,0.0,22.3
42081,2020,113209,5.053880954192943,366,283,82,1,0,0,0,109,56,41,0,188,178,0,100.0,1,0.273224043715847,19.6
42081,2021,113605,5.0553974460283735,354,221,132,1,0,0,0,111,61,44,0,103,251,0,96.986301369863,1,0.2824858757062147,19.0
42085,2019,109424,5.0391125863889545,365,240,125,0,0,0,0,96,61,44,0,181,184,0,100.0,0,0.0,22.0
42085,2020,108545,5.035609822977708,366,272,93,1,0,0,0,105,58,41,0,190,176,0,100.0,1,0.273224043715847,21.2
42085,2021,109972,5.041282123399829,363,277,85,1,0,0,0,112,61,40,0,223,140,0,99.45205479452056,1,0.2754820936639118,20.1
42091,2019,830915,5.919556599092122,362,262,99,1,0,0,0,129,61,40,0,163,199,0,99.17808219178085,1,0.2762430939226519,14.9
42091,2020,833869,5.921097828760305,366,269,97,0,0,0,0,99,60,43,0,181,185,0,100.0,0,0.0,13.4
42091,2021,860578,5.93479023949145,356,202,148,6,0,0,0,150,67,47,0,114,242,0,97.53424657534246,6,1.6853932584269662,12.6
42095,2019,305285,5.484705466017408,363,238,122,3,0,0,0,114,66,44,1,165,197,0,99.45205479452056,3,0.8264462809917356,18.0
42095,2020,305892,5.4855681190203525,365,260,104,1,0,0,0,117,59,41,4,155,206,0,99.72677595628416,1,0.273972602739726,17.3
42095,2021,313628,5.496414828574446,365,214,147,4,0,0,0,148,67,45,3,132,230,0,100.0,4,1.095890410958904,15.9
42101,2019,1584064,6.1997727241507885,365,193,166,6,0,0,0,140,72,49,12,131,222,0,100.0,6,1.643835616438356,20.2
42101,2020,1578487,6.198241009508874,366,212,149,5,0,0,0,119,63,47,17,111,238,0,100.0,5,1.366120218579235,19.6
42101,2021,1576251,6.197625375104909,365,137,217,9,2,0,0,153,77,54,10,92,263,0,100.0,11,3.0136986301369864,18.9
42115,2019,40328,4.605606684430094,352,292,60,0,0,0,0,79,55,32,0,0,352,0,96.43835616438356,0,0.0,22.4
42115,2020,40006,4.602125130614923,365,311,54,0,0,0,0,74,52,31,0,0,365,0,99.72677595628416,0,0.0,21.0
42115,2021,38389,4.584206799271915,334,252,80,2,0,0,0,133,57,35,0,0,334,0,91.5068493150685,2,0.5988023952095809,20.5
42125,2019,206865,5.315687017525653,365,177,188,0,0,0,0,95,66,51,0,110,255,0,100.0,0,0.0,19.2
42125,2020,206803,5.315556834586293,366,221,145,0,0,0,0,100,61,46,1,135,230,0,100.0,0,0.0,18.3
42125,2021,209470,5.321121832708528,365,187,177,1,0,0,0,123,67,49,0,98,267,0,100.0,1,0.273972602739726,17.1
42129,2019,348899,5.542699724692868,354,276,78,0,0,0,0,93,55,41,0,195,159,0,96.986301369863,0,0.0,20.5
42129,2020,347087,5.54043834765587,362,281,81,0,0,0,0,83,55,39,0,164,198,0,98.90710382513662,0,0.0,17.8
42129,2021,353057,5.547844826597646,354,196,157,1,0,0,0,124,63,47,0,28,326,0,96.986301369863,1,0.2824858757062147,16.4
42131,2020,26557,4.424179013578782,361,300,61,0,0,0,0,79,53,33,0,0,361,0,98.63387978142076,0,0.0,20.0
42131,2021,26034,4.415540900512855,336,254,81,1,0,0,0,127,56,34,0,0,336,0,92.05479452054794,1,0.2976190476190476,19.2
42133,2019,449058,5.652302437781004,365,232,133,0,0,0,0,94,60,44,17,160,188,0,100.0,0,0.0,19.3
42133,2020,450448,5.653644662980954,366,221,145,0,0,0,0,97,62,46,11,102,253,0,100.0,0,0.0,20.0
42133,2021,458696,5.661524952938824,357,168,187,2,0,0,0,148,71,51,3,91,263,0,97.80821917808218,2,0.5602240896358543,16.4
44003,2019,164292,5.215616416506007,351,325,26,0,0,0,0,93,49,34,0,196,155,0,96.16438356164385,0,0.0,16.5
44003,2020,164646,5.216551184188349,358,326,31,1,0,0,0,133,49,34,0,175,183,0,97.81420765027322,1,0.2793296089385474,17.2
44003,2021,170715,5.232271682397822,358,313,42,3,0,0,0,140,54,34,0,163,195,0,98.08219178082192,3,0.8379888268156425,14.9
44003,2022,171278,5.2337015830928095,358,334,24,0,0,0,0,100,47,31,0,202,156,0,98.08219178082192,0,0.0,12.8
44007,2019,638931,5.805453959978013,365,222,143,0,0,0,0,90,61,46,2,157,206,0,100.0,0,0.0,16.6
44007,2020,636547,5.803830475683418,366,226,138,2,0,0,0,112,59,45,2,104,260,0,100.0,2,0.546448087431694,15.7
44007,2021,658221,5.818371733987878,365,219,142,4,0,0,0,136,62,45,4,117,244,0,100.0,4,1.095890410958904,14.8
44007,2022,660615,5.819948430607695,365,263,101,1,0,0,0,108,59,43,3,168,193,1,100.0,1,0.273972602739726,12.5
44009,2019,125577,5.098910103670503,352,317,33,2,0,0,0,126,50,38,0,202,150,0,96.43835616438356,2,0.5681818181818182,16.0
44009,2020,125746,5.0994941789720425,366,327,37,1,1,0,0,154,51,35,0,202,164,0,100.0,2,0.546448087431694,14.3
44009,2021,130592,5.115916573093177,358,306,50,2,0,0,0,143,52,36,0,173,185,0,98.08219178082192,2,0.5586592178770949,11.9
44009,2022,129982,5.113883215061283,356,313,39,3,1,0,0,164,51,36,0,209,147,0,97.53424657534246,4,1.1235955056179776,10.4
45003,2020,172895,5.237782433969076,259,258,1,0,0,0,0,71,44,32,0,259,0,0,70.76502732240438,0,0.0,18.8
45003,2021,170776,5.232426837079367,282,259,23,0,0,0,0,84,49,36,0,282,0,0,77.26027397260275,0,0.0,17.1
45003,2022,177130,5.248292122630316,271,246,25,0,0,0,0,87,50,37,0,271,0,0,74.24657534246575,0,0.0,13.8
45007,2020,204353,5.310381017745592,265,257,8,0,0,0,0,71,46,35,0,265,0,0,72.40437158469946,0,0.0,19.8
45007,2021,206908,5.315777282781188,263,240,23,0,0,0,0,87,50,38,0,263,0,0,72.05479452054794,0,0.0,18.8
45007,2022,213076,5.328534535333398,246,230,16,0,0,0,0,74,48,39,0,246,0,0,67.3972602739726,0,0.0,14.4
45015,2020,235987,5.372888079310064,220,219,1,0,0,0,0,51,43,31,0,220,0,0,60.10928961748634,0,0.0,18.1
45015,2021,236701,5.374200092713893,258,250,8,0,0,0,0,80,47,34,0,258,0,0,70.68493150684931,0,0.0,16.3
45015,2022,255217,5.406909599360629,234,221,13,0,0,0,0,80,49,36,0,234,0,0,64.10958904109589,0,0.0,12.9
45019,2019,411406,5.614270621213566,357,262,95,0,0,0,0,76,56,42,0,41,315,1,97.80821917808218,0,0.0,15.7
45019,2020,417981,5.621156540668102,366,264,101,1,0,0,0,117,57,43,0,58,308,0,100.0,1,0.273224043715847,14.7
45019,2021,413024,5.61597528837487,365,197,168,0,0,0,0,93,62,48,0,46,319,0,100.0,0,0.0,13.6
45019,2022,424367,5.627741604552757,365,209,156,0,0,0,0,84,59,47,0,70,294,1,100.0,0,0.0,10.6
45031,2020,66509,4.822880418022892,253,253,0,0,0,0,0,49,42,32,0,253,0,0,69.12568306010928,0,0.0,22.0
45031,2021,62755,4.797648333912458,275,257,18,0,0,0,0,74,48,35,0,275,0,0,75.34246575342466,0,0.0,22.0
45031,2022,62416,4.795295932967716,265,249,16,0,0,0,0,84,47,36,0,265,0,0,72.6027397260274,0,0.0,16.9
45041,2019,138293,5.140800197908937,361,243,118,0,0,0,0,73,57,41,0,0,361,0,98.9041095890411,0,0.0,20.4
45041,2020,137588,5.138580557729121,352,290,62,0,0,0,0,95,53,37,0,0,352,0,96.17486338797814,0,0.0,20.2
45041,2021,136504,5.1351453777685325,337,251,86,0,0,0,0,86,58,39,0,0,337,0,92.32876712328768,0,0.0,19.1
45041,2022,137214,5.1373984248733375,333,210,123,0,0,0,0,79,59,44,0,0,333,0,91.23287671232876,0,0.0,15.2
45045,2019,523542,5.718951527727514,365,211,154,0,0,0,0,97,63,46,12,57,288,8,100.0,0,0.0,15.0
45045,2020,532486,5.72630819388979,366,234,131,1,0,0,0,116,60,44,1,133,232,0,100.0,1,0.273224043715847,16.5
45045,2021,533834,5.727406230639479,365,180,184,1,0,0,0,101,70,51,3,114,248,0,100.0,1,0.273972602739726,14.6
45045,2022,558036,5.746662217032611,365,179,186,0,0,0,0,97,66,51,0,117,248,0,100.0,0,0.0,11.5
45051,2020,365449,5.5628267778356,214,214,0,0,0,0,0,50,44,32,0,214,0,0,58.46994535519126,0,0.0,20.4
45051,2021,365579,5.56298124054631,264,238,26,0,0,0,0,90,50,38,0,264,0,0,72.32876712328768,0,0.0,18.6
45051,2022,397478,5.59931309590315,263,247,16,0,0,0,0,93,49,38,0,263,0,0,72.05479452054794,0,0.0,15.1
45063,2019,298750,5.475307913956194,365,230,135,0,0,0,0,69,58,44,0,0,360,5,100.0,0,0.0,17.4
45063,2020,303946,5.482796432341751,365,263,101,1,0,0,0,111,55,39,0,0,352,13,99.72677595628416,1,0.273972602739726,18.1
45063,2021,300137,5.477319537261996,358,199,158,1,0,0,0,102,63,46,0,0,346,12,98.08219178082192,1,0.2793296089385474,17.1
45063,2022,309528,5.490699941548275,363,263,100,0,0,0,0,75,55,39,0,0,325,38,99.45205479452056,0,0.0,13.0
45079,2019,415759,5.618841659233785,365,245,120,0,0,0,0,93,58,42,16,81,267,0,100.0,0,0.0,16.8
45079,2020,419051,5.622266881368957,366,289,76,1,0,0,0,117,55,40,1,146,219,0,100.0,1,0.273224043715847,15.4
45079,2021,418307,5.621495132177897,365,268,96,1,0,0,0,101,60,42,0,213,152,0,100.0,1,0.273972602739726,15.6
45079,2022,425138,5.628529925133531,365,265,100,0,0,0,0,93,56,43,5,196,164,0,100.0,0,0.0,11.9
45083,2019,319785,5.504858088647207,348,206,140,2,0,0,0,105,61,45,0,63,285,0,95.34246575342463,2,0.5747126436781609,20.0
45083,2020,326205,5.513490613527579,366,232,132,2,0,0,0,112,58,45,0,103,263,0,100.0,2,0.546448087431694,18.6
45083,2021,335864,5.526163455942808,354,201,152,1,0,0,0,119,64,46,0,112,242,0,96.986301369863,1,0.2824858757062147,17.9
45083,2022,356698,5.552300674262944,363,206,157,0,0,0,0,87,61,47,0,120,243,0,99.45205479452056,0,0.0,14.4
45091,2019,280979,5.448673862520999,365,210,148,7,0,0,0,133,64,47,0,146,219,0,100.0,7,1.9178082191780823,15.6
45091,2020,289105,5.461055602752055,366,303,63,0,0,0,0,93,53,39,0,156,210,0,100.0,0,0.0,16.3
45091,2021,288595,5.460288802532873,360,257,103,0,0,0,0,97,61,44,0,181,179,0,98.63013698630137,0,0.0,14.0
45091,2022,298320,5.474682370353251,363,253,109,1,0,0,0,126,58,44,0,170,193,0,99.45205479452056,1,0.2754820936639118,11.1
46011,2019,35077,4.545022442756734,365,273,87,5,0,0,0,126,66,43,0,311,44,10,100.0,5,1.36986301369863,14.3
46011,2020,35603,4.551486594280516,366,305,61,0,0,0,0,87,55,39,0,281,52,33,100.0,0,0.0,14.0
46011,2021,34639,4.539565345794769,365,270,87,6,1,1,0,236,67,39,0,236,103,26,100.0,8,2.191780821917808,13.7
46011,2022,35980,4.556061159009532,364,320,44,0,0,0,0,87,54,36,0,266,54,44,99.72602739726028,0,0.0,12.9
46013,2020,38738,4.58813719481919,364,308,56,0,0,0,0,78,54,28,0,0,258,106,99.4535519125683,0,0.0,17.3
46013,2021,38101,4.580936374331331,356,301,52,0,2,1,0,208,58,26,0,0,210,146,97.53424657534246,3,0.8426966292134831,15.2
46013,2022,37733,4.5767213355919525,350,325,25,0,0,0,0,93,45,23,0,0,211,139,95.8904109589041,0,0.0,14.7
46029,2019,28009,4.447297603567068,361,295,66,0,0,0,0,83,55,32,0,0,316,45,98.9041095890411,0,0.0,18.6
46029,2020,28186,4.450033447592529,366,293,72,1,0,0,0,101,55,38,0,156,167,43,100.0,1,0.273224043715847,19.2
46029,2021,28427,4.453731029504294,365,246,113,3,2,1,0,271,69,43,0,136,197,32,100.0,6,1.643835616438356,18.0
46029,2022,28971,4.461963486124938,365,285,79,1,0,0,0,101,58,41,0,205,128,32,100.0,1,0.273972602739726,16.8
46065,2019,17526,4.243682807357193,356,338,18,0,0,0,0,69,37,14,0,0,356,0,97.53424657534246,0,0.0,17.2
46065,2020,17336,4.238948898311762,355,332,23,0,0,0,0,79,40,19,0,0,355,0,96.99453551912568,0,0.0,16.4
46065,2021,17694,4.247826022935442,349,325,22,1,0,1,0,268,46,12,0,0,349,0,95.61643835616438,2,0.5730659025787965,15.9
46065,2022,17624,4.246104484142712,362,352,10,0,0,0,0,63,28,7,0,0,362,0,99.17808219178085,0,0.0,14.0
46099,2019,193134,5.285858735263484,365,301,63,1,0,0,0,105,55,37,7,265,91,2,100.0,1,0.273972602739726,15.7
46099,2020,196659,5.2937138264686086,366,298,68,0,0,0,0,90,56,38,2,205,151,8,100.0,0,0.0,15.8
46099,2021,199685,5.300345442627847,349,266,78,3,2,0,0,193,61,39,12,193,126,18,95.61643835616438,5,1.4326647564469914,15.2
46099,2022,206930,5.315823457751156,365,300,64,1,0,0,0,105,57,39,0,265,79,21,100.0,1,0.273972602739726,14.1
46103,2019,113775,5.056046844178431,361,267,90,4,0,0,0,117,61,33,10,0,175,176,98.9041095890411,4,1.10803324099723,18.9
46103,2020,115926,5.064180850891834,366,264,102,0,0,0,0,92,64,35,27,0,197,142,100.0,0,0.0,18.1
46103,2021,111806,5.048465110321171,365,244,114,5,1,1,0,202,73,39,16,0,197,152,100.0,7,1.9178082191780823,16.5
46103,2022,115903,5.064094677262853,363,238,123,2,0,0,0,116,69,40,13,0,196,154,99.45205479452056,2,0.5509641873278237,15.4
47001,2019,76978,4.886366623305113,234,177,55,2,0,0,0,105,71,44,0,234,0,0,64.10958904109589,2,0.8547008547008548,23.1
47001,2020,77558,4.889626601332881,245,238,7,0,0,0,0,64,46,35,0,245,0,0,66.93989071038251,0,0.0,22.4
47001,2021,77576,4.889727382602097,235,219,16,0,0,0,0,87,49,38,0,235,0,0,64.38356164383562,0,0.0,21.1
47001,2022,80234,4.904358444135988,245,228,17,0,0,0,0,80,48,39,0,245,0,0,67.12328767123287,0,0.0,18.9
47009,2019,133088,5.12413889868484,365,223,140,2,0,0,0,115,61,46,0,180,185,0,100.0,2,0.547945205479452,22.5
47009,2020,134751,5.129531996811433,366,273,93,0,0,0,0,93,56,42,0,183,183,0,100.0,0,0.0,22.0
47009,2021,137605,5.138634214662267,365,231,132,2,0,0,0,107,61,44,0,168,197,0,100.0,2,0.547945205479452,19.6
47009,2022,141456,5.150621373225512,365,238,126,1,0,0,0,115,58,45,0,169,196,0,100.0,1,0.273972602739726,17.0
47037,2019,694144,5.841449574083323,365,151,213,1,0,0,0,101,64,52,10,63,292,0,100.0,1,0.273972602739726,16.9
47037,2020,694176,5.841469594573446,366,190,174,2,0,0,0,116,62,50,4,71,291,0,100.0,2,0.546448087431694,18.5
47037,2021,703953,5.847543664082395,365,152,209,4,0,0,0,116,70,52,6,47,312,0,100.0,4,1.095890410958904,17.3
47037,2022,712334,5.852683673896704,365,169,194,2,0,0,0,143,66,51,5,70,290,0,100.0,2,0.547945205479452,14.2
47045,2019,37159,4.570064018014673,360,275,85,0,0,0,0,66,54,35,0,0,360,0,98.63013698630137,0,0.0,24.4
47045,2020,36693,4.564583220891482,351,293,57,1,0,0,0,117,53,31,0,0,351,0,95.90163934426228,1,0.2849002849002849,24.0
47045,2021,36615,4.56365903847287,350,242,107,1,0,0,0,105,60,39,0,0,350,0,95.8904109589041,1,0.2857142857142857,22.4
47045,2022,36498,4.562269066846567,356,258,97,1,0,0,0,102,56,39,0,0,356,0,97.53424657534246,1,0.2808988764044944,20.5
47065,2019,367804,5.565616448035504,365,181,184,0,0,0,0,97,67,51,0,127,238,0,100.0,0,0.0,19.3
47065,2020,371662,5.570148159605398,364,219,144,0,1,0,0,151,61,46,0,92,272,0,99.4535519125683,1,0.2747252747252747,19.0
47065,2021,369135,5.567185225326314,351,191,159,1,0,0,0,101,64,48,0,116,235,0,96.16438356164385,1,0.2849002849002849,16.8
47065,2022,379864,5.579628137086764,341,169,171,1,0,0,0,105,66,51,0,87,254,0,93.42465753424658,1,0.2932551319648094,15.7
47089,2019,54495,4.736356656918396,234,197,37,0,0,0,0,93,58,44,0,234,0,0,64.10958904109589,0,0.0,23.3
47089,2020,55307,4.742780101810677,240,232,8,0,0,0,0,74,48,37,0,240,0,0,65.57377049180327,0,0.0,23.5
47089,2021,55624,4.74526221637756,235,199,36,0,0,0,0,100,58,41,0,235,0,0,64.38356164383562,0,0.0,22.0
47089,2022,57838,4.762213266928569,244,219,25,0,0,0,0,87,51,41,0,244,0,0,66.84931506849315,0,0.0,18.5
47093,2019,470313,5.67238698331813,364,214,150,0,0,0,0,84,62,46,0,128,232,4,99.72602739726028,0,0.0,18.6
47093,2020,475609,5.677250064225365,366,233,133,0,0,0,0,91,60,44,0,85,281,0,100.0,0,0.0,19.0
47093,2021,486677,5.68724082228807,365,153,207,5,0,0,0,150,69,52,0,51,314,0,100.0,5,1.36986301369863,17.3
47093,2022,500669,5.699550701952674,365,185,180,0,0,0,0,77,63,49,0,77,288,0,100.0,0,0.0,15.7
47099,2019,44142,4.644852006426143,330,244,86,0,0,0,0,66,55,36,0,0,330,0,90.41095890410958,0,0.0,26.0
47099,2020,44432,4.647695862406183,359,325,34,0,0,0,0,75,49,26,0,0,359,0,98.08743169398907,0,0.0,25.9
47099,2021,44828,4.651549363261519,357,274,83,0,0,0,0,98,57,34,0,0,357,0,97.80821917808218,0,0.0,24.6
47099,2022,46114,4.663832795231394,351,306,45,0,0,0,0,82,53,26,0,0,351,0,96.16438356164385,0,0.0,21.7
47105,2019,54068,4.732940305121614,365,251,114,0,0,0,0,93,58,43,0,120,245,0,100.0,0,0.0,20.9
47105,2020,54910,4.739651443709377,366,299,67,0,0,0,0,97,54,38,0,136,230,0,100.0,0,0.0,20.4
47105,2021,56690,4.75350645699097,365,259,106,0,0,0,0,90,59,42,0,134,231,0,100.0,0,0.0,18.7
47105,2022,60591,4.782408120195788,365,303,62,0,0,0,0,77,53,39,0,142,223,0,100.0,0,0.0,16.7
47107,2019,53794,4.730733838636553,357,239,118,0,0,0,0,69,57,41,0,0,357,0,97.80821917808218,0,0.0,26.6
47107,2020,54208,4.734063384314594,358,280,78,0,0,0,0,89,55,37,0,0,358,0,97.81420765027322,0,0.0,24.7
47107,2021,54059,4.73286800772418,360,250,110,0,0,0,0,90,59,37,0,0,360,0,98.63013698630137,0,0.0,23.5
47107,2022,55678,4.745683626664218,357,233,124,0,0,0,0,73,56,41,0,0,357,0,97.80821917808218,0,0.0,20.2
47113,2019,97984,4.991155164682148,362,262,100,0,0,0,0,65,56,36,0,0,362,0,99.17808219178085,0,0.0,21.2
47113,2020,98360,4.992818520066679,354,304,49,1,0,0,0,108,53,33,0,0,354,0,96.72131147540983,1,0.2824858757062147,21.8
47113,2021,98775,4.994647038353484,356,249,106,1,0,0,0,106,60,38,0,0,356,0,97.53424657534246,1,0.2808988764044944,20.8
47113,2022,99193,4.996481025292902,359,245,113,1,0,0,0,102,58,41,0,0,359,0,98.35616438356163,1,0.2785515320334262,19.1
47119,2019,96387,4.984018463270234,362,301,61,0,0,0,0,66,53,31,0,0,362,0,99.17808219178085,0,0.0,20.9
47119,2020,99590,4.998215732370959,351,302,49,0,0,0,0,92,53,29,0,0,351,0,95.90163934426228,0,0.0,20.5
47119,2021,104760,5.020195489753195,349,252,96,1,0,0,0,109,60,35,0,0,349,0,95.61643835616438,1,0.2865329512893982,18.8
47119,2022,110760,5.044382947073537,344,282,62,0,0,0,0,82,54,33,0,0,344,0,94.24657534246576,0,0.0,16.4
47125,2019,208993,5.320131740119262,362,278,84,0,0,0,0,67,55,35,0,0,362,0,99.17808219178085,0,0.0,19.3
47125,2020,214251,5.330922857635929,359,288,69,2,0,0,0,116,54,35,0,0,359,0,98.08743169398907,2,0.5571030640668524,20.0
47125,2021,227900,5.357744325180375,359,279,79,1,0,0,0,138,59,33,0,0,359,0,98.35616438356163,1,0.2785515320334262,18.4
47125,2022,239872,5.379979556199628,359,280,79,0,0,0,0,87,55,36,0,0,359,0,98.35616438356163,0,0.0,15.7
47141,2019,80245,4.904417981387695,360,291,69,0,0,0,0,67,54,33,0,0,360,0,98.63013698630137,0,0.0,23.0
47141,2020,80929,4.908104174061586,359,310,48,1,0,0,0,105,52,31,0,0,359,0,98.08743169398907,1,0.2785515320334262,22.4
47141,2021,81188,4.909491843047709,356,268,88,0,0,0,0,91,58,36,0,0,356,0,97.53424657534246,0,0.0,21.9
47141,2022,83844,4.923471989301968,347,289,58,0,0,0,0,81,53,32,0,0,347,0,95.06849315068492,0,0.0,18.8
47145,2019,53382,4.727394840951908,356,251,105,0,0,0,0,75,55,37,0,0,356,0,97.53424657534246,0,0.0,23.8
47145,2020,53841,4.731113117531834,338,272,66,0,0,0,0,92,55,35,0,0,338,0,92.34972677595628,0,0.0,22.0
47145,2021,53992,4.732329415133332,357,256,101,0,0,0,0,89,57,37,0,0,357,0,97.80821917808218,0,0.0,21.0
47145,2022,56096,4.748931894413701,340,273,66,0,1,0,0,162,55,36,0,0,340,0,93.15068493150685,1,0.2941176470588235,19.4
47155,2019,98250,4.9923325590474645,364,287,77,0,0,0,0,90,61,44,0,364,0,0,99.72602739726028,0,0.0,24.6
47155,2020,99244,4.9967042600632805,363,336,26,1,0,0,0,105,49,40,0,363,0,0,99.18032786885246,1,0.2754820936639118,23.3
47155,2021,99517,4.997897275474923,363,310,53,0,0,0,0,93,54,42,0,363,0,0,99.45205479452056,0,0.0,21.9
47155,2022,99415,4.997451916849502,310,262,48,0,0,0,0,93,54,44,0,310,0,0,84.93150684931507,0,0.0,19.0
47157,2019,937166,5.971816524184172,365,152,209,4,0,0,0,148,67,52,3,118,243,1,100.0,4,1.095890410958904,19.7
47157,2020,936017,5.971283736493604,366,158,207,0,1,0,0,153,65,52,0,72,294,0,100.0,1,0.273224043715847,18.6
47157,2021,924454,5.965885305929814,365,209,152,4,0,0,0,150,67,48,0,127,238,0,100.0,4,1.095890410958904,19.2
47157,2022,910042,5.959061436219249,365,224,131,8,2,0,0,159,69,46,6,184,174,1,100.0,10,2.73972602739726,17.3
47163,2019,158348,5.19961258242565,362,240,121,1,0,0,0,119,59,44,0,158,204,0,99.17808219178085,1,0.2762430939226519,23.1
47163,2020,158755,5.200727412314967,366,314,52,0,0,0,0,80,52,36,0,161,205,0,100.0,0,0.0,23.2
47163,2021,159265,5.202120345939547,365,273,92,0,0,0,0,100,59,41,0,153,212,0,100.0,0,0.0,20.7
47163,2022,162135,5.2098767758979125,364,299,65,0,0,0,0,87,54,40,0,174,190,0,99.72602739726028,0,0.0,19.7
47165,2019,191283,5.281676374448312,357,240,117,0,0,0,0,93,61,44,0,160,197,0,97.80821917808218,0,0.0,19.5
47165,2020,195561,5.291282249359703,360,273,86,1,0,0,0,121,56,41,0,137,223,0,98.36065573770492,1,0.2777777777777778,20.5
47165,2021,200557,5.302237824673783,357,236,119,2,0,0,0,133,62,44,0,109,248,0,97.80821917808218,2,0.5602240896358543,17.9
47165,2022,207994,5.31805080705663,358,249,108,1,0,0,0,147,58,42,0,143,215,0,98.08219178082192,1,0.2793296089385474,15.3
47187,2019,238412,5.377328110978536,245,215,30,0,0,0,0,84,51,42,0,245,0,0,67.12328767123287,0,0.0,13.3
47187,2020,245348,5.389782522098862,241,231,10,0,0,0,0,71,47,37,0,241,0,0,65.84699453551912,0,0.0,12.8
47187,2021,255735,5.407790169820074,243,225,18,0,0,0,0,67,50,39,0,243,0,0,66.57534246575342,0,0.0,11.2
47187,2022,264460,5.422359993600072,244,209,33,2,0,0,0,122,54,41,0,244,0,0,66.84931506849315,2,0.819672131147541,10.1
47189,2019,144657,5.160339454145891,231,205,26,0,0,0,0,80,51,40,0,231,0,0,63.287671232876704,0,0.0,18.5
47189,2020,148130,5.17064302283611,245,240,5,0,0,0,0,64,45,33,0,245,0,0,66.93989071038251,0,0.0,18.2
47189,2021,151917,5.181606375528921,243,221,22,0,0,0,0,74,48,37,0,243,0,0,66.57534246575342,0,0.0,16.8
47189,2022,163674,5.213979696190591,242,221,20,1,0,0,0,122,49,39,0,242,0,0,66.3013698630137,1,0.4132231404958678,14.2
48013,2020,51724,4.713692103036562,214,149,64,0,1,0,0,158,65,38,0,0,214,0,58.46994535519126,1,0.4672897196261681,17.1
48013,2021,49939,4.698439841603031,356,213,143,0,0,0,0,87,63,43,0,0,356,0,97.53424657534246,0,0.0,15.6
48013,2022,51784,4.714195594009874,356,218,136,2,0,0,0,115,62,44,0,0,356,0,97.53424657534246,2,0.5617977528089888,13.8
48027,2019,362924,5.559815688847902,365,237,126,2,0,0,0,105,62,45,1,211,153,0,100.0,2,0.547945205479452,16.9
48027,2020,369927,5.56811603048565,366,236,129,1,0,0,0,135,63,44,0,193,173,0,100.0,1,0.273224043715847,17.8
48027,2021,379617,5.579345652756512,365,240,122,3,0,0,0,122,69,44,0,230,135,0,100.0,3,0.821917808219178,17.3
48027,2022,393193,5.594605777500805,365,241,121,3,0,0,0,129,73,46,0,246,119,0,100.0,3,0.821917808219178,13.6
48029,2019,2003554,6.301801052077419,365,117,243,4,1,0,0,175,74,55,0,93,271,1,100.0,5,1.36986301369863,14.3
48029,2020,2026823,6.306815823937367,366,119,237,9,1,0,0,160,80,55,0,110,255,1,100.0,10,2.73224043715847,14.6
48029,2021,2028236,6.307118486920946,365,113,240,12,0,0,0,147,80,55,0,94,269,2,100.0,12,3.287671232876712,13.2
48029,2022,2087679,6.319663722660772,365,116,236,12,0,1,0,214,80,55,0,105,259,1,100.0,13,3.5616438356164384,12.3
48037,2019,93245,4.969625553289004,349,171,177,1,0,0,0,109,62,51,0,0,349,0,95.61643835616438,1,0.2865329512893982,20.7
48037,2020,93481,4.970723349549875,358,193,164,1,0,0,0,127,61,48,0,0,358,0,97.81420765027322,1,0.2793296089385474,20.5
48037,2021,92581,4.96652186743984,357,163,193,1,0,0,0,106,64,52,0,0,357,0,97.80821917808218,1,0.2801120448179272,18.9
48037,2022,91687,4.962307762840167,349,144,205,0,0,0,0,99,65,52,0,0,349,0,95.61643835616438,0,0.0,16.3
48039,2019,374264,5.573178054864192,365,325,33,6,1,0,0,161,51,33,5,360,0,0,100.0,7,1.9178082191780823,15.6
48039,2020,380518,5.580375205431892,365,328,34,2,1,0,0,182,51,33,11,354,0,0,99.72677595628416,3,0.821917808219178,15.6
48039,2021,379689,5.579428015342322,365,331,22,11,1,0,0,159,50,34,10,355,0,0,100.0,12,3.287671232876712,13.8
48039,2022,398938,5.600905406087476,365,311,46,8,0,0,0,119,61,35,5,360,0,0,100.0,8,2.191780821917808,11.3
48041,2020,232555,5.366525681405332,303,210,93,0,0,0,0,99,57,40,0,0,303,0,82.78688524590164,0,0.0,17.0
48041,2021,237032,5.374806980969103,356,248,108,0,0,0,0,85,58,40,0,0,356,0,97.53424657534246,0,0.0,16.0
48041,2022,244703,5.388639293730454,345,251,94,0,0,0,0,94,55,40,0,0,345,0,94.52054794520548,0,0.0,13.8
48043,2019,9203,3.9639294220265584,362,278,84,0,0,0,0,93,57,42,0,257,105,0,99.17808219178085,0,0.0,13.9
48043,2020,9237,3.965530943622861,360,314,46,0,0,0,0,80,52,41,0,278,82,0,98.36065573770492,0,0.0,15.1
48043,2021,9450,3.975431808509263,356,287,68,1,0,0,0,105,57,42,0,276,80,0,97.53424657534246,1,0.2808988764044944,12.3
48043,2022,9513,3.978317496746751,357,266,91,0,0,0,0,87,58,42,0,255,102,0,97.80821917808218,0,0.0,10.3
48061,2019,423163,5.626507687386496,365,172,193,0,0,0,0,91,67,52,0,83,282,0,100.0,0,0.0,16.2
48061,2020,424180,5.627550187767521,366,158,199,6,3,0,0,184,74,52,0,64,302,0,100.0,9,2.459016393442623,17.1
48061,2021,423029,5.626370140680638,365,162,203,0,0,0,0,99,70,52,0,67,298,0,100.0,0,0.0,15.4
48061,2022,426710,5.630132820721815,365,191,171,3,0,0,0,120,70,48,0,92,273,0,100.0,3,0.821917808219178,13.6
48085,2019,1034730,6.014827040800189,365,309,48,7,1,0,0,156,58,40,0,365,0,0,100.0,8,2.191780821917808,12.4
48085,2020,1072069,6.03022273811318,365,317,45,2,1,0,0,154,54,37,0,365,0,0,99.72677595628416,3,0.821917808219178,11.9
48085,2021,1109462,6.045112431874081,357,294,55,7,1,0,0,154,64,37,0,357,0,0,97.80821917808218,8,2.2408963585434174,10.5
48085,2022,1195359,6.077498355748021,359,289,63,7,0,0,0,143,71,40,0,359,0,0,98.35616438356163,7,1.9498607242339836,9.0
48113,2019,2635516,6.420865657124915,365,156,203,6,0,0,0,143,74,52,6,137,222,0,100.0,6,1.643835616438356,15.2
48113,2020,2635888,6.420926952957122,366,218,142,6,0,0,0,135,69,46,17,161,187,1,100.0,6,1.639344262295082,16.4
48113,2021,2586050,6.412636917494945,365,210,145,9,1,0,0,174,71,47,12,180,172,1,100.0,10,2.73972602739726,15.8
48113,2022,2606358,6.416034068608385,365,164,184,17,0,0,0,148,74,52,12,145,207,1,100.0,17,4.657534246575342,12.5
48121,2019,887207,5.948024959707132,365,239,114,12,0,0,0,133,67,44,1,236,128,0,100.0,12,3.287671232876712,13.1
48121,2020,919324,5.963468598016752,366,245,113,8,0,0,0,142,71,44,3,223,140,0,100.0,8,2.185792349726776,13.0
48121,2021,941647,5.97388812712004,365,222,122,18,3,0,0,179,77,45,0,226,139,0,100.0,21,5.753424657534247,11.5
48121,2022,1007703,6.003332551487303,365,209,136,19,1,0,0,187,87,47,0,268,97,0,100.0,20,5.47945205479452,9.5
48135,2019,166223,5.22069111621095,354,251,103,0,0,0,0,82,56,38,0,0,354,0,96.986301369863,0,0.0,16.1
48135,2020,167701,5.22453565230905,346,271,75,0,0,0,0,96,57,36,0,0,346,0,94.53551912568308,0,0.0,17.3
48135,2021,161091,5.207071277479917,349,269,80,0,0,0,0,91,56,35,0,0,349,0,95.61643835616438,0,0.0,16.3
48135,2022,164494,5.216150061468886,360,266,94,0,0,0,0,94,58,37,0,0,360,0,98.63013698630137,0,0.0,14.2
48139,2019,184826,5.266763064623685,365,250,115,0,0,0,0,97,58,44,5,188,172,0,100.0,0,0.0,16.4
48139,2020,191760,5.2827580210255976,366,239,126,1,0,0,0,125,61,45,2,137,227,0,100.0,1,0.273224043715847,16.9
48139,2021,202678,5.306806610078623,363,262,100,1,0,0,0,105,60,43,5,184,174,0,99.45205479452056,1,0.2754820936639118,15.0
48139,2022,222829,5.347971711278997,364,311,53,0,0,0,0,97,54,38,6,317,41,0,99.72602739726028,0,0.0,12.5
48141,2019,839238,5.92388514012435,365,100,252,11,2,0,0,159,84,57,6,142,214,3,100.0,13,3.5616438356164384,13.6
48141,2020,841286,5.924943661798843,366,95,252,17,2,0,0,192,89,59,6,151,181,28,100.0,19,5.191256830601093,14.8
48141,2021,867947,5.938493206385829,365,91,255,19,0,0,0,150,84,59,7,141,207,10,100.0,19,5.205479452054795,14.7
48141,2022,869880,5.93945934579986,365,72,273,19,1,0,0,163,86,59,3,132,220,10,100.0,20,5.47945205479452,12.5
48167,2019,342139,5.534202581695779,362,247,107,8,0,0,0,136,63,43,3,215,143,1,99.17808219178085,8,2.209944751381215,17.1
48167,2020,345089,5.537931116012903,360,238,119,3,0,0,0,143,66,44,1,198,159,2,98.36065573770492,3,0.8333333333333334,16.4
48167,2021,355062,5.5503041950462055,361,259,99,3,0,0,0,122,63,43,1,194,163,3,98.9041095890411,3,0.8310249307479225,14.1
48167,2022,361744,5.5584013365056535,365,236,122,6,1,0,0,159,66,46,0,184,181,0,100.0,7,1.9178082191780823,12.3
48183,2019,123945,5.0932290118121255,362,328,33,1,0,0,0,112,50,35,3,359,0,0,99.17808219178085,1,0.2762430939226519,19.5
48183,2020,124229,5.094222989317429,363,357,6,0,0,0,0,74,44,31,10,353,0,0,99.18032786885246,0,0.0,20.5
48183,2021,124201,5.094125092561443,365,336,29,0,0,0,0,93,48,33,7,358,0,0,100.0,0,0.0,18.8
48183,2022,126243,5.101207306429072,365,329,35,1,0,0,0,143,50,35,2,363,0,0,100.0,1,0.273972602739726,15.7
48201,2019,4713325,6.673327386893153,365,91,247,22,4,1,0,202,93,56,7,106,252,0,100.0,27,7.397260273972603,15.4
48201,2020,4738253,6.675618246249648,366,109,240,15,2,0,0,190,82,56,5,94,266,1,100.0,17,4.644808743169399,15.8
48201,2021,4728030,6.674680223540103,365,64,276,18,7,0,0,179,90,58,3,69,283,10,100.0,25,6.849315068493151,15.5
48201,2022,4835125,6.684407706156044,365,57,281,22,5,0,0,179,93,60,3,89,238,35,100.0,27,7.397260273972603,12.6
48203,2019,66553,4.823167636881773,358,242,116,0,0,0,0,90,58,44,0,131,227,0,98.08219178082192,0,0.0,20.7
48203,2020,66386,4.822076501599741,363,264,99,0,0,0,0,100,57,40,0,108,255,0,99.18032786885246,0,0.0,20.8
48203,2021,69150,4.839792184445329,362,205,153,3,1,0,0,161,64,47,0,89,273,0,99.17808219178085,4,1.1049723756906076,18.6
48203,2022,70895,4.850615606847647,328,164,159,4,1,0,0,181,64,51,1,110,217,0,89.86301369863014,5,1.524390243902439,15.7
48215,2019,868707,5.938873321051521,365,184,179,2,0,0,0,106,69,50,0,76,289,0,100.0,2,0.547945205479452,15.6
48215,2020,875200,5.942107308989356,366,222,139,3,2,0,0,157,69,44,0,78,288,0,100.0,5,1.366120218579235,16.8
48215,2021,880356,5.944658328480667,363,169,192,2,0,0,0,108,74,52,0,85,278,0,99.45205479452056,2,0.5509641873278237,15.5
48215,2022,898471,5.953504063923312,365,197,165,3,0,0,0,136,70,49,0,103,262,0,100.0,3,0.821917808219178,13.8
48221,2019,61643,4.789883766512009,357,325,31,1,0,0,0,133,50,35,0,357,0,0,97.80821917808218,1,0.2801120448179272,17.3
48221,2020,63527,4.802958346690387,357,330,27,0,0,0,0,100,48,33,0,357,0,0,97.54098360655738,0,0.0,17.2
48221,2021,64222,4.807683826229532,357,331,25,1,0,0,0,122,49,35,0,357,0,0,97.80821917808218,1,0.2801120448179272,15.5
48221,2022,67774,4.831063118319127,360,295,54,11,0,0,0,150,64,38,0,360,0,0,98.63013698630137,11,3.055555555555556,12.4
48231,2019,98594,4.9938504864809925,364,345,19,0,0,0,0,97,47,35,3,361,0,0,99.72602739726028,0,0.0,19.9
48231,2020,99807,4.999161001755938,366,351,15,0,0,0,0,87,45,32,2,364,0,0,100.0,0,0.0,20.1
48231,2021,103394,5.014495337186387,362,343,19,0,0,0,0,93,46,33,5,357,0,0,99.17808219178085,0,0.0,17.9
48231,2022,113347,5.054410029970366,358,330,28,0,0,0,0,97,50,36,5,353,0,0,98.08219178082192,0,0.0,15.4
48245,2019,251565,5.400650217996524,365,194,165,6,0,0,0,150,67,49,0,142,223,0,100.0,6,1.643835616438356,19.0
48245,2020,250127,5.39816057424993,363,219,142,2,0,0,0,122,65,46,0,148,215,0,99.18032786885246,2,0.5509641873278237,20.2
48245,2021,253704,5.404327314538376,365,231,131,3,0,0,0,115,62,44,0,147,218,0,100.0,3,0.821917808219178,19.2
48245,2022,251496,5.400531082068915,365,203,157,5,0,0,0,129,66,48,0,117,248,0,100.0,5,1.36986301369863,16.2
48251,2019,175817,5.245060865329585,352,298,47,7,0,0,0,143,61,38,0,352,0,0,96.43835616438356,7,1.9886363636363635,18.6
48251,2020,179575,5.254245875105337,349,320,27,2,0,0,0,105,50,34,0,349,0,0,95.3551912568306,2,0.5730659025787965,19.4
48251,2021,187280,5.272491400688568,363,311,46,6,0,0,0,136,61,37,0,363,0,0,99.45205479452056,6,1.6528925619834711,16.8
48251,2022,202906,5.307294889459982,362,281,67,13,1,0,0,156,74,41,0,362,0,0,99.17808219178085,14,3.867403314917127,14.3
48255,2020,15562,4.192065410979292,363,363,0,0,0,0,0,32,17,6,363,0,0,0,99.18032786885246,0,0.0,19.3
48255,2021,14754,4.168909779122361,364,364,0,0,0,0,0,26,16,6,364,0,0,0,99.72602739726028,0,0.0,18.5
48255,2022,15018,4.176612099991867,349,349,0,0,0,0,0,34,17,6,349,0,0,0,95.61643835616438,0,0.0,16.2
48257,2019,136154,5.134030404782921,365,278,87,0,0,0,0,93,57,42,0,209,156,0,100.0,0,0.0,17.6
48257,2020,143198,5.155936952364089,366,260,105,1,0,0,0,134,60,42,3,171,192,0,100.0,1,0.273224043715847,18.0
48257,2021,157768,5.198018920085511,365,269,96,0,0,0,0,84,58,40,3,153,209,0,100.0,0,0.0,16.1
48257,2022,185690,5.268788516223584,365,252,110,3,0,0,0,112,62,44,1,216,148,0,100.0,3,0.821917808219178,13.7
48273,2019,30680,4.486855355276943,284,182,102,0,0,0,0,89,61,41,0,0,284,0,77.8082191780822,0,0.0,15.6
48273,2020,30338,4.481986946998056,330,181,143,4,2,0,0,174,70,46,0,0,330,0,90.1639344262295,6,1.818181818181818,16.4
48273,2021,30635,4.4862178846679726,348,185,162,1,0,0,0,109,68,48,0,0,348,0,95.34246575342463,1,0.2873563218390804,15.7
48273,2022,30069,4.478118985077456,347,196,147,4,0,0,0,133,65,47,0,0,347,0,95.06849315068492,4,1.1527377521613833,13.9
48303,2019,310569,5.492158103675735,330,281,48,1,0,0,0,103,53,34,0,0,330,0,90.41095890410958,1,0.303030303030303,15.8
48303,2020,314772,5.497996093489047,352,311,41,0,0,0,0,83,52,26,0,0,352,0,96.17486338797814,0,0.0,16.9
48303,2021,314451,5.497552980186498,347,278,69,0,0,0,0,85,55,31,0,0,347,0,95.06849315068492,0,0.0,16.3
48303,2022,320940,5.5064238482786605,347,300,45,2,0,0,0,138,54,26,0,0,347,0,95.06849315068492,2,0.5763688760806917,13.7
48309,2019,256623,5.409295577703155,365,313,52,0,0,0,0,87,54,39,0,276,88,0,100.0,0,0.0,18.5
48309,2020,259730,5.414522115520652,366,294,72,0,0,0,0,97,54,39,0,231,135,0,100.0,0,0.0,19.0
48309,2021,263115,5.420145607612628,364,280,84,0,0,0,0,100,59,39,0,216,146,0,99.72602739726028,0,0.0,17.2
48309,2022,268583,5.429078520470293,364,209,155,0,0,0,0,100,64,48,0,122,239,0,99.72602739726028,0,0.0,14.5
48323,2019,58722,4.768800838702498,339,246,92,1,0,0,0,104,59,34,0,0,339,0,92.87671232876713,1,0.2949852507374631,18.2
48323,2020,58378,4.766249212203172,347,254,92,0,1,0,0,164,61,36,0,0,347,0,94.80874316939892,1,0.2881844380403458,17.0
48323,2021,58056,4.763847110073486,353,239,114,0,0,0,0,88,61,37,0,0,353,0,96.7123287671233,0,0.0,17.1
48323,2022,57762,4.76164222219881,349,256,92,1,0,0,0,107,62,36,0,0,349,0,95.61643835616438,1,0.2865329512893982,14.8
48339,2019,607391,5.783468352482979,365,261,99,5,0,0,0,143,61,44,2,226,137,0,100.0,5,1.36986301369863,14.8
48339,2020,626351,5.796817775132286,366,219,139,8,0,0,0,129,64,44,1,142,223,0,100.0,8,2.185792349726776,15.7
48339,2021,648886,5.8121684041659405,359,204,152,2,1,0,0,151,66,47,0,148,211,0,98.35616438356163,3,0.8356545961002786,14.2
48339,2022,711354,5.852085777925835,364,175,183,6,0,0,0,126,71,51,1,137,226,0,99.72602739726028,6,1.6483516483516485,11.6
48349,2019,50113,4.699950402432091,362,275,87,0,0,0,0,100,57,42,0,211,151,0,99.17808219178085,0,0.0,20.3
48349,2020,50694,4.7049565604952495,366,257,107,2,0,0,0,113,58,42,2,139,225,0,100.0,2,0.546448087431694,20.9
48349,2021,53591,4.7290918609889365,365,266,99,0,0,0,0,100,61,41,1,183,181,0,100.0,0,0.0,19.4
48349,2022,55635,4.745348092384291,364,242,121,1,0,0,0,101,64,44,3,205,156,0,99.72602739726028,1,0.2747252747252747,17.1
48355,2019,362294,5.559061141684362,365,198,166,1,0,0,0,107,66,49,0,113,252,0,100.0,1,0.273972602739726,16.0
48355,2020,363148,5.56008365667212,366,227,137,0,2,0,0,162,67,46,0,135,231,0,100.0,2,0.546448087431694,17.4
48355,2021,353079,5.547871887896334,364,200,162,2,0,0,0,113,67,47,0,127,236,1,99.72602739726028,2,0.5494505494505495,15.3
48355,2022,352289,5.546899082823924,365,208,155,2,0,0,0,106,65,47,0,117,248,0,100.0,2,0.547945205479452,13.4
48361,2019,83396,4.921145220666661,365,233,132,0,0,0,0,100,60,44,0,125,240,0,100.0,0,0.0,21.4
48361,2020,82878,4.918439262195511,362,223,137,2,0,0,0,103,62,44,0,124,238,0,98.90710382513662,2,0.5524861878453038,20.3
48361,2021,84742,4.92809870959079,364,262,102,0,0,0,0,80,57,41,3,111,250,0,99.72602739726028,0,0.0,19.4
48361,2022,85722,4.933092295113971,365,247,116,2,0,0,0,108,60,43,3,123,239,0,100.0,2,0.547945205479452,15.8
48367,2019,142878,5.154965362351841,363,317,46,0,0,0,0,100,54,37,0,363,0,0,99.45205479452056,0,0.0,17.5
48367,2020,148198,5.170842342679579,362,331,30,1,0,0,0,115,50,35,0,362,0,0,98.90710382513662,1,0.2762430939226519,17.8
48367,2021,156764,5.195246336432529,354,312,41,1,0,0,0,136,54,36,0,354,0,0,96.986301369863,1,0.2824858757062147,15.8
48367,2022,173494,5.239284460037849,358,290,54,14,0,0,0,147,67,40,0,358,0,0,98.08219178082192,14,3.910614525139665,12.7
48375,2019,117415,5.069723582440522,340,304,36,0,0,0,0,65,51,25,0,0,340,0,93.15068493150685,0,0.0,20.2
48375,2020,116004,5.064472964640513,341,307,34,0,0,0,0,85,50,26,0,0,341,0,93.16939890710384,0,0.0,21.9
48375,2021,116547,5.066501098961579,354,293,61,0,0,0,0,83,54,31,0,0,354,0,96.986301369863,0,0.0,20.4
48375,2022,114647,5.0593626949099,359,312,46,1,0,0,0,108,53,31,0,0,359,0,98.35616438356163,1,0.2785515320334262,17.5
48397,2019,104915,5.020837584966807,323,305,16,2,0,0,0,105,47,34,0,323,0,0,88.4931506849315,2,0.6191950464396285,13.5
48397,2020,109888,5.040950269144804,363,345,17,1,0,0,0,133,45,32,0,363,0,0,99.18032786885246,1,0.2754820936639118,13.7
48397,2021,116381,5.0658820845347945,360,343,17,0,0,0,0,87,45,31,0,360,0,0,98.63013698630137,0,0.0,11.6
48397,2022,131307,5.118287879024276,360,339,21,0,0,0,0,100,47,34,0,360,0,0,98.63013698630137,0,0.0,9.7
48423,2019,232751,5.366891555576254,364,326,37,1,0,0,0,133,51,36,4,360,0,0,99.72602739726028,1,0.2747252747252747,17.4
48423,2020,235806,5.372554851368654,366,352,14,0,0,0,0,84,46,33,3,363,0,0,100.0,0,0.0,17.9
48423,2021,237186,5.375089051040522,361,333,28,0,0,0,0,100,48,35,8,353,0,0,98.9041095890411,0,0.0,16.7
48423,2022,245209,5.389536406215896,363,289,68,6,0,0,0,122,64,40,19,344,0,0,99.45205479452056,6,1.6528925619834711,14.0
48439,2019,2102515,6.32273910287375,365,176,175,14,0,0,0,147,74,51,6,157,202,0,100.0,14,3.8356164383561646,14.8
48439,2020,2123347,6.327020972908695,366,163,187,13,3,0,0,159,77,52,7,131,228,0,100.0,16,4.371584699453552,15.9
48439,2021,2126477,6.32766068974127,365,161,190,12,1,1,0,209,79,52,6,137,222,0,100.0,14,3.8356164383561646,14.6
48439,2022,2182947,6.339043191555698,365,132,211,20,2,0,0,172,90,54,7,146,212,0,100.0,22,6.027397260273973,12.6
48453,2019,1273954,6.105153746753776,365,169,194,2,0,0,0,115,67,52,5,105,255,0,100.0,2,0.547945205479452,12.0
48453,2020,1300503,6.114111358363451,366,182,183,0,1,0,0,154,66,51,3,95,267,1,100.0,1,0.273224043715847,11.9
48453,2021,1305154,6.115661758727378,365,182,182,1,0,0,0,101,67,51,3,111,248,3,100.0,1,0.273972602739726,10.7
48453,2022,1334961,6.125468578260744,365,178,180,7,0,0,0,129,77,51,4,136,225,0,100.0,7,1.9178082191780823,9.3
48469,2019,92084,4.964184176175567,341,319,22,0,0,0,0,87,48,31,0,341,0,0,93.42465753424658,0,0.0,17.7
48469,2020,91936,4.963485604311853,329,308,21,0,0,0,0,100,47,31,0,329,0,0,89.89071038251366,0,0.0,17.7
48469,2021,90964,4.958869549521941,364,347,17,0,0,0,0,97,46,32,0,364,0,0,99.72602739726028,0,0.0,16.8
48469,2022,91664,4.962198804905538,354,342,12,0,0,0,0,74,46,30,0,354,0,0,96.986301369863,0,0.0,14.2
48479,2019,276652,5.441933814206141,365,187,177,1,0,0,0,109,71,50,0,74,290,1,100.0,1,0.273972602739726,16.8
48479,2020,277681,5.443546164671206,366,217,146,2,1,0,0,163,68,47,0,97,269,0,100.0,3,0.819672131147541,16.7
48479,2021,267945,5.428045657283083,365,197,168,0,0,0,0,97,69,48,0,60,303,2,100.0,0,0.0,15.8
48479,2022,269148,5.42999115698399,361,215,144,2,0,0,0,114,69,45,0,27,329,5,98.9041095890411,2,0.554016620498615,13.1
48493,2020,52023,4.716195392955556,365,365,0,0,0,0,0,34,18,7,365,0,0,0,99.72677595628416,0,0.0,16.6
48493,2021,51257,4.709753183947856,363,363,0,0,0,0,0,27,16,7,363,0,0,0,99.45205479452056,0,0.0,14.7
48493,2022,54183,4.733863047344918,300,300,0,0,0,0,0,44,21,8,300,0,0,0,82.1917808219178,0,0.0,12.3
49003,2019,56046,4.748544622463244,364,300,62,2,0,0,0,121,54,41,61,261,42,0,99.72602739726028,2,0.5494505494505495,10.9
49003,2020,57007,4.755928186807898,355,316,36,3,0,0,0,147,51,40,27,328,0,0,96.99453551912568,3,0.8450704225352111,10.5
49003,2021,59688,4.775887026981542,363,281,78,4,0,0,0,119,67,42,2,361,0,0,99.45205479452056,4,1.1019283746556474,11.2
49003,2022,62684,4.7971567019398185,281,266,15,0,0,0,0,90,47,35,16,265,0,0,76.98630136986301,0,0.0,9.9
49005,2019,128289,5.108189419865929,365,247,104,14,0,0,0,147,69,46,0,259,106,0,100.0,14,3.8356164383561646,9.7
49005,2020,130004,5.113956715008393,366,205,152,5,4,0,0,162,72,48,0,170,179,17,100.0,9,2.459016393442623,9.2
49005,2021,137417,5.138040463069193,365,213,142,10,0,0,0,129,82,45,0,229,124,12,100.0,10,2.73972602739726,10.0
49005,2022,142393,5.153488640030498,365,223,135,6,1,0,0,155,71,46,0,208,157,0,100.0,7,1.9178082191780823,9.1
49007,2019,20463,4.31096930425081,365,265,99,1,0,0,0,108,64,46,4,361,0,0,100.0,1,0.273972602739726,12.8
49007,2020,20760,4.31722734917642,350,308,42,0,0,0,0,93,51,43,2,348,0,0,95.62841530054644,0,0.0,12.5
49007,2021,20372,4.30903366750414,365,265,88,10,2,0,0,155,74,44,0,323,42,0,100.0,12,3.287671232876712,13.6
49007,2022,20609,4.314056919240724,364,321,43,0,0,0,0,74,52,43,1,336,27,0,99.72602739726028,0,0.0,12.3
49011,2019,355481,5.550816393207358,365,239,120,6,0,0,0,119,74,45,25,263,77,0,100.0,6,1.643835616438356,8.0
49011,2020,359232,5.555375016203559,366,217,135,13,1,0,0,157,78,46,33,187,146,0,100.0,14,3.825136612021858,7.8
49011,2021,367285,5.5650031920255225,365,205,134,25,1,0,0,156,92,47,21,233,110,1,100.0,26,7.123287671232877,8.0
49011,2022,373207,5.571949780928865,365,210,145,10,0,0,0,147,84,47,25,248,92,0,100.0,10,2.73972602739726,7.4
49013,2019,19938,4.299681591662354,365,226,128,7,4,0,0,177,72,48,0,312,53,0,100.0,11,3.0136986301369864,13.7
49013,2020,19894,4.298722113605708,366,239,122,5,0,0,0,125,68,46,0,259,107,0,100.0,5,1.366120218579235,13.6
49013,2021,19790,4.296445794206396,365,220,137,7,1,0,0,155,77,48,0,296,69,0,100.0,8,2.191780821917808,13.4
49013,2022,20477,4.311266330288116,365,223,138,3,1,0,0,177,72,48,0,301,58,6,100.0,4,1.095890410958904,11.8
49017,2019,5051,3.7033773685123497,299,258,41,0,0,0,0,80,51,41,0,268,31,0,81.91780821917808,0,0.0,11.8
49017,2020,5050,3.703291378118661,365,331,34,0,0,0,0,74,50,42,0,361,4,0,99.72677595628416,0,0.0,11.8
49017,2021,5129,3.7100326990657537,362,273,87,2,0,0,0,115,64,45,0,359,3,0,99.17808219178085,2,0.5524861878453038,12.1
49017,2022,5314,3.725421550074259,293,246,47,0,0,0,0,93,58,44,0,257,36,0,80.27397260273973,0,0.0,9.8
49021,2019,54839,4.739089526743996,365,320,45,0,0,0,0,84,52,43,14,301,50,0,100.0,0,0.0,11.1
49021,2020,56814,4.754455366935646,366,312,54,0,0,0,0,88,53,41,20,273,73,0,100.0,0,0.0,11.9
49021,2021,60519,4.781891743242921,365,286,75,3,1,0,0,176,62,40,11,268,86,0,100.0,4,1.095890410958904,12.4
49021,2022,64211,4.807609433521853,365,309,56,0,0,0,0,80,54,42,10,293,62,0,100.0,0,0.0,10.8
49035,2019,1160437,6.064621567631189,365,132,216,17,0,0,0,136,90,58,24,228,109,4,100.0,17,4.657534246575342,9.3
49035,2020,1165517,6.066518612436045,366,143,200,21,1,1,0,214,93,54,21,164,177,4,100.0,23,6.284153005464481,9.1
49035,2021,1186421,6.074238825228185,365,122,195,39,9,0,0,177,108,59,13,223,117,12,100.0,48,13.150684931506849,8.6
49035,2022,1185813,6.074016207180573,365,101,236,28,0,0,0,147,98,60,18,199,139,9,100.0,28,7.671232876712329,8.3
49037,2019,15308,4.184918453552462,363,286,70,3,1,3,0,268,58,44,0,363,0,0,99.45205479452056,7,1.9283746556473829,16.8
49037,2020,15278,4.184066505691661,363,294,67,2,0,0,0,119,58,43,0,360,3,0,99.18032786885246,2,0.5509641873278237,15.8
49037,2021,14489,4.161038412422962,364,276,86,2,0,0,0,115,67,44,0,360,4,0,99.72602739726028,2,0.5494505494505495,16.2
49037,2022,14358,4.157093948997081,365,306,59,0,0,0,0,87,58,44,0,362,3,0,100.0,0,0.0,16.2
49045,2019,72259,4.858891947025984,365,286,77,2,0,0,0,117,61,44,1,285,79,0,100.0,2,0.547945205479452,10.6
49045,2020,74512,4.872226220588656,366,253,108,4,1,0,0,162,70,43,1,235,130,0,100.0,5,1.366120218579235,11.1
49045,2021,76640,4.884455496070488,365,229,120,14,2,0,0,157,77,43,1,241,123,0,100.0,16,4.383561643835616,10.6
49045,2022,82051,4.914083878403559,365,248,111,6,0,0,0,119,72,44,1,265,99,0,100.0,6,1.643835616438356,9.3
49047,2019,35734,4.553081633070497,365,157,186,17,4,1,0,205,87,54,0,342,23,0,100.0,22,6.027397260273973,13.8
49047,2020,35970,4.555940437818511,366,201,160,5,0,0,0,133,72,50,0,308,58,0,100.0,5,1.366120218579235,14.0
49047,2021,36204,4.5587565562226136,365,190,149,24,2,0,0,159,93,50,0,338,27,0,100.0,26,7.123287671232877,13.5
49047,2022,37747,4.576882441124978,365,242,123,0,0,0,0,93,67,47,0,329,36,0,100.0,0,0.0,12.5
49049,2019,636235,5.80361755645441,365,217,147,1,0,0,0,107,70,48,4,267,93,1,100.0,1,0.273972602739726,6.5
49049,2020,651059,5.813620346806873,366,199,162,5,0,0,0,150,80,48,1,201,163,1,100.0,5,1.366120218579235,6.7
49049,2021,684986,5.835681695310119,365,192,156,17,0,0,0,144,87,49,6,259,97,3,100.0,17,4.657534246575342,7.0
49049,2022,719174,5.856833978140303,365,206,154,5,0,0,0,119,74,49,7,222,124,12,100.0,5,1.36986301369863,7.0
49053,2019,177556,5.249335352632361,365,283,82,0,0,0,0,93,61,45,0,332,33,0,100.0,0,0.0,9.4
49053,2020,184913,5.266967444581563,366,276,87,3,0,0,0,112,63,44,0,318,48,0,100.0,3,0.819672131147541,9.3
49053,2021,191226,5.28154694070609,365,256,106,2,1,0,0,163,64,45,0,340,25,0,100.0,3,0.821917808219178,9.4
49053,2022,202452,5.306322071470811,365,288,77,0,0,0,0,97,61,44,0,337,28,0,100.0,0,0.0,8.7
49057,2019,260213,5.415328989716852,308,224,82,2,0,0,0,108,66,44,20,208,80,0,84.38356164383562,2,0.6493506493506493,10.4
49057,2020,262658,5.419390633020125,366,228,132,6,0,0,0,140,74,45,37,221,101,7,100.0,6,1.639344262295082,10.6
49057,2021,267066,5.426618601790484,364,221,126,17,0,0,0,140,83,46,12,220,120,10,99.72602739726028,17,4.670329670329671,11.1
49057,2022,271926,5.4344507343131,365,205,155,5,0,0,0,121,74,48,12,239,109,5,100.0,5,1.36986301369863,9.2
50003,2019,35470,4.549861188471943,365,329,36,0,0,0,0,95,50,37,0,247,118,0,100.0,0,0.0,17.7
50003,2020,35338,4.548241966406093,366,330,36,0,0,0,0,73,50,37,0,251,115,0,100.0,0,0.0,15.5
50003,2021,37312,4.571848528742901,365,307,57,1,0,0,0,115,55,37,0,221,144,0,100.0,1,0.273972602739726,16.3
50003,2022,37183,4.57034442661083,365,324,41,0,0,0,0,74,51,37,0,244,121,0,100.0,0,0.0,12.6
50007,2019,163774,5.214244956320691,365,306,59,0,0,0,0,82,54,39,0,205,160,0,100.0,0,0.0,12.9
50007,2020,164306,5.21565342295614,366,302,64,0,0,0,0,98,53,39,0,206,160,0,100.0,0,0.0,12.0
50007,2021,168865,5.22753964434891,365,288,76,1,0,0,0,129,57,40,0,175,190,0,100.0,1,0.273972602739726,11.9
50007,2022,169481,5.229121017833086,365,298,67,0,0,0,0,90,53,41,0,200,165,0,100.0,0,0.0,9.2
50021,2019,58191,4.764855820516151,365,281,84,0,0,0,0,89,58,40,1,160,203,1,100.0,0,0.0,18.6
50021,2020,57764,4.7616572593153705,366,283,83,0,0,0,0,97,56,39,0,157,209,0,100.0,0,0.0,15.1
50021,2021,60591,4.782408120195788,365,265,99,1,0,0,0,114,60,40,0,145,220,0,100.0,1,0.273972602739726,16.7
50021,2022,60271,4.780108397223329,365,278,87,0,0,0,0,74,57,39,1,146,218,0,100.0,0,0.0,13.5
51013,2019,236842,5.374458719802703,365,294,70,1,0,0,0,112,61,40,90,216,58,0,100.0,1,0.273972602739726,8.7
51013,2020,240119,5.380426526024057,366,332,34,0,0,0,0,90,49,34,37,267,61,0,100.0,0,0.0,9.0
51013,2021,232965,5.3672906787572,365,306,56,3,0,0,0,115,55,38,37,267,61,0,100.0,3,0.821917808219178,7.9
51013,2022,234162,5.369516418792213,365,325,40,0,0,0,0,100,51,37,48,263,54,0,100.0,0,0.0,7.0
51041,2019,352802,5.547531038439662,280,235,45,0,0,0,0,87,54,40,0,209,71,0,76.71232876712328,0,0.0,14.6
51041,2020,358245,5.554180137694468,279,265,14,0,0,0,0,61,46,34,0,204,75,0,76.22950819672131,0,0.0,14.7
51041,2021,370688,5.5690085271729775,283,243,39,1,0,0,0,101,52,38,0,203,80,0,77.53424657534246,1,0.3533568904593639,13.2
51041,2022,383876,5.584190960793141,286,264,22,0,0,0,0,80,48,38,0,212,74,0,78.35616438356165,0,0.0,11.4
51059,2019,1147532,6.059764805084809,365,192,171,2,0,0,0,105,64,49,12,104,249,0,100.0,2,0.547945205479452,10.5
51059,2020,1150847,6.061017589943905,366,236,130,0,0,0,0,100,58,44,9,112,245,0,100.0,0,0.0,9.4
51059,2021,1139720,6.056798169414531,365,208,153,4,0,0,0,129,65,47,10,101,254,0,100.0,4,1.095890410958904,8.3
51071,2019,16720,4.223236273102998,344,315,29,0,0,0,0,84,50,40,0,344,0,0,94.24657534246576,0,0.0,20.9
51071,2020,16663,4.221753194318869,342,337,5,0,0,0,0,67,45,36,0,342,0,0,93.44262295081968,0,0.0,19.7
51071,2021,16562,4.219112780306168,358,331,27,0,0,0,0,74,49,38,0,358,0,0,98.08219178082192,0,0.0,19.0
51071,2022,16457,4.216350669139196,358,329,29,0,0,0,0,100,50,38,0,358,0,0,98.08219178082192,0,0.0,16.4
51087,2019,330818,5.519589131739029,363,310,53,0,0,0,0,100,54,38,17,278,64,0,99.45205479452056,0,0.0,14.3
51087,2020,333766,5.523442093983583,366,287,79,0,0,0,0,71,55,41,2,140,223,0,100.0,0,0.0,14.3
51087,2021,333554,5.52316615310586,363,221,141,1,0,0,0,112,61,44,1,111,250,0,99.45205479452056,1,0.2754820936639118,13.2
51087,2022,334760,5.524733559186517,364,235,128,1,0,0,0,112,58,45,2,140,222,0,99.72602739726028,1,0.2747252747252747,11.4
51107,2019,413538,5.616515423034999,337,286,50,1,0,0,0,112,54,38,78,202,57,0,92.32876712328768,1,0.2967359050445104,9.9
51107,2020,422784,5.626118543339283,366,339,26,1,0,0,0,108,48,34,24,285,57,0,100.0,1,0.273224043715847,9.5
51107,2021,427592,5.631029571213175,364,308,55,1,0,0,0,122,54,37,10,298,56,0,99.72602739726028,1,0.2747252747252747,8.6
51107,2022,436347,5.639831994424605,364,328,34,2,0,0,0,112,50,37,16,304,44,0,99.72602739726028,2,0.5494505494505495,8.0
51143,2021,59972,4.777948532320861,335,335,0,0,0,0,0,21,7,3,335,0,0,0,91.78082191780824,0,0.0,20.1
51143,2022,59571,4.775034890527529,363,363,0,0,0,0,0,28,7,3,363,0,0,0,99.45205479452056,0,0.0,18.8
51147,2019,22802,4.357972941336858,358,351,7,0,0,0,0,67,44,35,0,358,0,0,98.08219178082192,0,0.0,20.9
51147,2020,23006,4.361841115455327,361,361,0,0,0,0,0,49,42,30,0,361,0,0,98.63387978142076,0,0.0,20.7
51147,2021,21932,4.341078237211443,356,343,13,0,0,0,0,80,45,33,0,356,0,0,97.53424657534246,0,0.0,19.9
51147,2022,22049,4.343388897462354,347,340,7,0,0,0,0,54,44,34,0,347,0,0,95.06849315068492,0,0.0,17.4
51153,2019,470335,5.672407297991852,364,347,17,0,0,0,0,100,48,36,119,245,0,0,99.72602739726028,0,0.0,13.3
51153,2020,475533,5.6771806605386494,364,357,7,0,0,0,0,74,44,32,1,363,0,0,99.4535519125683,0,0.0,12.7
51153,2021,484472,5.685268682115605,359,333,25,1,0,0,0,119,49,35,10,349,0,0,98.35616438356163,1,0.2785515320334262,11.6
51153,2022,489640,5.689876889263492,350,337,13,0,0,0,0,93,46,35,5,345,0,0,95.8904109589041,0,0.0,10.9
51161,2019,94186,4.973986353168618,365,286,79,0,0,0,0,71,55,42,48,145,172,0,100.0,0,0.0,15.6
51161,2020,94509,4.975473167919027,366,277,89,0,0,0,0,72,55,40,3,103,260,0,100.0,0,0.0,16.3
51161,2021,96589,4.984927669776595,365,246,118,1,0,0,0,106,61,43,1,114,249,0,100.0,1,0.273972602739726,14.3
51179,2019,152882,5.184356355517929,260,244,16,0,0,0,0,93,49,39,0,240,0,20,71.23287671232876,0,0.0,13.4
51179,2020,156748,5.195202008229995,362,357,5,0,0,0,0,84,44,32,0,360,0,2,98.90710382513662,0,0.0,14.1
51179,2021,160877,5.20649395903328,358,337,20,1,0,0,0,115,47,35,0,357,0,1,98.08219178082192,1,0.2793296089385474,11.8
51179,2022,165428,5.218609019220919,362,351,11,0,0,0,0,74,44,35,0,361,0,1,99.17808219178085,0,0.0,10.8
51197,2019,28684,4.45763971382968,242,232,10,0,0,0,0,71,48,41,0,242,0,0,66.3013698630137,0,0.0,21.4
51197,2020,28620,4.456669629423757,235,233,2,0,0,0,0,61,45,34,0,235,0,0,64.20765027322405,0,0.0,20.6
51197,2021,28178,4.449910164792211,242,228,14,0,0,0,0,71,49,39,0,242,0,0,66.3013698630137,0,0.0,19.3
51197,2022,28104,4.448768136783969,245,232,13,0,0,0,0,77,47,39,0,245,0,0,67.12328767123287,0,0.0,17.0
51760,2019,230436,5.362550327963078,362,236,126,0,0,0,0,96,58,43,60,0,300,0,99.17808219178085,0,0.0,17.8
51760,2020,232226,5.365910841691958,364,294,70,0,0,0,0,80,54,37,61,0,302,0,99.4535519125683,0,0.0,17.2
51760,2021,226604,5.355267571734771,363,238,124,1,0,0,0,101,58,41,55,0,306,0,99.45205479452056,1,0.2754820936639118,16.3
53001,2019,19983,4.300660688376522,360,339,21,0,0,0,0,89,42,17,0,0,360,0,98.63013698630137,0,0.0,16.7
53001,2020,20027,4.301615897819519,364,345,11,0,5,3,0,266,43,17,0,0,364,0,99.4535519125683,8,2.197802197802198,17.5
53001,2021,20621,4.314309722244847,364,333,24,3,4,0,0,191,45,19,0,0,364,0,99.72602739726028,7,1.9230769230769231,16.5
53001,2022,20820,4.318480725174517,365,327,34,2,2,0,0,162,52,18,0,0,365,0,100.0,4,1.095890410958904,14.5
53003,2019,22582,4.3537624030672,357,250,106,1,0,0,0,125,65,36,0,0,357,0,97.80821917808218,1,0.2801120448179272,18.8
53003,2020,22820,4.358315640082195,350,229,112,2,1,5,1,328,66,38,0,0,350,0,95.62841530054644,9,2.571428571428571,19.6
53003,2021,22397,4.350189849999334,335,176,140,14,4,1,0,233,83,48,0,0,335,0,91.78082191780824,19,5.6716417910447765,16.4
53003,2022,22549,4.353127286608135,358,195,156,3,4,0,0,200,72,46,0,0,358,0,98.08219178082192,7,1.9553072625698324,13.9
53005,2019,204390,5.31045964365906,364,273,91,0,0,0,0,80,59,39,0,152,199,13,99.72602739726028,0,0.0,14.5
53005,2020,206426,5.314764397147954,365,284,69,3,3,1,5,954,58,35,0,107,207,51,99.72677595628416,12,3.287671232876712,14.3
53005,2021,210025,5.322270993380716,365,283,73,6,3,0,0,180,63,36,0,126,187,52,100.0,9,2.4657534246575343,13.2
53005,2022,215219,5.332880609145425,365,278,84,2,1,0,0,151,62,38,0,144,192,29,100.0,3,0.821917808219178,10.5
53007,2019,77200,4.887617300335736,365,258,106,1,0,0,0,102,61,32,0,0,365,0,100.0,1,0.273972602739726,15.3
53007,2020,77574,4.889716185838142,366,274,80,1,6,1,4,817,59,28,0,0,366,0,100.0,12,3.278688524590164,15.3
53007,2021,79646,4.901163969446009,365,279,81,2,3,0,0,195,58,31,0,0,365,0,100.0,5,1.36986301369863,14.2
53007,2022,79997,4.9030737006435015,365,246,96,8,13,2,0,290,74,34,0,0,365,0,100.0,23,6.301369863013699,11.7
53009,2019,77331,4.888353626260732,365,285,80,0,0,0,0,73,56,38,0,166,199,0,100.0,0,0.0,16.6
53009,2020,78067,4.892467490387112,366,304,55,1,1,2,3,368,54,37,0,166,200,0,100.0,7,1.912568306010929,16.5
53009,2021,78209,4.893256732924708,365,298,67,0,0,0,0,81,53,37,0,207,158,0,100.0,0,0.0,14.6
53009,2022,77616,4.8899512572819885,365,272,91,2,0,0,0,124,58,38,0,186,179,0,100.0,2,0.547945205479452,12.7
53011,2019,488241,5.688634246457871,364,277,86,1,0,0,0,128,63,34,0,127,237,0,99.72602739726028,1,0.2747252747252747,12.9
53011,2020,496865,5.696238405394714,366,272,85,1,0,3,5,874,62,32,0,51,315,0,100.0,9,2.459016393442623,13.9
53011,2021,511404,5.708764120583422,365,308,57,0,0,0,0,98,55,34,0,136,229,0,100.0,0,0.0,13.0
53011,2022,521150,5.716962742102452,365,267,93,2,3,0,0,175,66,36,0,99,266,0,100.0,5,1.36986301369863,11.0
53013,2019,3985,3.600428325732131,365,322,43,0,0,0,0,72,53,22,0,0,365,0,100.0,0,0.0,17.8
53013,2020,4048,3.607240503831743,365,323,34,0,5,3,0,258,52,23,0,18,347,0,99.72677595628416,8,2.191780821917808,16.0
53013,2021,4042,3.606596309179285,365,304,53,3,5,0,0,172,58,39,0,258,107,0,100.0,8,2.191780821917808,14.4
53013,2022,4053,3.607776603741693,365,314,47,4,0,0,0,135,54,37,0,251,114,0,100.0,4,1.095890410958904,12.6
53015,2019,110593,5.043727639106276,360,301,59,0,0,0,0,79,54,24,0,0,360,0,98.63013698630137,0,0.0,19.8
53015,2020,111371,5.046772119207684,366,331,26,1,3,5,0,282,50,21,0,0,366,0,100.0,9,2.459016393442623,18.9
53015,2021,111524,5.047368337751547,365,355,10,0,0,0,0,64,38,21,0,0,365,0,100.0,0,0.0,17.2
53015,2022,112864,5.052555437987396,363,316,45,2,0,0,0,144,54,21,0,0,363,0,99.45205479452056,2,0.5509641873278237,13.7
53021,2019,95222,4.978737298959979,333,288,45,0,0,0,0,74,53,21,0,0,333,0,91.23287671232876,0,0.0,15.4
53021,2020,97075,4.987107399218085,336,313,15,0,5,3,0,284,46,18,0,0,336,0,91.8032786885246,8,2.380952380952381,15.3
53021,2021,98268,4.9924121171611855,320,297,23,0,0,0,0,84,45,21,0,0,320,0,87.67123287671232,0,0.0,15.1
53021,2022,99034,4.995784320631764,328,269,56,0,3,0,0,170,55,23,0,0,328,0,89.86301369863014,3,0.9146341463414632,12.2
53023,2019,2225,3.3473300153169503,358,330,28,0,0,0,0,67,48,23,0,0,358,0,98.08219178082192,0,0.0,15.7
53023,2020,2290,3.359835482339888,335,305,21,2,5,2,0,252,48,19,0,0,335,0,91.53005464480874,9,2.686567164179104,14.3
53023,2021,2346,3.3703280077795106,334,284,44,1,4,1,0,224,62,19,0,0,334,0,91.5068493150685,6,1.7964071856287425,14.6
53023,2022,2363,3.373463721632369,301,263,34,2,2,0,0,161,54,21,0,0,301,0,82.46575342465754,4,1.32890365448505,11.9
53025,2019,97733,4.990041230024249,365,306,59,0,0,0,0,71,54,24,0,0,365,0,100.0,0,0.0,17.3
53025,2020,99377,4.997285882094448,366,325,31,2,4,3,1,316,52,21,0,0,366,0,100.0,10,2.73224043715847,16.9
53025,2021,100297,5.001287942961286,365,310,49,1,4,1,0,202,54,25,0,0,365,0,100.0,6,1.643835616438356,15.9
53025,2022,102678,5.011477400733501,365,279,83,0,3,0,0,165,59,30,0,0,365,0,100.0,3,0.821917808219178,13.0
53027,2019,75061,4.8754143460028425,352,327,25,0,0,0,0,62,47,27,0,0,352,0,96.43835616438356,0,0.0,19.0
53027,2020,75950,4.880527778198805,366,330,28,1,2,5,0,242,50,27,0,0,366,0,100.0,8,2.185792349726776,19.3
53027,2021,76841,4.88559300808523,365,347,18,0,0,0,0,82,42,26,0,0,365,0,100.0,0,0.0,18.2
53027,2022,77290,4.888123307297908,365,340,24,1,0,0,0,112,43,22,0,0,365,0,100.0,1,0.273972602739726,15.4
53031,2019,32221,4.508139014908231,365,344,21,0,0,0,0,57,42,26,0,0,365,0,100.0,0,0.0,14.4
53031,2020,32700,4.514547752660286,340,321,11,2,2,4,0,232,43,23,0,0,340,0,92.89617486338798,8,2.3529411764705883,14.3
53031,2021,33605,4.526403899736798,358,352,6,0,0,0,0,79,32,20,0,0,358,0,98.08219178082192,0,0.0,12.9
53031,2022,33714,4.527810282478543,349,327,22,0,0,0,0,90,41,21,0,0,349,0,95.61643835616438,0,0.0,10.5
53033,2019,2252782,6.352719167410569,365,208,157,0,0,0,0,90,64,48,19,44,302,0,100.0,0,0.0,10.0
53033,2020,2274315,6.356850615711236,366,248,106,3,4,5,0,299,66,43,14,65,287,0,100.0,12,3.278688524590164,9.5
53033,2021,2252305,6.352627200943044,365,248,112,3,2,0,0,177,60,43,14,111,240,0,100.0,5,1.36986301369863,9.0
53033,2022,2271380,6.356289797406658,365,216,130,14,3,2,0,237,77,46,9,94,262,0,100.0,19,5.205479452054795,7.1
53035,2019,271473,5.433726642270691,340,313,27,0,0,0,0,77,47,24,0,0,340,0,93.15068493150685,0,0.0,14.7
53035,2020,272787,5.435823669639896,361,322,30,3,1,5,0,245,51,23,0,0,361,0,98.63387978142076,9,2.4930747922437675,13.8
53035,2021,274314,5.438247972998588,359,342,16,1,0,0,0,113,44,26,0,0,359,0,98.35616438356163,1,0.2785515320334262,13.0
53035,2022,277658,5.443510191065572,359,306,50,3,0,0,0,143,55,28,0,0,359,0,98.35616438356163,3,0.8356545961002786,10.7
53037,2019,47935,4.680652731707304,365,268,97,0,0,0,0,96,61,31,0,0,365,0,100.0,0,0.0,16.0
53037,2020,49204,4.692000409826597,365,297,57,2,3,2,4,724,59,24,0,0,365,0,99.72677595628416,11,3.0136986301369864,16.8
53037,2021,45499,4.658001851618553,365,303,57,3,2,0,0,173,55,28,0,0,365,0,100.0,5,1.36986301369863,15.0
53037,2022,45508,4.6580877494143245,364,259,100,3,2,0,0,164,74,28,0,0,364,0,99.72602739726028,5,1.3736263736263736,12.2
53039,2019,22425,4.35073245171613,365,300,65,0,0,0,0,97,54,27,0,0,365,0,100.0,0,0.0,16.7
53039,2020,22697,4.355968457653611,318,284,25,0,2,0,7,1358,51,22,0,0,318,0,86.88524590163934,9,2.8301886792452837,17.0
53041,2019,80707,4.906911204232999,365,308,57,0,0,0,0,66,54,27,0,0,365,0,100.0,0,0.0,18.6
53041,2020,82109,4.914390762918648,335,314,20,0,0,1,0,258,46,25,0,0,335,0,91.53005464480874,1,0.2985074626865672,17.8
53041,2021,84398,4.9263321551652846,350,328,22,0,0,0,0,71,46,23,0,0,350,0,95.8904109589041,0,0.0,17.7
53041,2022,86154,4.935275445888513,365,285,70,7,3,0,0,198,66,26,0,0,365,0,100.0,10,2.73972602739726,14.7
53045,2019,66768,4.824568367367633,361,305,56,0,0,0,0,75,53,28,0,0,361,0,98.9041095890411,0,0.0,18.5
53045,2020,68224,4.83393717867444,357,312,36,2,2,1,4,397,52,23,0,0,357,0,97.54098360655738,9,2.5210084033613445,18.0
53045,2021,67615,4.830043052370365,361,339,22,0,0,0,0,70,43,22,0,0,361,0,98.9041095890411,0,0.0,17.1
53045,2022,68389,4.834986253423671,365,302,60,3,0,0,0,125,58,23,0,0,365,0,100.0,3,0.821917808219178,13.3
53047,2019,42243,4.625754753209012,365,209,156,0,0,0,0,91,68,42,0,0,365,0,100.0,0,0.0,19.6
53047,2020,42620,4.629613445378183,366,196,157,1,6,2,4,618,74,47,0,0,366,0,100.0,13,3.551912568306011,20.3
53047,2021,42634,4.629756080862766,365,146,193,5,8,11,2,354,86,54,0,0,365,0,100.0,26,7.123287671232877,17.8
53047,2022,43712,4.64060067766542,365,175,185,4,0,1,0,248,73,52,0,0,365,0,100.0,5,1.36986301369863,15.8
53051,2021,13886,4.142577160920535,360,255,96,3,6,0,0,196,59,35,0,0,360,0,98.63013698630137,9,2.5,16.6
53051,2022,14361,4.157184682201611,234,207,27,0,0,0,0,81,52,26,0,0,234,0,64.10958904109589,0,0.0,14.0
53053,2019,904980,5.956638981431042,365,234,129,2,0,0,0,142,67,44,6,133,226,0,100.0,2,0.547945205479452,16.7
53053,2020,913890,5.960893925199973,366,256,99,4,3,4,0,256,66,42,6,197,163,0,100.0,11,3.0054644808743167,15.1
53053,2021,925708,5.966474016933176,365,269,96,0,0,0,0,94,61,42,2,200,163,0,100.0,0,0.0,14.2
53053,2022,928696,5.967873574996005,365,239,115,9,2,0,0,178,70,44,1,186,178,0,100.0,11,3.0136986301369864,11.6
53057,2019,129205,5.111279320395853,365,340,25,0,0,0,0,59,46,29,0,63,302,0,100.0,0,0.0,16.1
53057,2020,130789,5.116571219216154,272,266,6,0,0,0,0,57,39,21,0,17,255,0,74.31693989071039,0,0.0,14.3
53057,2021,130696,5.116262296038763,314,296,17,1,0,0,0,101,46,28,0,60,254,0,86.02739726027397,1,0.3184713375796179,13.7
53057,2022,131417,5.118651548851173,365,313,47,4,1,0,0,183,52,33,0,124,241,0,100.0,5,1.36986301369863,11.7
53061,2019,822083,5.914915667445473,364,227,136,1,0,0,0,114,71,40,0,0,364,0,99.72602739726028,1,0.2747252747252747,13.8
53061,2020,830393,5.919283679528724,366,234,122,3,3,4,0,250,68,40,0,0,366,0,100.0,10,2.73224043715847,13.4
53061,2021,833540,5.920926445630671,365,248,114,3,0,0,0,137,63,35,0,0,365,0,100.0,3,0.821917808219178,11.6
53061,2022,844761,5.926733855620888,362,210,129,13,6,3,1,362,78,39,0,0,362,0,99.17808219178085,23,6.353591160220995,9.8
53063,2019,522798,5.71833391748803,365,258,106,1,0,0,0,107,64,42,0,131,218,16,100.0,1,0.273972602739726,16.1
53063,2020,528225,5.722818951784031,366,286,73,0,1,2,4,785,58,36,0,102,248,16,100.0,7,1.912568306010929,14.9
53063,2021,546040,5.737224457984917,365,242,114,3,6,0,0,195,67,43,0,125,236,4,100.0,9,2.4657534246575343,14.2
53063,2022,551455,5.741510078790623,365,254,105,3,3,0,0,185,66,40,0,135,223,7,100.0,6,1.643835616438356,12.0
53065,2019,45723,4.660134717801592,365,223,141,1,0,0,0,146,67,36,0,0,335,30,100.0,1,0.273972602739726,18.7
53065,2020,46360,4.666143427291559,366,219,138,1,2,2,4,957,66,42,0,0,354,12,100.0,9,2.459016393442623,18.3
53065,2021,47426,4.676016496965091,365,203,146,6,8,2,0,223,74,44,0,0,338,27,100.0,16,4.383561643835616,16.6
53065,2022,48837,4.688748977888279,365,208,149,7,1,0,0,153,72,43,0,0,331,34,100.0,8,2.191780821917808,14.5
53067,2019,290536,5.46319995301783,365,290,75,0,0,0,0,74,58,33,0,134,231,0,100.0,0,0.0,13.8
53067,2020,294074,5.468456628874019,366,316,43,0,3,4,0,242,53,28,0,118,248,0,100.0,7,1.912568306010929,14.7
53067,2021,297977,5.474182743409892,329,309,20,0,0,0,0,63,41,19,0,0,329,0,90.13698630136986,0,0.0,12.5
53067,2022,299003,5.475675545772288,348,309,36,1,2,0,0,157,51,28,0,130,218,0,95.34246575342463,3,0.8620689655172413,10.3
53071,2019,60760,4.7836177651907485,365,299,66,0,0,0,0,94,56,23,0,0,235,130,100.0,0,0.0,14.4
53071,2020,61292,4.787403792910151,366,297,60,0,1,2,6,855,55,26,0,0,201,165,100.0,9,2.459016393442623,15.3
53071,2021,62682,4.797142845089255,365,309,51,3,2,0,0,172,55,24,0,0,220,145,100.0,5,1.36986301369863,14.1
53071,2022,61568,4.7893550460217,365,292,70,2,1,0,0,152,59,25,0,0,288,77,100.0,3,0.821917808219178,11.9
53073,2019,229247,5.360303661061925,363,334,29,0,0,0,0,66,47,29,0,127,236,0,99.45205479452056,0,0.0,15.5
53073,2020,231016,5.363642059853501,366,341,16,2,4,3,0,237,44,24,0,120,246,0,100.0,9,2.459016393442623,15.6
53073,2021,228831,5.359514858481847,332,323,7,2,0,0,0,129,42,28,0,155,177,0,90.95890410958904,2,0.6024096385542169,13.9
53073,2022,231919,5.365336329738204,343,294,40,3,5,1,0,243,56,32,0,196,147,0,93.97260273972604,9,2.623906705539359,11.6
53075,2019,50104,4.699872398693252,365,324,41,0,0,0,0,71,51,24,0,0,365,0,100.0,0,0.0,14.4
53075,2020,49500,4.694605198933568,366,335,23,1,5,2,0,237,47,19,0,0,366,0,100.0,8,2.185792349726776,16.1
53075,2021,47873,4.6800906437472864,365,310,45,5,4,1,0,218,58,22,0,0,365,0,100.0,10,2.73972602739726,14.0
53075,2022,48012,4.681349797426622,365,306,55,0,4,0,0,190,56,24,0,0,365,0,100.0,4,1.095890410958904,12.7
53077,2019,250873,5.399453923243719,365,178,177,10,0,0,0,127,79,51,0,0,363,2,100.0,10,2.73972602739726,16.4
53077,2020,251879,5.4011919604147485,366,198,153,6,2,3,4,743,79,46,0,0,366,0,100.0,15,4.098360655737705,17.5
53077,2021,256035,5.408299337451997,365,175,163,12,14,1,0,210,90,52,0,0,362,3,100.0,27,7.397260273972603,16.0
53077,2022,256643,5.409329423271116,365,178,181,5,1,0,0,158,82,51,0,0,365,0,100.0,6,1.643835616438356,13.2
54003,2019,119171,5.076170583656922,278,233,43,2,0,0,0,127,54,40,0,201,77,0,76.16438356164383,2,0.7194244604316548,22.4
54003,2020,122125,5.08680457672683,278,244,34,0,0,0,0,95,52,38,0,205,73,0,75.95628415300546,0,0.0,21.5
54003,2021,126069,5.10060830795234,273,214,59,0,0,0,0,93,60,40,0,189,84,0,74.79452054794521,0,0.0,19.6
54003,2022,132440,5.122019172080031,275,230,45,0,0,0,0,88,54,38,0,189,86,0,75.34246575342466,0,0.0,17.2
54009,2019,21939,4.34121682814391,360,287,72,1,0,0,0,112,56,19,0,0,119,241,98.63013698630137,1,0.2777777777777778,23.7
54009,2020,21674,4.335939069031729,366,318,48,0,0,0,0,78,52,18,0,0,121,245,100.0,0,0.0,22.3
54009,2021,22140,4.345177616542704,362,295,67,0,0,0,0,83,56,21,0,0,122,240,99.17808219178085,0,0.0,20.2
54009,2022,21373,4.329865485758008,363,321,42,0,0,0,0,76,52,18,0,0,121,242,99.45205479452056,0,0.0,17.9
54011,2019,91945,4.963528117136346,275,233,42,0,0,0,0,71,53,40,0,199,76,0,75.34246575342466,0,0.0,23.7
54011,2020,91589,4.961843317268649,284,252,32,0,0,0,0,100,51,37,0,208,76,0,77.59562841530054,0,0.0,23.9
54011,2021,93418,4.970430565175468,283,232,51,0,0,0,0,87,55,38,0,193,90,0,77.53424657534246,0,0.0,21.5
54011,2022,92082,4.96417474350109,282,247,35,0,0,0,0,93,54,39,0,211,71,0,77.26027397260275,0,0.0,19.4
54029,2019,28810,4.459543258280413,303,257,46,0,0,0,0,93,54,40,0,216,48,39,83.01369863013699,0,0.0,24.8
54029,2020,28571,4.455925441183637,307,262,44,1,0,0,0,133,54,37,0,195,67,45,83.87978142076503,1,0.3257328990228013,23.8
54029,2021,28656,4.457215568504957,364,286,78,0,0,0,0,93,61,38,0,194,81,89,99.72602739726028,0,0.0,20.6
54029,2022,28145,4.449401252996221,365,317,48,0,0,0,0,100,53,34,0,206,78,81,100.0,0,0.0,19.3
54039,2019,178124,5.250722439201281,365,262,103,0,0,0,0,93,58,44,0,201,143,0,100.0,0,0.0,24.1
54039,2020,176253,5.246136517847025,366,287,79,0,0,0,0,85,55,41,0,162,204,0,100.0,0,0.0,23.2
54039,2021,177952,5.250302873396806,365,239,126,0,0,0,0,97,64,44,0,116,249,0,100.0,0,0.0,20.5
54039,2022,174805,5.242553850731757,353,253,100,0,0,0,0,90,57,41,0,127,225,0,96.7123287671233,0,0.0,19.6
54051,2021,30115,4.478782867506599,353,140,212,1,0,0,0,121,74,53,0,0,353,0,96.7123287671233,1,0.28328611898017,21.3
54051,2022,29405,4.468421183738056,361,162,199,0,0,0,0,99,70,52,0,0,361,0,98.9041095890411,0,0.0,21.1
54061,2019,105612,5.023713267039606,277,237,40,0,0,0,0,74,54,41,0,200,77,0,75.89041095890411,0,0.0,20.3
54061,2020,106819,5.028648507947716,274,248,26,0,0,0,0,90,50,39,0,213,61,0,74.86338797814209,0,0.0,18.9
54061,2021,106387,5.0268885624214565,282,225,57,0,0,0,0,80,58,39,0,200,82,0,77.26027397260275,0,0.0,16.2
54061,2022,107718,5.032288281269111,280,250,30,0,0,0,0,77,51,37,0,213,67,0,76.71232876712328,0,0.0,15.6
54069,2019,41411,4.617115718047371,283,226,57,0,0,0,0,71,57,42,0,211,72,0,77.53424657534246,0,0.0,21.8
54069,2020,41182,4.614707434265306,274,232,41,1,0,0,0,101,54,40,0,201,73,0,74.86338797814209,1,0.364963503649635,20.7
54069,2021,41776,4.620926854478869,285,223,62,0,0,0,0,78,58,39,0,196,89,0,78.08219178082192,0,0.0,19.4
54069,2022,41194,4.614833964658131,283,247,36,0,0,0,0,70,52,37,0,201,82,0,77.53424657534246,0,0.0,17.3
54107,2019,83518,4.921780085761591,277,231,46,0,0,0,0,87,56,40,0,211,66,0,75.89041095890411,0,0.0,23.0
54107,2020,82938,4.918753558403976,283,250,33,0,0,0,0,80,52,37,0,203,80,0,77.3224043715847,0,0.0,23.2
54107,2021,83624,4.922330937387795,271,221,50,0,0,0,0,76,54,38,0,182,89,0,74.24657534246575,0,0.0,20.9
54107,2022,83052,4.91935009528838,281,242,38,1,0,0,0,108,52,39,0,207,74,0,76.98630136986301,1,0.3558718861209964,19.5
55003,2019,15562,4.192065410979292,364,332,32,0,0,0,0,81,50,35,0,263,101,0,99.72602739726028,0,0.0,21.2
55003,2020,15415,4.187943529062527,366,336,30,0,0,0,0,72,48,34,0,244,122,0,100.0,0,0.0,22.3
55003,2021,16107,4.2070146586829,365,282,79,3,1,0,0,160,58,37,0,214,151,0,100.0,4,1.095890410958904,19.6
55003,2022,16079,4.206259035209283,364,334,30,0,0,0,0,74,48,36,0,256,108,0,99.72602739726028,0,0.0,18.0
55009,2019,264542,5.422494632591233,361,265,96,0,0,0,0,97,58,40,0,120,241,0,98.9041095890411,0,0.0,15.4
55009,2020,264610,5.422606252787063,366,261,104,1,0,0,0,119,59,39,0,127,239,0,100.0,1,0.273224043715847,16.9
55009,2021,269591,5.430705389660094,365,231,131,3,0,0,0,125,67,43,0,107,258,0,100.0,3,0.821917808219178,14.1
55009,2022,271417,5.433637045884415,359,262,95,2,0,0,0,112,59,40,0,115,244,0,98.35616438356163,2,0.5571030640668524,13.6
55021,2019,57532,4.7599094717808645,192,184,8,0,0,0,0,71,46,37,0,192,0,0,52.602739726027394,0,0.0,17.6
55021,2020,57668,4.760934889783959,203,187,12,4,0,0,0,115,48,38,0,203,0,0,55.46448087431693,4,1.9704433497536944,17.3
55021,2021,58488,4.767066770896331,208,181,27,0,0,0,0,100,54,40,0,208,0,0,56.98630136986301,0,0.0,15.7
55021,2022,58091,4.76410885264672,202,191,11,0,0,0,0,80,46,38,0,202,0,0,55.342465753424655,0,0.0,14.4
55025,2019,546695,5.737745101909959,365,239,126,0,0,0,0,93,64,43,0,111,254,0,100.0,0,0.0,12.3
55025,2020,552536,5.742360579356258,366,222,142,2,0,0,0,112,63,44,0,104,262,0,100.0,2,0.546448087431694,12.4
55025,2021,563951,5.751241371086032,365,199,165,1,0,0,0,101,68,48,0,98,267,0,100.0,1,0.273972602739726,11.7
55025,2022,575347,5.759929852918089,365,236,129,0,0,0,0,91,62,45,0,93,271,1,100.0,0,0.0,10.4
55027,2019,87839,4.943687382923936,365,257,107,1,0,0,0,122,61,42,0,209,156,0,100.0,1,0.273972602739726,18.1
55027,2020,87336,4.941193297297842,366,247,117,2,0,0,0,136,61,42,0,168,196,2,100.0,2,0.546448087431694,18.3
55027,2021,89313,4.950914677447942,365,216,149,0,0,0,0,99,68,46,0,171,194,0,100.0,0,0.0,16.4
55027,2022,88231,4.945621201498303,365,266,99,0,0,0,0,93,60,42,0,183,182,0,100.0,0,0.0,15.0
55029,2019,27668,4.441977767006644,201,191,9,1,0,0,0,112,47,35,0,201,0,0,55.06849315068493,1,0.4975124378109453,15.5
55029,2020,27889,4.445432942295167,205,184,17,4,0,0,0,150,51,36,0,205,0,0,56.01092896174863,4,1.951219512195122,15.6
55029,2021,30369,4.482430491568179,206,173,30,3,0,0,0,126,61,39,0,206,0,0,56.43835616438356,3,1.4563106796116505,14.1
55029,2022,30562,4.485181771387377,205,176,24,5,0,0,0,147,71,36,0,205,0,0,56.16438356164384,5,2.4390243902439024,12.7
55035,2019,104646,5.019722632472811,363,268,95,0,0,0,0,90,60,39,0,121,242,0,99.45205479452056,0,0.0,16.7
55035,2020,105260,5.022263365681258,366,256,110,0,0,0,0,93,59,42,0,128,238,0,100.0,0,0.0,16.0
55035,2021,106452,5.0271538252934045,362,212,145,4,1,0,0,154,67,44,0,98,263,1,99.17808219178085,5,1.3812154696132597,14.7
55035,2022,107903,5.033033519431138,365,268,97,0,0,0,0,81,58,41,0,117,248,0,100.0,0,0.0,13.8
55039,2019,103403,5.014533138995307,202,195,7,0,0,0,0,100,47,36,0,202,0,0,55.342465753424655,0,0.0,17.1
55039,2020,102902,5.012423815778204,205,194,9,2,0,0,0,115,46,36,0,205,0,0,56.01092896174863,2,0.975609756097561,17.1
55039,2021,104362,5.018542393354983,208,178,30,0,0,0,0,90,54,39,0,208,0,0,56.98630136986301,0,0.0,15.4
55039,2022,103948,5.016816137752916,203,193,9,1,0,0,0,108,48,36,0,203,0,0,55.61643835616439,1,0.4926108374384236,15.2
55041,2019,9004,3.9544354863284825,363,308,55,0,0,0,0,97,53,36,0,252,111,0,99.45205479452056,0,0.0,22.1
55041,2020,8960,3.952308009662125,366,311,55,0,0,0,0,93,54,36,0,221,145,0,100.0,0,0.0,22.9
55041,2021,9258,3.966517176446792,361,282,75,3,1,0,0,165,59,38,0,221,140,0,98.9041095890411,4,1.10803324099723,19.9
55041,2022,9325,3.969648840480725,363,321,42,0,0,0,0,77,52,37,0,256,107,0,99.45205479452056,0,0.0,20.6
55043,2019,51439,4.711292517095339,365,255,109,1,0,0,0,104,62,39,0,0,365,0,100.0,1,0.273972602739726,18.8
55043,2020,51021,4.707748966430295,361,235,126,0,0,0,0,84,60,40,0,0,361,0,98.63387978142076,0,0.0,20.2
55043,2021,52110,4.716921073166761,355,200,155,0,0,0,0,96,64,46,0,0,355,0,97.26027397260276,0,0.0,17.1
55043,2022,51409,4.711039156119401,359,241,118,0,0,0,0,80,58,39,0,0,359,0,98.35616438356163,0,0.0,16.5
55053,2021,21121,4.324714476560668,237,187,50,0,0,0,0,97,57,31,0,0,237,0,64.93150684931507,0,0.0,18.9
55053,2022,20855,4.31921019418185,359,298,60,1,0,0,0,118,54,30,0,0,359,0,98.35616438356163,1,0.2785515320334262,18.1
55055,2019,84769,4.928237059917442,203,191,12,0,0,0,0,100,48,37,0,203,0,0,55.61643835616439,0,0.0,17.1
55055,2020,85038,4.929613037507975,210,189,17,4,0,0,0,136,51,38,0,210,0,0,57.377049180327866,4,1.9047619047619049,17.6
55055,2021,84943,4.929127595251764,208,178,29,1,0,0,0,101,61,40,0,208,0,0,56.98630136986301,1,0.4807692307692308,14.4
55055,2022,85743,4.933198674656916,200,185,15,0,0,0,0,87,49,38,0,200,0,0,54.7945205479452,0,0.0,13.8
55059,2019,169561,5.229325969191308,365,248,115,2,0,0,0,119,65,44,0,190,175,0,100.0,2,0.547945205479452,17.4
55059,2020,169671,5.229607619475972,361,238,112,10,1,0,0,197,67,43,0,188,173,0,98.63387978142076,11,3.0470914127423825,17.1
55059,2021,168732,5.227197454287498,344,197,136,11,0,0,0,136,74,47,0,168,176,0,94.24657534246576,11,3.1976744186046515,15.2
55059,2022,167488,5.223983696623768,365,236,124,4,1,0,0,164,69,44,0,187,178,0,100.0,5,1.36986301369863,14.7
55061,2019,20434,4.3103533890449945,210,199,11,0,0,0,0,90,45,36,0,210,0,0,57.53424657534247,0,0.0,17.9
55061,2020,20386,4.309332019875983,207,195,12,0,0,0,0,97,47,34,0,207,0,0,56.55737704918032,0,0.0,17.7
55061,2021,20543,4.312663866150631,207,170,35,2,0,0,0,108,61,40,0,207,0,0,56.71232876712329,2,0.966183574879227,15.6
55061,2022,20690,4.315760490665735,201,172,25,3,1,0,0,161,61,39,0,201,0,0,55.06849315068493,4,1.9900497512437807,15.1
55063,2019,118016,5.071940890701498,365,274,91,0,0,0,0,85,62,39,0,147,218,0,100.0,0,0.0,16.7
55063,2020,118502,5.073725680148941,364,255,109,0,0,0,0,93,59,42,0,128,236,0,99.4535519125683,0,0.0,16.5
55063,2021,120433,5.08074550481381,365,240,124,1,0,0,0,110,64,43,0,115,250,0,100.0,1,0.273972602739726,14.7
55063,2022,120486,5.080936586529342,365,271,94,0,0,0,0,85,57,41,0,115,250,0,100.0,0,0.0,13.8
55071,2019,78981,4.8975226281563184,202,187,15,0,0,0,0,100,48,36,0,202,0,0,55.342465753424655,0,0.0,18.4
55071,2020,78757,4.896289164699955,192,169,19,4,0,0,0,136,58,36,0,192,0,0,52.459016393442624,4,2.083333333333333,18.0
55071,2021,81505,4.9111842517559605,207,174,30,3,0,0,0,119,64,39,0,207,0,0,56.71232876712329,3,1.4492753623188406,15.9
55071,2022,81331,4.910256112172421,198,167,25,4,2,0,0,182,71,38,0,198,0,0,54.24657534246575,6,3.0303030303030303,15.3
55073,2019,135692,5.132554243693104,205,196,9,0,0,0,0,84,47,34,0,205,0,0,56.16438356164384,0,0.0,17.4
55073,2020,135593,5.132237269620693,199,193,6,0,0,0,0,74,45,31,0,199,0,0,54.37158469945356,0,0.0,17.7
55073,2021,137648,5.138769905556636,200,191,9,0,0,0,0,87,49,36,0,200,0,0,54.7945205479452,0,0.0,15.5
55073,2022,138612,5.141800829901967,205,197,8,0,0,0,0,64,46,35,0,205,0,0,56.16438356164384,0,0.0,14.5
55079,2019,945726,5.975765328870603,365,205,157,3,0,0,0,105,68,47,5,119,239,2,100.0,3,0.821917808219178,18.3
55079,2020,945016,5.9754391615811,366,204,157,4,1,0,0,169,67,46,4,130,232,0,100.0,5,1.366120218579235,18.2
55079,2021,928059,5.967575586736029,365,162,196,7,0,0,0,129,72,52,3,118,241,3,100.0,7,1.9178082191780823,17.1
55079,2022,916205,5.961992657519179,365,192,167,6,0,0,0,143,70,49,1,126,234,4,100.0,6,1.643835616438356,14.9
55081,2021,46193,4.66457616837638,265,216,49,0,0,0,0,94,56,32,0,0,265,0,72.6027397260274,0,0.0,17.1
55081,2022,46151,4.66418111575796,364,295,68,1,0,0,0,132,54,32,0,0,364,0,99.72602739726028,1,0.2747252747252747,17.1
55087,2019,187885,5.273892109119874,365,258,105,2,0,0,0,119,63,41,0,115,250,0,100.0,2,0.547945205479452,15.1
55087,2020,188766,5.275923773107648,366,254,110,2,0,0,0,126,60,40,0,131,235,0,100.0,2,0.546448087431694,15.8
55087,2021,191545,5.282270819849503,363,226,134,3,0,0,0,139,66,44,0,100,263,0,99.45205479452056,3,0.8264462809917356,14.0
55087,2022,193234,5.286083543990708,365,241,123,1,0,0,0,122,60,43,0,105,260,0,100.0,1,0.273972602739726,12.8
55089,2019,89221,4.950467086559129,363,271,89,3,0,0,0,108,61,40,0,173,190,0,99.45205479452056,3,0.8264462809917356,13.1
55089,2020,90043,4.954449956139023,365,269,91,4,1,0,0,164,62,40,0,167,198,0,99.72677595628416,5,1.36986301369863,12.8
55089,2021,92497,4.966127647284178,364,241,116,7,0,0,0,129,67,43,0,160,204,0,99.72602739726028,7,1.9230769230769231,11.1
55089,2022,93460,4.970625776688294,307,228,74,4,1,0,0,159,64,41,0,156,151,0,84.10958904109589,5,1.6286644951140066,10.7
55101,2019,196311,5.292944635338445,203,174,28,1,0,0,0,115,58,39,0,203,0,0,55.61643835616439,1,0.4926108374384236,17.1
55101,2020,195802,5.291817123547444,199,162,29,7,1,0,0,172,67,38,0,199,0,0,54.37158469945356,8,4.0201005025125625,18.3
55101,2021,196896,5.294236893407935,210,149,53,8,0,0,0,126,80,43,0,210,0,0,57.53424657534247,8,3.8095238095238098,14.9
55101,2022,196613,5.293612229882741,202,165,34,2,1,0,0,164,67,40,0,202,0,0,55.342465753424655,3,1.4851485148514851,14.8
55105,2019,163354,5.213129773379308,203,185,18,0,0,0,0,77,50,38,0,203,0,0,55.61643835616439,0,0.0,17.5
55105,2020,163084,5.212411354954655,210,192,15,3,0,0,0,105,49,38,0,210,0,0,57.377049180327866,3,1.4285714285714286,18.4
55105,2021,164381,5.21585161811876,205,173,32,0,0,0,0,100,61,41,0,205,0,0,56.16438356164384,0,0.0,15.7
55105,2022,164278,5.215579406902268,202,184,18,0,0,0,0,97,50,39,0,202,0,0,55.342465753424655,0,0.0,14.9
55111,2019,64442,4.809169010572212,365,281,83,1,0,0,0,107,59,39,0,124,241,0,100.0,1,0.273972602739726,17.4
55111,2020,64449,4.809216183165742,366,264,101,1,0,0,0,112,59,41,0,124,242,0,100.0,1,0.273224043715847,17.7
55111,2021,65697,4.817545538308749,365,236,129,0,0,0,0,96,65,44,0,110,255,0,100.0,0,0.0,15.4
55111,2022,65920,4.81901719868906,360,265,95,0,0,0,0,79,58,41,0,124,236,0,98.63013698630137,0,0.0,15.2
55117,2019,115340,5.061979947074878,206,180,24,2,0,0,0,108,61,38,0,206,0,0,56.43835616438356,2,0.9708737864077668,15.9
55117,2020,115240,5.061603249608376,207,170,31,4,2,0,0,159,74,39,0,207,0,0,56.55737704918032,6,2.898550724637681,16.3
55117,2021,117747,5.070949850832414,208,164,39,5,0,0,0,126,74,41,0,208,0,0,56.98630136986301,5,2.403846153846154,14.8
55117,2022,117752,5.070968292289998,203,172,24,6,1,0,0,177,74,40,0,203,0,0,55.61643835616439,7,3.4482758620689653,14.0
55125,2019,22195,4.346255149361386,362,320,42,0,0,0,0,91,52,31,0,156,206,0,99.17808219178085,0,0.0,18.3
55125,2020,22356,4.349394100943868,366,327,39,0,0,0,0,84,51,33,0,166,200,0,100.0,0,0.0,19.0
55125,2021,23520,4.371437317404101,363,297,63,3,0,0,0,148,57,34,0,158,205,0,99.45205479452056,3,0.8264462809917356,16.4
55125,2022,23885,4.378125245619373,363,329,34,0,0,0,0,68,50,33,0,160,203,0,99.45205479452056,0,0.0,15.0
55127,2019,103868,5.016481769270524,205,189,15,1,0,0,0,112,49,37,0,205,0,0,56.16438356164384,1,0.4878048780487805,16.7
55127,2020,103953,5.01683702723791,198,180,14,4,0,0,0,136,50,39,0,198,0,0,54.09836065573771,4,2.0202020202020203,16.8
55127,2021,106799,5.028567186245767,221,184,36,1,0,0,0,101,61,41,0,221,0,0,60.54794520547945,1,0.4524886877828055,14.4
55127,2022,105822,5.024575965292388,200,181,16,3,0,0,0,105,50,39,0,200,0,0,54.7945205479452,3,1.5,13.6
55133,2019,404198,5.606594160265102,365,211,153,1,0,0,0,115,64,45,0,81,284,0,100.0,1,0.273972602739726,13.2
55133,2020,406172,5.608709981440465,359,214,143,2,0,0,0,129,64,44,0,110,249,0,98.08743169398907,2,0.5571030640668524,12.9
55133,2021,408756,5.611464140586426,365,177,184,4,0,0,0,108,71,51,0,89,275,1,100.0,4,1.095890410958904,11.6
55133,2022,412591,5.615519750314381,363,215,144,4,0,0,0,126,63,47,0,95,267,1,99.45205479452056,4,1.1019283746556474,10.4
56001,2019,38880,4.589726256254237,365,245,120,0,0,0,0,90,61,47,0,327,4,34,100.0,0,0.0,14.9
56001,2020,38950,4.590507462008583,366,251,106,7,2,0,0,187,71,46,0,285,13,68,100.0,9,2.459016393442623,15.3
56001,2021,37608,4.575280238180196,365,193,158,13,0,0,1,312,84,50,3,277,18,67,100.0,14,3.8356164383561646,14.9
56001,2022,38257,4.582710910946674,365,225,136,2,2,0,0,159,67,48,16,275,5,69,100.0,4,1.095890410958904,12.9
56003,2019,11790,4.071513805095089,356,344,12,0,0,0,0,77,46,36,0,356,0,0,97.53424657534246,0,0.0,18.1
56003,2020,11575,4.063520999689991,359,349,8,2,0,0,0,126,46,38,0,359,0,0,98.08743169398907,2,0.5571030640668524,18.8
56003,2021,11632,4.065654393514962,364,324,39,1,0,0,0,101,51,39,0,364,0,0,99.72602739726028,1,0.2747252747252747,18.4
56003,2022,12018,4.07983219967722,362,356,6,0,0,0,0,64,46,38,0,362,0,0,99.17808219178085,0,0.0,16.1
56005,2019,46341,4.66596540126656,365,301,63,1,0,0,0,111,56,41,1,215,21,128,100.0,1,0.273972602739726,19.6
56005,2020,46676,4.669093631170225,366,247,116,3,0,0,0,124,68,44,1,195,4,166,100.0,3,0.819672131147541,19.5
56005,2021,46401,4.666527340248891,365,218,131,16,0,0,0,143,87,44,0,184,29,152,100.0,16,4.383561643835616,18.5
56005,2022,47498,4.676675323156437,365,210,146,7,1,0,1,584,74,48,0,131,38,196,100.0,9,2.4657534246575343,15.0
56007,2019,14800,4.1702617153949575,364,325,38,1,0,0,0,112,51,43,13,351,0,0,99.72602739726028,1,0.2747252747252747,18.3
56007,2020,14711,4.167642195482166,304,304,0,0,0,0,0,31,21,8,304,0,0,0,83.06010928961749,0,0.0,20.1
56007,2021,14649,4.165807979003786,348,348,0,0,0,0,0,37,20,10,348,0,0,0,95.34246575342463,0,0.0,19.3
56007,2022,14334,4.156367400133521,361,361,0,0,0,0,0,27,18,9,361,0,0,0,98.9041095890411,0,0.0,15.7
56009,2019,13822,4.14057088863295,365,314,50,1,0,0,0,101,53,41,3,312,10,40,100.0,1,0.273972602739726,18.7
56009,2020,13804,4.140004950619449,366,302,60,4,0,0,0,129,61,42,0,269,18,79,100.0,4,1.092896174863388,18.6
56009,2021,13672,4.135832049712681,365,274,87,4,0,0,0,119,70,42,0,310,0,55,100.0,4,1.095890410958904,17.0
56009,2022,13809,4.140162229613637,365,314,51,0,0,0,0,90,54,40,1,298,0,66,100.0,0,0.0,15.4
56013,2019,39261,4.593961357132327,365,291,73,1,0,0,0,122,60,45,0,335,30,0,100.0,1,0.273972602739726,19.8
56013,2020,39317,4.594580372508234,366,282,78,5,1,0,0,161,60,45,0,312,50,4,100.0,6,1.639344262295082,22.0
56013,2021,39336,4.594790195282105,365,240,117,8,0,0,0,141,77,46,0,289,73,3,100.0,8,2.191780821917808,19.7
56013,2022,39815,4.600046720062274,365,254,111,0,0,0,0,100,61,46,0,282,78,5,100.0,0,0.0,16.9
56019,2019,8445,3.926599653907028,364,345,19,0,0,0,0,80,49,40,1,356,0,7,99.72602739726028,0,0.0,16.7
56019,2020,8588,3.933892035764211,364,337,27,0,0,0,0,93,50,40,2,355,0,7,99.4535519125683,0,0.0,17.8
56019,2021,8623,3.935658386100634,365,304,54,7,0,0,0,126,64,40,2,358,0,5,100.0,7,1.9178082191780823,16.4
56019,2022,8759,3.942454526342477,365,350,14,1,0,0,0,101,48,39,1,353,0,11,100.0,1,0.273972602739726,15.3
56021,2019,99500,4.997823080745725,365,296,69,0,0,0,0,74,58,43,4,320,25,16,100.0,0,0.0,16.7
56021,2020,100595,5.002576394970661,366,313,48,3,2,0,0,159,58,39,4,279,65,18,100.0,5,1.366120218579235,18.2
56021,2021,100863,5.0037318813728815,364,261,92,11,0,0,0,126,77,44,2,320,40,0,99.72602739726028,11,3.021978021978022,14.8
56021,2022,100984,5.004252569206785,363,297,66,0,0,0,0,90,58,42,1,313,46,2,99.45205479452056,0,0.0,13.5
56023,2019,19830,4.297322714205302,365,364,1,0,0,0,0,56,27,12,0,0,0,365,100.0,0,0.0,17.2
56023,2020,20253,4.306489362708483,366,357,9,0,0,0,0,71,34,15,0,0,0,366,100.0,0,0.0,17.9
56023,2021,20153,4.304339704892339,365,297,62,6,0,0,0,126,67,30,5,126,31,203,100.0,6,1.643835616438356,16.2
56023,2022,20880,4.319730494330225,365,321,43,1,0,0,0,118,51,43,8,327,9,21,100.0,1,0.273972602739726,14.1
56025,2019,79858,4.902318429326384,364,327,37,0,0,0,0,74,51,42,1,357,6,0,99.72602739726028,0,0.0,19.3
56025,2020,80815,4.907491977267452,366,316,46,4,0,0,0,124,54,42,3,332,31,0,100.0,4,1.092896174863388,20.3
56025,2021,79555,4.900667480075247,365,282,77,6,0,0,0,125,71,42,2,333,30,0,100.0,6,1.643835616438356,17.2
56025,2022,79941,4.902769576645697,365,317,48,0,0,0,0,97,54,42,0,353,12,0,100.0,0,0.0,15.0
56029,2019,29194,4.465293603686642,307,292,15,0,0,0,0,80,47,38,3,261,40,3,84.10958904109589,0,0.0,15.4
56029,2022,30735,4.487633217456876,344,314,30,0,0,0,0,83,47,20,0,0,344,0,94.24657534246576,0,0.0,13.1
56031,2020,8578,3.9333860419030544,224,202,20,1,0,1,0,283,50,19,0,0,0,224,61.20218579234973,2,0.8928571428571428,19.0
56031,2021,8699,3.93946933084353,362,324,28,2,3,1,4,682,51,16,0,0,0,362,99.17808219178085,10,2.7624309392265194,17.0
56031,2022,8546,3.9317628884811775,355,311,29,8,3,0,4,692,54,17,0,0,0,355,97.26027397260276,15,4.225352112676056,15.8
56033,2019,30485,4.484086199357939,365,315,50,0,0,0,0,90,54,39,0,299,39,27,100.0,0,0.0,16.8
56033,2020,30863,4.48943813884058,366,334,32,0,0,0,0,100,48,40,0,327,37,2,100.0,0,0.0,17.6
56033,2021,31646,4.500318823746387,364,302,55,7,0,0,0,115,67,40,0,299,45,20,99.72602739726028,7,1.9230769230769231,16.5
56033,2022,32519,4.51213718202783,365,270,95,0,0,0,0,90,58,44,0,220,143,2,100.0,0,0.0,13.2
56035,2019,9831,3.992597696102038,365,265,89,8,3,0,0,200,71,46,0,358,7,0,100.0,11,3.0136986301369864,17.2
56035,2020,9856,3.99370069482035,366,289,72,4,1,0,0,151,63,45,0,344,22,0,100.0,5,1.366120218579235,16.5
56035,2021,8697,3.93936947007466,365,253,105,7,0,0,0,133,77,46,0,342,23,0,100.0,7,1.9178082191780823,15.9
56035,2022,8969,3.9527440240148985,365,301,63,1,0,0,0,105,54,45,0,355,10,0,100.0,1,0.273972602739726,12.8
56037,2019,42343,4.626781624521608,365,258,104,3,0,0,0,133,64,46,3,318,9,35,100.0,3,0.821917808219178,17.0
56037,2020,42673,4.630153175731282,366,235,119,7,4,0,1,1334,76,46,5,248,14,99,100.0,12,3.278688524590164,17.5
56037,2021,41614,4.6192394628353615,365,238,117,9,1,0,0,195,83,45,2,286,24,53,100.0,10,2.73972602739726,17.8
56037,2022,41249,4.615413424407249,365,285,78,1,1,0,0,157,61,44,1,308,7,49,100.0,2,0.547945205479452,15.9
56039,2019,23464,4.370402049972496,365,323,42,0,0,0,0,87,51,44,0,353,11,1,100.0,0,0.0,11.3
56039,2020,23497,4.37101241688384,366,312,42,7,5,0,0,165,57,43,0,315,51,0,100.0,12,3.278688524590164,12.0
56039,2021,23575,4.372451701409366,365,277,78,10,0,0,0,131,72,44,0,318,45,2,100.0,10,2.73972602739726,11.1
56039,2022,23232,4.36608659902,365,332,33,0,0,0,0,100,50,43,1,327,37,0,100.0,0,0.0,9.0
56041,2019,20226,4.305910002904615,365,315,49,1,0,0,0,101,58,44,1,360,0,4,100.0,1,0.273972602739726,18.8
56041,2020,20215,4.305673745669693,366,323,41,2,0,0,0,122,51,40,2,225,0,139,100.0,2,0.546448087431694,18.9
56041,2021,20635,4.314604473213435,364,361,3,0,0,0,0,60,25,7,0,0,0,364,99.72602739726028,0,0.0,16.8
56041,2022,20745,4.316913439164992,365,363,2,0,0,0,0,55,17,7,0,0,0,365,100.0,0,0.0,14.9
56045,2019,6927,3.840545187636839,360,335,25,0,0,0,0,71,49,40,0,360,0,0,98.63013698630137,0,0.0,19.2
56045,2020,6743,3.82885315967664,353,323,29,1,0,0,0,119,49,40,0,353,0,0,96.448087431694,1,0.28328611898017,20.5
56045,2021,6745,3.828981954007923,343,282,61,0,0,0,0,100,64,41,0,343,0,0,93.97260273972604,0,0.0,19.7
56045,2022,6808,3.8330195470765314,363,344,19,0,0,0,0,64,48,40,0,363,0,0,99.45205479452056,0,0.0,15.9
