CountyFIPS,City,County,StateAbbr,State,Latitude,Longitude,Year,Population,Days_with_AQI,Good_Days,Moderate_Days,USG_Days,Unhealthy_Days,Very_Unhealthy_Days,Hazardous_Days,Max_AQI,AQI_90th_Percentile,Median_AQI,Days_NO2,Days_Ozone,Days_PM2_5,Days_PM10,AQI_Coverage_Pct,Poor_Air_Days,Poor_Air_Days_Pct,Smoking_AdjPrev,Disease,Disease_AdjPrev,Complete_4_Years
1003,Fairhope,Baldwin,AL,Alabama,30.72811673,-87.72275422,2019,223234,271,221,50,0,0,0,0,80,55,40,0,198,73,0,74.24657534246575,0,0.0,19.9,COPD,6.9,True
1003,Fairhope,Baldwin,AL,Alabama,30.72811673,-87.72275422,2019,223234,271,221,50,0,0,0,0,80,55,40,0,198,73,0,74.24657534246575,0,0.0,19.9,Current Asthma,8.9,True
1033,Muscle Shoals,Colbert,AL,Alabama,34.70084917,-87.80480288,2019,55241,263,238,25,0,0,0,0,65,50,38,0,219,44,0,72.05479452054794,0,0.0,21.5,COPD,8.2,False
1033,Muscle Shoals,Colbert,AL,Alabama,34.70084917,-87.80480288,2019,55241,263,238,25,0,0,0,0,65,50,38,0,219,44,0,72.05479452054794,0,0.0,21.5,Current Asthma,9.7,False
1049,Fort Payne,DeKalb,AL,Alabama,34.4602025,-85.8035973,2019,71513,361,303,58,0,0,0,0,90,54,39,0,306,55,0,98.9041095890411,0,0.0,25.0,COPD,10.2,True
1049,Fort Payne,DeKalb,AL,Alabama,34.4602025,-85.8035973,2019,71513,361,303,58,0,0,0,0,90,54,39,0,306,55,0,98.9041095890411,0,0.0,25.0,Current Asthma,10.2,True
1051,Wetumpka,Elmore,AL,Alabama,32.59685888,-86.14875636,2019,81209,228,208,20,0,0,0,0,100,50,39,0,228,0,0,62.465753424657535,0,0.0,20.4,COPD,7.4,True
1051,Wetumpka,Elmore,AL,Alabama,32.59685888,-86.14875636,2019,81209,228,208,20,0,0,0,0,100,50,39,0,228,0,0,62.465753424657535,0,0.0,20.4,Current Asthma,9.7,True
1055,Gadsden,Etowah,AL,Alabama,34.04522195,-86.03539165,2019,102268,279,201,78,0,0,0,0,90,58,44,0,201,78,0,76.43835616438356,0,0.0,23.5,COPD,8.7,True
1055,Gadsden,Etowah,AL,Alabama,34.04522195,-86.03539165,2019,102268,279,201,78,0,0,0,0,90,58,44,0,201,78,0,76.43835616438356,0,0.0,23.5,Current Asthma,9.9,True
1069,Dothan,Houston,AL,Alabama,31.15350797,-85.30249702,2019,105882,280,230,50,0,0,0,0,77,55,38,0,181,99,0,76.71232876712328,0,0.0,21.7,COPD,8.3,False
1069,Dothan,Houston,AL,Alabama,31.15350797,-85.30249702,2019,105882,280,230,50,0,0,0,0,77,55,38,0,181,99,0,76.71232876712328,0,0.0,21.7,Current Asthma,10.2,False
1073,Birmingham,Jefferson,AL,Alabama,33.55458811,-86.89673378,2019,658573,365,85,267,13,0,0,0,150,80,58,0,75,289,1,100.0,13,3.5616438356164384,17.6,COPD,7.0,True
1073,Birmingham,Jefferson,AL,Alabama,33.55458811,-86.89673378,2019,658573,365,85,267,13,0,0,0,150,80,58,0,75,289,1,100.0,13,3.5616438356164384,17.6,Current Asthma,9.8,True
1089,Huntsville,Madison,AL,Alabama,34.7629041,-86.5506924,2019,372909,361,189,172,0,0,0,0,93,62,49,0,99,255,7,98.9041095890411,0,0.0,16.1,COPD,6.1,True
1089,Huntsville,Madison,AL,Alabama,34.7629041,-86.5506924,2019,372909,361,189,172,0,0,0,0,93,62,49,0,99,255,7,98.9041095890411,0,0.0,16.1,Current Asthma,9.6,True
1097,Mobile,Mobile,AL,Alabama,30.78657016,-88.20658862,2019,413210,352,167,185,0,0,0,0,82,64,52,0,69,283,0,96.43835616438356,0,0.0,21.4,COPD,8.0,True
1097,Mobile,Mobile,AL,Alabama,30.78657016,-88.20658862,2019,413210,352,167,185,0,0,0,0,82,64,52,0,69,283,0,96.43835616438356,0,0.0,21.4,Current Asthma,9.7,True
1101,Montgomery,Montgomery,AL,Alabama,32.22034164,-86.20804808,2019,226486,365,84,280,1,0,0,0,122,71,57,0,18,346,1,100.0,1,0.273972602739726,20.1,COPD,7.2,True
1101,Montgomery,Montgomery,AL,Alabama,32.22034164,-86.20804808,2019,226486,365,84,280,1,0,0,0,122,71,57,0,18,346,1,100.0,1,0.273972602739726,20.1,Current Asthma,9.9,True
1103,Decatur,Morgan,AL,Alabama,34.4534685,-86.85332071,2019,119679,365,247,118,0,0,0,0,93,58,45,0,145,220,0,100.0,0,0.0,20.6,COPD,8.0,True
1103,Decatur,Morgan,AL,Alabama,34.4534685,-86.85332071,2019,119679,365,247,118,0,0,0,0,93,58,45,0,145,220,0,100.0,0,0.0,20.6,Current Asthma,9.6,True
1113,Phenix City,Russell,AL,Alabama,32.28842421,-85.18445744,2019,57961,363,195,168,0,0,0,0,84,63,48,0,64,299,0,99.45205479452055,0,0.0,21.7,COPD,8.3,True
1113,Phenix City,Russell,AL,Alabama,32.28842421,-85.18445744,2019,57961,363,195,168,0,0,0,0,84,63,48,0,64,299,0,99.45205479452055,0,0.0,21.7,Current Asthma,10.6,True
1117,Pelham,Shelby,AL,Alabama,33.26422221,-86.66104603,2019,217702,244,202,39,3,0,0,0,119,61,42,0,244,0,0,66.84931506849315,3,1.2295081967213115,15.3,COPD,5.7,True
1117,Pelham,Shelby,AL,Alabama,33.26422221,-86.66104603,2019,217702,244,202,39,3,0,0,0,119,61,42,0,244,0,0,66.84931506849315,3,1.2295081967213115,15.3,Current Asthma,8.7,True
1125,Tuscaloosa,Tuscaloosa,AL,Alabama,33.28961016,-87.52507429,2019,209355,264,217,47,0,0,0,0,87,54,39,0,173,91,0,72.32876712328768,0,0.0,20.2,COPD,7.5,True
1125,Tuscaloosa,Tuscaloosa,AL,Alabama,33.28961016,-87.52507429,2019,209355,264,217,47,0,0,0,0,87,54,39,0,173,91,0,72.32876712328768,0,0.0,20.2,Current Asthma,9.9,True
2020,Anchorage,Anchorage,AK,Alaska,61.1504589,-149.1141071,2019,288000,365,254,102,5,4,0,0,163,67,32,0,0,285,75,100.0,9,2.4657534246575343,15.3,COPD,5.0,True
2020,Anchorage,Anchorage,AK,Alaska,61.1504589,-149.1141071,2019,288000,365,254,102,5,4,0,0,163,67,32,0,0,285,75,100.0,9,2.4657534246575343,15.3,Current Asthma,9.2,True
2110,Juneau,Juneau,AK,Alaska,58.45102839,-134.1828501,2019,31974,362,280,79,3,0,0,0,145,60,27,0,0,340,22,99.17808219178083,3,0.8287292817679558,15.1,COPD,4.8,False
2110,Juneau,Juneau,AK,Alaska,58.45102839,-134.1828501,2019,31974,362,280,79,3,0,0,0,145,60,27,0,0,340,22,99.17808219178083,3,0.8287292817679558,15.1,Current Asthma,9.2,False
2170,Palmer,Matanuska-Susitna,AK,Alaska,62.3154278,-149.5702635,2019,108317,361,262,96,3,0,0,0,127,66,25,0,0,313,48,98.9041095890411,3,0.8310249307479225,19.8,COPD,6.1,False
2170,Palmer,Matanuska-Susitna,AK,Alaska,62.3154278,-149.5702635,2019,108317,361,262,96,3,0,0,0,127,66,25,0,0,313,48,98.9041095890411,3,0.8310249307479225,19.8,Current Asthma,9.5,False
4003,Douglas,Cochise,AZ,Arizona,31.87949959,-109.751401,2019,125922,365,253,112,0,0,0,0,97,64,46,0,305,45,15,100.0,0,0.0,17.6,COPD,6.1,True
4003,Douglas,Cochise,AZ,Arizona,31.87949959,-109.751401,2019,125922,365,253,112,0,0,0,0,97,64,46,0,305,45,15,100.0,0,0.0,17.6,Current Asthma,10.0,True
4005,Flagstaff,Coconino,AZ,Arizona,35.83863914,-111.7705891,2019,143476,365,280,85,0,0,0,0,80,61,45,0,349,16,0,100.0,0,0.0,18.1,COPD,6.4,True
4005,Flagstaff,Coconino,AZ,Arizona,35.83863914,-111.7705891,2019,143476,365,280,85,0,0,0,0,80,61,45,0,349,16,0,100.0,0,0.0,18.1,Current Asthma,9.8,True
4012,Parker,La Paz,AZ,Arizona,33.72903482,-113.9813104,2019,21108,364,303,61,0,0,0,0,77,58,44,0,357,6,1,99.72602739726028,0,0.0,19.5,COPD,7.9,True
4012,Parker,La Paz,AZ,Arizona,33.72903482,-113.9813104,2019,21108,364,303,61,0,0,0,0,77,58,44,0,357,6,1,99.72602739726028,0,0.0,19.5,Current Asthma,10.2,True
4017,Holbrook,Navajo,AZ,Arizona,35.39967567,-110.3214398,2019,110924,365,294,70,1,0,0,0,112,58,44,0,357,1,7,100.0,1,0.273972602739726,20.7,COPD,9.6,True
4017,Holbrook,Navajo,AZ,Arizona,35.39967567,-110.3214398,2019,110924,365,294,70,1,0,0,0,112,58,44,0,357,1,7,100.0,1,0.273972602739726,20.7,Current Asthma,11.7,True
4019,Tucson,Pima,AZ,Arizona,32.09739367,-111.7899304,2019,1047279,365,207,156,2,0,0,0,103,71,49,0,237,51,77,100.0,2,0.547945205479452,14.3,COPD,5.5,True
4019,Tucson,Pima,AZ,Arizona,32.09739367,-111.7899304,2019,1047279,365,207,156,2,0,0,0,103,71,49,0,237,51,77,100.0,2,0.547945205479452,14.3,Current Asthma,9.5,True
4023,Nogales,Santa Cruz,AZ,Arizona,31.52596855,-110.8465934,2019,46498,362,250,110,2,0,0,0,120,67,39,0,0,323,39,99.17808219178083,2,0.5524861878453038,14.5,COPD,5.6,True
4023,Nogales,Santa Cruz,AZ,Arizona,31.52596855,-110.8465934,2019,46498,362,250,110,2,0,0,0,120,67,39,0,0,323,39,99.17808219178083,2,0.5524861878453038,14.5,Current Asthma,9.1,True
4025,Prescott,Yavapai,AZ,Arizona,34.59993679,-112.5546325,2019,235099,357,298,59,0,0,0,0,87,54,43,0,355,2,0,97.80821917808218,0,0.0,17.2,COPD,6.6,True
4025,Prescott,Yavapai,AZ,Arizona,34.59993679,-112.5546325,2019,235099,357,298,59,0,0,0,0,87,54,43,0,355,2,0,97.80821917808218,0,0.0,17.2,Current Asthma,10.2,True
4027,Yuma,Yuma,AZ,Arizona,32.76937366,-113.9054902,2019,213787,365,226,136,3,0,0,0,129,67,47,0,214,120,31,100.0,3,0.821917808219178,15.1,COPD,6.4,True
4027,Yuma,Yuma,AZ,Arizona,32.76937366,-113.9054902,2019,213787,365,226,136,3,0,0,0,129,67,47,0,214,120,31,100.0,3,0.821917808219178,15.1,Current Asthma,9.5,True
5019,Arkadelphia,Clark,AR,Arkansas,34.05109731,-93.17677056,2019,22320,355,347,8,0,0,0,0,67,46,32,0,355,0,0,97.26027397260275,0,0.0,20.5,COPD,7.9,True
5019,Arkadelphia,Clark,AR,Arkansas,34.05109731,-93.17677056,2019,22320,355,347,8,0,0,0,0,67,46,32,0,355,0,0,97.26027397260275,0,0.0,20.5,Current Asthma,10.2,True
5035,West Memphis,Crittenden,AR,Arkansas,35.20802432,-90.30893924,2019,47955,365,212,152,1,0,0,0,101,60,47,0,107,258,0,100.0,1,0.273972602739726,23.9,COPD,9.1,True
5035,West Memphis,Crittenden,AR,Arkansas,35.20802432,-90.30893924,2019,47955,365,212,152,1,0,0,0,101,60,47,0,107,258,0,100.0,1,0.273972602739726,23.9,Current Asthma,11.3,True
5113,Mena,Polk,AR,Arkansas,34.48593652,-94.22791298,2019,19964,361,291,69,1,0,0,0,119,58,40,0,287,74,0,98.9041095890411,1,0.2770083102493075,24.5,COPD,9.8,True
5113,Mena,Polk,AR,Arkansas,34.48593652,-94.22791298,2019,19964,361,291,69,1,0,0,0,119,58,40,0,287,74,0,98.9041095890411,1,0.2770083102493075,24.5,Current Asthma,10.2,True
5119,Little Rock,Pulaski,AR,Arkansas,34.76991477,-92.31181185,2019,391911,365,145,220,0,0,0,0,81,64,53,2,88,275,0,100.0,0,0.0,19.6,COPD,7.0,True
5119,Little Rock,Pulaski,AR,Arkansas,34.76991477,-92.31181185,2019,391911,365,145,220,0,0,0,0,81,64,53,2,88,275,0,100.0,0,0.0,19.6,Current Asthma,9.8,True
5139,El Dorado,Union,AR,Arkansas,33.17138124,-92.59714252,2019,38682,241,135,106,0,0,0,0,99,59,46,0,0,241,0,66.02739726027397,0,0.0,21.4,COPD,8.2,False
5139,El Dorado,Union,AR,Arkansas,33.17138124,-92.59714252,2019,38682,241,135,106,0,0,0,0,99,59,46,0,0,241,0,66.02739726027397,0,0.0,21.4,Current Asthma,10.4,False
5143,Fayetteville,Washington,AR,Arkansas,35.97881814,-94.21583896,2019,239187,365,193,172,0,0,0,0,97,61,48,0,118,247,0,100.0,0,0.0,18.6,COPD,7.3,True
5143,Fayetteville,Washington,AR,Arkansas,35.97881814,-94.21583896,2019,239187,365,193,172,0,0,0,0,97,61,48,0,118,247,0,100.0,0,0.0,18.6,Current Asthma,9.5,True
6001,Oakland,Alameda,CA,California,37.64555147,-121.8893196,2019,1671329,365,183,174,8,0,0,0,150,67,50,11,94,260,0,100.0,8,2.191780821917808,10.0,COPD,3.8,True
6001,Oakland,Alameda,CA,California,37.64555147,-121.8893196,2019,1671329,365,183,174,8,0,0,0,150,67,50,11,94,260,0,100.0,8,2.191780821917808,10.0,Current Asthma,8.0,True
6005,Jackson,Amador,CA,California,38.44628731,-120.6497455,2019,39752,355,308,45,2,0,0,0,115,51,39,0,355,0,0,97.26027397260275,2,0.5633802816901409,14.2,COPD,5.6,True
6005,Jackson,Amador,CA,California,38.44628731,-120.6497455,2019,39752,355,308,45,2,0,0,0,115,51,39,0,355,0,0,97.26027397260275,2,0.5633802816901409,14.2,Current Asthma,9.0,True
6007,Chico,Butte,CA,California,39.6668772,-121.5995887,2019,219186,365,171,189,3,2,0,0,180,71,51,0,121,243,1,100.0,5,1.36986301369863,14.6,COPD,6.2,False
6007,Chico,Butte,CA,California,39.6668772,-121.5995887,2019,219186,365,171,189,3,2,0,0,180,71,51,0,121,243,1,100.0,5,1.36986301369863,14.6,Current Asthma,9.9,False
6009,San Andreas,Calaveras,CA,California,38.20431662,-120.55399,2019,45905,360,288,71,1,0,0,0,108,60,43,0,297,62,1,98.63013698630137,1,0.2777777777777778,15.0,COPD,5.8,True
6009,San Andreas,Calaveras,CA,California,38.20431662,-120.55399,2019,45905,360,288,71,1,0,0,0,108,60,43,0,297,62,1,98.63013698630137,1,0.2777777777777778,15.0,Current Asthma,9.5,True
6011,Colusa,Colusa,CA,California,39.17712713,-122.237555,2019,21547,365,260,105,0,0,0,0,85,61,41,0,152,173,40,100.0,0,0.0,13.5,COPD,5.4,False
6011,Colusa,Colusa,CA,California,39.17712713,-122.237555,2019,21547,365,260,105,0,0,0,0,85,61,41,0,152,173,40,100.0,0,0.0,13.5,Current Asthma,9.0,False
6013,Richmond,Contra Costa,CA,California,37.91916061,-121.927827,2019,1153526,365,238,123,4,0,0,0,129,64,43,3,171,190,1,100.0,4,1.095890410958904,10.0,COPD,4.1,True
6013,Richmond,Contra Costa,CA,California,37.91916061,-121.927827,2019,1153526,365,238,123,4,0,0,0,129,64,43,3,171,190,1,100.0,4,1.095890410958904,10.0,Current Asthma,8.3,True
6015,Crescent City,Del Norte,CA,California,41.74313957,-123.8987443,2019,27812,248,210,38,0,0,0,0,74,53,26,0,0,248,0,67.94520547945206,0,0.0,17.6,COPD,7.2,True
6015,Crescent City,Del Norte,CA,California,41.74313957,-123.8987443,2019,27812,248,210,38,0,0,0,0,74,53,26,0,0,248,0,67.94520547945206,0,0.0,17.6,Current Asthma,9.9,True
6017,South Lake Tahoe,El Dorado,CA,California,38.77927687,-120.525118,2019,192843,365,273,86,6,0,0,0,122,74,43,0,353,3,9,100.0,6,1.643835616438356,12.3,COPD,4.9,False
6017,South Lake Tahoe,El Dorado,CA,California,38.77927687,-120.525118,2019,192843,365,273,86,6,0,0,0,122,74,43,0,353,3,9,100.0,6,1.643835616438356,12.3,Current Asthma,8.9,False
6021,Willows,Glenn,CA,California,39.59823808,-122.3909024,2019,28393,362,274,88,0,0,0,0,86,58,42,0,232,119,11,99.17808219178083,0,0.0,15.2,COPD,6.3,True
6021,Willows,Glenn,CA,California,39.59823808,-122.3909024,2019,28393,362,274,88,0,0,0,0,86,58,42,0,232,119,11,99.17808219178083,0,0.0,15.2,Current Asthma,9.4,True
6023,Eureka,Humboldt,CA,California,40.69920799,-123.87575,2019,135558,363,340,23,0,0,0,0,69,44,28,1,253,70,37,99.45205479452055,0,0.0,15.4,COPD,6.6,True
6023,Eureka,Humboldt,CA,California,40.69920799,-123.87575,2019,135558,363,340,23,0,0,0,0,69,44,28,1,253,70,37,99.45205479452055,0,0.0,15.4,Current Asthma,10.1,True
6027,Bishop,Inyo,CA,California,36.51151321,-117.4115268,2019,18039,365,226,127,6,2,1,3,653,84,47,0,313,23,29,100.0,12,3.287671232876712,13.6,COPD,5.4,False
6027,Bishop,Inyo,CA,California,36.51151321,-117.4115268,2019,18039,365,226,127,6,2,1,3,653,84,47,0,313,23,29,100.0,12,3.287671232876712,13.6,Current Asthma,9.1,False
6033,Lakeport,Lake,CA,California,39.09956568,-122.7541069,2019,64386,360,360,0,0,0,0,0,50,42,31,0,351,8,1,98.63013698630137,0,0.0,16.5,COPD,6.8,True
6033,Lakeport,Lake,CA,California,39.09956568,-122.7541069,2019,64386,360,360,0,0,0,0,0,50,42,31,0,351,8,1,98.63013698630137,0,0.0,16.5,Current Asthma,10.0,True
6039,Madera,Madera,CA,California,37.2182163,-119.7627487,2019,157327,365,167,185,13,0,0,0,140,84,52,0,225,103,37,100.0,13,3.5616438356164384,14.1,COPD,6.1,False
6039,Madera,Madera,CA,California,37.2182163,-119.7627487,2019,157327,365,167,185,13,0,0,0,140,84,52,0,225,103,37,100.0,13,3.5616438356164384,14.1,Current Asthma,9.4,False
6041,Lagunitas-Forest Knolls,Marin,CA,California,38.07388193,-122.7238042,2019,258826,363,291,71,1,0,0,0,133,55,37,10,151,202,0,99.45205479452055,1,0.27548209366391185,9.5,COPD,3.9,True
6041,Lagunitas-Forest Knolls,Marin,CA,California,38.07388193,-122.7238042,2019,258826,363,291,71,1,0,0,0,133,55,37,10,151,202,0,99.45205479452055,1,0.27548209366391185,9.5,Current Asthma,8.3,True
6043,Yosemite National Park,Mariposa,CA,California,37.57736279,-119.9110034,2019,17203,365,192,159,9,5,0,0,185,84,50,0,247,118,0,100.0,14,3.8356164383561646,14.8,COPD,6.1,False
6043,Yosemite National Park,Mariposa,CA,California,37.57736279,-119.9110034,2019,17203,365,192,159,9,5,0,0,185,84,50,0,247,118,0,100.0,14,3.8356164383561646,14.8,Current Asthma,9.5,False
6045,Ukiah,Mendocino,CA,California,39.44035366,-123.3914133,2019,86749,361,290,71,0,0,0,0,80,54,36,0,155,199,7,98.9041095890411,0,0.0,14.8,COPD,6.2,True
6045,Ukiah,Mendocino,CA,California,39.44035366,-123.3914133,2019,86749,361,290,71,0,0,0,0,80,54,36,0,155,199,7,98.9041095890411,0,0.0,14.8,Current Asthma,9.4,True
6047,Merced,Merced,CA,California,37.19191313,-120.7175557,2019,277680,365,176,182,7,0,0,0,119,80,51,0,202,161,2,100.0,7,1.9178082191780823,14.4,COPD,5.9,False
6047,Merced,Merced,CA,California,37.19191313,-120.7175557,2019,277680,365,176,182,7,0,0,0,119,80,51,0,202,161,2,100.0,7,1.9178082191780823,14.4,Current Asthma,9.3,False
6051,Mammoth Lakes,Mono,CA,California,37.93923386,-118.8875478,2019,14444,365,242,108,6,0,0,9,4227,83,34,0,0,322,43,100.0,15,4.10958904109589,12.9,COPD,5.3,False
6051,Mammoth Lakes,Mono,CA,California,37.93923386,-118.8875478,2019,14444,365,242,108,6,0,0,9,4227,83,34,0,0,322,43,100.0,15,4.10958904109589,12.9,Current Asthma,8.7,False
6053,Salinas,Monterey,CA,California,36.21636989,-121.2393212,2019,434061,365,303,61,1,0,0,0,144,54,39,0,228,127,8,100.0,1,0.273972602739726,12.0,COPD,5.2,True
6053,Salinas,Monterey,CA,California,36.21636989,-121.2393212,2019,434061,365,303,61,1,0,0,0,144,54,39,0,228,127,8,100.0,1,0.273972602739726,12.0,Current Asthma,8.7,True
6055,Napa,Napa,CA,California,38.50726702,-122.3314634,2019,137744,363,295,66,2,0,0,0,119,54,37,0,211,150,0,99.45205479452055,2,0.5509641873278237,10.8,COPD,4.4,False
6055,Napa,Napa,CA,California,38.50726702,-122.3314634,2019,137744,363,295,66,2,0,0,0,119,54,37,0,211,150,0,99.45205479452055,2,0.5509641873278237,10.8,Current Asthma,8.4,False
6057,Grass Valley,Nevada,CA,California,39.30115247,-120.7686055,2019,99755,361,251,105,5,0,0,0,122,71,45,0,272,89,0,98.9041095890411,5,1.3850415512465373,12.4,COPD,5.2,False
6057,Grass Valley,Nevada,CA,California,39.30115247,-120.7686055,2019,99755,361,251,105,5,0,0,0,122,71,45,0,272,89,0,98.9041095890411,5,1.3850415512465373,12.4,Current Asthma,9.2,False
6061,Tahoe City,Placer,CA,California,39.06343593,-120.7171226,2019,398329,365,198,158,9,0,0,0,136,77,49,0,218,145,2,100.0,9,2.4657534246575343,11.0,COPD,4.4,False
6061,Tahoe City,Placer,CA,California,39.06343593,-120.7171226,2019,398329,365,198,158,9,0,0,0,136,77,49,0,218,145,2,100.0,9,2.4657534246575343,11.0,Current Asthma,8.6,False
6063,Quincy,Plumas,CA,California,40.00402792,-120.8376469,2019,18807,341,220,116,5,0,0,0,138,71,34,0,0,341,0,93.42465753424658,5,1.466275659824047,14.0,COPD,5.7,False
6063,Quincy,Plumas,CA,California,40.00402792,-120.8376469,2019,18807,341,220,116,5,0,0,0,138,71,34,0,0,341,0,93.42465753424658,5,1.466275659824047,14.0,Current Asthma,9.5,False
6067,Sacramento,Sacramento,CA,California,38.44874079,-121.3448359,2019,1552058,365,175,180,10,0,0,0,140,84,52,1,188,169,7,100.0,10,2.73972602739726,13.3,COPD,5.2,False
6067,Sacramento,Sacramento,CA,California,38.44874079,-121.3448359,2019,1552058,365,175,180,10,0,0,0,140,84,52,1,188,169,7,100.0,10,2.73972602739726,13.3,Current Asthma,9.8,False
6069,Hollister,San Benito,CA,California,36.60399254,-121.0755542,2019,62808,365,318,47,0,0,0,0,90,52,39,0,308,51,6,100.0,0,0.0,11.7,COPD,4.5,True
6069,Hollister,San Benito,CA,California,36.60399254,-121.0755542,2019,62808,365,318,47,0,0,0,0,90,52,39,0,308,51,6,100.0,0,0.0,11.7,Current Asthma,8.3,True
6075,San Francisco,San Francisco,CA,California,37.75999356,-122.4393922,2019,881549,365,251,113,1,0,0,0,108,58,39,15,119,231,0,100.0,1,0.273972602739726,9.3,COPD,3.6,True
6075,San Francisco,San Francisco,CA,California,37.75999356,-122.4393922,2019,881549,365,251,113,1,0,0,0,108,58,39,15,119,231,0,100.0,1,0.273972602739726,9.3,Current Asthma,7.5,True
6077,Stockton,San Joaquin,CA,California,37.93484195,-121.2718065,2019,762148,365,202,151,11,1,0,0,190,82,47,1,201,149,14,100.0,12,3.287671232876712,13.9,COPD,5.3,False
6077,Stockton,San Joaquin,CA,California,37.93484195,-121.2718065,2019,762148,365,202,151,11,1,0,0,190,82,47,1,201,149,14,100.0,12,3.287671232876712,13.9,Current Asthma,9.6,False
6079,Nipomo,San Luis Obispo,CA,California,35.38726285,-120.4048434,2019,283111,365,196,166,3,0,0,0,108,74,49,0,239,109,17,100.0,3,0.821917808219178,11.9,COPD,5.0,False
6079,Nipomo,San Luis Obispo,CA,California,35.38726285,-120.4048434,2019,283111,365,196,166,3,0,0,0,108,74,49,0,239,109,17,100.0,3,0.821917808219178,11.9,Current Asthma,9.0,False
6081,San Carlos,San Mateo,CA,California,37.42322968,-122.3273639,2019,766573,365,276,87,2,0,0,0,122,57,39,14,135,216,0,100.0,2,0.547945205479452,9.2,COPD,3.5,True
6081,San Carlos,San Mateo,CA,California,37.42322968,-122.3273639,2019,766573,365,276,87,2,0,0,0,122,57,39,14,135,216,0,100.0,2,0.547945205479452,9.2,Current Asthma,7.8,True
6083,Santa Maria,Santa Barbara,CA,California,34.67363399,-120.0166318,2019,446499,365,242,122,1,0,0,0,105,63,45,0,228,128,9,100.0,1,0.273972602739726,11.7,COPD,4.9,True
6083,Santa Maria,Santa Barbara,CA,California,34.67363399,-120.0166318,2019,446499,365,242,122,1,0,0,0,105,63,45,0,228,128,9,100.0,1,0.273972602739726,11.7,Current Asthma,8.6,True
6085,San Jose,Santa Clara,CA,California,37.23263642,-121.6961445,2019,1927852,365,205,156,4,0,0,0,136,68,48,1,134,229,1,100.0,4,1.095890410958904,8.7,COPD,3.5,True
6085,San Jose,Santa Clara,CA,California,37.23263642,-121.6961445,2019,1927852,365,205,156,4,0,0,0,136,68,48,1,134,229,1,100.0,4,1.095890410958904,8.7,Current Asthma,7.2,True
6087,Scotts Valley,Santa Cruz,CA,California,37.05611958,-122.0010073,2019,273213,365,291,74,0,0,0,0,74,54,39,0,166,199,0,100.0,0,0.0,11.4,COPD,4.8,True
6087,Scotts Valley,Santa Cruz,CA,California,37.05611958,-122.0010073,2019,273213,365,291,74,0,0,0,0,74,54,39,0,166,199,0,100.0,0,0.0,11.4,Current Asthma,8.8,True
6089,Redding,Shasta,CA,California,40.7636356,-122.0392223,2019,180080,364,306,58,0,0,0,0,100,54,42,0,349,13,2,99.72602739726028,0,0.0,16.1,COPD,6.4,False
6089,Redding,Shasta,CA,California,40.7636356,-122.0392223,2019,180080,364,306,58,0,0,0,0,100,54,42,0,349,13,2,99.72602739726028,0,0.0,16.1,Current Asthma,9.6,False
6093,Weed,Siskiyou,CA,California,41.59425182,-122.5390516,2019,43539,365,302,59,2,2,0,0,164,54,38,0,239,126,0,100.0,4,1.095890410958904,15.6,COPD,6.6,False
6093,Weed,Siskiyou,CA,California,41.59425182,-122.5390516,2019,43539,365,302,59,2,2,0,0,164,54,38,0,239,126,0,100.0,4,1.095890410958904,15.6,Current Asthma,9.8,False
6095,Vallejo,Solano,CA,California,38.27061842,-121.9320733,2019,447643,365,226,138,1,0,0,0,119,64,45,1,129,235,0,100.0,1,0.273972602739726,11.9,COPD,4.6,True
6095,Vallejo,Solano,CA,California,38.27061842,-121.9320733,2019,447643,365,226,138,1,0,0,0,119,64,45,1,129,235,0,100.0,1,0.273972602739726,11.9,Current Asthma,8.8,True
6097,Santa Rosa,Sonoma,CA,California,38.52854399,-122.8876375,2019,494336,365,318,47,0,0,0,0,87,52,36,1,202,155,7,100.0,0,0.0,11.4,COPD,4.7,True
6097,Santa Rosa,Sonoma,CA,California,38.52854399,-122.8876375,2019,494336,365,318,47,0,0,0,0,87,52,36,1,202,155,7,100.0,0,0.0,11.4,Current Asthma,9.1,True
6101,Yuba City,Sutter,CA,California,39.03443385,-121.6945535,2019,96971,365,200,163,2,0,0,0,110,71,48,0,200,159,6,100.0,2,0.547945205479452,14.7,COPD,5.9,False
6101,Yuba City,Sutter,CA,California,39.03443385,-121.6945535,2019,96971,365,200,163,2,0,0,0,110,71,48,0,200,159,6,100.0,2,0.547945205479452,14.7,Current Asthma,9.1,False
6103,Red Bluff,Tehama,CA,California,40.12516798,-122.2337288,2019,65084,365,263,102,0,0,0,0,93,64,43,0,299,66,0,100.0,0,0.0,16.6,COPD,7.2,False
6103,Red Bluff,Tehama,CA,California,40.12516798,-122.2337288,2019,65084,365,263,102,0,0,0,0,93,64,43,0,299,66,0,100.0,0,0.0,16.6,Current Asthma,10.0,False
6105,Weaverville,Trinity,CA,California,40.64977624,-123.1157771,2019,12285,269,225,42,2,0,0,0,113,56,23,0,0,269,0,73.6986301369863,2,0.7434944237918215,17.4,COPD,7.2,False
6105,Weaverville,Trinity,CA,California,40.64977624,-123.1157771,2019,12285,269,225,42,2,0,0,0,113,56,23,0,0,269,0,73.6986301369863,2,0.7434944237918215,17.4,Current Asthma,10.1,False
6109,Sonora,Tuolumne,CA,California,38.02628123,-119.9524446,2019,54478,358,273,83,2,0,0,0,108,67,43,0,358,0,0,98.08219178082192,2,0.5586592178770949,15.0,COPD,6.0,True
6109,Sonora,Tuolumne,CA,California,38.02628123,-119.9524446,2019,54478,358,273,83,2,0,0,0,108,67,43,0,358,0,0,98.08219178082192,2,0.5586592178770949,15.0,Current Asthma,9.4,True
6111,Ojai,Ventura,CA,California,34.45676389,-119.0835707,2019,846006,365,175,181,9,0,0,0,126,77,51,3,226,127,9,100.0,9,2.4657534246575343,10.6,COPD,4.4,False
6111,Ojai,Ventura,CA,California,34.45676389,-119.0835707,2019,846006,365,175,181,9,0,0,0,126,77,51,3,226,127,9,100.0,9,2.4657534246575343,10.6,Current Asthma,8.2,False
6113,Davis,Yolo,CA,California,38.68651609,-121.9018521,2019,220500,365,252,112,1,0,0,0,136,63,43,1,249,114,1,100.0,1,0.273972602739726,12.2,COPD,5.0,False
6113,Davis,Yolo,CA,California,38.68651609,-121.9018521,2019,220500,365,252,112,1,0,0,0,136,63,43,1,249,114,1,100.0,1,0.273972602739726,12.2,Current Asthma,8.8,False
8001,Commerce City,Adams,CO,Colorado,39.87402122,-104.3380626,2019,517421,365,183,181,1,0,0,0,132,67,50,30,129,152,54,100.0,1,0.273972602739726,15.0,COPD,4.7,False
8001,Commerce City,Adams,CO,Colorado,39.87402122,-104.3380626,2019,517421,365,183,181,1,0,0,0,132,67,50,30,129,152,54,100.0,1,0.273972602739726,15.0,Current Asthma,8.8,False
8005,Englewood,Arapahoe,CO,Colorado,39.65033573,-104.3370084,2019,656590,365,222,137,6,0,0,0,140,80,47,0,348,17,0,100.0,6,1.643835616438356,13.1,COPD,4.1,False
8005,Englewood,Arapahoe,CO,Colorado,39.65033573,-104.3370084,2019,656590,365,222,137,6,0,0,0,140,80,47,0,348,17,0,100.0,6,1.643835616438356,13.1,Current Asthma,9.0,False
8007,Pagosa Springs,Archuleta,CO,Colorado,37.19365584,-107.0481757,2019,14029,363,331,30,2,0,0,0,124,50,31,3,186,0,174,99.45205479452055,2,0.5509641873278237,14.2,COPD,4.8,True
8007,Pagosa Springs,Archuleta,CO,Colorado,37.19365584,-107.0481757,2019,14029,363,331,30,2,0,0,0,124,50,31,3,186,0,174,99.45205479452055,2,0.5509641873278237,14.2,Current Asthma,9.3,True
8013,Boulder,Boulder,CO,Colorado,40.09251514,-105.3580726,2019,326196,365,192,168,5,0,0,0,119,74,50,0,234,131,0,100.0,5,1.36986301369863,11.1,COPD,4.0,False
8013,Boulder,Boulder,CO,Colorado,40.09251514,-105.3580726,2019,326196,365,192,168,5,0,0,0,119,74,50,0,234,131,0,100.0,5,1.36986301369863,11.1,Current Asthma,8.4,False
8019,Idaho Springs,Clear Creek,CO,Colorado,39.68900806,-105.6448509,2019,9700,294,183,109,2,0,0,0,126,74,47,0,294,0,0,80.54794520547945,2,0.6802721088435374,13.7,COPD,4.4,False
8019,Idaho Springs,Clear Creek,CO,Colorado,39.68900806,-105.6448509,2019,9700,294,183,109,2,0,0,0,126,74,47,0,294,0,0,80.54794520547945,2,0.6802721088435374,13.7,Current Asthma,8.9,False
8029,Delta,Delta,CO,Colorado,38.86152219,-107.8629832,2019,31162,365,338,27,0,0,0,0,80,50,41,0,340,25,0,100.0,0,0.0,19.4,COPD,6.6,False
8029,Delta,Delta,CO,Colorado,38.86152219,-107.8629832,2019,31162,365,338,27,0,0,0,0,80,50,41,0,340,25,0,100.0,0,0.0,19.4,Current Asthma,10.2,False
8031,Denver,Denver,CO,Colorado,39.76029518,-104.876586,2019,727211,365,139,223,2,1,0,0,153,77,54,80,133,152,0,100.0,3,0.821917808219178,13.2,COPD,4.2,False
8031,Denver,Denver,CO,Colorado,39.76029518,-104.876586,2019,727211,365,139,223,2,1,0,0,153,77,54,80,133,152,0,100.0,3,0.821917808219178,13.2,Current Asthma,9.0,False
8035,Roxborough Park,Douglas,CO,Colorado,39.32963177,-104.9287982,2019,351154,361,220,130,10,1,0,0,154,79,47,0,289,72,0,98.9041095890411,11,3.0470914127423825,9.8,COPD,3.4,False
8035,Roxborough Park,Douglas,CO,Colorado,39.32963177,-104.9287982,2019,351154,361,220,130,10,1,0,0,154,79,47,0,289,72,0,98.9041095890411,11,3.0470914127423825,9.8,Current Asthma,8.5,False
8041,Colorado Springs,El Paso,CO,Colorado,38.83236112,-104.5254283,2019,720403,365,249,116,0,0,0,0,100,67,46,0,320,45,0,100.0,0,0.0,14.2,COPD,4.7,False
8041,Colorado Springs,El Paso,CO,Colorado,38.83236112,-104.5254283,2019,720403,365,249,116,0,0,0,0,100,67,46,0,320,45,0,100.0,0,0.0,14.2,Current Asthma,10.1,False
8045,Rifle,Garfield,CO,Colorado,39.59926674,-107.903937,2019,60061,365,248,115,2,0,0,0,105,74,48,0,364,1,0,100.0,2,0.547945205479452,14.5,COPD,4.9,False
8045,Rifle,Garfield,CO,Colorado,39.59926674,-107.903937,2019,60061,365,248,115,2,0,0,0,105,74,48,0,364,1,0,100.0,2,0.547945205479452,14.5,Current Asthma,8.8,False
8051,Crested Butte,Gunnison,CO,Colorado,38.66682101,-107.0321897,2019,17462,362,264,96,2,0,0,0,101,67,46,0,362,0,0,99.17808219178083,2,0.5524861878453038,13.6,COPD,4.7,True
8051,Crested Butte,Gunnison,CO,Colorado,38.66682101,-107.0321897,2019,17462,362,264,96,2,0,0,0,101,67,46,0,362,0,0,99.17808219178083,2,0.5524861878453038,13.6,Current Asthma,9.2,True
8067,Durango,La Plata,CO,Colorado,37.28668213,-107.8432983,2019,56221,365,267,98,0,0,0,0,87,61,44,3,317,45,0,100.0,0,0.0,14.2,COPD,4.5,True
8067,Durango,La Plata,CO,Colorado,37.28668213,-107.8432983,2019,56221,365,267,98,0,0,0,0,87,61,44,3,317,45,0,100.0,0,0.0,14.2,Current Asthma,9.3,True
8069,Fort Collins,Larimer,CO,Colorado,40.66652488,-105.4614279,2019,356899,365,183,176,6,0,0,0,129,77,50,0,307,58,0,100.0,6,1.643835616438356,13.9,COPD,4.5,False
8069,Fort Collins,Larimer,CO,Colorado,40.66652488,-105.4614279,2019,356899,365,183,176,6,0,0,0,129,77,50,0,307,58,0,100.0,6,1.643835616438356,13.9,Current Asthma,9.1,False
8077,Grand Junction,Mesa,CO,Colorado,39.0181822,-108.4669015,2019,154210,364,238,125,1,0,0,0,101,67,47,0,283,78,1,99.72602739726028,1,0.27472527472527475,17.9,COPD,5.6,True
8077,Grand Junction,Mesa,CO,Colorado,39.0181822,-108.4669015,2019,154210,364,238,125,1,0,0,0,101,67,47,0,283,78,1,99.72602739726028,1,0.27472527472527475,17.9,Current Asthma,9.6,True
8083,Mesa Verde National Park,Montezuma,CO,Colorado,37.33855367,-108.5966504,2019,26183,365,279,86,0,0,0,0,97,61,46,0,365,0,0,100.0,0,0.0,18.4,COPD,6.1,True
8083,Mesa Verde National Park,Montezuma,CO,Colorado,37.33855367,-108.5966504,2019,26183,365,279,86,0,0,0,0,97,61,46,0,365,0,0,100.0,0,0.0,18.4,Current Asthma,10.0,True
8103,Rangely,Rio Blanco,CO,Colorado,39.9797518,-108.2171135,2019,6324,365,252,113,0,0,0,0,100,55,47,0,194,171,0,100.0,0,0.0,17.3,COPD,5.7,True
8103,Rangely,Rio Blanco,CO,Colorado,39.9797518,-108.2171135,2019,6324,365,252,113,0,0,0,0,100,55,47,0,194,171,0,100.0,0,0.0,17.3,Current Asthma,9.6,True
8113,Telluride,San Miguel,CO,Colorado,38.00401543,-108.4059271,2019,8179,241,189,52,0,0,0,0,87,58,45,0,185,0,56,66.02739726027397,0,0.0,11.8,COPD,4.1,True
8113,Telluride,San Miguel,CO,Colorado,38.00401543,-108.4059271,2019,8179,241,189,52,0,0,0,0,87,58,45,0,185,0,56,66.02739726027397,0,0.0,11.8,Current Asthma,8.8,True
8123,Greeley,Weld,CO,Colorado,40.55493613,-104.3928271,2019,324492,365,152,205,8,0,0,0,129,77,53,0,228,137,0,100.0,8,2.191780821917808,14.8,COPD,4.8,False
8123,Greeley,Weld,CO,Colorado,40.55493613,-104.3928271,2019,324492,365,152,205,8,0,0,0,129,77,53,0,228,137,0,100.0,8,2.191780821917808,14.8,Current Asthma,9.0,False
9001,Stamford,Fairfield,CT,Connecticut,41.27166724,-73.38942182,2019,943332,365,221,123,18,3,0,0,161,77,46,2,159,204,0,100.0,21,5.7534246575342465,10.9,COPD,4.1,False
9001,Stamford,Fairfield,CT,Connecticut,41.27166724,-73.38942182,2019,943332,365,221,123,18,3,0,0,161,77,46,2,159,204,0,100.0,21,5.7534246575342465,10.9,Current Asthma,8.2,False
9003,Hartford,Hartford,CT,Connecticut,41.80653444,-72.73276698,2019,891720,365,252,108,5,0,0,0,122,59,43,12,163,190,0,100.0,5,1.36986301369863,13.2,COPD,4.7,False
9003,Hartford,Hartford,CT,Connecticut,41.80653444,-72.73276698,2019,891720,365,252,108,5,0,0,0,122,59,43,12,163,190,0,100.0,5,1.36986301369863,13.2,Current Asthma,10.1,False
9005,Thomaston,Litchfield,CT,Connecticut,41.79234069,-73.24529195,2019,180333,365,327,38,0,0,0,0,97,51,37,0,311,54,0,100.0,0,0.0,14.0,COPD,5.0,False
9005,Thomaston,Litchfield,CT,Connecticut,41.79234069,-73.24529195,2019,180333,365,327,38,0,0,0,0,97,51,37,0,311,54,0,100.0,0,0.0,14.0,Current Asthma,9.3,False
9007,Middletown,Middlesex,CT,Connecticut,41.46333347,-72.53513114,2019,162436,205,175,23,6,1,0,0,154,61,41,0,205,0,0,56.16438356164384,7,3.414634146341464,13.2,COPD,4.7,False
9007,Middletown,Middlesex,CT,Connecticut,41.46333347,-72.53513114,2019,162436,205,175,23,6,1,0,0,154,61,41,0,205,0,0,56.16438356164384,7,3.414634146341464,13.2,Current Asthma,9.6,False
9009,New Haven,New Haven,CT,Connecticut,41.41052748,-72.93263656,2019,854757,365,228,123,12,2,0,0,159,70,44,3,181,180,1,100.0,14,3.8356164383561646,15.0,COPD,5.1,False
9009,New Haven,New Haven,CT,Connecticut,41.41052748,-72.93263656,2019,854757,365,228,123,12,2,0,0,159,70,44,3,181,180,1,100.0,14,3.8356164383561646,15.0,Current Asthma,10.6,False
9011,Groton,New London,CT,Connecticut,41.48674009,-72.10184166,2019,265206,364,295,62,7,0,0,0,129,56,40,0,161,203,0,99.72602739726028,7,1.9230769230769231,13.6,COPD,5.3,False
9011,Groton,New London,CT,Connecticut,41.48674009,-72.10184166,2019,265206,364,295,62,7,0,0,0,129,56,40,0,161,203,0,99.72602739726028,7,1.9230769230769231,13.6,Current Asthma,10.0,False
9013,Mansfield Center (Town name Mansfield),Tolland,CT,Connecticut,41.8545849,-72.33645479,2019,150721,212,187,20,5,0,0,0,126,54,42,0,212,0,0,58.082191780821915,5,2.358490566037736,13.6,COPD,4.9,False
9013,Mansfield Center (Town name Mansfield),Tolland,CT,Connecticut,41.8545849,-72.33645479,2019,150721,212,187,20,5,0,0,0,126,54,42,0,212,0,0,58.082191780821915,5,2.358490566037736,13.6,Current Asthma,8.9,False
9015,Putnam (Town of),Windham,CT,Connecticut,41.82994523,-71.98753068,2019,116782,360,344,15,1,0,0,0,105,46,36,0,360,0,0,98.63013698630137,1,0.2777777777777778,17.3,COPD,6.1,False
9015,Putnam (Town of),Windham,CT,Connecticut,41.82994523,-71.98753068,2019,116782,360,344,15,1,0,0,0,105,46,36,0,360,0,0,98.63013698630137,1,0.2777777777777778,17.3,Current Asthma,10.7,False
10001,Dover,Kent,DE,Delaware,39.08669553,-75.56840742,2019,180786,365,248,117,0,0,0,0,85,61,44,0,198,167,0,100.0,0,0.0,18.9,COPD,7.8,True
10001,Dover,Kent,DE,Delaware,39.08669553,-75.56840742,2019,180786,365,248,117,0,0,0,0,85,61,44,0,198,167,0,100.0,0,0.0,18.9,Current Asthma,11.2,True
10003,Wilmington,New Castle,DE,Delaware,39.58183211,-75.64792264,2019,558753,365,207,155,3,0,0,0,136,71,47,3,178,184,0,100.0,3,0.821917808219178,15.4,COPD,6.2,True
10003,Wilmington,New Castle,DE,Delaware,39.58183211,-75.64792264,2019,558753,365,207,155,3,0,0,0,136,71,47,3,178,184,0,100.0,3,0.821917808219178,15.4,Current Asthma,9.4,True
10005,Seaford,Sussex,DE,Delaware,38.66089894,-75.38998541,2019,234225,365,251,114,0,0,0,0,93,61,44,0,205,160,0,100.0,0,0.0,17.5,COPD,7.3,True
10005,Seaford,Sussex,DE,Delaware,38.66089894,-75.38998541,2019,234225,365,251,114,0,0,0,0,93,61,44,0,205,160,0,100.0,0,0.0,17.5,Current Asthma,9.3,True
11001,Washington,District of Columbia,DC,District of Columbia,38.90472697,-77.01629978,2019,705749,365,195,165,4,1,0,0,159,73,49,16,160,189,0,100.0,5,1.36986301369863,14.2,COPD,4.7,True
11001,Washington,District of Columbia,DC,District of Columbia,38.90472697,-77.01629978,2019,705749,365,195,165,4,1,0,0,159,73,49,16,160,189,0,100.0,5,1.36986301369863,14.2,Current Asthma,10.1,True
12001,Gainesville,Alachua,FL,Florida,29.67494731,-82.35809321,2019,269043,364,289,75,0,0,0,0,80,55,39,0,158,206,0,99.72602739726028,0,0.0,16.1,COPD,7.3,False
12001,Gainesville,Alachua,FL,Florida,29.67494731,-82.35809321,2019,269043,364,289,75,0,0,0,0,80,55,39,0,158,206,0,99.72602739726028,0,0.0,16.1,Current Asthma,9.1,False
12005,Lynn Haven,Bay,FL,Florida,30.26524085,-85.62018844,2019,174705,357,240,117,0,0,0,0,87,59,44,0,108,249,0,97.80821917808218,0,0.0,22.1,COPD,8.2,False
12005,Lynn Haven,Bay,FL,Florida,30.26524085,-85.62018844,2019,174705,357,240,117,0,0,0,0,87,59,44,0,108,249,0,97.80821917808218,0,0.0,22.1,Current Asthma,8.9,False
12009,Melbourne,Brevard,FL,Florida,28.29322516,-80.73215381,2019,601942,351,308,43,0,0,0,0,90,51,39,0,223,128,0,96.16438356164385,0,0.0,18.0,COPD,7.3,False
12009,Melbourne,Brevard,FL,Florida,28.29322516,-80.73215381,2019,601942,351,308,43,0,0,0,0,90,51,39,0,223,128,0,96.16438356164385,0,0.0,18.0,Current Asthma,8.3,False
12011,Fort Lauderdale,Broward,FL,Florida,26.15211451,-80.48727073,2019,1952778,363,213,150,0,0,0,0,90,58,47,1,55,305,0,99.45205479452055,0,0.0,14.9,COPD,6.0,False
12011,Fort Lauderdale,Broward,FL,Florida,26.15211451,-80.48727073,2019,1952778,363,213,150,0,0,0,0,90,58,47,1,55,305,0,99.45205479452055,0,0.0,14.9,Current Asthma,7.8,False
12021,Naples,Collier,FL,Florida,26.1170245,-81.34467832,2019,384902,362,291,71,0,0,0,0,90,54,40,0,111,251,0,99.17808219178083,0,0.0,15.6,COPD,6.4,False
12021,Naples,Collier,FL,Florida,26.1170245,-81.34467832,2019,384902,362,291,71,0,0,0,0,90,54,40,0,111,251,0,99.17808219178083,0,0.0,15.6,Current Asthma,7.6,False
12023,Lake City,Columbia,FL,Florida,30.22447896,-82.62181545,2019,71686,363,229,134,0,0,0,0,90,61,46,0,102,261,0,99.45205479452055,0,0.0,25.9,COPD,9.7,False
12023,Lake City,Columbia,FL,Florida,30.22447896,-82.62181545,2019,71686,363,229,134,0,0,0,0,90,61,46,0,102,261,0,99.45205479452055,0,0.0,25.9,Current Asthma,9.7,False
12031,Jacksonville,Duval,FL,Florida,30.33209992,-81.6706332,2019,957755,361,164,196,1,0,0,0,114,67,51,0,72,289,0,98.9041095890411,1,0.2770083102493075,19.0,COPD,7.5,False
12031,Jacksonville,Duval,FL,Florida,30.33209992,-81.6706332,2019,957755,361,164,196,1,0,0,0,114,67,51,0,72,289,0,98.9041095890411,1,0.2770083102493075,19.0,Current Asthma,9.1,False
12033,Pensacola,Escambia,FL,Florida,30.66788784,-87.36427494,2019,318316,365,248,116,1,0,0,0,101,61,44,0,193,172,0,100.0,1,0.273972602739726,19.6,COPD,7.9,False
12033,Pensacola,Escambia,FL,Florida,30.66788784,-87.36427494,2019,318316,365,248,116,1,0,0,0,101,61,44,0,193,172,0,100.0,1,0.273972602739726,19.6,Current Asthma,9.3,False
12035,Bunnell,Flagler,FL,Florida,29.46168424,-81.31348156,2019,115081,270,265,5,0,0,0,0,74,45,34,0,270,0,0,73.97260273972603,0,0.0,20.7,COPD,7.5,False
12035,Bunnell,Flagler,FL,Florida,29.46168424,-81.31348156,2019,115081,270,265,5,0,0,0,0,74,45,34,0,270,0,0,73.97260273972603,0,0.0,20.7,Current Asthma,8.5,False
12047,White Springs,Hamilton,FL,Florida,30.49625814,-82.94811131,2019,14428,316,214,102,0,0,0,0,81,58,44,0,0,316,0,86.57534246575342,0,0.0,27.6,COPD,11.4,False
12047,White Springs,Hamilton,FL,Florida,30.49625814,-82.94811131,2019,14428,316,214,102,0,0,0,0,81,58,44,0,0,316,0,86.57534246575342,0,0.0,27.6,Current Asthma,9.9,False
12055,Sebring,Highlands,FL,Florida,27.34286958,-81.34096496,2019,106221,233,224,9,0,0,0,0,84,46,36,0,233,0,0,63.83561643835617,0,0.0,20.9,COPD,8.6,False
12055,Sebring,Highlands,FL,Florida,27.34286958,-81.34096496,2019,106221,233,224,9,0,0,0,0,84,46,36,0,233,0,0,63.83561643835617,0,0.0,20.9,Current Asthma,8.6,False
12057,Tampa,Hillsborough,FL,Florida,27.92970662,-82.30922863,2019,1471968,365,202,158,5,0,0,0,126,67,49,0,104,261,0,100.0,5,1.36986301369863,16.1,COPD,6.4,False
12057,Tampa,Hillsborough,FL,Florida,27.92970662,-82.30922863,2019,1471968,365,202,158,5,0,0,0,126,67,49,0,104,261,0,100.0,5,1.36986301369863,16.1,Current Asthma,8.1,False
12061,Vero Beach,Indian River,FL,Florida,27.69411658,-80.60621042,2019,159923,335,324,11,0,0,0,0,90,47,36,0,335,0,0,91.78082191780823,0,0.0,18.1,COPD,7.4,False
12061,Vero Beach,Indian River,FL,Florida,27.69411658,-80.60621042,2019,159923,335,324,11,0,0,0,0,90,47,36,0,335,0,0,91.78082191780823,0,0.0,18.1,Current Asthma,8.4,False
12069,Clermont,Lake,FL,Florida,28.76124449,-81.71150817,2019,367118,330,301,28,1,0,0,0,101,50,35,0,330,0,0,90.41095890410958,1,0.30303030303030304,19.3,COPD,7.4,False
12069,Clermont,Lake,FL,Florida,28.76124449,-81.71150817,2019,367118,330,301,28,1,0,0,0,101,50,35,0,330,0,0,90.41095890410958,1,0.30303030303030304,19.3,Current Asthma,8.3,False
12071,Fort Myers,Lee,FL,Florida,26.57745177,-81.83497865,2019,770577,365,289,75,1,0,0,0,108,55,40,0,155,206,4,100.0,1,0.273972602739726,17.2,COPD,6.9,False
12071,Fort Myers,Lee,FL,Florida,26.57745177,-81.83497865,2019,770577,365,289,75,1,0,0,0,108,55,40,0,155,206,4,100.0,1,0.273972602739726,17.2,Current Asthma,8.3,False
12073,Tallahassee,Leon,FL,Florida,30.45809639,-84.27803622,2019,293582,360,215,144,1,0,0,0,119,63,46,0,80,280,0,98.63013698630137,1,0.2777777777777778,16.6,COPD,7.2,False
12073,Tallahassee,Leon,FL,Florida,30.45809639,-84.27803622,2019,293582,360,215,144,1,0,0,0,119,63,46,0,80,280,0,98.63013698630137,1,0.2777777777777778,16.6,Current Asthma,9.1,False
12081,Bradenton,Manatee,FL,Florida,27.47186118,-82.31549584,2019,403253,365,333,30,2,0,0,0,108,49,36,0,365,0,0,100.0,2,0.547945205479452,17.1,COPD,7.2,False
12081,Bradenton,Manatee,FL,Florida,27.47186118,-82.31549584,2019,403253,365,333,30,2,0,0,0,108,49,36,0,365,0,0,100.0,2,0.547945205479452,17.1,Current Asthma,8.6,False
12083,Ocala,Marion,FL,Florida,29.21016091,-82.05673787,2019,365579,365,244,121,0,0,0,0,88,58,44,0,111,254,0,100.0,0,0.0,21.4,COPD,8.3,False
12083,Ocala,Marion,FL,Florida,29.21016091,-82.05673787,2019,365579,365,244,121,0,0,0,0,88,58,44,0,111,254,0,100.0,0,0.0,21.4,Current Asthma,9.0,False
12085,Stuart,Martin,FL,Florida,27.07763224,-80.43125893,2019,161000,352,288,64,0,0,0,0,85,54,41,0,115,237,0,96.43835616438356,0,0.0,17.0,COPD,6.9,False
12085,Stuart,Martin,FL,Florida,27.07763224,-80.43125893,2019,161000,352,288,64,0,0,0,0,85,54,41,0,115,237,0,96.43835616438356,0,0.0,17.0,Current Asthma,7.9,False
12086,Miami,Miami-Dade,FL,Florida,25.61427046,-80.56142803,2019,2716940,363,245,116,2,0,0,0,146,57,44,1,59,301,1,99.45205479452055,2,0.5509641873278237,13.6,COPD,5.4,False
12086,Miami,Miami-Dade,FL,Florida,25.61427046,-80.56142803,2019,2716940,363,245,116,2,0,0,0,146,57,44,1,59,301,1,99.45205479452055,2,0.5509641873278237,13.6,Current Asthma,7.7,False
12089,Fernandina Beach,Nassau,FL,Florida,30.6106208,-81.80198035,2019,88625,270,203,67,0,0,0,0,74,55,41,0,0,270,0,73.97260273972603,0,0.0,18.8,COPD,7.2,False
12089,Fernandina Beach,Nassau,FL,Florida,30.6106208,-81.80198035,2019,88625,270,203,67,0,0,0,0,74,55,41,0,0,270,0,73.97260273972603,0,0.0,18.8,Current Asthma,8.5,False
12091,Fort Walton Beach,Okaloosa,FL,Florida,30.69085706,-86.59169942,2019,210738,363,335,28,0,0,0,0,84,48,36,0,342,0,21,99.45205479452055,0,0.0,18.0,COPD,7.2,False
12091,Fort Walton Beach,Okaloosa,FL,Florida,30.69085706,-86.59169942,2019,210738,363,335,28,0,0,0,0,84,48,36,0,342,0,21,99.45205479452055,0,0.0,18.0,Current Asthma,8.6,False
12095,Orlando,Orange,FL,Florida,28.51418401,-81.32288958,2019,1393452,360,293,67,0,0,0,0,93,55,39,1,210,148,0,98.63013698630137,0,0.0,15.3,COPD,6.2,False
12095,Orlando,Orange,FL,Florida,28.51418401,-81.32288958,2019,1393452,360,293,67,0,0,0,0,93,55,39,1,210,148,0,98.63013698630137,0,0.0,15.3,Current Asthma,8.3,False
12097,Kissimmee,Osceola,FL,Florida,28.06260996,-81.14956272,2019,375751,364,338,22,4,0,0,0,122,48,34,0,364,0,0,99.72602739726028,4,1.098901098901099,15.6,COPD,6.5,False
12097,Kissimmee,Osceola,FL,Florida,28.06260996,-81.14956272,2019,375751,364,338,22,4,0,0,0,122,48,34,0,364,0,0,99.72602739726028,4,1.098901098901099,15.6,Current Asthma,8.1,False
12099,West Palm Beach,Palm Beach,FL,Florida,26.64769528,-80.46525488,2019,1496770,357,273,84,0,0,0,0,94,56,40,0,108,249,0,97.80821917808218,0,0.0,14.9,COPD,6.3,False
12099,West Palm Beach,Palm Beach,FL,Florida,26.64769528,-80.46525488,2019,1496770,357,273,84,0,0,0,0,94,56,40,0,108,249,0,97.80821917808218,0,0.0,14.9,Current Asthma,8.0,False
12101,Holiday,Pasco,FL,Florida,28.30950733,-82.39262762,2019,553947,365,336,29,0,0,0,0,97,49,36,0,365,0,0,100.0,0,0.0,21.1,COPD,7.8,False
12101,Holiday,Pasco,FL,Florida,28.30950733,-82.39262762,2019,553947,365,336,29,0,0,0,0,97,49,36,0,365,0,0,100.0,0,0.0,21.1,Current Asthma,8.4,False
12103,Saint Petersburg,Pinellas,FL,Florida,27.9201576,-82.72165973,2019,974996,365,223,142,0,0,0,0,100,61,47,0,99,265,1,100.0,0,0.0,18.9,COPD,7.4,False
12103,Saint Petersburg,Pinellas,FL,Florida,27.9201576,-82.72165973,2019,974996,365,223,142,0,0,0,0,100,61,47,0,99,265,1,100.0,0,0.0,18.9,Current Asthma,8.7,False
12105,Mulberry,Polk,FL,Florida,27.94877779,-81.69731123,2019,724777,365,268,97,0,0,0,0,100,58,42,0,138,227,0,100.0,0,0.0,18.4,COPD,8.1,False
12105,Mulberry,Polk,FL,Florida,27.94877779,-81.69731123,2019,724777,365,268,97,0,0,0,0,100,58,42,0,138,227,0,100.0,0,0.0,18.4,Current Asthma,9.0,False
12113,Gulf Breeze,Santa Rosa,FL,Florida,30.70044866,-87.02094806,2019,184313,364,229,135,0,0,0,0,93,60,44,0,119,245,0,99.72602739726028,0,0.0,19.4,COPD,7.4,False
12113,Gulf Breeze,Santa Rosa,FL,Florida,30.70044866,-87.02094806,2019,184313,364,229,135,0,0,0,0,93,60,44,0,119,245,0,99.72602739726028,0,0.0,19.4,Current Asthma,8.3,False
12115,Sarasota,Sarasota,FL,Florida,27.18438631,-82.33145633,2019,433742,365,268,97,0,0,0,0,100,57,43,0,114,251,0,100.0,0,0.0,17.2,COPD,6.6,False
12115,Sarasota,Sarasota,FL,Florida,27.18438631,-82.33145633,2019,433742,365,268,97,0,0,0,0,100,57,43,0,114,251,0,100.0,0,0.0,17.2,Current Asthma,8.0,False
12117,Sanford,Seminole,FL,Florida,28.71737531,-81.23554604,2019,471826,365,296,68,1,0,0,0,110,56,39,0,192,172,1,100.0,1,0.273972602739726,13.5,COPD,5.9,False
12117,Sanford,Seminole,FL,Florida,28.71737531,-81.23554604,2019,471826,365,296,68,1,0,0,0,110,56,39,0,192,172,1,100.0,1,0.273972602739726,13.5,Current Asthma,8.0,False
12111,Fort Pierce,St. Lucie,FL,Florida,27.37755371,-80.47093128,2019,328297,352,342,10,0,0,0,0,77,46,34,0,352,0,0,96.43835616438356,0,0.0,18.1,COPD,7.5,False
12111,Fort Pierce,St. Lucie,FL,Florida,27.37755371,-80.47093128,2019,328297,352,342,10,0,0,0,0,77,46,34,0,352,0,0,96.43835616438356,0,0.0,18.1,Current Asthma,8.4,False
12127,Daytona Beach,Volusia,FL,Florida,29.05881989,-81.18199975,2019,553284,350,274,76,0,0,0,0,80,55,41,0,149,201,0,95.8904109589041,0,0.0,20.8,COPD,7.7,False
12127,Daytona Beach,Volusia,FL,Florida,29.05881989,-81.18199975,2019,553284,350,274,76,0,0,0,0,80,55,41,0,149,201,0,95.8904109589041,0,0.0,20.8,Current Asthma,8.3,False
12129,Saint Marks,Wakulla,FL,Florida,30.16737643,-84.40048848,2019,33739,361,275,86,0,0,0,0,84,58,39,0,154,207,0,98.9041095890411,0,0.0,20.9,COPD,8.3,False
12129,Saint Marks,Wakulla,FL,Florida,30.16737643,-84.40048848,2019,33739,361,275,86,0,0,0,0,84,58,39,0,154,207,0,98.9041095890411,0,0.0,20.9,Current Asthma,8.6,False
13021,Macon,Bibb,GA,Georgia,32.80641586,-83.6976276,2019,153159,362,216,143,3,0,0,0,137,64,46,0,92,270,0,99.17808219178083,3,0.8287292817679558,22.5,COPD,8.0,True
13021,Macon,Bibb,GA,Georgia,32.80641586,-83.6976276,2019,153159,362,216,143,3,0,0,0,137,64,46,0,92,270,0,99.17808219178083,3,0.8287292817679558,22.5,Current Asthma,10.5,True
13051,Savannah,Chatham,GA,Georgia,32.00369869,-81.13314122,2019,289430,335,204,131,0,0,0,0,87,60,46,0,70,265,0,91.78082191780823,0,0.0,18.1,COPD,6.5,True
13051,Savannah,Chatham,GA,Georgia,32.00369869,-81.13314122,2019,289430,335,204,131,0,0,0,0,87,60,46,0,70,265,0,91.78082191780823,0,0.0,18.1,Current Asthma,9.3,True
13055,Summerville,Chattooga,GA,Georgia,34.47483844,-85.34525888,2019,24789,244,231,13,0,0,0,0,71,48,40,0,244,0,0,66.84931506849315,0,0.0,27.3,COPD,10.4,True
13055,Summerville,Chattooga,GA,Georgia,34.47483844,-85.34525888,2019,24789,244,231,13,0,0,0,0,71,48,40,0,244,0,0,66.84931506849315,0,0.0,27.3,Current Asthma,10.3,True
13059,Athens (corp name Athens-Clarke County),Clarke,GA,Georgia,33.95063302,-83.36691008,2019,128331,365,171,194,0,0,0,0,87,65,52,0,69,296,0,100.0,0,0.0,18.8,COPD,7.5,True
13059,Athens (corp name Athens-Clarke County),Clarke,GA,Georgia,33.95063302,-83.36691008,2019,128331,365,171,194,0,0,0,0,87,65,52,0,69,296,0,100.0,0,0.0,18.8,Current Asthma,9.7,True
13067,Kennesaw,Cobb,GA,Georgia,33.94105875,-84.57641569,2019,760141,282,191,90,1,0,0,0,119,61,44,0,191,91,0,77.26027397260275,1,0.3546099290780142,14.0,COPD,5.1,True
13067,Kennesaw,Cobb,GA,Georgia,33.94105875,-84.57641569,2019,760141,282,191,90,1,0,0,0,119,61,44,0,191,91,0,77.26027397260275,1,0.3546099290780142,14.0,Current Asthma,8.4,True
13073,Evans,Columbia,GA,Georgia,33.54461092,-82.26368138,2019,156714,245,229,16,0,0,0,0,74,49,39,0,245,0,0,67.12328767123287,0,0.0,15.9,COPD,5.5,True
13073,Evans,Columbia,GA,Georgia,33.54461092,-82.26368138,2019,156714,245,229,16,0,0,0,0,74,49,39,0,245,0,0,67.12328767123287,0,0.0,15.9,Current Asthma,8.4,True
13089,Atlanta,DeKalb,GA,Georgia,33.77156134,-84.22680801,2019,759297,365,173,188,3,1,0,0,159,67,52,20,94,251,0,100.0,4,1.095890410958904,14.7,COPD,5.7,True
13089,Atlanta,DeKalb,GA,Georgia,33.77156134,-84.22680801,2019,759297,365,173,188,3,1,0,0,159,67,52,20,94,251,0,100.0,4,1.095890410958904,14.7,Current Asthma,9.1,True
13095,Albany,Dougherty,GA,Georgia,31.53336898,-84.21651198,2019,87956,356,163,191,2,0,0,0,107,68,52,0,0,356,0,97.53424657534246,2,0.5617977528089888,23.3,COPD,8.7,True
13095,Albany,Dougherty,GA,Georgia,31.53336898,-84.21651198,2019,87956,356,163,191,2,0,0,0,107,68,52,0,0,356,0,97.53424657534246,2,0.5617977528089888,23.3,Current Asthma,11.2,True
13097,Douglasville,Douglas,GA,Georgia,33.70193019,-84.76771591,2019,146343,245,212,28,5,0,0,0,126,58,40,0,245,0,0,67.12328767123287,5,2.0408163265306123,18.5,COPD,6.5,True
13097,Douglasville,Douglas,GA,Georgia,33.70193019,-84.76771591,2019,146343,245,212,28,5,0,0,0,126,58,40,0,245,0,0,67.12328767123287,5,2.0408163265306123,18.5,Current Asthma,9.6,True
13115,Rome,Floyd,GA,Georgia,34.26263651,-85.21452883,2019,98498,363,140,223,0,0,0,0,90,66,54,0,0,363,0,99.45205479452055,0,0.0,22.0,COPD,8.2,True
13115,Rome,Floyd,GA,Georgia,34.26263651,-85.21452883,2019,98498,363,140,223,0,0,0,0,90,66,54,0,0,363,0,99.45205479452055,0,0.0,22.0,Current Asthma,9.4,True
13121,Atlanta,Fulton,GA,Georgia,33.78992663,-84.46763569,2019,1063937,365,122,236,6,1,0,0,172,74,55,5,77,283,0,100.0,7,1.9178082191780823,13.9,COPD,5.3,True
13121,Atlanta,Fulton,GA,Georgia,33.78992663,-84.46763569,2019,1063937,365,122,236,6,1,0,0,172,74,55,5,77,283,0,100.0,7,1.9178082191780823,13.9,Current Asthma,8.5,True
13127,Brunswick,Glynn,GA,Georgia,31.23039265,-81.53954271,2019,85292,279,235,44,0,0,0,0,80,54,37,0,203,76,0,76.43835616438356,0,0.0,20.0,COPD,7.2,True
13127,Brunswick,Glynn,GA,Georgia,31.23039265,-81.53954271,2019,85292,279,235,44,0,0,0,0,80,54,37,0,203,76,0,76.43835616438356,0,0.0,20.0,Current Asthma,9.5,True
13135,Lawrenceville,Gwinnett,GA,Georgia,33.96154951,-84.02434695,2019,936250,355,154,199,2,0,0,0,112,71,52,0,91,264,0,97.26027397260275,2,0.5633802816901409,14.9,COPD,5.5,True
13135,Lawrenceville,Gwinnett,GA,Georgia,33.96154951,-84.02434695,2019,936250,355,154,199,2,0,0,0,112,71,52,0,91,264,0,97.26027397260275,2,0.5633802816901409,14.9,Current Asthma,7.8,True
13139,Gainesville,Hall,GA,Georgia,34.31657346,-83.81954094,2019,204441,340,181,159,0,0,0,0,90,62,49,0,0,340,0,93.15068493150685,0,0.0,18.0,COPD,6.8,True
13139,Gainesville,Hall,GA,Georgia,34.31657346,-83.81954094,2019,204441,340,181,159,0,0,0,0,90,62,49,0,0,340,0,93.15068493150685,0,0.0,18.0,Current Asthma,8.4,True
13151,McDonough,Henry,GA,Georgia,33.45332341,-84.15454247,2019,234561,363,234,122,7,0,0,0,150,64,43,0,119,244,0,99.45205479452055,7,1.9283746556473829,16.7,COPD,5.9,True
13151,McDonough,Henry,GA,Georgia,33.45332341,-84.15454247,2019,234561,363,234,122,7,0,0,0,150,64,43,0,119,244,0,99.45205479452055,7,1.9283746556473829,16.7,Current Asthma,9.2,True
13153,Warner Robins,Houston,GA,Georgia,32.45932111,-83.66627547,2019,157863,354,173,179,1,1,0,0,153,65,51,0,0,354,0,96.98630136986301,2,0.5649717514124294,17.9,COPD,6.6,True
13153,Warner Robins,Houston,GA,Georgia,32.45932111,-83.66627547,2019,157863,354,173,179,1,1,0,0,153,65,51,0,0,354,0,96.98630136986301,2,0.5649717514124294,17.9,Current Asthma,9.5,True
13185,Valdosta,Lowndes,GA,Georgia,30.83353845,-83.26751001,2019,117406,310,177,133,0,0,0,0,71,60,47,0,0,310,0,84.93150684931507,0,0.0,20.3,COPD,8.0,True
13185,Valdosta,Lowndes,GA,Georgia,30.83353845,-83.26751001,2019,117406,310,177,133,0,0,0,0,71,60,47,0,0,310,0,84.93150684931507,0,0.0,20.3,Current Asthma,10.3,True
13213,Chatsworth,Murray,GA,Georgia,34.78859287,-84.74801074,2019,40096,269,225,44,0,0,0,0,93,54,42,0,230,39,0,73.6986301369863,0,0.0,23.3,COPD,8.9,True
13213,Chatsworth,Murray,GA,Georgia,34.78859287,-84.74801074,2019,40096,269,225,44,0,0,0,0,93,54,42,0,230,39,0,73.6986301369863,0,0.0,23.3,Current Asthma,9.5,True
13215,Columbus,Muscogee,GA,Georgia,32.51010604,-84.87648706,2019,195769,364,209,155,0,0,0,0,90,62,47,0,91,273,0,99.72602739726028,0,0.0,20.7,COPD,7.4,True
13215,Columbus,Muscogee,GA,Georgia,32.51010604,-84.87648706,2019,195769,364,209,155,0,0,0,0,90,62,47,0,91,273,0,99.72602739726028,0,0.0,20.7,Current Asthma,9.8,True
13245,Augusta,Richmond,GA,Georgia,33.35966539,-82.07417198,2019,202518,364,159,203,2,0,0,0,101,67,52,0,67,279,18,99.72602739726028,2,0.5494505494505495,21.5,COPD,8.1,True
13245,Augusta,Richmond,GA,Georgia,33.35966539,-82.07417198,2019,202518,364,159,203,2,0,0,0,101,67,52,0,67,279,18,99.72602739726028,2,0.5494505494505495,21.5,Current Asthma,10.4,True
13247,Conyers,Rockdale,GA,Georgia,33.65544072,-84.02526917,2019,90896,241,186,50,5,0,0,0,129,67,43,0,241,0,0,66.02739726027397,5,2.0746887966804977,18.3,COPD,6.5,True
13247,Conyers,Rockdale,GA,Georgia,33.65544072,-84.02526917,2019,90896,241,186,50,5,0,0,0,129,67,43,0,241,0,0,66.02739726027397,5,2.0746887966804977,18.3,Current Asthma,9.6,True
13261,Americus,Sumter,GA,Georgia,32.03986221,-84.19711308,2019,29524,238,211,27,0,0,0,0,97,54,39,0,238,0,0,65.20547945205479,0,0.0,23.3,COPD,8.8,True
13261,Americus,Sumter,GA,Georgia,32.03986221,-84.19711308,2019,29524,238,211,27,0,0,0,0,97,54,39,0,238,0,0,65.20547945205479,0,0.0,23.3,Current Asthma,10.8,True
13295,Rossville,Walker,GA,Georgia,34.7358293,-85.30124895,2019,69761,356,185,171,0,0,0,0,84,62,49,0,0,356,0,97.53424657534246,0,0.0,23.4,COPD,8.7,False
13295,Rossville,Walker,GA,Georgia,34.7358293,-85.30124895,2019,69761,356,185,171,0,0,0,0,84,62,49,0,0,356,0,97.53424657534246,0,0.0,23.4,Current Asthma,9.5,False
13303,Sandersville,Washington,GA,Georgia,32.9692438,-82.79634307,2019,20374,211,138,72,1,0,0,0,116,59,39,0,0,211,0,57.80821917808219,1,0.47393364928909953,24.6,COPD,8.9,True
13303,Sandersville,Washington,GA,Georgia,32.9692438,-82.79634307,2019,20374,211,138,72,1,0,0,0,116,59,39,0,0,211,0,57.80821917808219,1,0.47393364928909953,24.6,Current Asthma,10.4,True
15001,Hawaii Volcanoes National Park,Hawaii,HI,Hawaii,19.60123506,-155.5211676,2019,201513,365,357,8,0,0,0,0,81,34,21,0,0,365,0,100.0,0,0.0,17.6,COPD,5.1,True
15001,Hawaii Volcanoes National Park,Hawaii,HI,Hawaii,19.60123506,-155.5211676,2019,201513,365,357,8,0,0,0,0,81,34,21,0,0,365,0,100.0,0,0.0,17.6,Current Asthma,10.0,True
15003,Honolulu,Honolulu,HI,Hawaii,21.46040143,-157.9757097,2019,974563,365,360,5,0,0,0,0,62,41,28,5,266,93,1,100.0,0,0.0,13.6,COPD,3.9,True
15003,Honolulu,Honolulu,HI,Hawaii,21.46040143,-157.9757097,2019,974563,365,360,5,0,0,0,0,62,41,28,5,266,93,1,100.0,0,0.0,13.6,Current Asthma,9.2,True
15009,Kihei,Maui,HI,Hawaii,20.86248204,-156.5668021,2019,167417,362,339,19,3,1,0,0,171,39,20,0,0,362,0,99.17808219178083,4,1.1049723756906076,15.5,COPD,4.4,True
15009,Kihei,Maui,HI,Hawaii,20.86248204,-156.5668021,2019,167417,362,339,19,3,1,0,0,171,39,20,0,0,362,0,99.17808219178083,4,1.1049723756906076,15.5,Current Asthma,8.8,True
16001,Boise (corporate name Boise City),Ada,ID,Idaho,43.45109387,-116.2411457,2019,481587,365,266,99,0,0,0,0,100,58,41,3,183,179,0,100.0,0,0.0,13.2,COPD,4.8,True
16001,Boise (corporate name Boise City),Ada,ID,Idaho,43.45109387,-116.2411457,2019,481587,365,266,99,0,0,0,0,100,58,41,3,183,179,0,100.0,0,0.0,13.2,Current Asthma,9.0,True
16005,Pocatello,Bannock,ID,Idaho,42.66900791,-112.2250113,2019,87808,365,330,35,0,0,0,0,64,50,24,0,0,265,100,100.0,0,0.0,17.6,COPD,5.9,True
16005,Pocatello,Bannock,ID,Idaho,42.66900791,-112.2250113,2019,87808,365,330,35,0,0,0,0,64,50,24,0,0,265,100,100.0,0,0.0,17.6,Current Asthma,9.7,True
16013,Ketchum,Blaine,ID,Idaho,43.40759364,-113.9705796,2019,23021,314,307,7,0,0,0,0,57,33,20,0,0,314,0,86.02739726027397,0,0.0,13.6,COPD,4.9,False
16013,Ketchum,Blaine,ID,Idaho,43.40759364,-113.9705796,2019,23021,314,307,7,0,0,0,0,57,33,20,0,0,314,0,86.02739726027397,0,0.0,13.6,Current Asthma,9.2,False
16017,Sandpoint,Bonner,ID,Idaho,48.2999159,-116.6012435,2019,45739,365,291,73,1,0,0,0,115,60,27,0,0,298,67,100.0,1,0.273972602739726,18.5,COPD,6.4,True
16017,Sandpoint,Bonner,ID,Idaho,48.2999159,-116.6012435,2019,45739,365,291,73,1,0,0,0,115,60,27,0,0,298,67,100.0,1,0.273972602739726,18.5,Current Asthma,10.2,True
16019,Idaho Falls,Bonneville,ID,Idaho,43.38779682,-111.6148389,2019,119062,357,287,70,0,0,0,0,67,53,38,0,0,357,0,97.80821917808218,0,0.0,15.7,COPD,5.3,True
16019,Idaho Falls,Bonneville,ID,Idaho,43.38779682,-111.6148389,2019,119062,357,287,70,0,0,0,0,67,53,38,0,0,357,0,97.80821917808218,0,0.0,15.7,Current Asthma,9.3,True
16027,Nampa,Canyon,ID,Idaho,43.62515378,-116.7092489,2019,229849,365,285,80,0,0,0,0,95,58,32,0,0,319,46,100.0,0,0.0,17.7,COPD,6.3,True
16027,Nampa,Canyon,ID,Idaho,43.62515378,-116.7092489,2019,229849,365,285,80,0,0,0,0,95,58,32,0,0,319,46,100.0,0,0.0,17.7,Current Asthma,10.3,True
16041,Franklin,Franklin,ID,Idaho,42.18122472,-111.8132856,2019,13876,364,315,46,3,0,0,0,112,54,23,0,0,364,0,99.72602739726028,3,0.8241758241758242,16.3,COPD,6.0,True
16041,Franklin,Franklin,ID,Idaho,42.18122472,-111.8132856,2019,13876,364,315,46,3,0,0,0,112,54,23,0,0,364,0,99.72602739726028,3,0.8241758241758242,16.3,Current Asthma,9.7,True
16049,Grangeville,Idaho,ID,Idaho,45.84411919,-115.4670388,2019,16667,365,236,129,0,0,0,0,89,60,44,0,135,230,0,100.0,0,0.0,19.5,COPD,7.3,True
16049,Grangeville,Idaho,ID,Idaho,45.84411919,-115.4670388,2019,16667,365,236,129,0,0,0,0,89,60,44,0,135,230,0,100.0,0,0.0,19.5,Current Asthma,10.3,True
16053,Jerome,Jerome,ID,Idaho,42.68992076,-114.2645038,2019,24412,353,345,8,0,0,0,0,55,37,20,0,0,353,0,96.7123287671233,0,0.0,17.7,COPD,6.6,False
16053,Jerome,Jerome,ID,Idaho,42.68992076,-114.2645038,2019,24412,353,345,8,0,0,0,0,55,37,20,0,0,353,0,96.7123287671233,0,0.0,17.7,Current Asthma,9.6,False
16055,Coeur d'Alene,Kootenai,ID,Idaho,47.6744641,-116.7000308,2019,165697,355,281,74,0,0,0,0,88,57,31,0,0,355,0,97.26027397260275,0,0.0,17.4,COPD,5.8,True
16055,Coeur d'Alene,Kootenai,ID,Idaho,47.6744641,-116.7000308,2019,165697,355,281,74,0,0,0,0,88,57,31,0,0,355,0,97.26027397260275,0,0.0,17.4,Current Asthma,10.1,True
16059,Salmon,Lemhi,ID,Idaho,44.94368489,-113.9340756,2019,8027,360,237,119,4,0,0,0,133,72,31,0,0,360,0,98.63013698630137,4,1.1111111111111112,18.4,COPD,6.6,False
16059,Salmon,Lemhi,ID,Idaho,44.94368489,-113.9340756,2019,8027,360,237,119,4,0,0,0,133,72,31,0,0,360,0,98.63013698630137,4,1.1111111111111112,18.4,Current Asthma,10.1,False
16069,Lewiston,Nez Perce,ID,Idaho,46.32669016,-116.7500003,2019,40408,360,272,88,0,0,0,0,90,61,32,0,0,360,0,98.63013698630137,0,0.0,17.5,COPD,6.2,True
16069,Lewiston,Nez Perce,ID,Idaho,46.32669016,-116.7500003,2019,40408,360,272,88,0,0,0,0,90,61,32,0,0,360,0,98.63013698630137,0,0.0,17.5,Current Asthma,10.4,True
16079,Kellogg (Kellogg-Wardner),Shoshone,ID,Idaho,47.35207039,-115.8914809,2019,12882,365,225,137,3,0,0,0,117,75,38,0,0,359,6,100.0,3,0.821917808219178,22.6,COPD,8.0,True
16079,Kellogg (Kellogg-Wardner),Shoshone,ID,Idaho,47.35207039,-115.8914809,2019,12882,365,225,137,3,0,0,0,117,75,38,0,0,359,6,100.0,3,0.821917808219178,22.6,Current Asthma,10.9,True
16083,Twin Falls,Twin Falls,ID,Idaho,42.35602464,-114.6672662,2019,86878,365,344,21,0,0,0,0,74,43,26,0,0,365,0,100.0,0,0.0,16.6,COPD,6.1,True
16083,Twin Falls,Twin Falls,ID,Idaho,42.35602464,-114.6672662,2019,86878,365,344,21,0,0,0,0,74,43,26,0,0,365,0,100.0,0,0.0,16.6,Current Asthma,9.7,True
16085,McCall,Valley,ID,Idaho,44.7666868,-115.5664274,2019,11392,357,261,96,0,0,0,0,92,66,29,0,0,357,0,97.80821917808218,0,0.0,15.0,COPD,5.2,True
16085,McCall,Valley,ID,Idaho,44.7666868,-115.5664274,2019,11392,357,261,96,0,0,0,0,92,66,29,0,0,357,0,97.80821917808218,0,0.0,15.0,Current Asthma,9.5,True
17001,Quincy,Adams,IL,Illinois,39.9878741,-91.18845544,2019,65435,241,208,33,0,0,0,0,93,54,41,0,241,0,0,66.02739726027397,0,0.0,19.2,COPD,6.8,True
17001,Quincy,Adams,IL,Illinois,39.9878741,-91.18845544,2019,65435,241,208,33,0,0,0,0,93,54,41,0,241,0,0,66.02739726027397,0,0.0,19.2,Current Asthma,9.3,True
17019,Champaign,Champaign,IL,Illinois,40.14009306,-88.19939639,2019,209689,365,225,140,0,0,0,0,100,64,45,0,179,186,0,100.0,0,0.0,16.0,COPD,6.1,True
17019,Champaign,Champaign,IL,Illinois,40.14009306,-88.19939639,2019,209689,365,225,140,0,0,0,0,100,64,45,0,179,186,0,100.0,0,0.0,16.0,Current Asthma,9.2,True
17031,Chicago,Cook,IL,Illinois,41.83995114,-87.81688021,2019,5150233,365,80,276,9,0,0,0,133,79,58,8,58,295,4,100.0,9,2.4657534246575343,14.6,COPD,5.2,False
17031,Chicago,Cook,IL,Illinois,41.83995114,-87.81688021,2019,5150233,365,80,276,9,0,0,0,133,79,58,8,58,295,4,100.0,9,2.4657534246575343,14.6,Current Asthma,8.6,False
17043,Bensenville,DuPage,IL,Illinois,41.85194686,-88.08559673,2019,922921,352,196,153,2,1,0,0,174,65,48,0,130,222,0,96.43835616438356,3,0.8522727272727272,11.2,COPD,4.3,True
17043,Bensenville,DuPage,IL,Illinois,41.85194686,-88.08559673,2019,922921,352,196,153,2,1,0,0,174,65,48,0,130,222,0,96.43835616438356,3,0.8522727272727272,11.2,Current Asthma,7.5,True
17049,Effingham,Effingham,IL,Illinois,39.05963979,-88.5897574,2019,34008,245,224,21,0,0,0,0,84,50,40,0,245,0,0,67.12328767123287,0,0.0,19.0,COPD,6.6,False
17049,Effingham,Effingham,IL,Illinois,39.05963979,-88.5897574,2019,34008,245,224,21,0,0,0,0,84,50,40,0,245,0,0,67.12328767123287,0,0.0,19.0,Current Asthma,9.3,False
17083,Jerseyville,Jersey,IL,Illinois,39.08568063,-90.35672109,2019,21773,347,221,124,2,0,0,0,119,62,46,0,170,177,0,95.06849315068493,2,0.5763688760806917,19.2,COPD,6.6,True
17083,Jerseyville,Jersey,IL,Illinois,39.08568063,-90.35672109,2019,21773,347,221,124,2,0,0,0,119,62,46,0,170,177,0,95.06849315068493,2,0.5763688760806917,19.2,Current Asthma,9.2,True
17085,Galena,Jo Daviess,IL,Illinois,42.3652792,-90.21213574,2019,21235,363,351,12,0,0,0,0,74,47,34,0,363,0,0,99.45205479452055,0,0.0,18.2,COPD,6.4,True
17085,Galena,Jo Daviess,IL,Illinois,42.3652792,-90.21213574,2019,21235,363,351,12,0,0,0,0,74,47,34,0,363,0,0,99.45205479452055,0,0.0,18.2,Current Asthma,9.1,True
17089,Elgin,Kane,IL,Illinois,41.93907809,-88.42862274,2019,532403,284,210,70,4,0,0,0,112,66,42,0,204,80,0,77.8082191780822,4,1.4084507042253522,14.9,COPD,5.2,True
17089,Elgin,Kane,IL,Illinois,41.93907809,-88.42862274,2019,532403,284,210,70,4,0,0,0,112,66,42,0,204,80,0,77.8082191780822,4,1.4084507042253522,14.9,Current Asthma,8.1,True
17097,Waukegan,Lake,IL,Illinois,42.32324586,-88.0038997,2019,696535,245,210,33,2,0,0,0,115,58,40,0,245,0,0,67.12328767123287,2,0.8163265306122449,12.8,COPD,4.7,True
17097,Waukegan,Lake,IL,Illinois,42.32324586,-88.0038997,2019,696535,245,210,33,2,0,0,0,115,58,40,0,245,0,0,67.12328767123287,2,0.8163265306122449,12.8,Current Asthma,8.1,True
17115,Decatur,Macon,IL,Illinois,39.86003285,-88.96170117,2019,104009,364,176,188,0,0,0,0,93,64,51,0,100,264,0,99.72602739726028,0,0.0,20.5,COPD,7.2,True
17115,Decatur,Macon,IL,Illinois,39.86003285,-88.96170117,2019,104009,364,176,188,0,0,0,0,93,64,51,0,100,264,0,99.72602739726028,0,0.0,20.5,Current Asthma,10.1,True
17117,Nilwood,Macoupin,IL,Illinois,39.26115141,-89.92450243,2019,44926,357,340,17,0,0,0,0,87,47,33,112,245,0,0,97.80821917808218,0,0.0,20.4,COPD,7.4,True
17117,Nilwood,Macoupin,IL,Illinois,39.26115141,-89.92450243,2019,44926,357,340,17,0,0,0,0,87,47,33,112,245,0,0,97.80821917808218,0,0.0,20.4,Current Asthma,9.6,True
17119,Granite City,Madison,IL,Illinois,38.8299742,-89.90521707,2019,262966,363,140,220,1,2,0,0,156,73,55,0,144,217,2,99.45205479452055,3,0.8264462809917356,18.8,COPD,6.4,True
17119,Granite City,Madison,IL,Illinois,38.8299742,-89.90521707,2019,262966,363,140,220,1,2,0,0,156,73,55,0,144,217,2,99.45205479452055,3,0.8264462809917356,18.8,Current Asthma,9.3,True
17111,Cary,McHenry,IL,Illinois,42.32444298,-88.45264553,2019,307774,340,161,177,2,0,0,0,126,65,52,0,88,252,0,93.15068493150685,2,0.5882352941176471,15.0,COPD,5.1,True
17111,Cary,McHenry,IL,Illinois,42.32444298,-88.45264553,2019,307774,340,161,177,2,0,0,0,126,65,52,0,88,252,0,93.15068493150685,2,0.5882352941176471,15.0,Current Asthma,8.3,True
17113,Normal,McLean,IL,Illinois,40.49078887,-88.84759624,2019,171517,364,187,177,0,0,0,0,100,65,49,0,116,248,0,99.72602739726028,0,0.0,15.9,COPD,5.8,True
17113,Normal,McLean,IL,Illinois,40.49078887,-88.84759624,2019,171517,364,187,177,0,0,0,0,100,65,49,0,116,248,0,99.72602739726028,0,0.0,15.9,Current Asthma,8.7,True
17143,Peoria,Peoria,IL,Illinois,40.78823251,-89.7600207,2019,179179,364,236,126,2,0,0,0,101,62,44,0,153,211,0,99.72602739726028,2,0.5494505494505495,17.7,COPD,6.5,True
17143,Peoria,Peoria,IL,Illinois,40.78823251,-89.7600207,2019,179179,364,236,126,2,0,0,0,101,62,44,0,153,211,0,99.72602739726028,2,0.5494505494505495,17.7,Current Asthma,9.6,True
17161,Moline,Rock Island,IL,Illinois,41.46722963,-90.5679268,2019,141879,361,221,138,2,0,0,0,115,63,45,0,134,227,0,98.9041095890411,2,0.554016620498615,18.7,COPD,6.4,True
17161,Moline,Rock Island,IL,Illinois,41.46722963,-90.5679268,2019,141879,361,221,138,2,0,0,0,115,63,45,0,134,227,0,98.9041095890411,2,0.554016620498615,18.7,Current Asthma,8.9,True
17167,Springfield,Sangamon,IL,Illinois,39.75825624,-89.65866519,2019,194672,360,222,138,0,0,0,0,87,61,45,0,122,238,0,98.63013698630137,0,0.0,17.5,COPD,6.3,True
17167,Springfield,Sangamon,IL,Illinois,39.75825624,-89.65866519,2019,194672,360,222,138,0,0,0,0,87,61,45,0,122,238,0,98.63013698630137,0,0.0,17.5,Current Asthma,9.6,True
17197,Joliet,Will,IL,Illinois,41.44492484,-87.97842332,2019,690743,365,179,186,0,0,0,0,84,66,51,0,75,290,0,100.0,0,0.0,14.2,COPD,5.2,True
17197,Joliet,Will,IL,Illinois,41.44492484,-87.97842332,2019,690743,365,179,186,0,0,0,0,84,66,51,0,75,290,0,100.0,0,0.0,14.2,Current Asthma,8.8,True
17201,Rockford,Winnebago,IL,Illinois,42.33635569,-89.16091989,2019,282572,341,182,158,1,0,0,0,102,66,49,0,108,233,0,93.42465753424658,1,0.2932551319648094,18.3,COPD,6.8,True
17201,Rockford,Winnebago,IL,Illinois,42.33635569,-89.16091989,2019,282572,341,182,158,1,0,0,0,102,66,49,0,108,233,0,93.42465753424658,1,0.2932551319648094,18.3,Current Asthma,9.4,True
18003,Fort Wayne,Allen,IN,Indiana,41.09113181,-85.06660354,2019,379299,365,200,164,1,0,0,0,101,64,49,0,163,202,0,100.0,1,0.273972602739726,19.5,COPD,7.3,True
18003,Fort Wayne,Allen,IN,Indiana,41.09113181,-85.06660354,2019,379299,365,200,164,1,0,0,0,101,64,49,0,163,202,0,100.0,1,0.273972602739726,19.5,Current Asthma,9.7,True
18005,Columbus,Bartholomew,IN,Indiana,39.20600189,-85.89759541,2019,83779,364,256,108,0,0,0,0,77,58,44,0,203,161,0,99.72602739726028,0,0.0,19.2,COPD,6.9,True
18005,Columbus,Bartholomew,IN,Indiana,39.20600189,-85.89759541,2019,83779,364,256,108,0,0,0,0,77,58,44,0,203,161,0,99.72602739726028,0,0.0,19.2,Current Asthma,9.1,True
18019,Jeffersonville,Clark,IN,Indiana,38.47741387,-85.7071025,2019,118302,365,225,139,1,0,0,0,101,62,45,0,194,171,0,100.0,1,0.273972602739726,20.8,COPD,7.8,True
18019,Jeffersonville,Clark,IN,Indiana,38.47741387,-85.7071025,2019,118302,365,225,139,1,0,0,0,101,62,45,0,194,171,0,100.0,1,0.273972602739726,20.8,Current Asthma,10.2,True
18035,Muncie,Delaware,IN,Indiana,40.22779145,-85.39727723,2019,114135,352,299,53,0,0,0,0,71,56,36,0,272,80,0,96.43835616438356,0,0.0,22.5,COPD,9.0,True
18035,Muncie,Delaware,IN,Indiana,40.22779145,-85.39727723,2019,114135,352,299,53,0,0,0,0,71,56,36,0,272,80,0,96.43835616438356,0,0.0,22.5,Current Asthma,10.7,True
18039,Elkhart,Elkhart,IN,Indiana,41.59769459,-85.85876445,2019,206341,365,251,114,0,0,0,0,83,61,41,0,166,199,0,100.0,0,0.0,19.8,COPD,7.8,True
18039,Elkhart,Elkhart,IN,Indiana,41.59769459,-85.85876445,2019,206341,365,251,114,0,0,0,0,83,61,41,0,166,199,0,100.0,0,0.0,19.8,Current Asthma,9.8,True
18043,New Albany,Floyd,IN,Indiana,38.31844161,-85.90679103,2019,78522,361,336,25,0,0,0,0,87,48,35,0,361,0,0,98.9041095890411,0,0.0,19.2,COPD,7.1,True
18043,New Albany,Floyd,IN,Indiana,38.31844161,-85.90679103,2019,78522,361,336,25,0,0,0,0,87,48,35,0,361,0,0,98.9041095890411,0,0.0,19.2,Current Asthma,9.9,True
18057,Noblesville,Hamilton,IN,Indiana,40.07241804,-86.05178886,2019,338011,365,214,149,2,0,0,0,119,64,47,0,145,220,0,100.0,2,0.547945205479452,12.5,COPD,4.7,True
18057,Noblesville,Hamilton,IN,Indiana,40.07241804,-86.05178886,2019,338011,365,214,149,2,0,0,0,119,64,47,0,145,220,0,100.0,2,0.547945205479452,12.5,Current Asthma,8.3,True
18063,Avon,Hendricks,IN,Indiana,39.76976097,-86.5100815,2019,170311,361,348,13,0,0,0,0,93,47,34,0,361,0,0,98.9041095890411,0,0.0,16.5,COPD,5.9,True
18063,Avon,Hendricks,IN,Indiana,39.76976097,-86.5100815,2019,170311,361,348,13,0,0,0,0,93,47,34,0,361,0,0,98.9041095890411,0,0.0,16.5,Current Asthma,9.1,True
18067,Kokomo,Howard,IN,Indiana,40.48355419,-86.11663764,2019,82544,361,236,124,1,0,0,0,108,59,44,0,192,169,0,98.9041095890411,1,0.2770083102493075,21.9,COPD,8.1,True
18067,Kokomo,Howard,IN,Indiana,40.48355419,-86.11663764,2019,82544,361,236,124,1,0,0,0,108,59,44,0,192,169,0,98.9041095890411,1,0.2770083102493075,21.9,Current Asthma,10.2,True
18069,Roanoke,Huntington,IN,Indiana,40.82911501,-85.48824811,2019,36520,355,345,10,0,0,0,0,84,44,31,0,355,0,0,97.26027397260275,0,0.0,21.6,COPD,7.9,False
18069,Roanoke,Huntington,IN,Indiana,40.82911501,-85.48824811,2019,36520,355,345,10,0,0,0,0,84,44,31,0,355,0,0,97.26027397260275,0,0.0,21.6,Current Asthma,10.1,False
18083,Vincennes,Knox,IN,Indiana,38.68972721,-87.41749963,2019,36594,359,328,31,0,0,0,0,87,50,36,0,359,0,0,98.35616438356163,0,0.0,22.7,COPD,8.7,True
18083,Vincennes,Knox,IN,Indiana,38.68972721,-87.41749963,2019,36594,359,328,31,0,0,0,0,87,50,36,0,359,0,0,98.35616438356163,0,0.0,22.7,Current Asthma,10.1,True
18091,Michigan City,LaPorte,IN,Indiana,41.54624768,-86.73994342,2019,109888,364,296,64,4,0,0,0,126,64,37,0,317,47,0,99.72602739726028,4,1.098901098901099,24.8,COPD,8.7,True
18091,Michigan City,LaPorte,IN,Indiana,41.54624768,-86.73994342,2019,109888,364,296,64,4,0,0,0,126,64,37,0,317,47,0,99.72602739726028,4,1.098901098901099,24.8,Current Asthma,10.3,True
18089,Gary,Lake,IN,Indiana,41.41492641,-87.3818402,2019,485493,365,151,213,1,0,0,0,101,72,52,2,86,274,3,100.0,1,0.273972602739726,20.6,COPD,7.1,True
18089,Gary,Lake,IN,Indiana,41.41492641,-87.3818402,2019,485493,365,151,213,1,0,0,0,101,72,52,2,86,274,3,100.0,1,0.273972602739726,20.6,Current Asthma,9.6,True
18095,Anderson,Madison,IN,Indiana,40.16144939,-85.7195642,2019,129569,365,216,148,1,0,0,0,101,61,47,0,148,217,0,100.0,1,0.273972602739726,24.4,COPD,9.0,True
18095,Anderson,Madison,IN,Indiana,40.16144939,-85.7195642,2019,129569,365,216,148,1,0,0,0,101,61,47,0,148,217,0,100.0,1,0.273972602739726,24.4,Current Asthma,11.2,True
18097,Indianapolis,Marion,IN,Indiana,39.78178178,-86.1385378,2019,964582,365,78,283,4,0,0,0,112,74,58,0,62,303,0,100.0,4,1.095890410958904,18.7,COPD,7.4,True
18097,Indianapolis,Marion,IN,Indiana,39.78178178,-86.1385378,2019,964582,365,78,283,4,0,0,0,112,74,58,0,62,303,0,100.0,4,1.095890410958904,18.7,Current Asthma,10.0,True
18105,Bloomington,Monroe,IN,Indiana,39.16111024,-86.52317588,2019,148431,346,220,126,0,0,0,0,72,58,43,0,0,346,0,94.79452054794521,0,0.0,18.7,COPD,7.5,True
18105,Bloomington,Monroe,IN,Indiana,39.16111024,-86.52317588,2019,148431,346,220,126,0,0,0,0,72,58,43,0,0,346,0,94.79452054794521,0,0.0,18.7,Current Asthma,9.7,True
18109,Martinsville,Morgan,IN,Indiana,39.48183246,-86.44627913,2019,70489,364,344,20,0,0,0,0,87,48,35,0,364,0,0,99.72602739726028,0,0.0,21.1,COPD,7.9,False
18109,Martinsville,Morgan,IN,Indiana,39.48183246,-86.44627913,2019,70489,364,344,20,0,0,0,0,87,48,35,0,364,0,0,99.72602739726028,0,0.0,21.1,Current Asthma,9.9,False
18123,Tell City,Perry,IN,Indiana,38.07979649,-86.6382075,2019,19169,358,322,36,0,0,0,0,80,51,37,0,358,0,0,98.08219178082192,0,0.0,23.1,COPD,8.1,True
18123,Tell City,Perry,IN,Indiana,38.07979649,-86.6382075,2019,19169,358,322,36,0,0,0,0,80,51,37,0,358,0,0,98.08219178082192,0,0.0,23.1,Current Asthma,9.6,True
18127,Portage,Porter,IN,Indiana,41.46088039,-87.06742642,2019,170389,365,236,125,4,0,0,0,115,64,44,0,164,188,13,100.0,4,1.095890410958904,18.0,COPD,6.7,True
18127,Portage,Porter,IN,Indiana,41.46088039,-87.06742642,2019,170389,365,236,125,4,0,0,0,115,64,44,0,164,188,13,100.0,4,1.095890410958904,18.0,Current Asthma,9.2,True
18129,Mount Vernon,Posey,IN,Indiana,38.02422595,-87.86549926,2019,25427,364,341,23,0,0,0,0,80,49,35,0,364,0,0,99.72602739726028,0,0.0,20.5,COPD,7.2,True
18129,Mount Vernon,Posey,IN,Indiana,38.02422595,-87.86549926,2019,25427,364,341,23,0,0,0,0,80,49,35,0,364,0,0,99.72602739726028,0,0.0,20.5,Current Asthma,9.6,True
18141,South Bend,St. Joseph,IN,Indiana,41.61670681,-86.28991252,2019,271826,365,217,148,0,0,0,0,100,66,46,0,178,187,0,100.0,0,0.0,19.8,COPD,7.4,True
18141,South Bend,St. Joseph,IN,Indiana,41.61670681,-86.28991252,2019,271826,365,217,148,0,0,0,0,100,66,46,0,178,187,0,100.0,0,0.0,19.8,Current Asthma,9.7,True
18157,Lafayette,Tippecanoe,IN,Indiana,40.38870976,-86.8940701,2019,195732,351,210,141,0,0,0,0,78,61,43,0,0,351,0,96.16438356164385,0,0.0,17.7,COPD,7.2,True
18157,Lafayette,Tippecanoe,IN,Indiana,40.38870976,-86.8940701,2019,195732,351,210,141,0,0,0,0,78,61,43,0,0,351,0,96.16438356164385,0,0.0,17.7,Current Asthma,9.5,True
18163,Evansville,Vanderburgh,IN,Indiana,38.02515742,-87.58610192,2019,181451,365,229,136,0,0,0,0,90,59,46,0,155,210,0,100.0,0,0.0,21.9,COPD,8.1,True
18163,Evansville,Vanderburgh,IN,Indiana,38.02515742,-87.58610192,2019,181451,365,229,136,0,0,0,0,90,59,46,0,155,210,0,100.0,0,0.0,21.9,Current Asthma,10.3,True
18167,Terre Haute,Vigo,IN,Indiana,39.4307138,-87.38970625,2019,107038,365,161,203,1,0,0,0,102,67,52,0,110,255,0,100.0,1,0.273972602739726,23.0,COPD,8.6,True
18167,Terre Haute,Vigo,IN,Indiana,39.4307138,-87.38970625,2019,107038,365,161,203,1,0,0,0,102,67,52,0,110,255,0,100.0,1,0.273972602739726,23.0,Current Asthma,10.0,True
18173,Boonville,Warrick,IN,Indiana,38.09221599,-87.27220106,2019,62998,365,337,28,0,0,0,0,93,50,36,0,365,0,0,100.0,0,0.0,18.0,COPD,6.5,True
18173,Boonville,Warrick,IN,Indiana,38.09221599,-87.27220106,2019,62998,365,337,28,0,0,0,0,93,50,36,0,365,0,0,100.0,0,0.0,18.0,Current Asthma,9.3,True
19013,Waterloo,Black Hawk,IA,Iowa,42.47010183,-92.30869072,2019,131228,363,238,125,0,0,0,0,85,63,41,0,0,363,0,99.45205479452055,0,0.0,19.4,COPD,6.0,True
19013,Waterloo,Black Hawk,IA,Iowa,42.47010183,-92.30869072,2019,131228,363,238,125,0,0,0,0,85,63,41,0,0,363,0,99.45205479452055,0,0.0,19.4,Current Asthma,8.9,True
19017,Waverly,Bremer,IA,Iowa,42.77458494,-92.31797633,2019,25062,243,228,15,0,0,0,0,90,46,37,0,243,0,0,66.57534246575342,0,0.0,16.2,COPD,5.0,True
19017,Waverly,Bremer,IA,Iowa,42.77458494,-92.31797633,2019,25062,243,228,15,0,0,0,0,90,46,37,0,243,0,0,66.57534246575342,0,0.0,16.2,Current Asthma,8.1,True
19045,Clinton,Clinton,IA,Iowa,41.89792461,-90.53230889,2019,46429,364,192,172,0,0,0,0,91,65,49,0,94,270,0,99.72602739726028,0,0.0,20.3,COPD,6.5,True
19045,Clinton,Clinton,IA,Iowa,41.89792461,-90.53230889,2019,46429,364,192,172,0,0,0,0,91,65,49,0,94,270,0,99.72602739726028,0,0.0,20.3,Current Asthma,9.1,True
19085,Dunlap,Harrison,IA,Iowa,41.6832759,-95.81703374,2019,14049,241,222,19,0,0,0,0,97,50,38,0,241,0,0,66.02739726027397,0,0.0,18.5,COPD,6.0,True
19085,Dunlap,Harrison,IA,Iowa,41.6832759,-95.81703374,2019,14049,241,222,19,0,0,0,0,97,50,38,0,241,0,0,66.02739726027397,0,0.0,18.5,Current Asthma,8.5,True
19103,Iowa City,Johnson,IA,Iowa,41.67183878,-91.58796281,2019,151140,364,210,154,0,0,0,0,92,64,46,0,0,364,0,99.72602739726028,0,0.0,14.6,COPD,4.9,True
19103,Iowa City,Johnson,IA,Iowa,41.67183878,-91.58796281,2019,151140,364,210,154,0,0,0,0,92,64,46,0,0,364,0,99.72602739726028,0,0.0,14.6,Current Asthma,7.9,True
19113,Cedar Rapids,Linn,IA,Iowa,42.07941108,-91.5980766,2019,226706,365,223,142,0,0,0,0,86,64,43,0,116,249,0,100.0,0,0.0,15.7,COPD,5.2,True
19113,Cedar Rapids,Linn,IA,Iowa,42.07941108,-91.5980766,2019,226706,365,223,142,0,0,0,0,86,64,43,0,116,249,0,100.0,0,0.0,15.7,Current Asthma,8.2,True
19137,Red Oak,Montgomery,IA,Iowa,41.03017649,-95.15643535,2019,9917,364,267,97,0,0,0,0,77,58,41,0,156,208,0,99.72602739726028,0,0.0,20.5,COPD,6.6,True
19137,Red Oak,Montgomery,IA,Iowa,41.03017649,-95.15643535,2019,9917,364,267,97,0,0,0,0,77,58,41,0,156,208,0,99.72602739726028,0,0.0,20.5,Current Asthma,8.8,True
19139,Muscatine,Muscatine,IA,Iowa,41.48387233,-91.11281646,2019,42664,365,238,127,0,0,0,0,93,61,42,0,0,365,0,100.0,0,0.0,17.0,COPD,5.5,True
19139,Muscatine,Muscatine,IA,Iowa,41.48387233,-91.11281646,2019,42664,365,238,127,0,0,0,0,93,61,42,0,0,365,0,100.0,0,0.0,17.0,Current Asthma,8.2,True
19147,Emmetsburg,Palo Alto,IA,Iowa,43.08193849,-94.67824621,2019,8886,364,246,118,0,0,0,0,93,60,44,0,102,262,0,99.72602739726028,0,0.0,17.2,COPD,5.4,True
19147,Emmetsburg,Palo Alto,IA,Iowa,43.08193849,-94.67824621,2019,8886,364,246,118,0,0,0,0,93,60,44,0,102,262,0,99.72602739726028,0,0.0,17.2,Current Asthma,8.3,True
19153,Des Moines,Polk,IA,Iowa,41.68553392,-93.57370726,2019,490161,365,251,114,0,0,0,0,100,60,42,2,174,189,0,100.0,0,0.0,17.4,COPD,5.3,True
19153,Des Moines,Polk,IA,Iowa,41.68553392,-93.57370726,2019,490161,365,251,114,0,0,0,0,100,60,42,2,174,189,0,100.0,0,0.0,17.4,Current Asthma,8.0,True
19163,Davenport,Scott,IA,Iowa,41.63679024,-90.62325526,2019,172943,365,168,195,2,0,0,0,112,69,52,0,82,216,67,100.0,2,0.547945205479452,18.0,COPD,5.4,True
19163,Davenport,Scott,IA,Iowa,41.63679024,-90.62325526,2019,172943,365,168,195,2,0,0,0,112,69,52,0,82,216,67,100.0,2,0.547945205479452,18.0,Current Asthma,8.7,True
19177,Bonaparte,Van Buren,IA,Iowa,40.75299802,-91.95022881,2019,7044,361,266,95,0,0,0,0,97,58,42,1,130,230,0,98.9041095890411,0,0.0,21.3,COPD,6.7,True
19177,Bonaparte,Van Buren,IA,Iowa,40.75299802,-91.95022881,2019,7044,361,266,95,0,0,0,0,97,58,42,1,130,230,0,98.9041095890411,0,0.0,21.3,Current Asthma,8.9,True
20091,Overland Park,Johnson,KS,Kansas,38.88384114,-94.82259092,2019,602401,362,308,54,0,0,0,0,77,53,38,0,246,116,0,99.17808219178083,0,0.0,11.9,COPD,4.0,True
20091,Overland Park,Johnson,KS,Kansas,38.88384114,-94.82259092,2019,602401,362,308,54,0,0,0,0,77,53,38,0,246,116,0,99.17808219178083,0,0.0,11.9,Current Asthma,8.4,True
20103,Leavenworth,Leavenworth,KS,Kansas,39.19942996,-95.03797758,2019,81758,362,347,15,0,0,0,0,97,45,33,0,362,0,0,99.17808219178083,0,0.0,17.4,COPD,5.4,True
20103,Leavenworth,Leavenworth,KS,Kansas,39.19942996,-95.03797758,2019,81758,362,347,15,0,0,0,0,97,45,33,0,362,0,0,99.17808219178083,0,0.0,17.4,Current Asthma,9.2,True
20133,Chanute,Neosho,KS,Kansas,37.55860468,-95.30672792,2019,16007,365,219,145,1,0,0,0,119,62,45,0,122,242,1,100.0,1,0.273972602739726,20.2,COPD,7.2,True
20133,Chanute,Neosho,KS,Kansas,37.55860468,-95.30672792,2019,16007,365,219,145,1,0,0,0,119,62,45,0,122,242,1,100.0,1,0.273972602739726,20.2,Current Asthma,10.2,True
20173,Wichita,Sedgwick,KS,Kansas,37.68442503,-97.46095427,2019,516042,365,282,83,0,0,0,0,97,58,41,8,253,100,4,100.0,0,0.0,17.1,COPD,5.8,True
20173,Wichita,Sedgwick,KS,Kansas,37.68442503,-97.46095427,2019,516042,365,282,83,0,0,0,0,97,58,41,8,253,100,4,100.0,0,0.0,17.1,Current Asthma,9.7,True
20177,Topeka,Shawnee,KS,Kansas,39.04169175,-95.75666321,2019,176875,365,216,148,0,1,0,0,161,63,45,0,128,237,0,100.0,1,0.273972602739726,17.0,COPD,5.8,True
20177,Topeka,Shawnee,KS,Kansas,39.04169175,-95.75666321,2019,176875,365,216,148,0,1,0,0,161,63,45,0,128,237,0,100.0,1,0.273972602739726,17.0,Current Asthma,9.7,True
20191,Wellington,Sumner,KS,Kansas,37.23682804,-97.47721487,2019,22836,365,287,78,0,0,0,0,97,57,41,3,244,110,8,100.0,0,0.0,18.3,COPD,6.4,True
20191,Wellington,Sumner,KS,Kansas,37.23682804,-97.47721487,2019,22836,365,287,78,0,0,0,0,97,57,41,3,244,110,8,100.0,0,0.0,18.3,Current Asthma,9.5,True
20209,Kansas City,Wyandotte,KS,Kansas,39.11467623,-94.76452625,2019,165429,365,239,125,1,0,0,0,137,63,43,24,155,185,1,100.0,1,0.273972602739726,20.1,COPD,6.7,True
20209,Kansas City,Wyandotte,KS,Kansas,39.11467623,-94.76452625,2019,165429,365,239,125,1,0,0,0,137,63,43,24,155,185,1,100.0,1,0.273972602739726,20.1,Current Asthma,10.4,True
21015,Florence,Boone,KY,Kentucky,38.96979756,-84.72792289,2019,133581,239,222,17,0,0,0,0,80,49,39,0,239,0,0,65.47945205479452,0,0.0,18.1,COPD,6.8,False
21015,Florence,Boone,KY,Kentucky,38.96979756,-84.72792289,2019,133581,239,222,17,0,0,0,0,80,49,39,0,239,0,0,65.47945205479452,0,0.0,18.1,Current Asthma,9.0,False
21019,Ashland,Boyd,KY,Kentucky,38.35910742,-82.68776504,2019,46718,365,259,106,0,0,0,0,74,58,44,4,124,236,1,100.0,0,0.0,24.9,COPD,9.7,False
21019,Ashland,Boyd,KY,Kentucky,38.35910742,-82.68776504,2019,46718,365,259,106,0,0,0,0,74,58,44,4,124,236,1,100.0,0,0.0,24.9,Current Asthma,10.3,False
21029,Shepherdsville,Bullitt,KY,Kentucky,37.96948354,-85.69550072,2019,81676,243,214,29,0,0,0,0,93,51,41,0,243,0,0,66.57534246575342,0,0.0,23.6,COPD,8.6,False
21029,Shepherdsville,Bullitt,KY,Kentucky,37.96948354,-85.69550072,2019,81676,243,214,29,0,0,0,0,93,51,41,0,243,0,0,66.57534246575342,0,0.0,23.6,Current Asthma,9.7,False
21037,Fort Thomas,Campbell,KY,Kentucky,38.94630957,-84.37932773,2019,93584,362,241,120,1,0,0,0,108,60,44,21,127,214,0,99.17808219178083,1,0.2762430939226519,20.8,COPD,7.6,False
21037,Fort Thomas,Campbell,KY,Kentucky,38.94630957,-84.37932773,2019,93584,362,241,120,1,0,0,0,108,60,44,21,127,214,0,99.17808219178083,1,0.2762430939226519,20.8,Current Asthma,9.4,False
21047,Hopkinsville,Christian,KY,Kentucky,36.89399531,-87.49026556,2019,70461,278,228,50,0,0,0,0,80,54,40,0,198,80,0,76.16438356164383,0,0.0,26.4,COPD,9.8,False
21047,Hopkinsville,Christian,KY,Kentucky,36.89399531,-87.49026556,2019,70461,278,228,50,0,0,0,0,80,54,40,0,198,80,0,76.16438356164383,0,0.0,26.4,Current Asthma,10.2,False
21059,Owensboro,Daviess,KY,Kentucky,37.73187289,-87.08744955,2019,101511,364,220,143,1,0,0,0,101,63,46,0,137,227,0,99.72602739726028,1,0.27472527472527475,23.4,COPD,8.7,False
21059,Owensboro,Daviess,KY,Kentucky,37.73187289,-87.08744955,2019,101511,364,220,143,1,0,0,0,101,63,46,0,137,227,0,99.72602739726028,1,0.27472527472527475,23.4,Current Asthma,9.8,False
21067,Lexington-Fayette (corporate name for Lexington),Fayette,KY,Kentucky,38.04230868,-84.45890155,2019,323152,364,231,133,0,0,0,0,80,58,46,5,127,232,0,99.72602739726028,0,0.0,17.3,COPD,7.3,False
21067,Lexington-Fayette (corporate name for Lexington),Fayette,KY,Kentucky,38.04230868,-84.45890155,2019,323152,364,231,133,0,0,0,0,80,58,46,5,127,232,0,99.72602739726028,0,0.0,17.3,Current Asthma,9.4,False
21089,Bellefonte,Greenup,KY,Kentucky,38.54562461,-82.92204576,2019,35098,242,237,5,0,0,0,0,58,45,37,0,242,0,0,66.3013698630137,0,0.0,23.7,COPD,9.4,False
21089,Bellefonte,Greenup,KY,Kentucky,38.54562461,-82.92204576,2019,35098,242,237,5,0,0,0,0,58,45,37,0,242,0,0,66.3013698630137,0,0.0,23.7,Current Asthma,10.5,False
21091,Hawesville,Hancock,KY,Kentucky,37.84165046,-86.77820211,2019,8722,245,208,37,0,0,0,0,84,54,42,0,245,0,0,67.12328767123287,0,0.0,24.8,COPD,9.5,False
21091,Hawesville,Hancock,KY,Kentucky,37.84165046,-86.77820211,2019,8722,245,208,37,0,0,0,0,84,54,42,0,245,0,0,67.12328767123287,0,0.0,24.8,Current Asthma,10.0,False
21093,Elizabethtown,Hardin,KY,Kentucky,37.69775896,-85.96347066,2019,110958,363,261,102,0,0,0,0,72,57,44,0,128,235,0,99.45205479452055,0,0.0,23.2,COPD,8.1,False
21093,Elizabethtown,Hardin,KY,Kentucky,37.69775896,-85.96347066,2019,110958,363,261,102,0,0,0,0,72,57,44,0,128,235,0,99.45205479452055,0,0.0,23.2,Current Asthma,9.8,False
21111,Louisville,Jefferson,KY,Kentucky,38.18741222,-85.65919338,2019,766757,365,124,239,2,0,0,0,136,71,54,1,99,265,0,100.0,2,0.547945205479452,22.2,COPD,8.0,False
21111,Louisville,Jefferson,KY,Kentucky,38.18741222,-85.65919338,2019,766757,365,124,239,2,0,0,0,136,71,54,1,99,265,0,100.0,2,0.547945205479452,22.2,Current Asthma,9.7,False
21113,Nicholasville,Jessamine,KY,Kentucky,37.87187262,-84.58089104,2019,54115,245,221,24,0,0,0,0,67,50,43,0,245,0,0,67.12328767123287,0,0.0,22.5,COPD,8.6,False
21113,Nicholasville,Jessamine,KY,Kentucky,37.87187262,-84.58089104,2019,54115,245,221,24,0,0,0,0,67,50,43,0,245,0,0,67.12328767123287,0,0.0,22.5,Current Asthma,9.9,False
21139,Smithland,Livingston,KY,Kentucky,37.20978127,-88.35365334,2019,9194,261,237,24,0,0,0,0,77,50,41,0,242,0,19,71.5068493150685,0,0.0,26.7,COPD,10.2,False
21139,Smithland,Livingston,KY,Kentucky,37.20978127,-88.35365334,2019,9194,261,237,24,0,0,0,0,77,50,41,0,242,0,19,71.5068493150685,0,0.0,26.7,Current Asthma,10.4,False
21145,Paducah,McCracken,KY,Kentucky,37.05376481,-88.71223176,2019,65418,361,186,175,0,0,0,0,97,63,50,2,101,257,1,98.9041095890411,0,0.0,22.5,COPD,8.7,False
21145,Paducah,McCracken,KY,Kentucky,37.05376481,-88.71223176,2019,65418,361,186,175,0,0,0,0,97,63,50,2,101,257,1,98.9041095890411,0,0.0,22.5,Current Asthma,9.7,False
21185,Buckner,Oldham,KY,Kentucky,38.39972039,-85.44866128,2019,66799,242,203,38,1,0,0,0,105,58,42,0,242,0,0,66.3013698630137,1,0.4132231404958678,17.0,COPD,6.1,False
21185,Buckner,Oldham,KY,Kentucky,38.39972039,-85.44866128,2019,66799,242,203,38,1,0,0,0,105,58,42,0,242,0,0,66.3013698630137,1,0.4132231404958678,17.0,Current Asthma,8.5,False
21199,Somerset,Pulaski,KY,Kentucky,37.10387857,-84.57735007,2019,64979,282,251,31,0,0,0,0,67,52,41,0,202,80,0,77.26027397260275,0,0.0,27.0,COPD,10.9,False
21199,Somerset,Pulaski,KY,Kentucky,37.10387857,-84.57735007,2019,64979,282,251,31,0,0,0,0,67,52,41,0,202,80,0,77.26027397260275,0,0.0,27.0,Current Asthma,10.6,False
21213,Franklin,Simpson,KY,Kentucky,36.74176549,-86.58265303,2019,18572,244,222,22,0,0,0,0,67,50,40,0,244,0,0,66.84931506849315,0,0.0,24.6,COPD,9.3,False
21213,Franklin,Simpson,KY,Kentucky,36.74176549,-86.58265303,2019,18572,244,222,22,0,0,0,0,67,50,40,0,244,0,0,66.84931506849315,0,0.0,24.6,Current Asthma,10.0,False
21227,Bowling Green,Warren,KY,Kentucky,36.99346664,-86.42379757,2019,132896,348,237,111,0,0,0,0,76,58,44,0,98,250,0,95.34246575342465,0,0.0,21.8,COPD,8.4,False
21227,Bowling Green,Warren,KY,Kentucky,36.99346664,-86.42379757,2019,132896,348,237,111,0,0,0,0,76,58,44,0,98,250,0,95.34246575342465,0,0.0,21.8,Current Asthma,9.6,False
22005,Donaldsonville,Ascension,LA,Louisiana,30.20328126,-90.91168999,2019,126604,361,319,41,1,0,0,0,101,54,33,7,354,0,0,98.9041095890411,1,0.2770083102493075,19.1,COPD,6.1,True
22005,Donaldsonville,Ascension,LA,Louisiana,30.20328126,-90.91168999,2019,126604,361,319,41,1,0,0,0,101,54,33,7,354,0,0,98.9041095890411,1,0.2770083102493075,19.1,Current Asthma,8.8,True
22015,Shreveport,Bossier,LA,Louisiana,32.67665745,-93.60189215,2019,127039,357,282,75,0,0,0,0,86,55,37,0,175,175,7,97.80821917808218,0,0.0,21.6,COPD,7.0,True
22015,Shreveport,Bossier,LA,Louisiana,32.67665745,-93.60189215,2019,127039,357,282,75,0,0,0,0,86,55,37,0,175,175,7,97.80821917808218,0,0.0,21.6,Current Asthma,9.1,True
22017,Shreveport,Caddo,LA,Louisiana,32.58201257,-93.88187189,2019,240204,356,271,85,0,0,0,0,82,59,39,0,251,105,0,97.53424657534246,0,0.0,22.7,COPD,7.7,True
22017,Shreveport,Caddo,LA,Louisiana,32.58201257,-93.88187189,2019,240204,356,271,85,0,0,0,0,82,59,39,0,251,105,0,97.53424657534246,0,0.0,22.7,Current Asthma,10.4,True
22019,Lake Charles,Calcasieu,LA,Louisiana,30.22940619,-93.35803043,2019,203436,365,131,234,0,0,0,0,90,65,53,1,69,295,0,100.0,0,0.0,22.3,COPD,7.5,True
22019,Lake Charles,Calcasieu,LA,Louisiana,30.22940619,-93.35803043,2019,203436,365,131,234,0,0,0,0,90,65,53,1,69,295,0,100.0,0,0.0,22.3,Current Asthma,9.8,True
22033,Baton Rouge,East Baton Rouge,LA,Louisiana,30.53796299,-91.09544506,2019,440059,365,190,173,2,0,0,0,108,71,50,3,102,260,0,100.0,2,0.547945205479452,19.0,COPD,6.2,True
22033,Baton Rouge,East Baton Rouge,LA,Louisiana,30.53796299,-91.09544506,2019,440059,365,190,173,2,0,0,0,108,71,50,3,102,260,0,100.0,2,0.547945205479452,19.0,Current Asthma,9.0,True
22047,St. Gabriel,Iberville,LA,Louisiana,30.25820888,-91.34878533,2019,32511,365,290,71,4,0,0,0,119,59,38,1,283,81,0,100.0,4,1.095890410958904,24.1,COPD,8.2,True
22047,St. Gabriel,Iberville,LA,Louisiana,30.25820888,-91.34878533,2019,32511,365,290,71,4,0,0,0,119,59,38,1,283,81,0,100.0,4,1.095890410958904,24.1,Current Asthma,10.1,True
22051,Metairie,Jefferson,LA,Louisiana,29.82438499,-90.13714465,2019,432493,365,269,96,0,0,0,0,84,58,42,2,204,159,0,100.0,0,0.0,18.8,COPD,6.5,True
22051,Metairie,Jefferson,LA,Louisiana,29.82438499,-90.13714465,2019,432493,365,269,96,0,0,0,0,84,58,42,2,204,159,0,100.0,0,0.0,18.8,Current Asthma,8.8,True
22055,Lafayette,Lafayette,LA,Louisiana,30.20706558,-92.06378005,2019,244390,365,212,153,0,0,0,0,84,61,46,0,116,249,0,100.0,0,0.0,20.4,COPD,6.8,True
22055,Lafayette,Lafayette,LA,Louisiana,30.20706558,-92.06378005,2019,244390,365,212,153,0,0,0,0,84,61,46,0,116,249,0,100.0,0,0.0,20.4,Current Asthma,9.2,True
22057,Galliano,Lafourche,LA,Louisiana,29.55733811,-90.42072151,2019,97614,360,173,185,2,0,0,0,126,63,51,0,81,279,0,98.63013698630137,2,0.5555555555555556,23.3,COPD,8.1,True
22057,Galliano,Lafourche,LA,Louisiana,29.55733811,-90.42072151,2019,97614,360,173,185,2,0,0,0,126,63,51,0,81,279,0,98.63013698630137,2,0.5555555555555556,23.3,Current Asthma,9.6,True
22063,French Settlement,Livingston,LA,Louisiana,30.43769732,-90.72309124,2019,140789,365,198,167,0,0,0,0,97,63,48,0,103,262,0,100.0,0,0.0,22.7,COPD,7.5,True
22063,French Settlement,Livingston,LA,Louisiana,30.43769732,-90.72309124,2019,140789,365,198,167,0,0,0,0,97,63,48,0,103,262,0,100.0,0,0.0,22.7,Current Asthma,9.2,True
22071,New Orleans,Orleans,LA,Louisiana,30.06887418,-89.93100099,2019,390144,365,292,73,0,0,0,0,90,57,36,52,0,307,6,100.0,0,0.0,21.4,COPD,6.7,True
22071,New Orleans,Orleans,LA,Louisiana,30.06887418,-89.93100099,2019,390144,365,292,73,0,0,0,0,90,57,36,52,0,307,6,100.0,0,0.0,21.4,Current Asthma,9.6,True
22073,Monroe,Ouachita,LA,Louisiana,32.47834215,-92.15450299,2019,153279,363,310,53,0,0,0,0,71,52,36,0,300,63,0,99.45205479452055,0,0.0,23.3,COPD,8.4,True
22073,Monroe,Ouachita,LA,Louisiana,32.47834215,-92.15450299,2019,153279,363,310,53,0,0,0,0,71,52,36,0,300,63,0,99.45205479452055,0,0.0,23.3,Current Asthma,10.1,True
22077,New Roads,Pointe Coupee,LA,Louisiana,30.70950564,-91.60043547,2019,21730,351,322,26,3,0,0,0,112,49,33,0,351,0,0,96.16438356164385,3,0.8547008547008548,24.6,COPD,8.4,True
22077,New Roads,Pointe Coupee,LA,Louisiana,30.70950564,-91.60043547,2019,21730,351,322,26,3,0,0,0,112,49,33,0,351,0,0,96.16438356164385,3,0.8547008547008548,24.6,Current Asthma,10.3,True
22087,Chalmette,St. Bernard,LA,Louisiana,29.86794942,-89.56358257,2019,47244,365,159,205,1,0,0,0,112,64,52,0,82,283,0,100.0,1,0.273972602739726,23.3,COPD,8.2,True
22087,Chalmette,St. Bernard,LA,Louisiana,29.86794942,-89.56358257,2019,47244,365,159,205,1,0,0,0,112,64,52,0,82,283,0,100.0,1,0.273972602739726,23.3,Current Asthma,9.6,True
22093,Gramercy,St. James,LA,Louisiana,30.02605679,-90.79590197,2019,21096,359,344,15,0,0,0,0,97,46,29,0,359,0,0,98.35616438356163,0,0.0,22.8,COPD,7.6,True
22093,Gramercy,St. James,LA,Louisiana,30.02605679,-90.79590197,2019,21096,359,344,15,0,0,0,0,97,46,29,0,359,0,0,98.35616438356163,0,0.0,22.8,Current Asthma,10.0,True
22095,Laplace (La Place),St. John the Baptist,LA,Louisiana,30.11352015,-90.5075644,2019,42837,364,334,30,0,0,0,0,93,48,33,0,364,0,0,99.72602739726028,0,0.0,20.7,COPD,6.9,True
22095,Laplace (La Place),St. John the Baptist,LA,Louisiana,30.11352015,-90.5075644,2019,42837,364,334,30,0,0,0,0,93,48,33,0,364,0,0,99.72602739726028,0,0.0,20.7,Current Asthma,9.8,True
22099,St. Martinville,St. Martin,LA,Louisiana,30.12929995,-91.60805495,2019,53431,355,330,25,0,0,0,0,80,48,34,0,355,0,0,97.26027397260275,0,0.0,25.1,COPD,8.4,True
22099,St. Martinville,St. Martin,LA,Louisiana,30.12929995,-91.60805495,2019,53431,355,330,25,0,0,0,0,80,48,34,0,355,0,0,97.26027397260275,0,0.0,25.1,Current Asthma,9.9,True
22103,Slidell,St. Tammany,LA,Louisiana,30.40626122,-89.96329425,2019,260419,363,266,97,0,0,0,0,84,60,41,0,187,176,0,99.45205479452055,0,0.0,19.1,COPD,6.1,True
22103,Slidell,St. Tammany,LA,Louisiana,30.40626122,-89.96329425,2019,260419,363,266,97,0,0,0,0,84,60,41,0,187,176,0,99.45205479452055,0,0.0,19.1,Current Asthma,8.6,True
22121,Addis,West Baton Rouge,LA,Louisiana,30.46334471,-91.31320428,2019,26465,364,202,162,0,0,0,0,100,62,47,8,93,263,0,99.72602739726028,0,0.0,20.8,COPD,6.7,True
22121,Addis,West Baton Rouge,LA,Louisiana,30.46334471,-91.31320428,2019,26465,364,202,162,0,0,0,0,100,62,47,8,93,263,0,99.72602739726028,0,0.0,20.8,Current Asthma,9.4,True
23001,Lewiston,Androscoggin,ME,Maine,44.16534024,-70.20649966,2019,108277,361,327,34,0,0,0,0,76,49,33,0,162,198,1,98.9041095890411,0,0.0,19.8,COPD,7.9,True
23001,Lewiston,Androscoggin,ME,Maine,44.16534024,-70.20649966,2019,108277,361,327,34,0,0,0,0,76,49,33,0,162,198,1,98.9041095890411,0,0.0,19.8,Current Asthma,10.5,True
23003,Madawaska (census name for Madawaska Center),Aroostook,ME,Maine,46.65915242,-68.59877955,2019,67055,365,304,59,1,1,0,0,182,55,36,0,176,176,13,100.0,2,0.547945205479452,22.3,COPD,9.3,True
23003,Madawaska (census name for Madawaska Center),Aroostook,ME,Maine,46.65915242,-68.59877955,2019,67055,365,304,59,1,1,0,0,182,55,36,0,176,176,13,100.0,2,0.547945205479452,22.3,Current Asthma,12.1,True
23005,Portland,Cumberland,ME,Maine,43.84725185,-70.39766427,2019,295003,365,208,157,0,0,0,0,100,59,47,0,65,297,3,100.0,0,0.0,14.1,COPD,6.0,True
23005,Portland,Cumberland,ME,Maine,43.84725185,-70.39766427,2019,295003,365,208,157,0,0,0,0,100,59,47,0,65,297,3,100.0,0,0.0,14.1,Current Asthma,10.7,True
23009,Bucksport (census name for Bucksport Compact),Hancock,ME,Maine,44.66319243,-68.357386,2019,54987,365,339,25,1,0,0,0,105,49,37,0,320,42,1,100.0,1,0.273972602739726,17.9,COPD,7.1,True
23009,Bucksport (census name for Bucksport Compact),Hancock,ME,Maine,44.66319243,-68.357386,2019,54987,365,339,25,1,0,0,0,105,49,37,0,320,42,1,100.0,1,0.273972602739726,17.9,Current Asthma,10.3,True
23011,Augusta,Kennebec,ME,Maine,44.40882652,-69.76759135,2019,122302,361,352,9,0,0,0,0,70,44,29,129,211,21,0,98.9041095890411,0,0.0,19.8,COPD,7.8,True
23011,Augusta,Kennebec,ME,Maine,44.40882652,-69.76759135,2019,122302,361,352,9,0,0,0,0,70,44,29,129,211,21,0,98.9041095890411,0,0.0,19.8,Current Asthma,10.6,True
23013,Rockland,Knox,ME,Maine,44.14789087,-69.15921213,2019,39772,213,204,9,0,0,0,0,84,47,36,0,213,0,0,58.35616438356165,0,0.0,17.7,COPD,7.1,False
23013,Rockland,Knox,ME,Maine,44.14789087,-69.15921213,2019,39772,213,204,9,0,0,0,0,84,47,36,0,213,0,0,58.35616438356165,0,0.0,17.7,Current Asthma,10.4,False
23017,Mexico (census name for Mexico Center),Oxford,ME,Maine,44.49971257,-70.7565429,2019,57975,334,305,29,0,0,0,0,72,49,33,0,148,186,0,91.5068493150685,0,0.0,21.5,COPD,8.6,True
23017,Mexico (census name for Mexico Center),Oxford,ME,Maine,44.49971257,-70.7565429,2019,57975,334,305,29,0,0,0,0,72,49,33,0,148,186,0,91.5068493150685,0,0.0,21.5,Current Asthma,11.4,True
23019,Lincoln (census name for Lincoln Compact),Penobscot,ME,Maine,45.40052436,-68.64941505,2019,152148,362,336,26,0,0,0,0,72,47,33,0,177,182,3,99.17808219178083,0,0.0,20.3,COPD,8.2,True
23019,Lincoln (census name for Lincoln Compact),Penobscot,ME,Maine,45.40052436,-68.64941505,2019,152148,362,336,26,0,0,0,0,72,47,33,0,177,182,3,99.17808219178083,0,0.0,20.3,Current Asthma,11.7,True
23029,Calais,Washington,ME,Maine,45.03164485,-67.62918649,2019,31379,363,360,3,0,0,0,0,71,45,34,0,362,1,0,99.45205479452055,0,0.0,23.1,COPD,9.4,True
23029,Calais,Washington,ME,Maine,45.03164485,-67.62918649,2019,31379,363,360,3,0,0,0,0,71,45,34,0,362,1,0,99.45205479452055,0,0.0,23.1,Current Asthma,11.5,True
23031,Biddeford (RR name Biddeford-Saco),York,ME,Maine,43.47916388,-70.71544186,2019,207641,231,216,14,1,0,0,0,115,48,38,0,231,0,0,63.287671232876704,1,0.4329004329004329,16.9,COPD,6.8,True
23031,Biddeford (RR name Biddeford-Saco),York,ME,Maine,43.47916388,-70.71544186,2019,207641,231,216,14,1,0,0,0,115,48,38,0,231,0,0,63.287671232876704,1,0.4329004329004329,16.9,Current Asthma,11.1,True
24003,Riviera Beach,Anne Arundel,MD,Maryland,39.00591902,-76.60359222,2019,579234,264,179,78,7,0,0,0,143,77,45,0,243,0,21,72.32876712328768,7,2.6515151515151514,15.0,COPD,5.2,True
24003,Riviera Beach,Anne Arundel,MD,Maryland,39.00591902,-76.60359222,2019,579234,264,179,78,7,0,0,0,143,77,45,0,243,0,21,72.32876712328768,7,2.6515151515151514,15.0,Current Asthma,8.6,True
24005,Cockeysville,Baltimore,MD,Maryland,39.46016214,-76.63630004,2019,827370,365,232,124,9,0,0,0,150,71,46,6,226,133,0,100.0,9,2.4657534246575343,15.6,COPD,5.6,False
24005,Cockeysville,Baltimore,MD,Maryland,39.46016214,-76.63630004,2019,827370,365,232,124,9,0,0,0,150,71,46,6,226,133,0,100.0,9,2.4657534246575343,15.6,Current Asthma,9.6,False
24510,Baltimore,Baltimore City,MD,Maryland,39.30110111,-76.61069576,2019,593490,363,217,140,6,0,0,0,126,65,46,15,142,206,0,99.45205479452055,6,1.6528925619834711,20.7,COPD,7.0,False
24510,Baltimore,Baltimore City,MD,Maryland,39.30110111,-76.61069576,2019,593490,363,217,140,6,0,0,0,126,65,46,15,142,206,0,99.45205479452055,6,1.6528925619834711,20.7,Current Asthma,11.8,False
24009,Prince Frederick,Calvert,MD,Maryland,38.54046223,-76.56679319,2019,92525,232,214,18,0,0,0,0,71,49,39,0,232,0,0,63.561643835616444,0,0.0,15.7,COPD,5.5,True
24009,Prince Frederick,Calvert,MD,Maryland,38.54046223,-76.56679319,2019,92525,232,214,18,0,0,0,0,71,49,39,0,232,0,0,63.561643835616444,0,0.0,15.7,Current Asthma,9.2,True
24013,Westminster,Carroll,MD,Maryland,39.56287992,-77.022871,2019,168447,241,205,35,1,0,0,0,101,54,43,0,241,0,0,66.02739726027397,1,0.4149377593360996,14.0,COPD,5.4,True
24013,Westminster,Carroll,MD,Maryland,39.56287992,-77.022871,2019,168447,241,205,35,1,0,0,0,101,54,43,0,241,0,0,66.02739726027397,1,0.4149377593360996,14.0,Current Asthma,8.5,True
24015,Elkton,Cecil,MD,Maryland,39.57055891,-75.94121594,2019,102855,361,265,93,3,0,0,0,150,61,42,0,203,158,0,98.9041095890411,3,0.8310249307479225,19.4,COPD,6.8,True
24015,Elkton,Cecil,MD,Maryland,39.57055891,-75.94121594,2019,102855,361,265,93,3,0,0,0,150,61,42,0,203,158,0,98.9041095890411,3,0.8310249307479225,19.4,Current Asthma,9.3,True
24017,Hughesville,Charles,MD,Maryland,38.50634495,-76.99191396,2019,163257,221,202,19,0,0,0,0,77,50,40,0,221,0,0,60.54794520547945,0,0.0,16.1,COPD,5.6,True
24017,Hughesville,Charles,MD,Maryland,38.50634495,-76.99191396,2019,163257,221,202,19,0,0,0,0,77,50,40,0,221,0,0,60.54794520547945,0,0.0,16.1,Current Asthma,9.8,True
24019,Cambridge,Dorchester,MD,Maryland,38.47259454,-76.02231392,2019,31929,365,281,81,3,0,0,0,126,58,43,0,280,85,0,100.0,3,0.821917808219178,19.7,COPD,7.4,True
24019,Cambridge,Dorchester,MD,Maryland,38.47259454,-76.02231392,2019,31929,365,281,81,3,0,0,0,126,58,43,0,280,85,0,100.0,3,0.821917808219178,19.7,Current Asthma,10.7,True
24021,Frederick,Frederick,MD,Maryland,39.47208438,-77.39784817,2019,259547,243,198,44,1,0,0,0,112,58,44,0,243,0,0,66.57534246575342,1,0.411522633744856,12.3,COPD,5.1,True
24021,Frederick,Frederick,MD,Maryland,39.47208438,-77.39784817,2019,259547,243,198,44,1,0,0,0,112,58,44,0,243,0,0,66.57534246575342,1,0.411522633744856,12.3,Current Asthma,8.6,True
24023,Grantsville,Garrett,MD,Maryland,39.52849421,-79.27360338,2019,29014,365,311,54,0,0,0,0,71,53,39,0,238,125,0,100.0,0,0.0,20.7,COPD,7.6,True
24023,Grantsville,Garrett,MD,Maryland,39.52849421,-79.27360338,2019,29014,365,311,54,0,0,0,0,71,53,39,0,238,125,0,100.0,0,0.0,20.7,Current Asthma,9.9,True
24025,Bel Air,Harford,MD,Maryland,39.556735,-76.31579304,2019,255441,359,229,121,9,0,0,0,133,71,45,0,210,149,0,98.35616438356163,9,2.5069637883008355,15.8,COPD,5.6,True
24025,Bel Air,Harford,MD,Maryland,39.556735,-76.31579304,2019,255441,359,229,121,9,0,0,0,133,71,45,0,210,149,0,98.35616438356163,9,2.5069637883008355,15.8,Current Asthma,8.8,True
24027,Columbia,Howard,MD,Maryland,39.25029975,-76.92980175,2019,325690,365,267,98,0,0,0,0,81,58,39,77,0,288,0,100.0,0,0.0,9.6,COPD,3.8,True
24027,Columbia,Howard,MD,Maryland,39.25029975,-76.92980175,2019,325690,365,267,98,0,0,0,0,81,58,39,77,0,288,0,100.0,0,0.0,9.6,Current Asthma,7.7,True
24031,Silver Spring,Montgomery,MD,Maryland,39.13648547,-77.20400631,2019,1050688,361,284,77,0,0,0,0,88,57,41,0,190,171,0,98.9041095890411,0,0.0,9.0,COPD,3.9,True
24031,Silver Spring,Montgomery,MD,Maryland,39.13648547,-77.20400631,2019,1050688,361,284,77,0,0,0,0,88,57,41,0,190,171,0,98.9041095890411,0,0.0,9.0,Current Asthma,8.1,True
24033,Beltsville,Prince George's,MD,Maryland,38.82928412,-76.84742203,2019,909327,365,234,125,6,0,0,0,122,64,45,0,247,118,0,100.0,6,1.643835616438356,13.2,COPD,4.7,True
24033,Beltsville,Prince George's,MD,Maryland,38.82928412,-76.84742203,2019,909327,365,234,125,6,0,0,0,122,64,45,0,247,118,0,100.0,6,1.643835616438356,13.2,Current Asthma,8.8,True
24043,Hagerstown,Washington,MD,Maryland,39.60346255,-77.81390203,2019,151049,360,279,81,0,0,0,0,93,58,42,0,173,187,0,98.63013698630137,0,0.0,18.3,COPD,7.4,True
24043,Hagerstown,Washington,MD,Maryland,39.60346255,-77.81390203,2019,151049,360,279,81,0,0,0,0,93,58,42,0,173,187,0,98.63013698630137,0,0.0,18.3,Current Asthma,10.1,True
25001,Falmouth (census name for Falmouth Center),Barnstable,MA,Massachusetts,41.72360262,-70.29128774,2019,212990,359,346,13,0,0,0,0,93,45,36,0,353,6,0,98.35616438356163,0,0.0,14.6,COPD,5.1,True
25001,Falmouth (census name for Falmouth Center),Barnstable,MA,Massachusetts,41.72360262,-70.29128774,2019,212990,359,346,13,0,0,0,0,93,45,36,0,353,6,0,98.35616438356163,0,0.0,14.6,Current Asthma,10.3,True
25003,Pittsfield,Berkshire,MA,Massachusetts,42.37078092,-73.2062492,2019,124944,364,266,98,0,0,0,0,87,57,41,0,151,213,0,99.72602739726028,0,0.0,17.8,COPD,6.0,True
25003,Pittsfield,Berkshire,MA,Massachusetts,42.37078092,-73.2062492,2019,124944,364,266,98,0,0,0,0,87,57,41,0,151,213,0,99.72602739726028,0,0.0,17.8,Current Asthma,10.3,True
25005,Fall River,Bristol,MA,Massachusetts,41.79803256,-71.11504264,2019,565217,364,279,85,0,0,0,0,97,56,43,0,248,116,0,99.72602739726028,0,0.0,17.8,COPD,6.5,True
25005,Fall River,Bristol,MA,Massachusetts,41.79803256,-71.11504264,2019,565217,364,279,85,0,0,0,0,97,56,43,0,248,116,0,99.72602739726028,0,0.0,17.8,Current Asthma,10.5,True
25007,Aquinnah,Dukes,MA,Massachusetts,41.39876868,-70.65012398,2019,17332,352,329,19,4,0,0,0,126,48,39,0,341,11,0,96.43835616438356,4,1.1363636363636365,14.8,COPD,5.2,True
25007,Aquinnah,Dukes,MA,Massachusetts,41.39876868,-70.65012398,2019,17332,352,329,19,4,0,0,0,126,48,39,0,341,11,0,96.43835616438356,4,1.1363636363636365,14.8,Current Asthma,9.7,True
25009,Salem,Essex,MA,Massachusetts,42.67227508,-70.95143839,2019,789034,364,288,75,1,0,0,0,122,55,41,2,193,169,0,99.72602739726028,1,0.27472527472527475,13.8,COPD,4.9,True
25009,Salem,Essex,MA,Massachusetts,42.67227508,-70.95143839,2019,789034,364,288,75,1,0,0,0,122,55,41,2,193,169,0,99.72602739726028,1,0.27472527472527475,13.8,Current Asthma,8.9,True
25011,Colrain,Franklin,MA,Massachusetts,42.58320767,-72.59165983,2019,70180,364,281,83,0,0,0,0,89,56,40,0,189,175,0,99.72602739726028,0,0.0,16.3,COPD,5.8,True
25011,Colrain,Franklin,MA,Massachusetts,42.58320767,-72.59165983,2019,70180,364,281,83,0,0,0,0,89,56,40,0,189,175,0,99.72602739726028,0,0.0,16.3,Current Asthma,9.7,True
25013,Springfield,Hampden,MA,Massachusetts,42.13523414,-72.63159621,2019,466372,364,260,104,0,0,0,0,93,58,43,6,157,201,0,99.72602739726028,0,0.0,17.9,COPD,6.1,True
25013,Springfield,Hampden,MA,Massachusetts,42.13523414,-72.63159621,2019,466372,364,260,104,0,0,0,0,93,58,43,6,157,201,0,99.72602739726028,0,0.0,17.9,Current Asthma,10.6,True
25015,South Hadley,Hampshire,MA,Massachusetts,42.34035126,-72.66333253,2019,160830,364,296,68,0,0,0,0,93,54,41,1,231,132,0,99.72602739726028,0,0.0,14.2,COPD,5.4,True
25015,South Hadley,Hampshire,MA,Massachusetts,42.34035126,-72.66333253,2019,160830,364,296,68,0,0,0,0,93,54,41,1,231,132,0,99.72602739726028,0,0.0,14.2,Current Asthma,10.0,True
25017,Lowell,Middlesex,MA,Massachusetts,42.48568337,-71.3917076,2019,1611699,364,289,75,0,0,0,0,80,54,41,7,168,189,0,99.72602739726028,0,0.0,11.6,COPD,4.2,True
25017,Lowell,Middlesex,MA,Massachusetts,42.48568337,-71.3917076,2019,1611699,364,289,75,0,0,0,0,80,54,41,7,168,189,0,99.72602739726028,0,0.0,11.6,Current Asthma,9.0,True
25021,Quincy,Norfolk,MA,Massachusetts,42.16108253,-71.20991207,2019,706775,362,352,10,0,0,0,0,100,44,34,13,349,0,0,99.17808219178083,0,0.0,12.2,COPD,4.4,True
25021,Quincy,Norfolk,MA,Massachusetts,42.16108253,-71.20991207,2019,706775,362,352,10,0,0,0,0,100,44,34,13,349,0,0,99.17808219178083,0,0.0,12.2,Current Asthma,9.1,True
25023,Brockton,Plymouth,MA,Massachusetts,41.95163366,-70.81251252,2019,521202,363,289,74,0,0,0,0,90,54,40,0,193,170,0,99.45205479452055,0,0.0,16.1,COPD,5.3,True
25023,Brockton,Plymouth,MA,Massachusetts,41.95163366,-70.81251252,2019,521202,363,289,74,0,0,0,0,90,54,40,0,193,170,0,99.45205479452055,0,0.0,16.1,Current Asthma,10.1,True
25025,Boston,Suffolk,MA,Massachusetts,42.33360243,-71.07098815,2019,803907,365,224,141,0,0,0,0,87,58,46,6,61,297,0,100.0,0,0.0,13.1,COPD,4.9,True
25025,Boston,Suffolk,MA,Massachusetts,42.33360243,-71.07098815,2019,803907,365,224,141,0,0,0,0,87,58,46,6,61,297,0,100.0,0,0.0,13.1,Current Asthma,10.3,True
25027,Worcester,Worcester,MA,Massachusetts,42.3514196,-71.90779452,2019,830622,365,238,127,0,0,0,0,93,59,45,3,127,234,0,100.0,0,0.0,14.8,COPD,5.3,True
25027,Worcester,Worcester,MA,Massachusetts,42.3514196,-71.90779452,2019,830622,365,238,127,0,0,0,0,93,59,45,3,127,234,0,100.0,0,0.0,14.8,Current Asthma,10.4,True
26005,Holland,Allegan,MI,Michigan,42.5913589,-85.88835202,2019,118081,276,224,48,4,0,0,0,115,62,39,0,231,45,0,75.61643835616438,4,1.4492753623188406,19.2,COPD,7.3,True
26005,Holland,Allegan,MI,Michigan,42.5913589,-85.88835202,2019,118081,276,224,48,4,0,0,0,115,62,39,0,231,45,0,75.61643835616438,4,1.4492753623188406,19.2,Current Asthma,10.2,True
26017,Bay City,Bay,MI,Michigan,43.70744904,-83.99194831,2019,103126,316,252,64,0,0,0,0,85,55,34,0,0,316,0,86.57534246575342,0,0.0,21.3,COPD,8.1,True
26017,Bay City,Bay,MI,Michigan,43.70744904,-83.99194831,2019,103126,316,252,64,0,0,0,0,85,55,34,0,0,316,0,86.57534246575342,0,0.0,21.3,Current Asthma,10.9,True
26019,Benzonia,Benzie,MI,Michigan,44.6390794,-86.01545663,2019,17766,247,232,15,0,0,0,0,93,46,36,0,247,0,0,67.67123287671232,0,0.0,18.7,COPD,7.1,True
26019,Benzonia,Benzie,MI,Michigan,44.6390794,-86.01545663,2019,17766,247,232,15,0,0,0,0,93,46,36,0,247,0,0,67.67123287671232,0,0.0,18.7,Current Asthma,10.4,True
26021,Benton Harbor,Berrien,MI,Michigan,41.95468812,-86.41252941,2019,153401,260,232,26,2,0,0,0,112,51,39,0,260,0,0,71.23287671232876,2,0.7692307692307693,20.0,COPD,7.8,True
26021,Benton Harbor,Berrien,MI,Michigan,41.95468812,-86.41252941,2019,153401,260,232,26,2,0,0,0,112,51,39,0,260,0,0,71.23287671232876,2,0.7692307692307693,20.0,Current Asthma,10.8,True
26027,Cassopolis,Cass,MI,Michigan,41.91547815,-85.99407409,2019,51787,255,229,26,0,0,0,0,90,51,39,0,255,0,0,69.86301369863014,0,0.0,21.9,COPD,7.8,True
26027,Cassopolis,Cass,MI,Michigan,41.91547815,-85.99407409,2019,51787,255,229,26,0,0,0,0,90,51,39,0,255,0,0,69.86301369863014,0,0.0,21.9,Current Asthma,10.7,True
26037,Lansing,Clinton,MI,Michigan,42.94395238,-84.6013563,2019,79595,248,243,5,0,0,0,0,67,46,35,0,248,0,0,67.94520547945206,0,0.0,17.8,COPD,6.6,True
26037,Lansing,Clinton,MI,Michigan,42.94395238,-84.6013563,2019,79595,248,243,5,0,0,0,0,67,46,35,0,248,0,0,67.94520547945206,0,0.0,17.8,Current Asthma,10.2,True
26049,Flint,Genesee,MI,Michigan,43.02181142,-83.70611048,2019,405813,340,225,115,0,0,0,0,75,60,42,0,145,195,0,93.15068493150685,0,0.0,22.9,COPD,8.6,True
26049,Flint,Genesee,MI,Michigan,43.02181142,-83.70611048,2019,405813,340,225,115,0,0,0,0,75,60,42,0,145,195,0,93.15068493150685,0,0.0,22.9,Current Asthma,11.9,True
26063,Harbor Beach,Huron,MI,Michigan,43.83329949,-83.01846715,2019,30981,259,250,9,0,0,0,0,90,46,36,0,259,0,0,70.95890410958904,0,0.0,22.2,COPD,8.4,True
26063,Harbor Beach,Huron,MI,Michigan,43.83329949,-83.01846715,2019,30981,259,250,9,0,0,0,0,90,46,36,0,259,0,0,70.95890410958904,0,0.0,22.2,Current Asthma,10.8,True
26065,Lansing,Ingham,MI,Michigan,42.59704503,-84.37359332,2019,292406,365,274,91,0,0,0,0,78,55,40,2,144,219,0,100.0,0,0.0,16.5,COPD,7.1,True
26065,Lansing,Ingham,MI,Michigan,42.59704503,-84.37359332,2019,292406,365,274,91,0,0,0,0,78,55,40,2,144,219,0,100.0,0,0.0,16.5,Current Asthma,11.0,True
26077,Kalamazoo,Kalamazoo,MI,Michigan,42.24535597,-85.53055644,2019,265066,362,260,102,0,0,0,0,87,58,43,0,139,223,0,99.17808219178083,0,0.0,16.9,COPD,6.8,True
26077,Kalamazoo,Kalamazoo,MI,Michigan,42.24535597,-85.53055644,2019,265066,362,260,102,0,0,0,0,87,58,43,0,139,223,0,99.17808219178083,0,0.0,16.9,Current Asthma,10.8,True
26081,Grand Rapids,Kent,MI,Michigan,43.0319496,-85.54933881,2019,656955,365,261,104,0,0,0,0,90,59,40,0,174,184,4,100.0,0,0.0,17.4,COPD,6.5,True
26081,Grand Rapids,Kent,MI,Michigan,43.0319496,-85.54933881,2019,656955,365,261,104,0,0,0,0,90,59,40,0,174,184,4,100.0,0,0.0,17.4,Current Asthma,10.1,True
26091,Adrian,Lenawee,MI,Michigan,41.89513655,-84.06608352,2019,98451,358,233,125,0,0,0,0,91,61,44,0,122,236,0,98.08219178082192,0,0.0,20.4,COPD,7.6,True
26091,Adrian,Lenawee,MI,Michigan,41.89513655,-84.06608352,2019,98451,358,233,125,0,0,0,0,91,61,44,0,122,236,0,98.08219178082192,0,0.0,20.4,Current Asthma,10.6,True
26099,Sterling Heights,Macomb,MI,Michigan,42.69598935,-82.93245314,2019,873972,292,238,53,1,0,0,0,101,58,39,0,234,58,0,80.0,1,0.3424657534246575,19.9,COPD,7.5,True
26099,Sterling Heights,Macomb,MI,Michigan,42.69598935,-82.93245314,2019,873972,292,238,53,1,0,0,0,101,58,39,0,234,58,0,80.0,1,0.3424657534246575,19.9,Current Asthma,10.9,True
26101,Manistee,Manistee,MI,Michigan,44.33338844,-86.056465,2019,24558,269,243,25,1,0,0,0,101,50,36,0,233,36,0,73.6986301369863,1,0.37174721189591076,21.2,COPD,8.0,False
26101,Manistee,Manistee,MI,Michigan,44.33338844,-86.056465,2019,24558,269,243,25,1,0,0,0,101,50,36,0,233,36,0,73.6986301369863,1,0.37174721189591076,21.2,Current Asthma,10.6,False
26105,Ludington,Mason,MI,Michigan,43.99521492,-86.2499955,2019,29144,254,244,10,0,0,0,0,64,46,35,0,254,0,0,69.58904109589041,0,0.0,20.5,COPD,8.0,True
26105,Ludington,Mason,MI,Michigan,43.99521492,-86.2499955,2019,29144,254,244,10,0,0,0,0,64,46,35,0,254,0,0,69.58904109589041,0,0.0,20.5,Current Asthma,10.7,True
26121,Muskegon,Muskegon,MI,Michigan,43.29138347,-86.15198045,2019,173566,262,236,25,1,0,0,0,133,50,38,0,262,0,0,71.78082191780823,1,0.38167938931297707,23.1,COPD,8.2,True
26121,Muskegon,Muskegon,MI,Michigan,43.29138347,-86.15198045,2019,173566,262,236,25,1,0,0,0,133,50,38,0,262,0,0,71.78082191780823,1,0.38167938931297707,23.1,Current Asthma,11.3,True
26125,Pontiac,Oakland,MI,Michigan,42.66042663,-83.38573961,2019,1257584,293,233,58,2,0,0,0,122,60,39,0,228,65,0,80.27397260273973,2,0.6825938566552902,13.6,COPD,5.5,True
26125,Pontiac,Oakland,MI,Michigan,42.66042663,-83.38573961,2019,1257584,293,233,58,2,0,0,0,122,60,39,0,228,65,0,80.27397260273973,2,0.6825938566552902,13.6,Current Asthma,9.8,True
26139,Holland,Ottawa,MI,Michigan,42.95979868,-85.99669431,2019,291830,360,300,60,0,0,0,0,100,61,37,78,216,63,3,98.63013698630137,0,0.0,16.2,COPD,6.3,True
26139,Holland,Ottawa,MI,Michigan,42.95979868,-85.99669431,2019,291830,360,300,60,0,0,0,0,100,61,37,78,216,63,3,98.63013698630137,0,0.0,16.2,Current Asthma,10.1,True
26153,Manistique,Schoolcraft,MI,Michigan,46.19666733,-86.19985663,2019,8094,364,339,25,0,0,0,0,90,46,31,0,222,142,0,99.72602739726028,0,0.0,24.9,COPD,9.1,True
26153,Manistique,Schoolcraft,MI,Michigan,46.19666733,-86.19985663,2019,8094,364,339,25,0,0,0,0,90,46,31,0,222,142,0,99.72602739726028,0,0.0,24.9,Current Asthma,11.4,True
26147,Port Huron,St. Clair,MI,Michigan,42.93312377,-82.68082004,2019,159128,365,266,96,3,0,0,0,108,60,41,0,138,227,0,100.0,3,0.821917808219178,21.4,COPD,8.0,True
26147,Port Huron,St. Clair,MI,Michigan,42.93312377,-82.68082004,2019,159128,365,266,96,3,0,0,0,108,60,41,0,138,227,0,100.0,3,0.821917808219178,21.4,Current Asthma,10.8,True
26157,Vassar,Tuscola,MI,Michigan,43.46474375,-83.41725305,2019,52245,355,345,10,0,0,0,0,77,46,33,0,355,0,0,97.26027397260275,0,0.0,23.6,COPD,8.7,True
26157,Vassar,Tuscola,MI,Michigan,43.46474375,-83.41725305,2019,52245,355,345,10,0,0,0,0,77,46,33,0,355,0,0,97.26027397260275,0,0.0,23.6,Current Asthma,10.8,True
26161,Ann Arbor,Washtenaw,MI,Michigan,42.25327815,-83.83844661,2019,367601,365,248,117,0,0,0,0,89,61,44,0,174,191,0,100.0,0,0.0,14.0,COPD,5.6,True
26161,Ann Arbor,Washtenaw,MI,Michigan,42.25327815,-83.83844661,2019,367601,365,248,117,0,0,0,0,89,61,44,0,174,191,0,100.0,0,0.0,14.0,Current Asthma,9.6,True
26163,Detroit,Wayne,MI,Michigan,42.28152332,-83.28239727,2019,1749343,365,81,275,9,0,0,0,142,77,58,4,28,325,8,100.0,9,2.4657534246575343,22.0,COPD,8.4,True
26163,Detroit,Wayne,MI,Michigan,42.28152332,-83.28239727,2019,1749343,365,81,275,9,0,0,0,142,77,58,4,28,325,8,100.0,9,2.4657534246575343,22.0,Current Asthma,11.8,True
26165,Cadillac,Wexford,MI,Michigan,44.338431,-85.57816538,2019,33631,340,322,18,0,0,0,0,74,46,34,0,340,0,0,93.15068493150685,0,0.0,23.4,COPD,8.9,True
26165,Cadillac,Wexford,MI,Michigan,44.338431,-85.57816538,2019,33631,340,322,18,0,0,0,0,74,46,34,0,340,0,0,93.15068493150685,0,0.0,23.4,Current Asthma,11.2,True
27003,Anoka,Anoka,MN,Minnesota,45.27311706,-93.24718505,2019,356921,364,274,89,1,0,0,0,122,59,39,5,205,152,0,99.72602739726028,1,0.27472527472527475,16.6,COPD,4.6,True
27003,Anoka,Anoka,MN,Minnesota,45.27311706,-93.24718505,2019,356921,364,274,89,1,0,0,0,122,59,39,5,205,152,0,99.72602739726028,1,0.27472527472527475,16.6,Current Asthma,8.4,True
27005,Detroit Lakes,Becker,MN,Minnesota,46.93480042,-95.67423147,2019,34423,360,325,34,1,0,0,0,105,50,31,0,170,190,0,98.63013698630137,1,0.2777777777777778,19.6,COPD,5.7,True
27005,Detroit Lakes,Becker,MN,Minnesota,46.93480042,-95.67423147,2019,34423,360,325,34,1,0,0,0,105,50,31,0,170,190,0,98.63013698630137,1,0.2777777777777778,19.6,Current Asthma,9.3,True
27007,Bemidji,Beltrami,MN,Minnesota,47.97351099,-94.93773575,2019,47188,352,307,43,1,1,0,0,191,53,26,0,0,352,0,96.43835616438356,2,0.5681818181818182,21.5,COPD,6.4,True
27007,Bemidji,Beltrami,MN,Minnesota,47.97351099,-94.93773575,2019,47188,352,307,43,1,1,0,0,191,53,26,0,0,352,0,96.43835616438356,2,0.5681818181818182,21.5,Current Asthma,10.1,True
27017,Cloquet,Carlton,MN,Minnesota,46.59234267,-92.67718507,2019,35871,356,341,15,0,0,0,0,80,45,28,0,206,150,0,97.53424657534246,0,0.0,20.4,COPD,5.6,True
27017,Cloquet,Carlton,MN,Minnesota,46.59234267,-92.67718507,2019,35871,356,341,15,0,0,0,0,80,45,28,0,206,150,0,97.53424657534246,0,0.0,20.4,Current Asthma,9.3,True
27035,Brainerd,Crow Wing,MN,Minnesota,46.48262624,-94.07065652,2019,65055,359,324,34,1,0,0,0,101,50,31,0,162,197,0,98.35616438356163,1,0.2785515320334262,20.7,COPD,5.6,True
27035,Brainerd,Crow Wing,MN,Minnesota,46.48262624,-94.07065652,2019,65055,359,324,34,1,0,0,0,101,50,31,0,162,197,0,98.35616438356163,1,0.2785515320334262,20.7,Current Asthma,9.2,True
27037,Rosemount,Dakota,MN,Minnesota,44.67221111,-93.06578379,2019,429021,365,269,96,0,0,0,0,90,61,36,23,0,342,0,100.0,0,0.0,14.1,COPD,3.9,True
27037,Rosemount,Dakota,MN,Minnesota,44.67221111,-93.06578379,2019,429021,365,269,96,0,0,0,0,90,61,36,23,0,342,0,100.0,0,0.0,14.1,Current Asthma,8.3,True
27049,Red Wing,Goodhue,MN,Minnesota,44.40971567,-92.72265103,2019,46340,216,203,13,0,0,0,0,97,48,37,0,216,0,0,59.178082191780824,0,0.0,18.5,COPD,5.0,True
27049,Red Wing,Goodhue,MN,Minnesota,44.40971567,-92.72265103,2019,46340,216,203,13,0,0,0,0,97,48,37,0,216,0,0,59.178082191780824,0,0.0,18.5,Current Asthma,9.0,True
27053,Minneapolis,Hennepin,MN,Minnesota,45.00455358,-93.47676098,2019,1265843,365,187,178,0,0,0,0,95,65,49,3,41,230,91,100.0,0,0.0,12.7,COPD,4.0,True
27053,Minneapolis,Hennepin,MN,Minnesota,45.00455358,-93.47676098,2019,1265843,365,187,178,0,0,0,0,95,65,49,3,41,230,91,100.0,0,0.0,12.7,Current Asthma,8.3,True
27075,Silver Bay,Lake,MN,Minnesota,47.64114871,-91.44608986,2019,10641,363,333,30,0,0,0,0,83,48,31,0,117,213,33,99.45205479452055,0,0.0,18.1,COPD,5.1,True
27075,Silver Bay,Lake,MN,Minnesota,47.64114871,-91.44608986,2019,10641,363,333,30,0,0,0,0,83,48,31,0,117,213,33,99.45205479452055,0,0.0,18.1,Current Asthma,9.0,True
27083,Marshall,Lyon,MN,Minnesota,44.41338267,-95.83916416,2019,25474,362,306,56,0,0,0,0,87,54,34,0,163,199,0,99.17808219178083,0,0.0,19.1,COPD,5.6,True
27083,Marshall,Lyon,MN,Minnesota,44.41338267,-95.83916416,2019,25474,362,306,56,0,0,0,0,87,54,34,0,163,199,0,99.17808219178083,0,0.0,19.1,Current Asthma,9.2,True
27095,Onamia,Mille Lacs,MN,Minnesota,45.93773036,-93.62991536,2019,26277,247,239,8,0,0,0,0,90,44,32,0,247,0,0,67.67123287671232,0,0.0,21.9,COPD,6.2,False
27095,Onamia,Mille Lacs,MN,Minnesota,45.93773036,-93.62991536,2019,26277,247,239,8,0,0,0,0,90,44,32,0,247,0,0,67.67123287671232,0,0.0,21.9,Current Asthma,9.7,False
27109,Rochester,Olmsted,MN,Minnesota,44.00380772,-92.40209709,2019,158293,364,271,93,0,0,0,0,86,60,40,0,137,227,0,99.72602739726028,0,0.0,13.7,COPD,4.2,True
27109,Rochester,Olmsted,MN,Minnesota,44.00380772,-92.40209709,2019,158293,364,271,93,0,0,0,0,86,60,40,0,137,227,0,99.72602739726028,0,0.0,13.7,Current Asthma,8.7,True
27123,St. Paul,Ramsey,MN,Minnesota,45.01735829,-93.10005754,2019,550321,365,246,119,0,0,0,0,91,63,39,0,0,346,19,100.0,0,0.0,15.3,COPD,4.8,True
27123,St. Paul,Ramsey,MN,Minnesota,45.01735829,-93.10005754,2019,550321,365,246,119,0,0,0,0,91,63,39,0,0,346,19,100.0,0,0.0,15.3,Current Asthma,9.2,True
27139,Shakopee,Scott,MN,Minnesota,44.64866826,-93.53599395,2019,149013,365,273,92,0,0,0,0,93,58,38,0,192,173,0,100.0,0,0.0,13.7,COPD,4.1,True
27139,Shakopee,Scott,MN,Minnesota,44.64866826,-93.53599395,2019,149013,365,273,92,0,0,0,0,93,58,38,0,192,173,0,100.0,0,0.0,13.7,Current Asthma,8.3,True
27145,St. Cloud,Stearns,MN,Minnesota,45.55212021,-94.61299203,2019,161075,344,290,54,0,0,0,0,94,55,34,0,194,150,0,94.24657534246576,0,0.0,17.8,COPD,5.3,True
27145,St. Cloud,Stearns,MN,Minnesota,45.55212021,-94.61299203,2019,161075,344,290,54,0,0,0,0,94,55,34,0,194,150,0,94.24657534246576,0,0.0,17.8,Current Asthma,9.1,True
27163,St. Paul Park,Washington,MN,Minnesota,45.03847943,-92.88389216,2019,262440,260,192,68,0,0,0,0,87,64,37,0,170,89,1,71.23287671232876,0,0.0,13.0,COPD,3.8,True
27163,St. Paul Park,Washington,MN,Minnesota,45.03847943,-92.88389216,2019,262440,260,192,68,0,0,0,0,87,64,37,0,170,89,1,71.23287671232876,0,0.0,13.0,Current Asthma,8.4,True
27171,Monticello,Wright,MN,Minnesota,45.17382265,-93.96289806,2019,138377,362,289,73,0,0,0,0,90,58,36,0,199,163,0,99.17808219178083,0,0.0,15.6,COPD,4.5,True
27171,Monticello,Wright,MN,Minnesota,45.17382265,-93.96289806,2019,138377,362,289,73,0,0,0,0,90,58,36,0,199,163,0,99.17808219178083,0,0.0,15.6,Current Asthma,8.4,True
28011,Cleveland,Bolivar,MS,Mississippi,33.79526508,-90.8802994,2019,30628,364,197,167,0,0,0,0,96,64,49,0,95,269,0,99.72602739726028,0,0.0,22.4,COPD,9.0,True
28011,Cleveland,Bolivar,MS,Mississippi,33.79526508,-90.8802994,2019,30628,364,197,167,0,0,0,0,96,64,49,0,95,269,0,99.72602739726028,0,0.0,22.4,Current Asthma,11.8,True
28033,Hernando,DeSoto,MS,Mississippi,34.87557805,-89.99137922,2019,184945,364,222,141,1,0,0,0,136,60,46,0,93,271,0,99.72602739726028,1,0.27472527472527475,17.3,COPD,5.9,True
28033,Hernando,DeSoto,MS,Mississippi,34.87557805,-89.99137922,2019,184945,364,222,141,1,0,0,0,136,60,46,0,93,271,0,99.72602739726028,1,0.27472527472527475,17.3,Current Asthma,9.3,True
28035,Hattiesburg,Forrest,MS,Mississippi,31.18899065,-89.25794407,2019,74897,358,210,148,0,0,0,0,77,60,46,0,0,358,0,98.08219178082192,0,0.0,19.6,COPD,7.7,True
28035,Hattiesburg,Forrest,MS,Mississippi,31.18899065,-89.25794407,2019,74897,358,210,148,0,0,0,0,77,60,46,0,0,358,0,98.08219178082192,0,0.0,19.6,Current Asthma,10.5,True
28045,Waveland,Hancock,MS,Mississippi,30.41593954,-89.48853302,2019,47632,365,263,102,0,0,0,0,80,58,43,0,122,243,0,100.0,0,0.0,20.2,COPD,7.4,True
28045,Waveland,Hancock,MS,Mississippi,30.41593954,-89.48853302,2019,47632,365,263,102,0,0,0,0,80,58,43,0,122,243,0,100.0,0,0.0,20.2,Current Asthma,9.5,True
28047,Gulfport,Harrison,MS,Mississippi,30.51042193,-89.11481018,2019,208080,363,201,162,0,0,0,0,97,63,47,0,69,294,0,99.45205479452055,0,0.0,20.8,COPD,7.2,True
28047,Gulfport,Harrison,MS,Mississippi,30.51042193,-89.11481018,2019,208080,363,201,162,0,0,0,0,97,63,47,0,69,294,0,99.45205479452055,0,0.0,20.8,Current Asthma,9.9,True
28049,Jackson,Hinds,MS,Mississippi,32.26689259,-90.44323685,2019,231840,365,161,204,0,0,0,0,100,66,52,0,70,295,0,100.0,0,0.0,18.4,COPD,6.7,True
28049,Jackson,Hinds,MS,Mississippi,32.26689259,-90.44323685,2019,231840,365,161,204,0,0,0,0,100,66,52,0,70,295,0,100.0,0,0.0,18.4,Current Asthma,10.7,True
28059,Pascagoula,Jackson,MS,Mississippi,30.54102224,-88.63579973,2019,143617,365,232,132,1,0,0,0,105,61,46,0,94,271,0,100.0,1,0.273972602739726,18.9,COPD,6.6,True
28059,Pascagoula,Jackson,MS,Mississippi,30.54102224,-88.63579973,2019,143617,365,232,132,1,0,0,0,105,61,46,0,94,271,0,100.0,1,0.273972602739726,18.9,Current Asthma,9.4,True
28075,Meridian,Lauderdale,MS,Mississippi,32.40429857,-88.66247435,2019,74125,245,229,16,0,0,0,0,77,49,36,0,245,0,0,67.12328767123287,0,0.0,21.8,COPD,7.7,True
28075,Meridian,Lauderdale,MS,Mississippi,32.40429857,-88.66247435,2019,74125,245,229,16,0,0,0,0,77,49,36,0,245,0,0,67.12328767123287,0,0.0,21.8,Current Asthma,10.3,True
28081,Tupelo,Lee,MS,Mississippi,34.28986527,-88.68028567,2019,85436,241,222,19,0,0,0,0,84,49,39,0,241,0,0,66.02739726027397,0,0.0,20.0,COPD,6.9,True
28081,Tupelo,Lee,MS,Mississippi,34.28986527,-88.68028567,2019,85436,241,222,19,0,0,0,0,84,49,39,0,241,0,0,66.02739726027397,0,0.0,20.0,Current Asthma,9.7,True
29019,Columbia,Boone,MO,Missouri,38.99096203,-92.30975209,2019,180463,245,239,6,0,0,0,0,71,46,38,0,245,0,0,67.12328767123287,0,0.0,18.0,COPD,6.8,True
29019,Columbia,Boone,MO,Missouri,38.99096203,-92.30975209,2019,180463,245,239,6,0,0,0,0,71,46,38,0,245,0,0,67.12328767123287,0,0.0,18.0,Current Asthma,9.6,True
29021,St. Joseph,Buchanan,MO,Missouri,39.65990479,-94.8061907,2019,87364,365,223,142,0,0,0,0,84,61,42,0,0,327,38,100.0,0,0.0,23.8,COPD,8.5,True
29021,St. Joseph,Buchanan,MO,Missouri,39.65990479,-94.8061907,2019,87364,365,223,142,0,0,0,0,84,61,42,0,0,327,38,100.0,0,0.0,23.8,Current Asthma,10.0,True
29027,Fulton,Callaway,MO,Missouri,38.83587064,-91.92596368,2019,44743,245,238,7,0,0,0,0,71,47,39,0,245,0,0,67.12328767123287,0,0.0,21.9,COPD,7.7,True
29027,Fulton,Callaway,MO,Missouri,38.83587064,-91.92596368,2019,44743,245,238,7,0,0,0,0,71,47,39,0,245,0,0,67.12328767123287,0,0.0,21.9,Current Asthma,10.1,True
29037,Kansas City,Cass,MO,Missouri,38.64715476,-94.35490172,2019,105780,365,289,76,0,0,0,0,93,57,42,0,173,192,0,100.0,0,0.0,19.8,COPD,7.0,True
29037,Kansas City,Cass,MO,Missouri,38.64715476,-94.35490172,2019,105780,365,289,76,0,0,0,0,93,57,42,0,173,192,0,100.0,0,0.0,19.8,Current Asthma,10.1,True
29047,Kansas City,Clay,MO,Missouri,39.31041306,-94.42119039,2019,249948,365,266,99,0,0,0,0,90,61,43,0,203,162,0,100.0,0,0.0,18.4,COPD,6.2,True
29047,Kansas City,Clay,MO,Missouri,39.31041306,-94.42119039,2019,249948,365,266,99,0,0,0,0,90,61,43,0,203,162,0,100.0,0,0.0,18.4,Current Asthma,9.6,True
29049,Trimble,Clinton,MO,Missouri,39.60125202,-94.40470255,2019,20387,245,213,32,0,0,0,0,87,54,42,0,245,0,0,67.12328767123287,0,0.0,21.1,COPD,7.3,True
29049,Trimble,Clinton,MO,Missouri,39.60125202,-94.40470255,2019,20387,245,213,32,0,0,0,0,87,54,42,0,245,0,0,67.12328767123287,0,0.0,21.1,Current Asthma,9.6,True
29077,Springfield,Greene,MO,Missouri,37.25758981,-93.34190192,2019,293086,365,262,103,0,0,0,0,77,57,43,0,143,208,14,100.0,0,0.0,20.1,COPD,7.8,True
29077,Springfield,Greene,MO,Missouri,37.25758981,-93.34190192,2019,293086,365,262,103,0,0,0,0,77,57,43,0,143,208,14,100.0,0,0.0,20.1,Current Asthma,9.8,True
29095,Kansas City,Jackson,MO,Missouri,39.0085879,-94.34611311,2019,703011,365,192,173,0,0,0,0,93,65,49,19,0,330,16,100.0,0,0.0,21.8,COPD,7.3,True
29095,Kansas City,Jackson,MO,Missouri,39.0085879,-94.34611311,2019,703011,365,192,173,0,0,0,0,93,65,49,19,0,330,16,100.0,0,0.0,21.8,Current Asthma,10.7,True
29097,Joplin,Jasper,MO,Missouri,37.20347421,-94.3405,2019,121328,365,324,40,1,0,0,0,108,51,37,0,220,0,145,100.0,1,0.273972602739726,21.6,COPD,8.2,True
29097,Joplin,Jasper,MO,Missouri,37.20347421,-94.3405,2019,121328,365,324,40,1,0,0,0,108,51,37,0,220,0,145,100.0,1,0.273972602739726,21.6,Current Asthma,10.2,True
29099,Herculaneum,Jefferson,MO,Missouri,38.2604074,-90.53735223,2019,225081,361,252,107,2,0,0,0,105,62,42,0,182,167,12,98.9041095890411,2,0.554016620498615,22.5,COPD,7.3,True
29099,Herculaneum,Jefferson,MO,Missouri,38.2604074,-90.53735223,2019,225081,361,252,107,2,0,0,0,105,62,42,0,182,167,12,98.9041095890411,2,0.554016620498615,22.5,Current Asthma,9.5,True
29113,Foley,Lincoln,MO,Missouri,39.05811043,-90.95983061,2019,59013,245,223,22,0,0,0,0,100,50,40,0,245,0,0,67.12328767123287,0,0.0,23.1,COPD,7.9,True
29113,Foley,Lincoln,MO,Missouri,39.05811043,-90.95983061,2019,59013,245,223,22,0,0,0,0,100,50,40,0,245,0,0,67.12328767123287,0,0.0,23.1,Current Asthma,10.0,True
29510,St. Louis,St. Louis City,MO,Missouri,38.63486546,-90.24550527,2019,300576,365,135,225,5,0,0,0,129,72,54,4,91,264,6,100.0,5,1.36986301369863,19.8,COPD,7.4,False
29510,St. Louis,St. Louis City,MO,Missouri,38.63486546,-90.24550527,2019,300576,365,135,225,5,0,0,0,129,72,54,4,91,264,6,100.0,5,1.36986301369863,19.8,Current Asthma,10.5,False
30013,Great Falls,Cascade,MT,Montana,47.30815781,-111.3472074,2019,81366,363,326,36,1,0,0,0,106,51,28,0,0,363,0,99.45205479452055,1,0.27548209366391185,19.5,COPD,6.5,True
30013,Great Falls,Cascade,MT,Montana,47.30815781,-111.3472074,2019,81366,363,326,36,1,0,0,0,106,51,28,0,0,363,0,99.45205479452055,1,0.27548209366391185,19.5,Current Asthma,10.6,True
30027,Lewistown,Fergus,MT,Montana,47.2634977,-109.2239505,2019,11050,365,343,22,0,0,0,0,86,48,38,0,313,50,2,100.0,0,0.0,18.4,COPD,6.3,True
30027,Lewistown,Fergus,MT,Montana,47.2634977,-109.2239505,2019,11050,365,343,22,0,0,0,0,86,48,38,0,313,50,2,100.0,0,0.0,18.4,Current Asthma,10.0,True
30029,Kalispell,Flathead,MT,Montana,48.29638793,-114.0498116,2019,103806,365,267,97,1,0,0,0,103,61,39,0,198,143,24,100.0,1,0.273972602739726,17.2,COPD,5.8,True
30029,Kalispell,Flathead,MT,Montana,48.29638793,-114.0498116,2019,103806,365,267,97,1,0,0,0,103,61,39,0,198,143,24,100.0,1,0.273972602739726,17.2,Current Asthma,9.6,True
30031,Bozeman,Gallatin,MT,Montana,45.54099278,-111.1706687,2019,114434,365,301,64,0,0,0,0,92,55,33,15,0,346,0,100.0,0,0.0,12.4,COPD,4.8,True
30031,Bozeman,Gallatin,MT,Montana,45.54099278,-111.1706687,2019,114434,365,301,64,0,0,0,0,92,55,33,15,0,346,0,100.0,0,0.0,12.4,Current Asthma,9.0,True
30049,East Helena,Lewis and Clark,MT,Montana,47.12500178,-112.3914368,2019,69432,365,251,112,2,0,0,0,144,68,43,0,200,165,0,100.0,2,0.547945205479452,16.2,COPD,5.2,True
30049,East Helena,Lewis and Clark,MT,Montana,47.12500178,-112.3914368,2019,69432,365,251,112,2,0,0,0,144,68,43,0,200,165,0,100.0,2,0.547945205479452,16.2,Current Asthma,9.4,True
30053,Libby,Lincoln,MT,Montana,48.54368709,-115.404551,2019,19980,364,189,174,1,0,0,0,102,75,48,0,0,353,11,99.72602739726028,1,0.27472527472527475,20.1,COPD,7.3,True
30053,Libby,Lincoln,MT,Montana,48.54368709,-115.404551,2019,19980,364,189,174,1,0,0,0,102,75,48,0,0,353,11,99.72602739726028,1,0.27472527472527475,20.1,Current Asthma,10.4,True
30063,Missoula,Missoula,MT,Montana,47.036676,-113.923884,2019,119600,365,173,188,3,1,0,0,153,78,52,0,0,364,1,100.0,4,1.095890410958904,16.2,COPD,5.4,False
30063,Missoula,Missoula,MT,Montana,47.036676,-113.923884,2019,119600,365,173,188,3,1,0,0,153,78,52,0,0,364,1,100.0,4,1.095890410958904,16.2,Current Asthma,9.2,False
30083,Sidney,Richland,MT,Montana,47.78659364,-104.5613147,2019,10803,365,322,43,0,0,0,0,93,51,37,0,275,85,5,100.0,0,0.0,16.5,COPD,5.5,True
30083,Sidney,Richland,MT,Montana,47.78659364,-104.5613147,2019,10803,365,322,43,0,0,0,0,93,51,37,0,275,85,5,100.0,0,0.0,16.5,Current Asthma,9.2,True
30087,Forsyth,Rosebud,MT,Montana,46.23004715,-106.7311046,2019,8937,365,328,36,1,0,0,0,108,51,36,2,269,64,30,100.0,1,0.273972602739726,23.0,COPD,7.3,False
30087,Forsyth,Rosebud,MT,Montana,46.23004715,-106.7311046,2019,8937,365,328,36,1,0,0,0,108,51,36,2,269,64,30,100.0,1,0.273972602739726,23.0,Current Asthma,10.8,False
30089,Thompson Falls,Sanders,MT,Montana,47.67525908,-115.1351472,2019,12113,365,289,76,0,0,0,0,95,56,33,0,0,357,8,100.0,0,0.0,21.7,COPD,7.8,True
30089,Thompson Falls,Sanders,MT,Montana,47.67525908,-115.1351472,2019,12113,365,289,76,0,0,0,0,95,56,33,0,0,357,8,100.0,0,0.0,21.7,Current Asthma,10.7,True
30093,Butte-Silver Bow (Remainder),Silver Bow,MT,Montana,45.90246998,-112.6565342,2019,34915,363,293,70,0,0,0,0,92,60,24,0,0,236,127,99.45205479452055,0,0.0,20.1,COPD,6.7,True
30093,Butte-Silver Bow (Remainder),Silver Bow,MT,Montana,45.90246998,-112.6565342,2019,34915,363,293,70,0,0,0,0,92,60,24,0,0,236,127,99.45205479452055,0,0.0,20.1,Current Asthma,10.6,True
30111,Billings,Yellowstone,MT,Montana,45.93708467,-108.2747621,2019,161300,292,271,20,0,1,0,0,159,47,31,0,0,292,0,80.0,1,0.3424657534246575,17.5,COPD,5.5,True
30111,Billings,Yellowstone,MT,Montana,45.93708467,-108.2747621,2019,161300,292,271,20,0,1,0,0,159,47,31,0,0,292,0,80.0,1,0.3424657534246575,17.5,Current Asthma,9.9,True
31055,Omaha,Douglas,NE,Nebraska,41.2953645,-96.15443141,2019,571327,365,273,92,0,0,0,0,80,59,42,0,156,207,2,100.0,0,0.0,15.9,COPD,5.1,True
31055,Omaha,Douglas,NE,Nebraska,41.2953645,-96.15443141,2019,571327,365,273,92,0,0,0,0,80,59,42,0,156,207,2,100.0,0,0.0,15.9,Current Asthma,8.5,True
31109,Lincoln,Lancaster,NE,Nebraska,40.78417546,-96.68776167,2019,319090,288,249,39,0,0,0,0,70,52,36,0,214,74,0,78.9041095890411,0,0.0,14.4,COPD,4.9,True
31109,Lincoln,Lancaster,NE,Nebraska,40.78417546,-96.68776167,2019,319090,288,249,39,0,0,0,0,70,52,36,0,214,74,0,78.9041095890411,0,0.0,14.4,Current Asthma,8.4,True
31153,Bellevue,Sarpy,NE,Nebraska,41.11290981,-96.11062145,2019,187196,350,240,110,0,0,0,0,82,60,39,0,0,350,0,95.8904109589041,0,0.0,13.2,COPD,4.2,True
31153,Bellevue,Sarpy,NE,Nebraska,41.11290981,-96.11062145,2019,187196,350,240,110,0,0,0,0,82,60,39,0,0,350,0,95.8904109589041,0,0.0,13.2,Current Asthma,7.5,True
32510,Carson City,Carson City,NV,Nevada,39.15109487,-119.747306,2019,55916,365,296,69,0,0,0,0,97,58,44,0,277,88,0,100.0,0,0.0,17.4,COPD,6.6,True
32510,Carson City,Carson City,NV,Nevada,39.15109487,-119.747306,2019,55916,365,296,69,0,0,0,0,97,58,44,0,277,88,0,100.0,0,0.0,17.4,Current Asthma,9.0,True
32001,Fallon,Churchill,NV,Nevada,39.58047517,-118.3356428,2019,24909,353,323,30,0,0,0,0,80,50,41,0,353,0,0,96.7123287671233,0,0.0,18.9,COPD,7.1,True
32001,Fallon,Churchill,NV,Nevada,39.58047517,-118.3356428,2019,24909,353,323,30,0,0,0,0,80,50,41,0,353,0,0,96.7123287671233,0,0.0,18.9,Current Asthma,9.4,True
32019,Churchill,Lyon,NV,Nevada,39.0207291,-119.1892491,2019,57510,356,344,12,0,0,0,0,71,47,38,0,346,0,10,97.53424657534246,0,0.0,20.6,COPD,7.3,True
32019,Churchill,Lyon,NV,Nevada,39.0207291,-119.1892491,2019,57510,356,344,12,0,0,0,0,71,47,38,0,346,0,10,97.53424657534246,0,0.0,20.6,Current Asthma,9.6,True
32031,Reno,Washoe,NV,Nevada,40.66589089,-119.6642183,2019,471519,365,214,151,0,0,0,0,97,64,48,2,273,87,3,100.0,0,0.0,15.6,COPD,5.9,False
32031,Reno,Washoe,NV,Nevada,40.66589089,-119.6642183,2019,471519,365,214,151,0,0,0,0,97,64,48,2,273,87,3,100.0,0,0.0,15.6,Current Asthma,9.7,False
32033,Lehman Caves National Monument,White Pine,NV,Nevada,39.44219321,-114.9013371,2019,9580,362,294,67,1,0,0,0,101,61,44,0,361,1,0,99.17808219178083,1,0.2762430939226519,20.4,COPD,7.3,True
32033,Lehman Caves National Monument,White Pine,NV,Nevada,39.44219321,-114.9013371,2019,9580,362,294,67,1,0,0,0,101,61,44,0,361,1,0,99.17808219178083,1,0.2762430939226519,20.4,Current Asthma,9.0,True
33001,Laconia,Belknap,NH,New Hampshire,43.51812342,-71.42299959,2019,61303,316,292,24,0,0,0,0,77,48,32,0,156,160,0,86.57534246575342,0,0.0,16.8,COPD,5.8,True
33001,Laconia,Belknap,NH,New Hampshire,43.51812342,-71.42299959,2019,61303,316,292,24,0,0,0,0,77,48,32,0,156,160,0,86.57534246575342,0,0.0,16.8,Current Asthma,10.2,True
33005,Keene,Cheshire,NH,New Hampshire,42.91955278,-72.25111371,2019,76085,365,331,34,0,0,0,0,82,50,35,0,254,111,0,100.0,0,0.0,17.6,COPD,6.1,True
33005,Keene,Cheshire,NH,New Hampshire,42.91955278,-72.25111371,2019,76085,365,331,34,0,0,0,0,82,50,35,0,254,111,0,100.0,0,0.0,17.6,Current Asthma,10.6,True
33007,Berlin,Coos,NH,New Hampshire,44.68953426,-71.30573181,2019,31563,324,313,11,0,0,0,0,64,47,40,0,304,20,0,88.76712328767124,0,0.0,21.4,COPD,7.4,True
33007,Berlin,Coos,NH,New Hampshire,44.68953426,-71.30573181,2019,31563,324,313,11,0,0,0,0,64,47,40,0,304,20,0,88.76712328767124,0,0.0,21.4,Current Asthma,10.7,True
33009,Lebanon,Grafton,NH,New Hampshire,43.94056642,-71.8207105,2019,89886,365,332,33,0,0,0,0,65,50,35,0,248,117,0,100.0,0,0.0,16.3,COPD,5.9,True
33009,Lebanon,Grafton,NH,New Hampshire,43.94056642,-71.8207105,2019,89886,365,332,33,0,0,0,0,65,50,35,0,248,117,0,100.0,0,0.0,16.3,Current Asthma,10.1,True
33011,Manchester,Hillsborough,NH,New Hampshire,42.91527242,-71.71586918,2019,417025,365,345,20,0,0,0,0,80,47,37,0,337,28,0,100.0,0,0.0,15.4,COPD,5.5,True
33011,Manchester,Hillsborough,NH,New Hampshire,42.91527242,-71.71586918,2019,417025,365,345,20,0,0,0,0,80,47,37,0,337,28,0,100.0,0,0.0,15.4,Current Asthma,10.7,True
33013,Concord,Merrimack,NH,New Hampshire,43.29728671,-71.68048703,2019,151391,210,206,4,0,0,0,0,61,44,36,0,210,0,0,57.534246575342465,0,0.0,15.9,COPD,5.7,True
33013,Concord,Merrimack,NH,New Hampshire,43.29728671,-71.68048703,2019,151391,210,206,4,0,0,0,0,61,44,36,0,210,0,0,57.534246575342465,0,0.0,15.9,Current Asthma,10.1,True
33015,Portsmouth,Rockingham,NH,New Hampshire,42.98765666,-71.12518801,2019,309769,365,319,45,1,0,0,0,112,52,39,0,255,110,0,100.0,1,0.273972602739726,14.3,COPD,4.9,True
33015,Portsmouth,Rockingham,NH,New Hampshire,42.98765666,-71.12518801,2019,309769,365,319,45,1,0,0,0,112,52,39,0,255,110,0,100.0,1,0.273972602739726,14.3,Current Asthma,9.5,True
35001,Albuquerque,Bernalillo,NM,New Mexico,35.05138426,-106.6703911,2019,679121,365,134,227,4,0,0,0,108,77,55,1,218,110,36,100.0,4,1.095890410958904,14.8,COPD,4.6,False
35001,Albuquerque,Bernalillo,NM,New Mexico,35.05138426,-106.6703911,2019,679121,365,134,227,4,0,0,0,108,77,55,1,218,110,36,100.0,4,1.095890410958904,14.8,Current Asthma,9.0,False
35025,Hobbs,Lea,NM,New Mexico,32.79215164,-103.4124554,2019,71070,365,210,151,4,0,0,0,140,71,48,4,252,109,0,100.0,4,1.095890410958904,16.9,COPD,5.7,True
35025,Hobbs,Lea,NM,New Mexico,32.79215164,-103.4124554,2019,71070,365,210,151,4,0,0,0,140,71,48,4,252,109,0,100.0,4,1.095890410958904,16.9,Current Asthma,9.2,True
35039,Espanola,Rio Arriba,NM,New Mexico,36.50976044,-106.6929242,2019,38921,358,315,43,0,0,0,0,90,54,43,0,354,4,0,98.08219178082192,0,0.0,16.6,COPD,4.9,True
35039,Espanola,Rio Arriba,NM,New Mexico,36.50976044,-106.6929242,2019,38921,358,315,43,0,0,0,0,90,54,43,0,354,4,0,98.08219178082192,0,0.0,16.6,Current Asthma,8.7,True
35043,Rio Rancho Estates,Sandoval,NM,New Mexico,35.68927633,-106.8659955,2019,146748,363,275,88,0,0,0,0,97,61,44,0,350,11,2,99.45205479452055,0,0.0,13.9,COPD,4.6,True
35043,Rio Rancho Estates,Sandoval,NM,New Mexico,35.68927633,-106.8659955,2019,146748,363,275,88,0,0,0,0,97,61,44,0,350,11,2,99.45205479452055,0,0.0,13.9,Current Asthma,8.7,True
35049,Santa Fe,Santa Fe,NM,New Mexico,35.50672925,-105.9761323,2019,150358,362,273,88,1,0,0,0,101,67,44,0,349,13,0,99.17808219178083,1,0.2762430939226519,11.9,COPD,4.2,True
35049,Santa Fe,Santa Fe,NM,New Mexico,35.50672925,-105.9761323,2019,150358,362,273,88,1,0,0,0,101,67,44,0,349,13,0,99.17808219178083,1,0.2762430939226519,11.9,Current Asthma,8.0,True
35055,Taos,Taos,NM,New Mexico,36.57742322,-105.6328165,2019,32723,358,315,43,0,0,0,0,73,53,21,0,0,358,0,98.08219178082192,0,0.0,13.9,COPD,4.8,False
35055,Taos,Taos,NM,New Mexico,36.57742322,-105.6328165,2019,32723,358,315,43,0,0,0,0,73,53,21,0,0,358,0,98.08219178082192,0,0.0,13.9,Current Asthma,8.6,False
35061,Belen,Valencia,NM,New Mexico,34.71554562,-106.8090704,2019,76688,357,270,87,0,0,0,0,93,67,44,0,357,0,0,97.80821917808218,0,0.0,16.3,COPD,5.0,True
35061,Belen,Valencia,NM,New Mexico,34.71554562,-106.8090704,2019,76688,357,270,87,0,0,0,0,93,67,44,0,357,0,0,97.80821917808218,0,0.0,16.3,Current Asthma,8.7,True
36001,Albany,Albany,NY,New York,42.600427,-73.97332113,2019,305506,365,276,89,0,0,0,0,93,58,41,0,151,214,0,100.0,0,0.0,15.2,COPD,6.0,True
36001,Albany,Albany,NY,New York,42.600427,-73.97332113,2019,305506,365,276,89,0,0,0,0,93,58,41,0,151,214,0,100.0,0,0.0,15.2,Current Asthma,9.8,True
36005,New York,Bronx,NY,New York,40.84907748,-73.86461334,2019,1418207,365,212,150,3,0,0,0,115,66,46,28,114,223,0,100.0,3,0.821917808219178,16.5,COPD,6.5,True
36005,New York,Bronx,NY,New York,40.84907748,-73.86461334,2019,1418207,365,212,150,3,0,0,0,115,66,46,28,114,223,0,100.0,3,0.821917808219178,16.5,Current Asthma,10.8,True
36013,Jamestown,Chautauqua,NY,New York,42.22815413,-79.36664294,2019,126903,343,302,40,1,0,0,0,105,53,38,0,302,41,0,93.97260273972603,1,0.2915451895043732,21.5,COPD,8.2,True
36013,Jamestown,Chautauqua,NY,New York,42.22815413,-79.36664294,2019,126903,343,302,40,1,0,0,0,105,53,38,0,302,41,0,93.97260273972603,1,0.2915451895043732,21.5,Current Asthma,10.5,True
36027,Poughkeepsie,Dutchess,NY,New York,41.76532643,-73.7428389,2019,294218,331,319,12,0,0,0,0,90,45,34,0,331,0,0,90.68493150684932,0,0.0,15.9,COPD,5.9,True
36027,Poughkeepsie,Dutchess,NY,New York,41.76532643,-73.7428389,2019,294218,331,319,12,0,0,0,0,90,45,34,0,331,0,0,90.68493150684932,0,0.0,15.9,Current Asthma,9.7,True
36029,Buffalo,Erie,NY,New York,42.76374632,-78.73218322,2019,918702,365,262,103,0,0,0,0,93,59,43,12,130,223,0,100.0,0,0.0,17.7,COPD,6.8,True
36029,Buffalo,Erie,NY,New York,42.76374632,-78.73218322,2019,918702,365,262,103,0,0,0,0,93,59,43,12,130,223,0,100.0,0,0.0,17.7,Current Asthma,10.4,True
36031,Lake Placid,Essex,NY,New York,44.11711761,-73.77257779,2019,36885,364,327,37,0,0,0,0,80,51,42,0,357,7,0,99.72602739726028,0,0.0,18.3,COPD,7.0,True
36031,Lake Placid,Essex,NY,New York,44.11711761,-73.77257779,2019,36885,364,327,37,0,0,0,0,80,51,42,0,357,7,0,99.72602739726028,0,0.0,18.3,Current Asthma,10.0,True
36043,Herkimer,Herkimer,NY,New York,43.4194963,-74.96255488,2019,61319,185,185,0,0,0,0,0,45,37,29,0,185,0,0,50.68493150684932,0,0.0,20.9,COPD,7.9,False
36043,Herkimer,Herkimer,NY,New York,43.4194963,-74.96255488,2019,61319,185,185,0,0,0,0,0,45,37,29,0,185,0,0,50.68493150684932,0,0.0,20.9,Current Asthma,10.8,False
36045,Carthage,Jefferson,NY,New York,44.05021351,-75.922731,2019,109834,205,198,7,0,0,0,0,64,46,35,0,205,0,0,56.16438356164384,0,0.0,20.4,COPD,7.8,True
36045,Carthage,Jefferson,NY,New York,44.05021351,-75.922731,2019,109834,205,198,7,0,0,0,0,64,46,35,0,205,0,0,56.16438356164384,0,0.0,20.4,Current Asthma,10.1,True
36047,New York,Kings,NY,New York,40.63880721,-73.93887284,2019,2559903,365,280,85,0,0,0,0,78,55,36,0,0,365,0,100.0,0,0.0,14.0,COPD,5.8,True
36047,New York,Kings,NY,New York,40.63880721,-73.93887284,2019,2559903,365,280,85,0,0,0,0,78,55,36,0,0,365,0,100.0,0,0.0,14.0,Current Asthma,8.8,True
36055,Rochester,Monroe,NY,New York,43.1468316,-77.69599602,2019,741770,365,272,93,0,0,0,0,90,57,40,0,140,225,0,100.0,0,0.0,17.6,COPD,6.3,True
36055,Rochester,Monroe,NY,New York,43.1468316,-77.69599602,2019,741770,365,272,93,0,0,0,0,90,57,40,0,140,225,0,100.0,0,0.0,17.6,Current Asthma,10.2,True
36059,Freeport,Nassau,NY,New York,40.737709,-73.58611819,2019,1356924,360,308,52,0,0,0,0,72,53,29,0,0,360,0,98.63013698630137,0,0.0,12.1,COPD,4.7,True
36059,Freeport,Nassau,NY,New York,40.737709,-73.58611819,2019,1356924,360,308,52,0,0,0,0,72,53,29,0,0,360,0,98.63013698630137,0,0.0,12.1,Current Asthma,8.6,True
36061,New York,New York,NY,New York,40.77595433,-73.96871681,2019,1628706,365,219,144,2,0,0,0,136,62,46,0,124,241,0,100.0,2,0.547945205479452,11.4,COPD,4.5,True
36061,New York,New York,NY,New York,40.77595433,-73.96871681,2019,1628706,365,219,144,2,0,0,0,136,62,46,0,124,241,0,100.0,2,0.547945205479452,11.4,Current Asthma,9.4,True
36063,Niagara Falls,Niagara,NY,New York,43.19969536,-78.7458822,2019,209281,352,339,13,0,0,0,0,80,44,35,0,352,0,0,96.43835616438356,0,0.0,20.9,COPD,7.6,True
36063,Niagara Falls,Niagara,NY,New York,43.19969536,-78.7458822,2019,209281,352,339,13,0,0,0,0,80,44,35,0,352,0,0,96.43835616438356,0,0.0,20.9,Current Asthma,11.1,True
36065,Utica,Oneida,NY,New York,43.24153736,-75.43569966,2019,228671,355,331,24,0,0,0,0,64,47,23,0,0,355,0,97.26027397260275,0,0.0,19.6,COPD,7.7,True
36065,Utica,Oneida,NY,New York,43.24153736,-75.43569966,2019,228671,355,331,24,0,0,0,0,64,47,23,0,0,355,0,97.26027397260275,0,0.0,19.6,Current Asthma,10.2,True
36067,Syracuse,Onondaga,NY,New York,43.00606255,-76.19444014,2019,460528,365,301,64,0,0,0,0,77,55,39,0,221,144,0,100.0,0,0.0,17.3,COPD,6.7,True
36067,Syracuse,Onondaga,NY,New York,43.00606255,-76.19444014,2019,460528,365,301,64,0,0,0,0,77,55,39,0,221,144,0,100.0,0,0.0,17.3,Current Asthma,10.5,True
36071,Newburgh,Orange,NY,New York,41.40211277,-74.30529923,2019,384940,365,307,58,0,0,0,0,74,54,39,0,202,163,0,100.0,0,0.0,15.4,COPD,5.8,True
36071,Newburgh,Orange,NY,New York,41.40211277,-74.30529923,2019,384940,365,307,58,0,0,0,0,74,54,39,0,202,163,0,100.0,0,0.0,15.4,Current Asthma,9.3,True
36075,Fulton,Oswego,NY,New York,43.42683109,-76.14196539,2019,117124,321,316,5,0,0,0,0,67,45,34,0,321,0,0,87.94520547945206,0,0.0,21.4,COPD,8.4,True
36075,Fulton,Oswego,NY,New York,43.42683109,-76.14196539,2019,117124,321,316,5,0,0,0,0,67,45,34,0,321,0,0,87.94520547945206,0,0.0,21.4,Current Asthma,11.0,True
36079,Brewster,Putnam,NY,New York,41.42647155,-73.74944844,2019,98320,329,313,15,1,0,0,0,101,46,35,0,329,0,0,90.13698630136986,1,0.303951367781155,13.5,COPD,5.1,True
36079,Brewster,Putnam,NY,New York,41.42647155,-73.74944844,2019,98320,329,313,15,1,0,0,0,101,46,35,0,329,0,0,90.13698630136986,1,0.303951367781155,13.5,Current Asthma,8.9,True
36081,New York,Queens,NY,New York,40.70273253,-73.81964281,2019,2253858,365,234,127,4,0,0,0,119,61,45,42,141,182,0,100.0,4,1.095890410958904,12.4,COPD,5.2,True
36081,New York,Queens,NY,New York,40.70273253,-73.81964281,2019,2253858,365,234,127,4,0,0,0,119,61,45,42,141,182,0,100.0,4,1.095890410958904,12.4,Current Asthma,8.1,True
36085,New York,Richmond,NY,New York,40.58072907,-74.15238026,2019,476143,365,275,90,0,0,0,0,97,60,41,0,177,188,0,100.0,0,0.0,15.5,COPD,5.7,True
36085,New York,Richmond,NY,New York,40.58072907,-74.15238026,2019,476143,365,275,90,0,0,0,0,97,60,41,0,177,188,0,100.0,0,0.0,15.5,Current Asthma,9.6,True
36087,Suffern,Rockland,NY,New York,41.15260092,-74.02442114,2019,325789,365,314,50,1,0,0,0,112,53,39,0,268,97,0,100.0,1,0.273972602739726,13.4,COPD,5.7,True
36087,Suffern,Rockland,NY,New York,41.15260092,-74.02442114,2019,325789,365,314,50,1,0,0,0,112,53,39,0,268,97,0,100.0,1,0.273972602739726,13.4,Current Asthma,9.4,True
36091,Corinth,Saratoga,NY,New York,43.10741677,-73.86392847,2019,229863,331,328,3,0,0,0,0,58,44,33,0,331,0,0,90.68493150684932,0,0.0,15.0,COPD,5.7,True
36091,Corinth,Saratoga,NY,New York,43.10741677,-73.86392847,2019,229863,331,328,3,0,0,0,0,58,44,33,0,331,0,0,90.68493150684932,0,0.0,15.0,Current Asthma,9.5,True
36101,Hornell,Steuben,NY,New York,42.26791517,-77.3834658,2019,95379,365,315,50,0,0,0,0,69,53,37,0,208,157,0,100.0,0,0.0,21.2,COPD,8.0,True
36101,Hornell,Steuben,NY,New York,42.26791517,-77.3834658,2019,95379,365,315,50,0,0,0,0,69,53,37,0,208,157,0,100.0,0,0.0,21.2,Current Asthma,11.0,True
36103,Port Jefferson,Suffolk,NY,New York,40.86929097,-72.84630378,2019,1476601,365,276,80,9,0,0,0,150,64,43,0,261,104,0,100.0,9,2.4657534246575343,13.7,COPD,5.3,True
36103,Port Jefferson,Suffolk,NY,New York,40.86929097,-72.84630378,2019,1476601,365,276,80,9,0,0,0,150,64,43,0,261,104,0,100.0,9,2.4657534246575343,13.7,Current Asthma,8.7,True
36109,Ithaca,Tompkins,NY,New York,42.45176728,-76.47358172,2019,102180,356,349,7,0,0,0,0,61,45,35,0,356,0,0,97.53424657534246,0,0.0,15.2,COPD,6.2,True
36109,Ithaca,Tompkins,NY,New York,42.45176728,-76.47358172,2019,102180,356,349,7,0,0,0,0,61,45,35,0,356,0,0,97.53424657534246,0,0.0,15.2,Current Asthma,9.8,True
36117,Newark,Wayne,NY,New York,43.15648797,-77.02956582,2019,89918,268,253,15,0,0,0,0,90,47,35,0,268,0,0,73.42465753424658,0,0.0,19.2,COPD,7.4,True
36117,Newark,Wayne,NY,New York,43.15648797,-77.02956582,2019,89918,268,253,15,0,0,0,0,90,47,35,0,268,0,0,73.42465753424658,0,0.0,19.2,Current Asthma,10.2,True
36119,Yonkers,Westchester,NY,New York,41.16140695,-73.75614724,2019,967506,365,309,55,1,0,0,0,105,55,38,0,262,103,0,100.0,1,0.273972602739726,10.7,COPD,4.8,True
36119,Yonkers,Westchester,NY,New York,41.16140695,-73.75614724,2019,967506,365,309,55,1,0,0,0,105,55,38,0,262,103,0,100.0,1,0.273972602739726,10.7,Current Asthma,9.0,True
37003,Taylorsville,Alexander,NC,North Carolina,35.92073035,-81.17707184,2019,37497,305,274,31,0,0,0,0,80,51,39,0,245,0,60,83.56164383561644,0,0.0,22.4,COPD,8.1,True
37003,Taylorsville,Alexander,NC,North Carolina,35.92073035,-81.17707184,2019,37497,305,274,31,0,0,0,0,80,51,39,0,245,0,60,83.56164383561644,0,0.0,22.4,Current Asthma,9.6,True
37021,Asheville,Buncombe,NC,North Carolina,35.61129365,-82.53007992,2019,261191,365,277,88,0,0,0,0,84,55,42,0,146,219,0,100.0,0,0.0,17.1,COPD,6.5,True
37021,Asheville,Buncombe,NC,North Carolina,35.61129365,-82.53007992,2019,261191,365,277,88,0,0,0,0,84,55,42,0,146,219,0,100.0,0,0.0,17.1,Current Asthma,8.9,True
37027,Lenoir,Caldwell,NC,North Carolina,35.95326409,-81.54699381,2019,82178,243,214,29,0,0,0,0,74,54,42,0,243,0,0,66.57534246575342,0,0.0,23.8,COPD,8.7,True
37027,Lenoir,Caldwell,NC,North Carolina,35.95326409,-81.54699381,2019,82178,243,214,29,0,0,0,0,74,54,42,0,243,0,0,66.57534246575342,0,0.0,23.8,Current Asthma,10.0,True
37031,Morehead City,Carteret,NC,North Carolina,34.82743684,-76.65287575,2019,69473,259,239,20,0,0,0,0,80,50,37,0,259,0,0,70.95890410958904,0,0.0,18.8,COPD,6.7,True
37031,Morehead City,Carteret,NC,North Carolina,34.82743684,-76.65287575,2019,69473,259,239,20,0,0,0,0,80,50,37,0,259,0,0,70.95890410958904,0,0.0,18.8,Current Asthma,9.0,True
37035,Hickory,Catawba,NC,North Carolina,35.66283091,-81.2147025,2019,159551,361,215,146,0,0,0,0,74,59,44,0,0,361,0,98.9041095890411,0,0.0,20.4,COPD,7.2,True
37035,Hickory,Catawba,NC,North Carolina,35.66283091,-81.2147025,2019,159551,361,215,146,0,0,0,0,74,59,44,0,0,361,0,98.9041095890411,0,0.0,20.4,Current Asthma,9.2,True
37051,Fayetteville,Cumberland,NC,North Carolina,35.04866146,-78.82754625,2019,335509,363,236,127,0,0,0,0,84,61,44,0,156,204,3,99.45205479452055,0,0.0,19.5,COPD,7.0,True
37051,Fayetteville,Cumberland,NC,North Carolina,35.04866146,-78.82754625,2019,335509,363,236,127,0,0,0,0,84,61,44,0,156,204,3,99.45205479452055,0,0.0,19.5,Current Asthma,9.6,True
37057,Lexington,Davidson,NC,North Carolina,35.7930752,-80.2121018,2019,167609,350,199,151,0,0,0,0,92,61,47,0,0,350,0,95.8904109589041,0,0.0,22.3,COPD,8.1,True
37057,Lexington,Davidson,NC,North Carolina,35.7930752,-80.2121018,2019,167609,350,199,151,0,0,0,0,92,61,47,0,0,350,0,95.8904109589041,0,0.0,22.3,Current Asthma,9.8,True
37063,Durham,Durham,NC,North Carolina,36.03607005,-78.8761148,2019,321488,364,207,157,0,0,0,0,87,60,47,0,138,226,0,99.72602739726028,0,0.0,15.2,COPD,5.6,True
37063,Durham,Durham,NC,North Carolina,36.03607005,-78.8761148,2019,321488,364,207,157,0,0,0,0,87,60,47,0,138,226,0,99.72602739726028,0,0.0,15.2,Current Asthma,8.9,True
37065,Rocky Mount,Edgecombe,NC,North Carolina,35.91279171,-77.59721462,2019,51472,363,275,88,0,0,0,0,71,55,40,0,136,227,0,99.45205479452055,0,0.0,24.6,COPD,8.9,True
37065,Rocky Mount,Edgecombe,NC,North Carolina,35.91279171,-77.59721462,2019,51472,363,275,88,0,0,0,0,71,55,40,0,136,227,0,99.45205479452055,0,0.0,24.6,Current Asthma,11.2,True
37067,Winston-Salem,Forsyth,NC,North Carolina,36.13054272,-80.25613695,2019,382295,365,175,190,0,0,0,0,97,66,51,6,114,245,0,100.0,0,0.0,17.9,COPD,6.6,True
37067,Winston-Salem,Forsyth,NC,North Carolina,36.13054272,-80.25613695,2019,382295,365,175,190,0,0,0,0,97,66,51,6,114,245,0,100.0,0,0.0,17.9,Current Asthma,9.5,True
37077,Oxford,Granville,NC,North Carolina,36.3038805,-78.65301482,2019,60443,240,195,45,0,0,0,0,87,64,44,0,240,0,0,65.75342465753424,0,0.0,20.6,COPD,7.3,True
37077,Oxford,Granville,NC,North Carolina,36.3038805,-78.65301482,2019,60443,240,195,45,0,0,0,0,87,64,44,0,240,0,0,65.75342465753424,0,0.0,20.6,Current Asthma,9.8,True
37081,Greensboro,Guilford,NC,North Carolina,36.07945683,-79.78836384,2019,537174,365,244,121,0,0,0,0,90,61,44,0,180,166,19,100.0,0,0.0,18.7,COPD,6.5,True
37081,Greensboro,Guilford,NC,North Carolina,36.07945683,-79.78836384,2019,537174,365,244,121,0,0,0,0,90,61,44,0,180,166,19,100.0,0,0.0,18.7,Current Asthma,9.5,True
37087,Waynesville,Haywood,NC,North Carolina,35.55608368,-82.9825767,2019,62317,276,211,65,0,0,0,0,97,64,45,0,244,32,0,75.61643835616438,0,0.0,19.8,COPD,7.3,True
37087,Waynesville,Haywood,NC,North Carolina,35.55608368,-82.9825767,2019,62317,276,211,65,0,0,0,0,97,64,45,0,244,32,0,75.61643835616438,0,0.0,19.8,Current Asthma,9.4,True
37101,Smithfield,Johnston,NC,North Carolina,35.51765445,-78.36552402,2019,209339,363,224,139,0,0,0,0,87,60,46,0,106,257,0,99.45205479452055,0,0.0,19.3,COPD,6.9,True
37101,Smithfield,Johnston,NC,North Carolina,35.51765445,-78.36552402,2019,209339,363,224,139,0,0,0,0,87,60,46,0,106,257,0,99.45205479452055,0,0.0,19.3,Current Asthma,9.3,True
37107,Kinston,Lenoir,NC,North Carolina,35.23910595,-77.64179827,2019,55949,237,205,32,0,0,0,0,87,54,42,0,237,0,0,64.93150684931507,0,0.0,24.1,COPD,8.8,True
37107,Kinston,Lenoir,NC,North Carolina,35.23910595,-77.64179827,2019,55949,237,205,32,0,0,0,0,87,54,42,0,237,0,0,64.93150684931507,0,0.0,24.1,Current Asthma,10.7,True
37109,Lincolnton,Lincoln,NC,North Carolina,35.48628861,-81.22420278,2019,86111,243,178,65,0,0,0,0,97,64,44,0,243,0,0,66.57534246575342,0,0.0,19.3,COPD,7.0,True
37109,Lincolnton,Lincoln,NC,North Carolina,35.48628861,-81.22420278,2019,86111,243,178,65,0,0,0,0,97,64,44,0,243,0,0,66.57534246575342,0,0.0,19.3,Current Asthma,9.0,True
37117,Jamesville,Martin,NC,North Carolina,35.84066595,-77.1077157,2019,22440,295,261,34,0,0,0,0,74,51,40,0,237,0,58,80.82191780821918,0,0.0,23.3,COPD,8.5,True
37117,Jamesville,Martin,NC,North Carolina,35.84066595,-77.1077157,2019,22440,295,261,34,0,0,0,0,74,51,40,0,237,0,58,80.82191780821918,0,0.0,23.3,Current Asthma,10.8,True
37119,Charlotte,Mecklenburg,NC,North Carolina,35.24659756,-80.83297087,2019,1110356,365,161,194,10,0,0,0,136,71,52,1,146,218,0,100.0,10,2.73972602739726,14.9,COPD,5.4,True
37119,Charlotte,Mecklenburg,NC,North Carolina,35.24659756,-80.83297087,2019,1110356,365,161,194,10,0,0,0,136,71,52,1,146,218,0,100.0,10,2.73972602739726,14.9,Current Asthma,8.7,True
37121,Spruce Pine,Mitchell,NC,North Carolina,36.01419337,-82.16401588,2019,14964,333,290,43,0,0,0,0,63,52,29,0,0,333,0,91.23287671232877,0,0.0,21.2,COPD,7.9,True
37121,Spruce Pine,Mitchell,NC,North Carolina,36.01419337,-82.16401588,2019,14964,333,290,43,0,0,0,0,63,52,29,0,0,333,0,91.23287671232877,0,0.0,21.2,Current Asthma,9.4,True
37123,Candor,Montgomery,NC,North Carolina,35.33263767,-79.90605494,2019,27173,365,256,109,0,0,0,0,71,58,44,0,153,212,0,100.0,0,0.0,21.3,COPD,8.0,True
37123,Candor,Montgomery,NC,North Carolina,35.33263767,-79.90605494,2019,27173,365,256,109,0,0,0,0,71,58,44,0,153,212,0,100.0,0,0.0,21.3,Current Asthma,9.6,True
37129,Wilmington,New Hanover,NC,North Carolina,34.23007033,-77.88464664,2019,234473,348,305,43,0,0,0,0,80,53,37,0,209,139,0,95.34246575342465,0,0.0,16.9,COPD,6.4,True
37129,Wilmington,New Hanover,NC,North Carolina,34.23007033,-77.88464664,2019,234473,348,305,43,0,0,0,0,80,53,37,0,209,139,0,95.34246575342465,0,0.0,16.9,Current Asthma,9.2,True
37147,Greenville,Pitt,NC,North Carolina,35.59302266,-77.37411753,2019,180742,352,271,81,0,0,0,0,87,55,41,0,156,196,0,96.43835616438356,0,0.0,19.2,COPD,7.3,True
37147,Greenville,Pitt,NC,North Carolina,35.59302266,-77.37411753,2019,180742,352,271,81,0,0,0,0,87,55,41,0,156,196,0,96.43835616438356,0,0.0,19.2,Current Asthma,10.2,True
37157,Eden,Rockingham,NC,North Carolina,36.39604909,-79.77530304,2019,91010,245,207,38,0,0,0,0,84,58,44,0,245,0,0,67.12328767123287,0,0.0,22.9,COPD,8.5,True
37157,Eden,Rockingham,NC,North Carolina,36.39604909,-79.77530304,2019,91010,245,207,38,0,0,0,0,84,58,44,0,245,0,0,67.12328767123287,0,0.0,22.9,Current Asthma,10.1,True
37159,Salisbury,Rowan,NC,North Carolina,35.63988794,-80.52490764,2019,142088,365,276,89,0,0,0,0,100,67,44,0,319,46,0,100.0,0,0.0,20.7,COPD,7.8,True
37159,Salisbury,Rowan,NC,North Carolina,35.63988794,-80.52490764,2019,142088,365,276,89,0,0,0,0,100,67,44,0,319,46,0,100.0,0,0.0,20.7,Current Asthma,9.7,True
37173,Bryson City (RR name Bryson),Swain,NC,North Carolina,35.4865292,-83.49224385,2019,14271,362,259,103,0,0,0,0,90,56,42,0,121,241,0,99.17808219178083,0,0.0,26.3,COPD,9.7,True
37173,Bryson City (RR name Bryson),Swain,NC,North Carolina,35.4865292,-83.49224385,2019,14271,362,259,103,0,0,0,0,90,56,42,0,121,241,0,99.17808219178083,0,0.0,26.3,Current Asthma,10.8,True
37179,Monroe,Union,NC,North Carolina,34.98821301,-80.53084942,2019,239859,235,175,57,3,0,0,0,105,64,45,0,235,0,0,64.38356164383562,3,1.276595744680851,17.7,COPD,6.0,True
37179,Monroe,Union,NC,North Carolina,34.98821301,-80.53084942,2019,239859,235,175,57,3,0,0,0,105,64,45,0,235,0,0,64.38356164383562,3,1.276595744680851,17.7,Current Asthma,8.7,True
37183,Raleigh,Wake,NC,North Carolina,35.78984671,-78.6501583,2019,1111761,365,141,224,0,0,0,0,93,64,53,1,90,273,0,100.0,0,0.0,12.6,COPD,4.9,True
37183,Raleigh,Wake,NC,North Carolina,35.78984671,-78.6501583,2019,1111761,365,141,224,0,0,0,0,93,64,53,1,90,273,0,100.0,0,0.0,12.6,Current Asthma,8.2,True
37199,Burnsville,Yancey,NC,North Carolina,35.89830177,-82.30768713,2019,18069,244,191,53,0,0,0,0,87,64,45,0,244,0,0,66.84931506849315,0,0.0,22.0,COPD,8.3,True
37199,Burnsville,Yancey,NC,North Carolina,35.89830177,-82.30768713,2019,18069,244,191,53,0,0,0,0,87,64,45,0,244,0,0,66.84931506849315,0,0.0,22.0,Current Asthma,9.6,True
38013,Lignite,Burke,ND,North Dakota,48.79096757,-102.5181759,2019,2115,365,348,17,0,0,0,0,67,47,34,1,302,62,0,100.0,0,0.0,17.7,COPD,5.4,True
38013,Lignite,Burke,ND,North Dakota,48.79096757,-102.5181759,2019,2115,365,348,17,0,0,0,0,67,47,34,1,302,62,0,100.0,0,0.0,17.7,Current Asthma,8.7,True
38015,Bismarck,Burleigh,ND,North Dakota,46.9773157,-100.4689041,2019,95626,365,299,66,0,0,0,0,90,55,36,5,155,205,0,100.0,0,0.0,16.5,COPD,4.9,True
38015,Bismarck,Burleigh,ND,North Dakota,46.9773157,-100.4689041,2019,95626,365,299,66,0,0,0,0,90,55,36,5,155,205,0,100.0,0,0.0,16.5,Current Asthma,8.2,True
38017,Fargo,Cass,ND,North Dakota,46.93296298,-97.24816959,2019,181923,363,301,60,1,1,0,0,157,54,36,7,197,159,0,99.45205479452055,2,0.5509641873278237,16.1,COPD,4.8,True
38017,Fargo,Cass,ND,North Dakota,46.93296298,-97.24816959,2019,181923,363,301,60,1,1,0,0,157,54,36,7,197,159,0,99.45205479452055,2,0.5509641873278237,16.1,Current Asthma,8.2,True
38025,Dunn Center,Dunn,ND,North Dakota,47.35656161,-102.6183206,2019,4424,365,343,22,0,0,0,0,87,47,35,0,303,62,0,100.0,0,0.0,17.7,COPD,5.4,True
38025,Dunn Center,Dunn,ND,North Dakota,47.35656161,-102.6183206,2019,4424,365,343,22,0,0,0,0,87,47,35,0,303,62,0,100.0,0,0.0,17.7,Current Asthma,8.8,True
38053,Mandaree,McKenzie,ND,North Dakota,47.74022229,-103.3951585,2019,15024,365,343,22,0,0,0,0,77,49,35,1,309,55,0,100.0,0,0.0,18.5,COPD,5.7,True
38053,Mandaree,McKenzie,ND,North Dakota,47.74022229,-103.3951585,2019,15024,365,343,22,0,0,0,0,77,49,35,1,309,55,0,100.0,0,0.0,18.5,Current Asthma,8.5,True
38057,Beulah,Mercer,ND,North Dakota,47.30920369,-101.8317529,2019,8187,365,301,64,0,0,0,0,72,53,38,0,204,161,0,100.0,0,0.0,18.3,COPD,5.4,True
38057,Beulah,Mercer,ND,North Dakota,47.30920369,-101.8317529,2019,8187,365,301,64,0,0,0,0,72,53,38,0,204,161,0,100.0,0,0.0,18.3,Current Asthma,8.6,True
38101,Minot,Ward,ND,North Dakota,48.22167868,-101.5417829,2019,67641,364,336,28,0,0,0,0,87,46,31,5,217,138,4,99.72602739726028,0,0.0,17.5,COPD,5.1,True
38101,Minot,Ward,ND,North Dakota,48.22167868,-101.5417829,2019,67641,364,336,28,0,0,0,0,87,46,31,5,217,138,4,99.72602739726028,0,0.0,17.5,Current Asthma,8.3,True
38105,Williston,Williams,ND,North Dakota,48.34371888,-103.4802138,2019,37589,362,324,38,0,0,0,0,77,51,34,0,263,97,2,99.17808219178083,0,0.0,18.2,COPD,5.2,False
38105,Williston,Williams,ND,North Dakota,48.34371888,-103.4802138,2019,37589,362,324,38,0,0,0,0,77,51,34,0,263,97,2,99.17808219178083,0,0.0,18.2,Current Asthma,8.1,False
39003,Lima,Allen,OH,Ohio,40.77151716,-84.10584177,2019,102351,332,229,103,0,0,0,0,97,61,44,0,167,165,0,90.95890410958904,0,0.0,22.8,COPD,8.6,True
39003,Lima,Allen,OH,Ohio,40.77151716,-84.10584177,2019,102351,332,229,103,0,0,0,0,97,61,44,0,167,165,0,90.95890410958904,0,0.0,22.8,Current Asthma,10.1,True
39007,Conneaut,Ashtabula,OH,Ohio,41.70755236,-80.74855117,2019,97241,245,221,23,1,0,0,0,112,50,39,0,245,0,0,67.12328767123287,1,0.40816326530612246,27.0,COPD,10.5,True
39007,Conneaut,Ashtabula,OH,Ohio,41.70755236,-80.74855117,2019,97241,245,221,23,1,0,0,0,112,50,39,0,245,0,0,67.12328767123287,1,0.40816326530612246,27.0,Current Asthma,10.9,True
39017,Middletown,Butler,OH,Ohio,39.43851901,-84.57561285,2019,383134,364,236,126,2,0,0,0,101,70,44,0,267,92,5,99.72602739726028,2,0.5494505494505495,21.8,COPD,7.7,True
39017,Middletown,Butler,OH,Ohio,39.43851901,-84.57561285,2019,383134,364,236,126,2,0,0,0,101,70,44,0,267,92,5,99.72602739726028,2,0.5494505494505495,21.8,Current Asthma,10.2,True
39023,Springfield,Clark,OH,Ohio,39.91677415,-83.78368849,2019,134083,362,147,213,2,0,0,0,105,67,53,0,102,260,0,99.17808219178083,2,0.5524861878453038,24.9,COPD,9.2,True
39023,Springfield,Clark,OH,Ohio,39.91677415,-83.78368849,2019,134083,362,147,213,2,0,0,0,105,67,53,0,102,260,0,99.17808219178083,2,0.5524861878453038,24.9,Current Asthma,11.1,True
39025,Batavia,Clermont,OH,Ohio,39.04750542,-84.15288782,2019,206428,358,247,107,4,0,0,0,140,61,44,0,177,181,0,98.08219178082192,4,1.1173184357541899,23.1,COPD,7.8,True
39025,Batavia,Clermont,OH,Ohio,39.04750542,-84.15288782,2019,206428,358,247,107,4,0,0,0,140,61,44,0,177,181,0,98.08219178082192,4,1.1173184357541899,23.1,Current Asthma,9.9,True
39027,Wilmington,Clinton,OH,Ohio,39.41490471,-83.80818348,2019,41968,244,203,41,0,0,0,0,100,58,43,0,244,0,0,66.84931506849315,0,0.0,25.6,COPD,9.3,True
39027,Wilmington,Clinton,OH,Ohio,39.41490471,-83.80818348,2019,41968,244,203,41,0,0,0,0,100,58,43,0,244,0,0,66.84931506849315,0,0.0,25.6,Current Asthma,10.6,True
39035,Cleveland,Cuyahoga,OH,Ohio,41.42422325,-81.65867044,2019,1235072,365,116,245,4,0,0,0,108,74,56,0,78,277,10,100.0,4,1.095890410958904,21.5,COPD,7.6,True
39035,Cleveland,Cuyahoga,OH,Ohio,41.42422325,-81.65867044,2019,1235072,365,116,245,4,0,0,0,108,74,56,0,78,277,10,100.0,4,1.095890410958904,21.5,Current Asthma,11.1,True
39041,Delaware,Delaware,OH,Ohio,40.27849576,-83.0047215,2019,209177,241,214,27,0,0,0,0,84,51,41,0,241,0,0,66.02739726027397,0,0.0,15.0,COPD,5.5,True
39041,Delaware,Delaware,OH,Ohio,40.27849576,-83.0047215,2019,209177,241,214,27,0,0,0,0,84,51,41,0,241,0,0,66.02739726027397,0,0.0,15.0,Current Asthma,8.6,True
39049,Columbus,Franklin,OH,Ohio,39.96951326,-83.00908894,2019,1316756,365,157,207,1,0,0,0,101,68,53,0,111,253,1,100.0,1,0.273972602739726,20.3,COPD,7.1,True
39049,Columbus,Franklin,OH,Ohio,39.96951326,-83.00908894,2019,1316756,365,157,207,1,0,0,0,101,68,53,0,111,253,1,100.0,1,0.273972602739726,20.3,Current Asthma,9.9,True
39055,Bainbridge,Geauga,OH,Ohio,41.4998002,-81.17861091,2019,93649,230,189,39,2,0,0,0,119,61,42,0,230,0,0,63.013698630136986,2,0.8695652173913043,19.1,COPD,7.0,True
39055,Bainbridge,Geauga,OH,Ohio,41.4998002,-81.17861091,2019,93649,230,189,39,2,0,0,0,119,61,42,0,230,0,0,63.013698630136986,2,0.8695652173913043,19.1,Current Asthma,9.8,True
39057,Fairborn,Greene,OH,Ohio,39.691407,-83.88984504,2019,168937,243,213,30,0,0,0,0,90,54,41,0,243,0,0,66.57534246575342,0,0.0,18.6,COPD,7.0,True
39057,Fairborn,Greene,OH,Ohio,39.691407,-83.88984504,2019,168937,243,213,30,0,0,0,0,90,54,41,0,243,0,0,66.57534246575342,0,0.0,18.6,Current Asthma,10.2,True
39061,Cincinnati,Hamilton,OH,Ohio,39.19531437,-84.54361939,2019,817473,365,99,260,6,0,0,0,119,77,57,4,88,273,0,100.0,6,1.643835616438356,20.0,COPD,7.3,True
39061,Cincinnati,Hamilton,OH,Ohio,39.19531437,-84.54361939,2019,817473,365,99,260,6,0,0,0,119,77,57,4,88,273,0,100.0,6,1.643835616438356,20.0,Current Asthma,10.1,True
39081,Steubenville,Jefferson,OH,Ohio,40.38496151,-80.76109644,2019,65325,364,143,219,2,0,0,0,123,66,53,0,47,317,0,99.72602739726028,2,0.5494505494505495,26.4,COPD,9.4,True
39081,Steubenville,Jefferson,OH,Ohio,40.38496151,-80.76109644,2019,65325,364,143,219,2,0,0,0,123,66,53,0,47,317,0,99.72602739726028,2,0.5494505494505495,26.4,Current Asthma,10.8,True
39083,Centerburg,Knox,OH,Ohio,40.39861953,-82.42159826,2019,62322,245,218,27,0,0,0,0,93,51,41,0,245,0,0,67.12328767123287,0,0.0,21.7,COPD,8.5,True
39083,Centerburg,Knox,OH,Ohio,40.39861953,-82.42159826,2019,62322,245,218,27,0,0,0,0,93,51,41,0,245,0,0,67.12328767123287,0,0.0,21.7,Current Asthma,10.3,True
39085,Painesville,Lake,OH,Ohio,41.69687875,-81.23716932,2019,230149,365,292,68,5,0,0,0,115,58,40,0,187,178,0,100.0,5,1.36986301369863,20.5,COPD,7.3,True
39085,Painesville,Lake,OH,Ohio,41.69687875,-81.23716932,2019,230149,365,292,68,5,0,0,0,115,58,40,0,187,178,0,100.0,5,1.36986301369863,20.5,Current Asthma,9.9,True
39087,Ironton,Lawrence,OH,Ohio,38.59849457,-82.53675096,2019,59463,365,263,102,0,0,0,0,77,55,43,0,131,234,0,100.0,0,0.0,27.2,COPD,10.3,True
39087,Ironton,Lawrence,OH,Ohio,38.59849457,-82.53675096,2019,59463,365,263,102,0,0,0,0,77,55,43,0,131,234,0,100.0,0,0.0,27.2,Current Asthma,11.3,True
39089,Newark,Licking,OH,Ohio,40.09157023,-82.48296956,2019,176862,245,223,22,0,0,0,0,80,50,41,0,245,0,0,67.12328767123287,0,0.0,21.8,COPD,7.8,True
39089,Newark,Licking,OH,Ohio,40.09157023,-82.48296956,2019,176862,245,223,22,0,0,0,0,80,50,41,0,245,0,0,67.12328767123287,0,0.0,21.8,Current Asthma,10.0,True
39093,Lorain,Lorain,OH,Ohio,41.29549443,-82.15123577,2019,309833,362,260,102,0,0,0,0,75,58,41,0,153,209,0,99.17808219178083,0,0.0,21.6,COPD,8.0,True
39093,Lorain,Lorain,OH,Ohio,41.29549443,-82.15123577,2019,309833,362,260,102,0,0,0,0,75,58,41,0,153,209,0,99.17808219178083,0,0.0,21.6,Current Asthma,10.2,True
39095,Toledo,Lucas,OH,Ohio,41.62042448,-83.6559037,2019,428348,351,224,126,1,0,0,0,143,64,44,0,117,234,0,96.16438356164385,1,0.2849002849002849,23.5,COPD,8.7,True
39095,Toledo,Lucas,OH,Ohio,41.62042448,-83.6559037,2019,428348,351,224,126,1,0,0,0,143,64,44,0,117,234,0,96.16438356164385,1,0.2849002849002849,23.5,Current Asthma,10.8,True
39097,London,Madison,OH,Ohio,39.89428344,-83.40014674,2019,44731,245,209,36,0,0,0,0,93,54,42,0,245,0,0,67.12328767123287,0,0.0,23.1,COPD,8.5,True
39097,London,Madison,OH,Ohio,39.89428344,-83.40014674,2019,44731,245,209,36,0,0,0,0,93,54,42,0,245,0,0,67.12328767123287,0,0.0,23.1,Current Asthma,10.0,True
39099,Youngstown,Mahoning,OH,Ohio,41.01467407,-80.77627958,2019,228683,360,232,128,0,0,0,0,84,59,46,0,93,267,0,98.63013698630137,0,0.0,23.5,COPD,8.5,True
39099,Youngstown,Mahoning,OH,Ohio,41.01467407,-80.77627958,2019,228683,360,232,128,0,0,0,0,84,59,46,0,93,267,0,98.63013698630137,0,0.0,23.5,Current Asthma,10.4,True
39103,Medina,Medina,OH,Ohio,41.11785433,-81.89971893,2019,179746,353,230,123,0,0,0,0,81,58,44,0,99,254,0,96.7123287671233,0,0.0,18.3,COPD,6.7,True
39103,Medina,Medina,OH,Ohio,41.11785433,-81.89971893,2019,179746,353,230,123,0,0,0,0,81,58,44,0,99,254,0,96.7123287671233,0,0.0,18.3,Current Asthma,9.5,True
39109,Piqua,Miami,OH,Ohio,40.0534987,-84.22892432,2019,106987,241,226,15,0,0,0,0,77,49,40,0,241,0,0,66.02739726027397,0,0.0,22.6,COPD,8.0,True
39109,Piqua,Miami,OH,Ohio,40.0534987,-84.22892432,2019,106987,241,226,15,0,0,0,0,77,49,40,0,241,0,0,66.02739726027397,0,0.0,22.6,Current Asthma,10.0,True
39113,Dayton,Montgomery,OH,Ohio,39.754224,-84.29075993,2019,531687,365,163,202,0,0,0,0,95,67,52,0,101,264,0,100.0,0,0.0,21.8,COPD,8.5,True
39113,Dayton,Montgomery,OH,Ohio,39.754224,-84.29075993,2019,531687,365,163,202,0,0,0,0,95,67,52,0,101,264,0,100.0,0,0.0,21.8,Current Asthma,11.0,True
39133,Ravenna,Portage,OH,Ohio,41.1679192,-81.19736057,2019,162466,270,233,37,0,0,0,0,87,54,38,0,202,68,0,73.97260273972603,0,0.0,21.7,COPD,7.8,True
39133,Ravenna,Portage,OH,Ohio,41.1679192,-81.19736057,2019,162466,270,233,37,0,0,0,0,87,54,38,0,202,68,0,73.97260273972603,0,0.0,21.7,Current Asthma,10.1,True
39135,Eaton,Preble,OH,Ohio,39.74192142,-84.6480868,2019,40882,364,201,163,0,0,0,0,93,64,48,0,147,217,0,99.72602739726028,0,0.0,23.4,COPD,8.3,True
39135,Eaton,Preble,OH,Ohio,39.74192142,-84.6480868,2019,40882,364,201,163,0,0,0,0,93,64,48,0,147,217,0,99.72602739726028,0,0.0,23.4,Current Asthma,10.3,True
39151,Canton,Stark,OH,Ohio,40.81390768,-81.36602255,2019,370606,365,157,208,0,0,0,0,100,71,52,0,115,250,0,100.0,0,0.0,22.9,COPD,8.3,True
39151,Canton,Stark,OH,Ohio,40.81390768,-81.36602255,2019,370606,365,157,208,0,0,0,0,100,71,52,0,115,250,0,100.0,0,0.0,22.9,Current Asthma,10.8,True
39153,Akron,Summit,OH,Ohio,41.12595087,-81.53209882,2019,541013,363,199,161,3,0,0,0,115,65,48,0,117,246,0,99.45205479452055,3,0.8264462809917356,21.3,COPD,7.7,True
39153,Akron,Summit,OH,Ohio,41.12595087,-81.53209882,2019,541013,363,199,161,3,0,0,0,115,65,48,0,117,246,0,99.45205479452055,3,0.8264462809917356,21.3,Current Asthma,10.4,True
39155,Warren,Trumbull,OH,Ohio,41.31742009,-80.76110029,2019,197974,362,249,113,0,0,0,0,100,60,44,0,162,200,0,99.17808219178083,0,0.0,26.8,COPD,9.4,True
39155,Warren,Trumbull,OH,Ohio,41.31742009,-80.76110029,2019,197974,362,249,113,0,0,0,0,100,60,44,0,162,200,0,99.17808219178083,0,0.0,26.8,Current Asthma,10.6,True
39165,Franklin,Warren,OH,Ohio,39.42709523,-84.16687846,2019,234602,360,210,147,3,0,0,0,122,64,47,0,148,212,0,98.63013698630137,3,0.8333333333333334,17.0,COPD,6.3,True
39165,Franklin,Warren,OH,Ohio,39.42709523,-84.16687846,2019,234602,360,210,147,3,0,0,0,122,64,47,0,148,212,0,98.63013698630137,3,0.8333333333333334,17.0,Current Asthma,9.1,True
39167,Marietta,Washington,OH,Ohio,39.45532475,-81.49540586,2019,59911,245,219,26,0,0,0,0,87,51,41,0,245,0,0,67.12328767123287,0,0.0,23.5,COPD,8.9,True
39167,Marietta,Washington,OH,Ohio,39.45532475,-81.49540586,2019,59911,245,219,26,0,0,0,0,87,51,41,0,245,0,0,67.12328767123287,0,0.0,23.5,Current Asthma,10.6,True
39173,Bowling Green,Wood,OH,Ohio,41.36136975,-83.62297617,2019,130817,244,225,19,0,0,0,0,87,49,38,0,244,0,0,66.84931506849315,0,0.0,19.5,COPD,7.4,True
39173,Bowling Green,Wood,OH,Ohio,41.36136975,-83.62297617,2019,130817,244,225,19,0,0,0,0,87,49,38,0,244,0,0,66.84931506849315,0,0.0,19.5,Current Asthma,9.8,True
40017,Yukon,Canadian,OK,Oklahoma,35.5425939,-97.98233045,2019,148306,355,306,48,1,0,0,0,105,54,37,0,355,0,0,97.26027397260275,1,0.28169014084507044,17.4,COPD,6.4,True
40017,Yukon,Canadian,OK,Oklahoma,35.5425939,-97.98233045,2019,148306,355,306,48,1,0,0,0,105,54,37,0,355,0,0,97.26027397260275,1,0.28169014084507044,17.4,Current Asthma,9.4,True
40019,Ardmore,Carter,OK,Oklahoma,34.25091784,-97.28584888,2019,48111,365,228,137,0,0,0,0,97,61,46,0,157,208,0,100.0,0,0.0,20.9,COPD,8.1,True
40019,Ardmore,Carter,OK,Oklahoma,34.25091784,-97.28584888,2019,48111,365,228,137,0,0,0,0,97,61,46,0,157,208,0,100.0,0,0.0,20.9,Current Asthma,10.2,True
40023,Hugo,Choctaw,OK,Oklahoma,34.02664658,-95.55215193,2019,14672,252,238,14,0,0,0,0,90,47,37,0,252,0,0,69.04109589041096,0,0.0,26.5,COPD,10.6,False
40023,Hugo,Choctaw,OK,Oklahoma,34.02664658,-95.55215193,2019,14672,252,238,14,0,0,0,0,90,47,37,0,252,0,0,69.04109589041096,0,0.0,26.5,Current Asthma,11.8,False
40027,Moore,Cleveland,OK,Oklahoma,35.20324547,-97.32664303,2019,284014,365,160,205,0,0,0,0,90,67,52,0,131,234,0,100.0,0,0.0,16.6,COPD,6.6,True
40027,Moore,Cleveland,OK,Oklahoma,35.20324547,-97.32664303,2019,284014,365,160,205,0,0,0,0,90,67,52,0,131,234,0,100.0,0,0.0,16.6,Current Asthma,9.5,True
40031,Lawton,Comanche,OK,Oklahoma,34.66208218,-98.47166663,2019,120749,365,220,145,0,0,0,0,97,64,47,0,155,210,0,100.0,0,0.0,19.5,COPD,7.7,True
40031,Lawton,Comanche,OK,Oklahoma,34.66208218,-98.47166663,2019,120749,365,220,145,0,0,0,0,97,64,47,0,155,210,0,100.0,0,0.0,19.5,Current Asthma,10.4,True
40037,Sapulpa,Creek,OK,Oklahoma,35.9023898,-96.37088839,2019,71522,356,331,24,1,0,0,0,101,48,36,0,356,0,0,97.53424657534246,1,0.2808988764044944,22.8,COPD,8.3,True
40037,Sapulpa,Creek,OK,Oklahoma,35.9023898,-96.37088839,2019,71522,356,331,24,1,0,0,0,101,48,36,0,356,0,0,97.53424657534246,1,0.2808988764044944,22.8,Current Asthma,10.6,True
40043,Seiling,Dewey,OK,Oklahoma,35.98763184,-99.00766669,2019,4891,365,230,135,0,0,0,0,93,61,44,0,166,199,0,100.0,0,0.0,20.1,COPD,8.0,True
40043,Seiling,Dewey,OK,Oklahoma,35.98763184,-99.00766669,2019,4891,365,230,135,0,0,0,0,93,61,44,0,166,199,0,100.0,0,0.0,20.1,Current Asthma,10.0,True
40071,Ponca City,Kay,OK,Oklahoma,36.81788867,-97.14387914,2019,43538,365,206,158,1,0,0,0,106,61,47,0,69,296,0,100.0,1,0.273972602739726,21.9,COPD,8.4,True
40071,Ponca City,Kay,OK,Oklahoma,36.81788867,-97.14387914,2019,43538,365,206,158,1,0,0,0,106,61,47,0,69,296,0,100.0,1,0.273972602739726,21.9,Current Asthma,10.7,True
40097,Pryor (corporate name Pryor Creek),Mayes,OK,Oklahoma,36.30178185,-95.23093681,2019,41100,297,283,14,0,0,0,0,100,46,35,0,297,0,0,81.36986301369863,0,0.0,24.8,COPD,9.5,True
40097,Pryor (corporate name Pryor Creek),Mayes,OK,Oklahoma,36.30178185,-95.23093681,2019,41100,297,283,14,0,0,0,0,100,46,35,0,297,0,0,81.36986301369863,0,0.0,24.8,Current Asthma,11.2,True
40105,South Coffeyville,Nowata,OK,Oklahoma,36.79844596,-95.61735938,2019,10076,365,228,136,1,0,0,0,118,61,45,0,152,213,0,100.0,1,0.273972602739726,24.2,COPD,9.2,False
40105,South Coffeyville,Nowata,OK,Oklahoma,36.79844596,-95.61735938,2019,10076,365,228,136,1,0,0,0,118,61,45,0,152,213,0,100.0,1,0.273972602739726,24.2,Current Asthma,11.0,False
40109,Oklahoma City,Oklahoma,OK,Oklahoma,35.55148919,-97.40723482,2019,797434,365,156,208,1,0,0,0,119,71,52,3,131,230,1,100.0,1,0.273972602739726,16.5,COPD,6.9,True
40109,Oklahoma City,Oklahoma,OK,Oklahoma,35.55148919,-97.40723482,2019,797434,365,156,208,1,0,0,0,119,71,52,3,131,230,1,100.0,1,0.273972602739726,16.5,Current Asthma,10.1,True
40113,Pawhuska,Osage,OK,Oklahoma,36.62908454,-96.39822774,2019,46963,354,311,43,0,0,0,0,90,51,38,0,354,0,0,96.98630136986301,0,0.0,22.9,COPD,8.5,True
40113,Pawhuska,Osage,OK,Oklahoma,36.62908454,-96.39822774,2019,46963,354,311,43,0,0,0,0,90,51,38,0,354,0,0,96.98630136986301,0,0.0,22.9,Current Asthma,10.7,True
40115,Miami,Ottawa,OK,Oklahoma,36.83558047,-94.81046245,2019,31127,363,222,140,1,0,0,0,104,62,45,0,57,277,29,99.45205479452055,1,0.27548209366391185,24.5,COPD,9.9,False
40115,Miami,Ottawa,OK,Oklahoma,36.83558047,-94.81046245,2019,31127,363,222,140,1,0,0,0,104,62,45,0,57,277,29,99.45205479452055,1,0.27548209366391185,24.5,Current Asthma,11.4,False
40121,McAlester,Pittsburg,OK,Oklahoma,34.92390038,-95.74824454,2019,43654,365,220,143,2,0,0,0,105,62,46,0,183,182,0,100.0,2,0.547945205479452,24.0,COPD,9.0,True
40121,McAlester,Pittsburg,OK,Oklahoma,34.92390038,-95.74824454,2019,43654,365,220,143,2,0,0,0,105,62,46,0,183,182,0,100.0,2,0.547945205479452,24.0,Current Asthma,10.4,True
40135,Marble City Community,Sequoyah,OK,Oklahoma,35.49541971,-94.75514437,2019,41569,361,279,82,0,0,0,0,67,56,41,10,141,210,0,98.9041095890411,0,0.0,26.8,COPD,10.6,False
40135,Marble City Community,Sequoyah,OK,Oklahoma,35.49541971,-94.75514437,2019,41569,361,279,82,0,0,0,0,67,56,41,10,141,210,0,98.9041095890411,0,0.0,26.8,Current Asthma,11.8,False
40143,Tulsa,Tulsa,OK,Oklahoma,36.12112949,-95.94155109,2019,651552,365,188,176,1,0,0,0,105,67,50,0,133,232,0,100.0,1,0.273972602739726,17.4,COPD,7.0,True
40143,Tulsa,Tulsa,OK,Oklahoma,36.12112949,-95.94155109,2019,651552,365,188,176,1,0,0,0,105,67,50,0,133,232,0,100.0,1,0.273972602739726,17.4,Current Asthma,9.6,True
41001,Baker City,Baker,OR,Oregon,44.70921991,-117.6755205,2019,16124,360,293,67,0,0,0,0,68,56,31,0,0,360,0,98.63013698630137,0,0.0,17.7,COPD,6.4,True
41001,Baker City,Baker,OR,Oregon,44.70921991,-117.6755205,2019,16124,360,293,67,0,0,0,0,68,56,31,0,0,360,0,98.63013698630137,0,0.0,17.7,Current Asthma,10.5,True
41003,Corvallis,Benton,OR,Oregon,44.49153168,-123.4290897,2019,93053,365,302,63,0,0,0,0,87,56,22,0,0,365,0,100.0,0,0.0,13.8,COPD,5.2,True
41003,Corvallis,Benton,OR,Oregon,44.49153168,-123.4290897,2019,93053,365,302,63,0,0,0,0,87,56,22,0,0,365,0,100.0,0,0.0,13.8,Current Asthma,10.3,True
41005,Milwaukie,Clackamas,OR,Oregon,45.1879669,-122.2209705,2019,418187,225,214,10,1,0,0,0,101,44,31,0,130,95,0,61.64383561643836,1,0.4444444444444444,13.9,COPD,4.6,True
41005,Milwaukie,Clackamas,OR,Oregon,45.1879669,-122.2209705,2019,418187,225,214,10,1,0,0,0,101,44,31,0,130,95,0,61.64383561643836,1,0.4444444444444444,13.9,Current Asthma,9.5,True
41009,St. Helens,Columbia,OR,Oregon,45.9436408,-123.0880297,2019,52354,363,342,21,0,0,0,0,84,46,27,0,128,235,0,99.45205479452055,0,0.0,19.4,COPD,6.3,True
41009,St. Helens,Columbia,OR,Oregon,45.9436408,-123.0880297,2019,52354,363,342,21,0,0,0,0,84,46,27,0,128,235,0,99.45205479452055,0,0.0,19.4,Current Asthma,10.5,True
41013,Prineville,Crook,OR,Oregon,44.14225636,-120.3566705,2019,24404,365,266,98,1,0,0,0,103,63,30,0,0,365,0,100.0,1,0.273972602739726,18.9,COPD,6.5,True
41013,Prineville,Crook,OR,Oregon,44.14225636,-120.3566705,2019,24404,365,266,98,1,0,0,0,103,63,30,0,0,365,0,100.0,1,0.273972602739726,18.9,Current Asthma,10.7,True
41017,Bend,Deschutes,OR,Oregon,43.91468704,-121.2276673,2019,197692,365,309,51,4,1,0,0,154,53,26,0,0,365,0,100.0,5,1.36986301369863,15.3,COPD,5.2,True
41017,Bend,Deschutes,OR,Oregon,43.91468704,-121.2276673,2019,197692,365,309,51,4,1,0,0,154,53,26,0,0,365,0,100.0,5,1.36986301369863,15.3,Current Asthma,9.7,True
41019,Roseburg,Douglas,OR,Oregon,43.2796962,-123.1660654,2019,110980,347,256,91,0,0,0,0,82,64,32,0,0,347,0,95.06849315068493,0,0.0,20.0,COPD,6.9,False
41019,Roseburg,Douglas,OR,Oregon,43.2796962,-123.1660654,2019,110980,347,256,91,0,0,0,0,82,64,32,0,0,347,0,95.06849315068493,0,0.0,20.0,Current Asthma,10.9,False
41023,John Day,Grant,OR,Oregon,44.49052506,-119.0075907,2019,7199,349,205,143,1,0,0,0,103,65,41,0,0,349,0,95.61643835616438,1,0.28653295128939826,20.4,COPD,7.2,True
41023,John Day,Grant,OR,Oregon,44.49052506,-119.0075907,2019,7199,349,205,143,1,0,0,0,103,65,41,0,0,349,0,95.61643835616438,1,0.28653295128939826,20.4,Current Asthma,11.0,True
41025,Burns,Harney,OR,Oregon,43.06365771,-118.9677897,2019,7393,364,204,155,5,0,0,0,131,70,44,0,0,364,0,99.72602739726028,5,1.3736263736263736,18.9,COPD,6.5,True
41025,Burns,Harney,OR,Oregon,43.06365771,-118.9677897,2019,7393,364,204,155,5,0,0,0,131,70,44,0,0,364,0,99.72602739726028,5,1.3736263736263736,18.9,Current Asthma,10.7,True
41029,Medford,Jackson,OR,Oregon,42.43210974,-122.7283241,2019,220944,365,249,109,3,4,0,0,190,64,41,0,123,242,0,100.0,7,1.9178082191780823,17.8,COPD,6.1,False
41029,Medford,Jackson,OR,Oregon,42.43210974,-122.7283241,2019,220944,365,249,109,3,4,0,0,190,64,41,0,123,242,0,100.0,7,1.9178082191780823,17.8,Current Asthma,10.4,False
41031,Madras,Jefferson,OR,Oregon,44.62921988,-121.1758128,2019,24658,365,261,102,2,0,0,0,122,66,29,0,0,365,0,100.0,2,0.547945205479452,18.5,COPD,6.5,True
41031,Madras,Jefferson,OR,Oregon,44.62921988,-121.1758128,2019,24658,365,261,102,2,0,0,0,122,66,29,0,0,365,0,100.0,2,0.547945205479452,18.5,Current Asthma,10.7,True
41033,Grants Pass,Josephine,OR,Oregon,42.36568479,-123.5559776,2019,87487,365,251,109,3,2,0,0,175,68,34,0,0,365,0,100.0,5,1.36986301369863,20.5,COPD,7.2,True
41033,Grants Pass,Josephine,OR,Oregon,42.36568479,-123.5559776,2019,87487,365,251,109,3,2,0,0,175,68,34,0,0,365,0,100.0,5,1.36986301369863,20.5,Current Asthma,11.0,True
41035,Klamath Falls,Klamath,OR,Oregon,42.68605125,-121.6499348,2019,68238,365,230,129,6,0,0,0,126,78,39,0,0,365,0,100.0,6,1.643835616438356,18.7,COPD,6.9,False
41035,Klamath Falls,Klamath,OR,Oregon,42.68605125,-121.6499348,2019,68238,365,230,129,6,0,0,0,126,78,39,0,0,365,0,100.0,6,1.643835616438356,18.7,Current Asthma,10.8,False
41037,Lakeview,Lake,OR,Oregon,42.79345716,-120.3874143,2019,7869,363,288,74,1,0,0,0,106,61,25,0,0,363,0,99.45205479452055,1,0.27548209366391185,20.2,COPD,7.4,True
41037,Lakeview,Lake,OR,Oregon,42.79345716,-120.3874143,2019,7869,363,288,74,1,0,0,0,106,61,25,0,0,363,0,99.45205479452055,1,0.27548209366391185,20.2,Current Asthma,10.8,True
41039,Eugene,Lane,OR,Oregon,43.93864283,-122.8473571,2019,382067,365,216,141,8,0,0,0,117,78,44,0,50,308,7,100.0,8,2.191780821917808,15.9,COPD,6.2,False
41039,Eugene,Lane,OR,Oregon,43.93864283,-122.8473571,2019,382067,365,216,141,8,0,0,0,117,78,44,0,50,308,7,100.0,8,2.191780821917808,15.9,Current Asthma,11.2,False
41043,Albany,Linn,OR,Oregon,44.48869274,-122.5339959,2019,129749,365,233,130,2,0,0,0,104,66,37,0,0,365,0,100.0,2,0.547945205479452,17.5,COPD,6.5,True
41043,Albany,Linn,OR,Oregon,44.48869274,-122.5339959,2019,129749,365,233,130,2,0,0,0,104,66,37,0,0,365,0,100.0,2,0.547945205479452,17.5,Current Asthma,11.1,True
41047,Salem,Marion,OR,Oregon,44.90329267,-122.5847343,2019,347818,356,262,94,0,0,0,0,93,63,37,0,108,248,0,97.53424657534246,0,0.0,15.1,COPD,5.9,True
41047,Salem,Marion,OR,Oregon,44.90329267,-122.5847343,2019,347818,356,262,94,0,0,0,0,93,63,37,0,108,248,0,97.53424657534246,0,0.0,15.1,Current Asthma,10.6,True
41051,Portland,Multnomah,OR,Oregon,45.54671221,-122.4145178,2019,812855,365,283,82,0,0,0,0,91,58,36,3,168,194,0,100.0,0,0.0,15.1,COPD,4.9,True
41051,Portland,Multnomah,OR,Oregon,45.54671221,-122.4145178,2019,812855,365,283,82,0,0,0,0,91,58,36,3,168,194,0,100.0,0,0.0,15.1,Current Asthma,9.9,True
41059,Pendleton,Umatilla,OR,Oregon,45.59168862,-118.7368824,2019,77950,365,267,97,1,0,0,0,104,63,40,0,142,223,0,100.0,1,0.273972602739726,17.9,COPD,6.6,True
41059,Pendleton,Umatilla,OR,Oregon,45.59168862,-118.7368824,2019,77950,365,267,97,1,0,0,0,104,63,40,0,142,223,0,100.0,1,0.273972602739726,17.9,Current Asthma,10.3,True
41061,La Grande,Union,OR,Oregon,45.31028914,-118.0093563,2019,26835,365,313,52,0,0,0,0,88,53,26,0,0,364,1,100.0,0,0.0,17.9,COPD,6.6,True
41061,La Grande,Union,OR,Oregon,45.31028914,-118.0093563,2019,26835,365,313,52,0,0,0,0,88,53,26,0,0,364,1,100.0,0,0.0,17.9,Current Asthma,10.8,True
41063,Enterprise,Wallowa,OR,Oregon,45.57979758,-117.1810198,2019,7208,363,289,73,1,0,0,0,103,56,29,0,0,363,0,99.45205479452055,1,0.27548209366391185,17.4,COPD,6.1,True
41063,Enterprise,Wallowa,OR,Oregon,45.57979758,-117.1810198,2019,7208,363,289,73,1,0,0,0,103,56,29,0,0,363,0,99.45205479452055,1,0.27548209366391185,17.4,Current Asthma,10.7,True
41065,City of The Dalles,Wasco,OR,Oregon,45.16021331,-121.1679065,2019,26682,350,262,88,0,0,0,0,89,62,31,0,0,350,0,95.8904109589041,0,0.0,17.3,COPD,6.1,False
41065,City of The Dalles,Wasco,OR,Oregon,45.16021331,-121.1679065,2019,26682,350,262,88,0,0,0,0,89,62,31,0,0,350,0,95.8904109589041,0,0.0,17.3,Current Asthma,10.3,False
41067,Hillsboro,Washington,OR,Oregon,45.56003819,-123.0986576,2019,601592,365,268,96,1,0,0,0,102,62,37,8,96,260,1,100.0,1,0.273972602739726,12.2,COPD,4.3,True
41067,Hillsboro,Washington,OR,Oregon,45.56003819,-123.0986576,2019,601592,365,268,96,1,0,0,0,102,62,37,8,96,260,1,100.0,1,0.273972602739726,12.2,Current Asthma,9.3,True
42001,Biglerville,Adams,PA,Pennsylvania,39.8714554,-77.21782671,2019,103009,365,243,122,0,0,0,0,87,63,45,0,210,155,0,100.0,0,0.0,20.3,COPD,6.6,False
42001,Biglerville,Adams,PA,Pennsylvania,39.8714554,-77.21782671,2019,103009,365,243,122,0,0,0,0,87,63,45,0,210,155,0,100.0,0,0.0,20.3,Current Asthma,10.1,False
42003,Pittsburgh,Allegheny,PA,Pennsylvania,40.46843446,-79.98137478,2019,1216045,365,67,287,7,4,0,0,165,80,59,0,39,326,0,100.0,11,3.0136986301369864,18.1,COPD,5.7,False
42003,Pittsburgh,Allegheny,PA,Pennsylvania,40.46843446,-79.98137478,2019,1216045,365,67,287,7,4,0,0,165,80,59,0,39,326,0,100.0,11,3.0136986301369864,18.1,Current Asthma,10.0,False
42005,Kittanning,Armstrong,PA,Pennsylvania,40.81266076,-79.46483523,2019,64735,365,261,104,0,0,0,0,72,57,43,0,154,211,0,100.0,0,0.0,23.8,COPD,7.6,False
42005,Kittanning,Armstrong,PA,Pennsylvania,40.81266076,-79.46483523,2019,64735,365,261,104,0,0,0,0,72,57,43,0,154,211,0,100.0,0,0.0,23.8,Current Asthma,10.7,False
42007,Baden,Beaver,PA,Pennsylvania,40.68255261,-80.34949372,2019,163929,365,183,181,1,0,0,0,132,67,50,0,150,215,0,100.0,1,0.273972602739726,21.6,COPD,6.8,False
42007,Baden,Beaver,PA,Pennsylvania,40.68255261,-80.34949372,2019,163929,365,183,181,1,0,0,0,132,67,50,0,150,215,0,100.0,1,0.273972602739726,21.6,Current Asthma,10.9,False
42011,Laureldale,Berks,PA,Pennsylvania,40.41620491,-75.92593182,2019,421164,365,230,129,5,1,0,0,170,67,44,0,167,198,0,100.0,6,1.643835616438356,19.3,COPD,6.3,False
42011,Laureldale,Berks,PA,Pennsylvania,40.41620491,-75.92593182,2019,421164,365,230,129,5,1,0,0,170,67,44,0,167,198,0,100.0,6,1.643835616438356,19.3,Current Asthma,10.0,False
42013,Altoona,Blair,PA,Pennsylvania,40.48095838,-78.34874767,2019,121829,352,220,132,0,0,0,0,93,64,46,0,147,205,0,96.43835616438356,0,0.0,23.3,COPD,7.4,False
42013,Altoona,Blair,PA,Pennsylvania,40.48095838,-78.34874767,2019,121829,352,220,132,0,0,0,0,93,64,46,0,147,205,0,96.43835616438356,0,0.0,23.3,Current Asthma,10.8,False
42015,Towanda,Bradford,PA,Pennsylvania,41.78878218,-76.5155355,2019,60323,352,273,79,0,0,0,0,78,58,41,0,157,195,0,96.43835616438356,0,0.0,23.2,COPD,7.6,False
42015,Towanda,Bradford,PA,Pennsylvania,41.78878218,-76.5155355,2019,60323,352,273,79,0,0,0,0,78,58,41,0,157,195,0,96.43835616438356,0,0.0,23.2,Current Asthma,10.8,False
42017,Bristol,Bucks,PA,Pennsylvania,40.33700933,-75.10699102,2019,628270,357,318,36,3,0,0,0,136,54,35,0,357,0,0,97.80821917808218,3,0.8403361344537815,16.7,COPD,5.1,False
42017,Bristol,Bucks,PA,Pennsylvania,40.33700933,-75.10699102,2019,628270,357,318,36,3,0,0,0,136,54,35,0,357,0,0,97.80821917808218,3,0.8403361344537815,16.7,Current Asthma,9.5,False
42021,Johnstown,Cambria,PA,Pennsylvania,40.49490752,-78.71394848,2019,130192,365,229,136,0,0,0,0,89,62,45,4,109,250,0,100.0,0,0.0,21.9,COPD,7.3,False
42021,Johnstown,Cambria,PA,Pennsylvania,40.49490752,-78.71394848,2019,130192,365,229,136,0,0,0,0,89,62,45,4,109,250,0,100.0,0,0.0,21.9,Current Asthma,10.7,False
42027,State College,Centre,PA,Pennsylvania,40.91921963,-77.82022034,2019,162385,365,192,173,0,0,0,0,99,66,49,0,120,245,0,100.0,0,0.0,19.0,COPD,6.3,False
42027,State College,Centre,PA,Pennsylvania,40.91921963,-77.82022034,2019,162385,365,192,173,0,0,0,0,99,66,49,0,120,245,0,100.0,0,0.0,19.0,Current Asthma,9.9,False
42029,Downingtown,Chester,PA,Pennsylvania,39.97322063,-75.74859201,2019,524989,364,223,139,2,0,0,0,115,67,46,0,196,168,0,99.72602739726028,2,0.5494505494505495,13.7,COPD,4.7,False
42029,Downingtown,Chester,PA,Pennsylvania,39.97322063,-75.74859201,2019,524989,364,223,139,2,0,0,0,115,67,46,0,196,168,0,99.72602739726028,2,0.5494505494505495,13.7,Current Asthma,9.2,False
42041,Carlisle,Cumberland,PA,Pennsylvania,40.16391414,-77.26461285,2019,253370,365,178,182,5,0,0,0,150,68,51,0,0,365,0,100.0,5,1.36986301369863,17.5,COPD,5.7,False
42041,Carlisle,Cumberland,PA,Pennsylvania,40.16391414,-77.26461285,2019,253370,365,178,182,5,0,0,0,150,68,51,0,0,365,0,100.0,5,1.36986301369863,17.5,Current Asthma,9.8,False
42043,Harrisburg,Dauphin,PA,Pennsylvania,40.41530324,-76.7794554,2019,278299,365,232,129,3,1,0,0,161,67,44,0,162,202,1,100.0,4,1.095890410958904,18.9,COPD,6.3,False
42043,Harrisburg,Dauphin,PA,Pennsylvania,40.41530324,-76.7794554,2019,278299,365,232,129,3,1,0,0,161,67,44,0,162,202,1,100.0,4,1.095890410958904,18.9,Current Asthma,10.4,False
42045,Chester,Delaware,PA,Pennsylvania,39.91679306,-75.39897723,2019,566747,365,180,178,7,0,0,0,133,74,51,1,136,228,0,100.0,7,1.9178082191780823,17.2,COPD,5.6,False
42045,Chester,Delaware,PA,Pennsylvania,39.91679306,-75.39897723,2019,566747,365,180,178,7,0,0,0,133,74,51,1,136,228,0,100.0,7,1.9178082191780823,17.2,Current Asthma,10.1,False
42049,Erie,Erie,PA,Pennsylvania,41.99279739,-80.03273245,2019,269728,364,271,93,0,0,0,0,93,56,39,4,172,186,0,99.72602739726028,0,0.0,21.5,COPD,7.2,False
42049,Erie,Erie,PA,Pennsylvania,41.99279739,-80.03273245,2019,269728,364,271,93,0,0,0,0,93,56,39,4,172,186,0,99.72602739726028,0,0.0,21.5,Current Asthma,10.4,False
42051,Brownsville,Fayette,PA,Pennsylvania,39.91968229,-79.64701158,2019,129274,360,273,87,0,0,0,0,75,57,42,0,192,168,0,98.63013698630137,0,0.0,24.2,COPD,8.2,False
42051,Brownsville,Fayette,PA,Pennsylvania,39.91968229,-79.64701158,2019,129274,360,273,87,0,0,0,0,75,57,42,0,192,168,0,98.63013698630137,0,0.0,24.2,Current Asthma,11.0,False
42055,Chambersburg,Franklin,PA,Pennsylvania,39.92766635,-77.7210762,2019,155027,341,324,17,0,0,0,0,80,48,36,0,341,0,0,93.42465753424658,0,0.0,20.8,COPD,6.9,False
42055,Chambersburg,Franklin,PA,Pennsylvania,39.92766635,-77.7210762,2019,155027,341,324,17,0,0,0,0,80,48,36,0,341,0,0,93.42465753424658,0,0.0,20.8,Current Asthma,10.2,False
42059,Morrisville,Greene,PA,Pennsylvania,39.85394525,-80.22274948,2019,36233,349,294,55,0,0,0,0,71,54,38,0,190,159,0,95.61643835616438,0,0.0,23.9,COPD,7.6,False
42059,Morrisville,Greene,PA,Pennsylvania,39.85394525,-80.22274948,2019,36233,349,294,55,0,0,0,0,71,54,38,0,190,159,0,95.61643835616438,0,0.0,23.9,Current Asthma,10.5,False
42063,Indiana,Indiana,PA,Pennsylvania,40.65189077,-79.08787188,2019,84073,350,324,26,0,0,0,0,93,49,38,0,350,0,0,95.8904109589041,0,0.0,23.3,COPD,7.7,False
42063,Indiana,Indiana,PA,Pennsylvania,40.65189077,-79.08787188,2019,84073,350,324,26,0,0,0,0,93,49,38,0,350,0,0,95.8904109589041,0,0.0,23.3,Current Asthma,10.6,False
42069,Scranton,Lackawanna,PA,Pennsylvania,41.43612408,-75.60899801,2019,209674,365,309,56,0,0,0,0,82,53,39,11,233,121,0,100.0,0,0.0,20.9,COPD,6.8,False
42069,Scranton,Lackawanna,PA,Pennsylvania,41.43612408,-75.60899801,2019,209674,365,309,56,0,0,0,0,82,53,39,11,233,121,0,100.0,0,0.0,20.9,Current Asthma,10.0,False
42071,Lancaster,Lancaster,PA,Pennsylvania,40.04245265,-76.24778521,2019,545724,365,160,195,9,1,0,0,159,76,52,0,104,261,0,100.0,10,2.73972602739726,20.0,COPD,6.4,False
42071,Lancaster,Lancaster,PA,Pennsylvania,40.04245265,-76.24778521,2019,545724,365,160,195,9,1,0,0,159,76,52,0,104,261,0,100.0,10,2.73972602739726,20.0,Current Asthma,10.3,False
42073,Bessemer (RR name Walford),Lawrence,PA,Pennsylvania,40.99131778,-80.33431326,2019,85512,361,356,5,0,0,0,0,74,43,31,0,361,0,0,98.9041095890411,0,0.0,22.4,COPD,7.4,False
42073,Bessemer (RR name Walford),Lawrence,PA,Pennsylvania,40.99131778,-80.33431326,2019,85512,361,356,5,0,0,0,0,74,43,31,0,361,0,0,98.9041095890411,0,0.0,22.4,Current Asthma,10.6,False
42075,Lebanon,Lebanon,PA,Pennsylvania,40.36714015,-76.45765604,2019,141793,360,219,137,4,0,0,0,142,66,46,0,135,225,0,98.63013698630137,4,1.1111111111111112,21.4,COPD,6.7,False
42075,Lebanon,Lebanon,PA,Pennsylvania,40.36714015,-76.45765604,2019,141793,360,219,137,4,0,0,0,142,66,46,0,135,225,0,98.63013698630137,4,1.1111111111111112,21.4,Current Asthma,9.9,False
42077,Allentown,Lehigh,PA,Pennsylvania,40.61253349,-75.59180626,2019,369318,360,254,103,3,0,0,0,119,64,43,0,159,199,2,98.63013698630137,3,0.8333333333333334,17.6,COPD,5.8,False
42077,Allentown,Lehigh,PA,Pennsylvania,40.61253349,-75.59180626,2019,369318,360,254,103,3,0,0,0,119,64,43,0,159,199,2,98.63013698630137,3,0.8333333333333334,17.6,Current Asthma,9.5,False
42079,Nanticoke,Luzerne,PA,Pennsylvania,41.17701694,-75.98904217,2019,317417,361,350,11,0,0,0,0,77,45,34,0,352,0,9,98.9041095890411,0,0.0,21.7,COPD,6.9,False
42079,Nanticoke,Luzerne,PA,Pennsylvania,41.17701694,-75.98904217,2019,317417,361,350,11,0,0,0,0,77,45,34,0,352,0,9,98.9041095890411,0,0.0,21.7,Current Asthma,10.1,False
42081,Williamsport,Lycoming,PA,Pennsylvania,41.34383194,-77.06492826,2019,113299,361,322,39,0,0,0,0,77,51,37,0,269,92,0,98.9041095890411,0,0.0,22.3,COPD,7.1,False
42081,Williamsport,Lycoming,PA,Pennsylvania,41.34383194,-77.06492826,2019,113299,361,322,39,0,0,0,0,77,51,37,0,269,92,0,98.9041095890411,0,0.0,22.3,Current Asthma,10.5,False
42085,Farrell,Mercer,PA,Pennsylvania,41.30227757,-80.25774325,2019,109424,365,240,125,0,0,0,0,96,61,44,0,181,184,0,100.0,0,0.0,22.0,COPD,7.3,False
42085,Farrell,Mercer,PA,Pennsylvania,41.30227757,-80.25774325,2019,109424,365,240,125,0,0,0,0,96,61,44,0,181,184,0,100.0,0,0.0,22.0,Current Asthma,10.7,False
42091,Collegeville,Montgomery,PA,Pennsylvania,40.21095586,-75.36761309,2019,830915,362,262,99,1,0,0,0,129,61,40,0,163,199,0,99.17808219178083,1,0.2762430939226519,14.9,COPD,4.7,False
42091,Collegeville,Montgomery,PA,Pennsylvania,40.21095586,-75.36761309,2019,830915,362,262,99,1,0,0,0,129,61,40,0,163,199,0,99.17808219178083,1,0.2762430939226519,14.9,Current Asthma,9.5,False
42095,Bethlehem,Northampton,PA,Pennsylvania,40.75413608,-75.30739222,2019,305285,363,238,122,3,0,0,0,114,66,44,1,165,197,0,99.45205479452055,3,0.8264462809917356,18.0,COPD,5.7,False
42095,Bethlehem,Northampton,PA,Pennsylvania,40.75413608,-75.30739222,2019,305285,363,238,122,3,0,0,0,114,66,44,1,165,197,0,99.45205479452055,3,0.8264462809917356,18.0,Current Asthma,9.7,False
42101,Philadelphia,Philadelphia,PA,Pennsylvania,40.00836724,-75.13256583,2019,1584064,365,193,166,6,0,0,0,140,72,49,12,131,222,0,100.0,6,1.643835616438356,20.2,COPD,6.9,False
42101,Philadelphia,Philadelphia,PA,Pennsylvania,40.00836724,-75.13256583,2019,1584064,365,193,166,6,0,0,0,140,72,49,12,131,222,0,100.0,6,1.643835616438356,20.2,Current Asthma,11.4,False
42115,New Milford,Susquehanna,PA,Pennsylvania,41.82127676,-75.80090451,2019,40328,352,292,60,0,0,0,0,79,55,32,0,0,352,0,96.43835616438356,0,0.0,22.4,COPD,7.4,False
42115,New Milford,Susquehanna,PA,Pennsylvania,41.82127676,-75.80090451,2019,40328,352,292,60,0,0,0,0,79,55,32,0,0,352,0,96.43835616438356,0,0.0,22.4,Current Asthma,10.4,False
42125,Monongahela,Washington,PA,Pennsylvania,40.18926386,-80.24824279,2019,206865,365,177,188,0,0,0,0,95,66,51,0,110,255,0,100.0,0,0.0,19.2,COPD,6.4,False
42125,Monongahela,Washington,PA,Pennsylvania,40.18926386,-80.24824279,2019,206865,365,177,188,0,0,0,0,95,66,51,0,110,255,0,100.0,0,0.0,19.2,Current Asthma,10.2,False
42129,Monessen,Westmoreland,PA,Pennsylvania,40.31061339,-79.4669164,2019,348899,354,276,78,0,0,0,0,93,55,41,0,195,159,0,96.98630136986301,0,0.0,20.5,COPD,6.3,False
42129,Monessen,Westmoreland,PA,Pennsylvania,40.31061339,-79.4669164,2019,348899,354,276,78,0,0,0,0,93,55,41,0,195,159,0,96.98630136986301,0,0.0,20.5,Current Asthma,9.9,False
42133,York,York,PA,Pennsylvania,39.91959501,-76.72591149,2019,449058,365,232,133,0,0,0,0,94,60,44,17,160,188,0,100.0,0,0.0,19.3,COPD,6.5,False
42133,York,York,PA,Pennsylvania,39.91959501,-76.72591149,2019,449058,365,232,133,0,0,0,0,94,60,44,17,160,188,0,100.0,0,0.0,19.3,Current Asthma,9.9,False
44003,Warwick (RR name Apponaug),Kent,RI,Rhode Island,41.6726697,-71.5904465,2019,164292,351,325,26,0,0,0,0,93,49,34,0,196,155,0,96.16438356164385,0,0.0,16.5,COPD,6.8,True
44003,Warwick (RR name Apponaug),Kent,RI,Rhode Island,41.6726697,-71.5904465,2019,164292,351,325,26,0,0,0,0,93,49,34,0,196,155,0,96.16438356164385,0,0.0,16.5,Current Asthma,10.7,True
44007,Providence,Providence,RI,Rhode Island,41.87149381,-71.57868695,2019,638931,365,222,143,0,0,0,0,90,61,46,2,157,206,0,100.0,0,0.0,16.6,COPD,6.8,True
44007,Providence,Providence,RI,Rhode Island,41.87149381,-71.57868695,2019,638931,365,222,143,0,0,0,0,90,61,46,2,157,206,0,100.0,0,0.0,16.6,Current Asthma,11.6,True
44009,Westerly (census name Westerly Center),Washington,RI,Rhode Island,41.46927958,-71.62325886,2019,125577,352,317,33,2,0,0,0,126,50,38,0,202,150,0,96.43835616438356,2,0.5681818181818182,16.0,COPD,5.9,True
44009,Westerly (census name Westerly Center),Washington,RI,Rhode Island,41.46927958,-71.62325886,2019,125577,352,317,33,2,0,0,0,126,50,38,0,202,150,0,96.43835616438356,2,0.5681818181818182,16.0,Current Asthma,10.6,True
45019,North Charleston,Charleston,SC,South Carolina,32.83601666,-79.94790625,2019,411406,357,262,95,0,0,0,0,76,56,42,0,41,315,1,97.80821917808218,0,0.0,15.7,COPD,5.7,True
45019,North Charleston,Charleston,SC,South Carolina,32.83601666,-79.94790625,2019,411406,357,262,95,0,0,0,0,76,56,42,0,41,315,1,97.80821917808218,0,0.0,15.7,Current Asthma,9.4,True
45041,Florence,Florence,SC,South Carolina,34.024508,-79.70209086,2019,138293,361,243,118,0,0,0,0,73,57,41,0,0,361,0,98.9041095890411,0,0.0,20.4,COPD,7.5,True
45041,Florence,Florence,SC,South Carolina,34.024508,-79.70209086,2019,138293,361,243,118,0,0,0,0,73,57,41,0,0,361,0,98.9041095890411,0,0.0,20.4,Current Asthma,10.3,True
45045,Greenville,Greenville,SC,South Carolina,34.89405968,-82.37084163,2019,523542,365,211,154,0,0,0,0,97,63,46,12,57,288,8,100.0,0,0.0,15.0,COPD,5.9,True
45045,Greenville,Greenville,SC,South Carolina,34.89405968,-82.37084163,2019,523542,365,211,154,0,0,0,0,97,63,46,12,57,288,8,100.0,0,0.0,15.0,Current Asthma,8.7,True
45063,Cayce,Lexington,SC,South Carolina,33.90238432,-81.27136541,2019,298750,365,230,135,0,0,0,0,69,58,44,0,0,360,5,100.0,0,0.0,17.4,COPD,6.4,True
45063,Cayce,Lexington,SC,South Carolina,33.90238432,-81.27136541,2019,298750,365,230,135,0,0,0,0,69,58,44,0,0,360,5,100.0,0,0.0,17.4,Current Asthma,9.2,True
45079,Columbia,Richland,SC,South Carolina,34.02180716,-80.90286478,2019,415759,365,245,120,0,0,0,0,93,58,42,16,81,267,0,100.0,0,0.0,16.8,COPD,5.8,True
45079,Columbia,Richland,SC,South Carolina,34.02180716,-80.90286478,2019,415759,365,245,120,0,0,0,0,93,58,42,16,81,267,0,100.0,0,0.0,16.8,Current Asthma,9.7,True
45083,Spartanburg,Spartanburg,SC,South Carolina,34.93148852,-81.99097281,2019,319785,348,206,140,2,0,0,0,105,61,45,0,63,285,0,95.34246575342465,2,0.5747126436781609,20.0,COPD,7.0,True
45083,Spartanburg,Spartanburg,SC,South Carolina,34.93148852,-81.99097281,2019,319785,348,206,140,2,0,0,0,105,61,45,0,63,285,0,95.34246575342465,2,0.5747126436781609,20.0,Current Asthma,9.5,True
45091,Rock Hill,York,SC,South Carolina,34.97472183,-81.18445016,2019,280979,365,210,148,7,0,0,0,133,64,47,0,146,219,0,100.0,7,1.9178082191780823,15.6,COPD,6.0,True
45091,Rock Hill,York,SC,South Carolina,34.97472183,-81.18445016,2019,280979,365,210,148,7,0,0,0,133,64,47,0,146,219,0,100.0,7,1.9178082191780823,15.6,Current Asthma,8.9,True
46011,Brookings,Brookings,SD,South Dakota,44.36983513,-96.79063125,2019,35077,365,273,87,5,0,0,0,126,66,43,0,311,44,10,100.0,5,1.36986301369863,14.3,COPD,4.6,True
46011,Brookings,Brookings,SD,South Dakota,44.36983513,-96.79063125,2019,35077,365,273,87,5,0,0,0,126,66,43,0,311,44,10,100.0,5,1.36986301369863,14.3,Current Asthma,7.8,True
46029,Watertown,Codington,SD,South Dakota,44.97797207,-97.18867337,2019,28009,361,295,66,0,0,0,0,83,55,32,0,0,316,45,98.9041095890411,0,0.0,18.6,COPD,5.5,True
46029,Watertown,Codington,SD,South Dakota,44.97797207,-97.18867337,2019,28009,361,295,66,0,0,0,0,83,55,32,0,0,316,45,98.9041095890411,0,0.0,18.6,Current Asthma,8.5,True
46099,Sioux Falls,Minnehaha,SD,South Dakota,43.67420454,-96.79138309,2019,193134,365,301,63,1,0,0,0,105,55,37,7,265,91,2,100.0,1,0.273972602739726,15.7,COPD,4.8,True
46099,Sioux Falls,Minnehaha,SD,South Dakota,43.67420454,-96.79138309,2019,193134,365,301,63,1,0,0,0,105,55,37,7,265,91,2,100.0,1,0.273972602739726,15.7,Current Asthma,8.0,True
46103,Rapid City,Pennington,SD,South Dakota,44.00366541,-102.824028,2019,113775,361,267,90,4,0,0,0,117,61,33,10,0,175,176,98.9041095890411,4,1.10803324099723,18.9,COPD,5.3,True
46103,Rapid City,Pennington,SD,South Dakota,44.00366541,-102.824028,2019,113775,361,267,90,4,0,0,0,117,61,33,10,0,175,176,98.9041095890411,4,1.10803324099723,18.9,Current Asthma,8.3,True
47001,Oak Ridge,Anderson,TN,Tennessee,36.11848968,-84.19889754,2019,76978,234,177,55,2,0,0,0,105,71,44,0,234,0,0,64.10958904109589,2,0.8547008547008548,23.1,COPD,8.8,True
47001,Oak Ridge,Anderson,TN,Tennessee,36.11848968,-84.19889754,2019,76978,234,177,55,2,0,0,0,105,71,44,0,234,0,0,64.10958904109589,2,0.8547008547008548,23.1,Current Asthma,9.9,True
47009,Alcoa,Blount,TN,Tennessee,35.68738201,-83.92474231,2019,133088,365,223,140,2,0,0,0,115,61,46,0,180,185,0,100.0,2,0.547945205479452,22.5,COPD,8.3,True
47009,Alcoa,Blount,TN,Tennessee,35.68738201,-83.92474231,2019,133088,365,223,140,2,0,0,0,115,61,46,0,180,185,0,100.0,2,0.547945205479452,22.5,Current Asthma,9.6,True
47037,Nashville,Davidson,TN,Tennessee,36.1695308,-86.78482949,2019,694144,365,151,213,1,0,0,0,101,64,52,10,63,292,0,100.0,1,0.273972602739726,16.9,COPD,7.0,True
47037,Nashville,Davidson,TN,Tennessee,36.1695308,-86.78482949,2019,694144,365,151,213,1,0,0,0,101,64,52,10,63,292,0,100.0,1,0.273972602739726,16.9,Current Asthma,9.5,True
47045,Dyersburg,Dyer,TN,Tennessee,36.0590027,-89.41389153,2019,37159,360,275,85,0,0,0,0,66,54,35,0,0,360,0,98.63013698630137,0,0.0,24.4,COPD,9.7,True
47045,Dyersburg,Dyer,TN,Tennessee,36.0590027,-89.41389153,2019,37159,360,275,85,0,0,0,0,66,54,35,0,0,360,0,98.63013698630137,0,0.0,24.4,Current Asthma,10.4,True
47065,Chattanooga,Hamilton,TN,Tennessee,35.18133498,-85.16453555,2019,367804,365,181,184,0,0,0,0,97,67,51,0,127,238,0,100.0,0,0.0,19.3,COPD,7.4,True
47065,Chattanooga,Hamilton,TN,Tennessee,35.18133498,-85.16453555,2019,367804,365,181,184,0,0,0,0,97,67,51,0,127,238,0,100.0,0,0.0,19.3,Current Asthma,9.5,True
47089,New Market,Jefferson,TN,Tennessee,36.0508534,-83.44638067,2019,54495,234,197,37,0,0,0,0,93,58,44,0,234,0,0,64.10958904109589,0,0.0,23.3,COPD,9.3,True
47089,New Market,Jefferson,TN,Tennessee,36.0508534,-83.44638067,2019,54495,234,197,37,0,0,0,0,93,58,44,0,234,0,0,64.10958904109589,0,0.0,23.3,Current Asthma,10.2,True
47093,Knoxville,Knox,TN,Tennessee,35.99293708,-83.93709229,2019,470313,364,214,150,0,0,0,0,84,62,46,0,128,232,4,99.72602739726028,0,0.0,18.6,COPD,7.5,True
47093,Knoxville,Knox,TN,Tennessee,35.99293708,-83.93709229,2019,470313,364,214,150,0,0,0,0,84,62,46,0,128,232,4,99.72602739726028,0,0.0,18.6,Current Asthma,9.4,True
47099,Loretto,Lawrence,TN,Tennessee,35.21733122,-87.3957987,2019,44142,330,244,86,0,0,0,0,66,55,36,0,0,330,0,90.41095890410958,0,0.0,26.0,COPD,10.4,True
47099,Loretto,Lawrence,TN,Tennessee,35.21733122,-87.3957987,2019,44142,330,244,86,0,0,0,0,66,55,36,0,0,330,0,90.41095890410958,0,0.0,26.0,Current Asthma,10.6,True
47105,Loudon,Loudon,TN,Tennessee,35.73487427,-84.31098142,2019,54068,365,251,114,0,0,0,0,93,58,43,0,120,245,0,100.0,0,0.0,20.9,COPD,7.9,True
47105,Loudon,Loudon,TN,Tennessee,35.73487427,-84.31098142,2019,54068,365,251,114,0,0,0,0,93,58,43,0,120,245,0,100.0,0,0.0,20.9,Current Asthma,9.2,True
47113,Jackson,Madison,TN,Tennessee,35.60804464,-88.83862319,2019,97984,362,262,100,0,0,0,0,65,56,36,0,0,362,0,99.17808219178083,0,0.0,21.2,COPD,8.5,True
47113,Jackson,Madison,TN,Tennessee,35.60804464,-88.83862319,2019,97984,362,262,100,0,0,0,0,65,56,36,0,0,362,0,99.17808219178083,0,0.0,21.2,Current Asthma,10.0,True
47119,Columbia,Maury,TN,Tennessee,35.61777983,-87.07665337,2019,96387,362,301,61,0,0,0,0,66,53,31,0,0,362,0,99.17808219178083,0,0.0,20.9,COPD,7.8,True
47119,Columbia,Maury,TN,Tennessee,35.61777983,-87.07665337,2019,96387,362,301,61,0,0,0,0,66,53,31,0,0,362,0,99.17808219178083,0,0.0,20.9,Current Asthma,9.5,True
47107,Athens,McMinn,TN,Tennessee,35.42505427,-84.61678131,2019,53794,357,239,118,0,0,0,0,69,57,41,0,0,357,0,97.80821917808218,0,0.0,26.6,COPD,10.0,True
47107,Athens,McMinn,TN,Tennessee,35.42505427,-84.61678131,2019,53794,357,239,118,0,0,0,0,69,57,41,0,0,357,0,97.80821917808218,0,0.0,26.6,Current Asthma,10.5,True
47125,Clarksville,Montgomery,TN,Tennessee,36.49670228,-87.38312934,2019,208993,362,278,84,0,0,0,0,67,55,35,0,0,362,0,99.17808219178083,0,0.0,19.3,COPD,7.5,True
47125,Clarksville,Montgomery,TN,Tennessee,36.49670228,-87.38312934,2019,208993,362,278,84,0,0,0,0,67,55,35,0,0,362,0,99.17808219178083,0,0.0,19.3,Current Asthma,9.7,True
47141,Cookeville,Putnam,TN,Tennessee,36.14083252,-85.49623184,2019,80245,360,291,69,0,0,0,0,67,54,33,0,0,360,0,98.63013698630137,0,0.0,23.0,COPD,9.1,True
47141,Cookeville,Putnam,TN,Tennessee,36.14083252,-85.49623184,2019,80245,360,291,69,0,0,0,0,67,54,33,0,0,360,0,98.63013698630137,0,0.0,23.0,Current Asthma,9.8,True
47145,Rockwood,Roane,TN,Tennessee,35.84834737,-84.52238106,2019,53382,356,251,105,0,0,0,0,75,55,37,0,0,356,0,97.53424657534246,0,0.0,23.8,COPD,8.9,True
47145,Rockwood,Roane,TN,Tennessee,35.84834737,-84.52238106,2019,53382,356,251,105,0,0,0,0,75,55,37,0,0,356,0,97.53424657534246,0,0.0,23.8,Current Asthma,10.1,True
47155,Pigeon Forge,Sevier,TN,Tennessee,35.78457323,-83.52358328,2019,98250,364,287,77,0,0,0,0,90,61,44,0,364,0,0,99.72602739726028,0,0.0,24.6,COPD,9.2,True
47155,Pigeon Forge,Sevier,TN,Tennessee,35.78457323,-83.52358328,2019,98250,364,287,77,0,0,0,0,90,61,44,0,364,0,0,99.72602739726028,0,0.0,24.6,Current Asthma,9.7,True
47157,Memphis,Shelby,TN,Tennessee,35.18405863,-89.89536865,2019,937166,365,152,209,4,0,0,0,148,67,52,3,118,243,1,100.0,4,1.095890410958904,19.7,COPD,7.9,True
47157,Memphis,Shelby,TN,Tennessee,35.18405863,-89.89536865,2019,937166,365,152,209,4,0,0,0,148,67,52,3,118,243,1,100.0,4,1.095890410958904,19.7,Current Asthma,10.0,True
47163,Kingsport,Sullivan,TN,Tennessee,36.51293749,-82.30442254,2019,158348,362,240,121,1,0,0,0,119,59,44,0,158,204,0,99.17808219178083,1,0.2762430939226519,23.1,COPD,9.4,True
47163,Kingsport,Sullivan,TN,Tennessee,36.51293749,-82.30442254,2019,158348,362,240,121,1,0,0,0,119,59,44,0,158,204,0,99.17808219178083,1,0.2762430939226519,23.1,Current Asthma,10.3,True
47165,Gallatin,Sumner,TN,Tennessee,36.46976889,-86.45987461,2019,191283,357,240,117,0,0,0,0,93,61,44,0,160,197,0,97.80821917808218,0,0.0,19.5,COPD,7.4,True
47165,Gallatin,Sumner,TN,Tennessee,36.46976889,-86.45987461,2019,191283,357,240,117,0,0,0,0,93,61,44,0,160,197,0,97.80821917808218,0,0.0,19.5,Current Asthma,9.4,True
47187,Franklin,Williamson,TN,Tennessee,35.89431575,-86.89816665,2019,238412,245,215,30,0,0,0,0,84,51,42,0,245,0,0,67.12328767123287,0,0.0,13.3,COPD,5.1,True
47187,Franklin,Williamson,TN,Tennessee,35.89431575,-86.89816665,2019,238412,245,215,30,0,0,0,0,84,51,42,0,245,0,0,67.12328767123287,0,0.0,13.3,Current Asthma,8.2,True
47189,Lebanon,Wilson,TN,Tennessee,36.15405666,-86.29704624,2019,144657,231,205,26,0,0,0,0,80,51,40,0,231,0,0,63.287671232876704,0,0.0,18.5,COPD,6.9,True
47189,Lebanon,Wilson,TN,Tennessee,36.15405666,-86.29704624,2019,144657,231,205,26,0,0,0,0,80,51,40,0,231,0,0,63.287671232876704,0,0.0,18.5,Current Asthma,9.0,True
48027,Temple,Bell,TX,Texas,31.03760174,-97.4784392,2019,362924,365,237,126,2,0,0,0,105,62,45,1,211,153,0,100.0,2,0.547945205479452,16.9,COPD,6.0,True
48027,Temple,Bell,TX,Texas,31.03760174,-97.4784392,2019,362924,365,237,126,2,0,0,0,105,62,45,1,211,153,0,100.0,2,0.547945205479452,16.9,Current Asthma,8.7,True
48029,San Antonio,Bexar,TX,Texas,29.44893779,-98.52011263,2019,2003554,365,117,243,4,1,0,0,175,74,55,0,93,271,1,100.0,5,1.36986301369863,14.3,COPD,5.0,True
48029,San Antonio,Bexar,TX,Texas,29.44893779,-98.52011263,2019,2003554,365,117,243,4,1,0,0,175,74,55,0,93,271,1,100.0,5,1.36986301369863,14.3,Current Asthma,7.8,True
48037,Texarkana,Bowie,TX,Texas,33.44629797,-94.4240289,2019,93245,349,171,177,1,0,0,0,109,62,51,0,0,349,0,95.61643835616438,1,0.28653295128939826,20.7,COPD,7.4,True
48037,Texarkana,Bowie,TX,Texas,33.44629797,-94.4240289,2019,93245,349,171,177,1,0,0,0,109,62,51,0,0,349,0,95.61643835616438,1,0.28653295128939826,20.7,Current Asthma,9.3,True
48039,Clute (corporate name for Clute City),Brazoria,TX,Texas,29.18975315,-95.44979552,2019,374264,365,325,33,6,1,0,0,161,51,33,5,360,0,0,100.0,7,1.9178082191780823,15.6,COPD,5.0,True
48039,Clute (corporate name for Clute City),Brazoria,TX,Texas,29.18975315,-95.44979552,2019,374264,365,325,33,6,1,0,0,161,51,33,5,360,0,0,100.0,7,1.9178082191780823,15.6,Current Asthma,7.6,True
48043,Alpine,Brewster,TX,Texas,29.81168577,-103.2521858,2019,9203,362,278,84,0,0,0,0,93,57,42,0,257,105,0,99.17808219178083,0,0.0,13.9,COPD,5.1,True
48043,Alpine,Brewster,TX,Texas,29.81168577,-103.2521858,2019,9203,362,278,84,0,0,0,0,93,57,42,0,257,105,0,99.17808219178083,0,0.0,13.9,Current Asthma,7.7,True
48061,Brownsville,Cameron,TX,Texas,26.12842068,-97.52636288,2019,423163,365,172,193,0,0,0,0,91,67,52,0,83,282,0,100.0,0,0.0,16.2,COPD,6.4,True
48061,Brownsville,Cameron,TX,Texas,26.12842068,-97.52636288,2019,423163,365,172,193,0,0,0,0,91,67,52,0,83,282,0,100.0,0,0.0,16.2,Current Asthma,8.1,True
48085,Frisco,Collin,TX,Texas,33.18821729,-96.57262788,2019,1034730,365,309,48,7,1,0,0,156,58,40,0,365,0,0,100.0,8,2.191780821917808,12.4,COPD,4.4,True
48085,Frisco,Collin,TX,Texas,33.18821729,-96.57262788,2019,1034730,365,309,48,7,1,0,0,156,58,40,0,365,0,0,100.0,8,2.191780821917808,12.4,Current Asthma,7.3,True
48113,Dallas,Dallas,TX,Texas,32.76663123,-96.77783375,2019,2635516,365,156,203,6,0,0,0,143,74,52,6,137,222,0,100.0,6,1.643835616438356,15.2,COPD,5.9,True
48113,Dallas,Dallas,TX,Texas,32.76663123,-96.77783375,2019,2635516,365,156,203,6,0,0,0,143,74,52,6,137,222,0,100.0,6,1.643835616438356,15.2,Current Asthma,8.3,True
48121,Denton,Denton,TX,Texas,33.20531511,-97.1165408,2019,887207,365,239,114,12,0,0,0,133,67,44,1,236,128,0,100.0,12,3.287671232876712,13.1,COPD,4.7,False
48121,Denton,Denton,TX,Texas,33.20531511,-97.1165408,2019,887207,365,239,114,12,0,0,0,133,67,44,1,236,128,0,100.0,12,3.287671232876712,13.1,Current Asthma,7.6,False
48135,Odessa,Ector,TX,Texas,31.86922937,-102.5430074,2019,166223,354,251,103,0,0,0,0,82,56,38,0,0,354,0,96.98630136986301,0,0.0,16.1,COPD,5.6,True
48135,Odessa,Ector,TX,Texas,31.86922937,-102.5430074,2019,166223,354,251,103,0,0,0,0,82,56,38,0,0,354,0,96.98630136986301,0,0.0,16.1,Current Asthma,8.0,True
48141,El Paso,El Paso,TX,Texas,31.76871092,-106.2350071,2019,839238,365,100,252,11,2,0,0,159,84,57,6,142,214,3,100.0,13,3.5616438356164384,13.6,COPD,4.9,False
48141,El Paso,El Paso,TX,Texas,31.76871092,-106.2350071,2019,839238,365,100,252,11,2,0,0,159,84,57,6,142,214,3,100.0,13,3.5616438356164384,13.6,Current Asthma,7.4,False
48139,Midlothian,Ellis,TX,Texas,32.34873564,-96.79498603,2019,184826,365,250,115,0,0,0,0,97,58,44,5,188,172,0,100.0,0,0.0,16.4,COPD,5.8,True
48139,Midlothian,Ellis,TX,Texas,32.34873564,-96.79498603,2019,184826,365,250,115,0,0,0,0,97,58,44,5,188,172,0,100.0,0,0.0,16.4,Current Asthma,8.3,True
48167,Texas City,Galveston,TX,Texas,29.39103163,-94.95938656,2019,342139,362,247,107,8,0,0,0,136,63,43,3,215,143,1,99.17808219178083,8,2.209944751381215,17.1,COPD,5.7,True
48167,Texas City,Galveston,TX,Texas,29.39103163,-94.95938656,2019,342139,362,247,107,8,0,0,0,136,63,43,3,215,143,1,99.17808219178083,8,2.209944751381215,17.1,Current Asthma,8.0,True
48183,Longview,Gregg,TX,Texas,32.4811078,-94.81640505,2019,123945,362,328,33,1,0,0,0,112,50,35,3,359,0,0,99.17808219178083,1,0.2762430939226519,19.5,COPD,7.5,True
48183,Longview,Gregg,TX,Texas,32.4811078,-94.81640505,2019,123945,362,328,33,1,0,0,0,112,50,35,3,359,0,0,99.17808219178083,1,0.2762430939226519,19.5,Current Asthma,9.4,True
48203,Hallsville,Harrison,TX,Texas,32.54931886,-94.37144464,2019,66553,358,242,116,0,0,0,0,90,58,44,0,131,227,0,98.08219178082192,0,0.0,20.7,COPD,7.5,True
48203,Hallsville,Harrison,TX,Texas,32.54931886,-94.37144464,2019,66553,358,242,116,0,0,0,0,90,58,44,0,131,227,0,98.08219178082192,0,0.0,20.7,Current Asthma,9.4,True
48215,McAllen,Hidalgo,TX,Texas,26.39669726,-98.18139361,2019,868707,365,184,179,2,0,0,0,106,69,50,0,76,289,0,100.0,2,0.547945205479452,15.6,COPD,6.2,True
48215,McAllen,Hidalgo,TX,Texas,26.39669726,-98.18139361,2019,868707,365,184,179,2,0,0,0,106,69,50,0,76,289,0,100.0,2,0.547945205479452,15.6,Current Asthma,7.9,True
48221,Granbury,Hood,TX,Texas,32.42989254,-97.83244626,2019,61643,357,325,31,1,0,0,0,133,50,35,0,357,0,0,97.80821917808218,1,0.2801120448179272,17.3,COPD,6.3,True
48221,Granbury,Hood,TX,Texas,32.42989254,-97.83244626,2019,61643,357,325,31,1,0,0,0,133,50,35,0,357,0,0,97.80821917808218,1,0.2801120448179272,17.3,Current Asthma,8.4,True
48231,Greenville,Hunt,TX,Texas,33.12356159,-96.08559987,2019,98594,364,345,19,0,0,0,0,97,47,35,3,361,0,0,99.72602739726028,0,0.0,19.9,COPD,7.4,True
48231,Greenville,Hunt,TX,Texas,33.12356159,-96.08559987,2019,98594,364,345,19,0,0,0,0,97,47,35,3,361,0,0,99.72602739726028,0,0.0,19.9,Current Asthma,8.9,True
48245,Port Arthur,Jefferson,TX,Texas,29.88239698,-94.16299514,2019,251565,365,194,165,6,0,0,0,150,67,49,0,142,223,0,100.0,6,1.643835616438356,19.0,COPD,6.9,True
48245,Port Arthur,Jefferson,TX,Texas,29.88239698,-94.16299514,2019,251565,365,194,165,6,0,0,0,150,67,49,0,142,223,0,100.0,6,1.643835616438356,19.0,Current Asthma,9.0,True
48251,Cleburne,Johnson,TX,Texas,32.37884245,-97.36611859,2019,175817,352,298,47,7,0,0,0,143,61,38,0,352,0,0,96.43835616438356,7,1.9886363636363635,18.6,COPD,6.7,True
48251,Cleburne,Johnson,TX,Texas,32.37884245,-97.36611859,2019,175817,352,298,47,7,0,0,0,143,61,38,0,352,0,0,96.43835616438356,7,1.9886363636363635,18.6,Current Asthma,8.5,True
48257,Terrell,Kaufman,TX,Texas,32.59936326,-96.2880876,2019,136154,365,278,87,0,0,0,0,93,57,42,0,209,156,0,100.0,0,0.0,17.6,COPD,6.4,True
48257,Terrell,Kaufman,TX,Texas,32.59936326,-96.2880876,2019,136154,365,278,87,0,0,0,0,93,57,42,0,209,156,0,100.0,0,0.0,17.6,Current Asthma,8.5,True
48273,Corpus Christi,Kleberg,TX,Texas,27.43095013,-97.72829271,2019,30680,284,182,102,0,0,0,0,89,61,41,0,0,284,0,77.8082191780822,0,0.0,15.6,COPD,5.6,True
48273,Corpus Christi,Kleberg,TX,Texas,27.43095013,-97.72829271,2019,30680,284,182,102,0,0,0,0,89,61,41,0,0,284,0,77.8082191780822,0,0.0,15.6,Current Asthma,8.1,True
48303,Lubbock,Lubbock,TX,Texas,33.61008596,-101.8204789,2019,310569,330,281,48,1,0,0,0,103,53,34,0,0,330,0,90.41095890410958,1,0.30303030303030304,15.8,COPD,6.1,True
48303,Lubbock,Lubbock,TX,Texas,33.61008596,-101.8204789,2019,310569,330,281,48,1,0,0,0,103,53,34,0,0,330,0,90.41095890410958,1,0.30303030303030304,15.8,Current Asthma,8.5,True
48323,Eagle Pass,Maverick,TX,Texas,28.74257137,-100.314735,2019,58722,339,246,92,1,0,0,0,104,59,34,0,0,339,0,92.87671232876711,1,0.2949852507374631,18.2,COPD,6.4,True
48323,Eagle Pass,Maverick,TX,Texas,28.74257137,-100.314735,2019,58722,339,246,92,1,0,0,0,104,59,34,0,0,339,0,92.87671232876711,1,0.2949852507374631,18.2,Current Asthma,8.4,True
48309,Waco,McLennan,TX,Texas,31.55255453,-97.20217694,2019,256623,365,313,52,0,0,0,0,87,54,39,0,276,88,0,100.0,0,0.0,18.5,COPD,6.9,True
48309,Waco,McLennan,TX,Texas,31.55255453,-97.20217694,2019,256623,365,313,52,0,0,0,0,87,54,39,0,276,88,0,100.0,0,0.0,18.5,Current Asthma,9.0,True
48339,Conroe,Montgomery,TX,Texas,30.30022881,-95.50297096,2019,607391,365,261,99,5,0,0,0,143,61,44,2,226,137,0,100.0,5,1.36986301369863,14.8,COPD,5.7,True
48339,Conroe,Montgomery,TX,Texas,30.30022881,-95.50297096,2019,607391,365,261,99,5,0,0,0,143,61,44,2,226,137,0,100.0,5,1.36986301369863,14.8,Current Asthma,8.0,True
48349,Corsicana,Navarro,TX,Texas,32.04724055,-96.47237541,2019,50113,362,275,87,0,0,0,0,100,57,42,0,211,151,0,99.17808219178083,0,0.0,20.3,COPD,7.5,True
48349,Corsicana,Navarro,TX,Texas,32.04724055,-96.47237541,2019,50113,362,275,87,0,0,0,0,100,57,42,0,211,151,0,99.17808219178083,0,0.0,20.3,Current Asthma,9.2,True
48355,Corpus Christi,Nueces,TX,Texas,27.72777918,-97.62134201,2019,362294,365,198,166,1,0,0,0,107,66,49,0,113,252,0,100.0,1,0.273972602739726,16.0,COPD,5.7,True
48355,Corpus Christi,Nueces,TX,Texas,27.72777918,-97.62134201,2019,362294,365,198,166,1,0,0,0,107,66,49,0,113,252,0,100.0,1,0.273972602739726,16.0,Current Asthma,8.3,True
48361,Orange,Orange,TX,Texas,30.12044837,-93.89432443,2019,83396,365,233,132,0,0,0,0,100,60,44,0,125,240,0,100.0,0,0.0,21.4,COPD,7.5,True
48361,Orange,Orange,TX,Texas,30.12044837,-93.89432443,2019,83396,365,233,132,0,0,0,0,100,60,44,0,125,240,0,100.0,0,0.0,21.4,Current Asthma,9.0,True
48367,Weatherford,Parker,TX,Texas,32.77764592,-97.80501695,2019,142878,363,317,46,0,0,0,0,100,54,37,0,363,0,0,99.45205479452055,0,0.0,17.5,COPD,6.2,True
48367,Weatherford,Parker,TX,Texas,32.77764592,-97.80501695,2019,142878,363,317,46,0,0,0,0,100,54,37,0,363,0,0,99.45205479452055,0,0.0,17.5,Current Asthma,8.5,True
48375,Amarillo,Potter,TX,Texas,35.40133773,-101.893964,2019,117415,340,304,36,0,0,0,0,65,51,25,0,0,340,0,93.15068493150685,0,0.0,20.2,COPD,7.5,True
48375,Amarillo,Potter,TX,Texas,35.40133773,-101.893964,2019,117415,340,304,36,0,0,0,0,65,51,25,0,0,340,0,93.15068493150685,0,0.0,20.2,Current Asthma,8.7,True
48397,Rockwall,Rockwall,TX,Texas,32.89783906,-96.40779512,2019,104915,323,305,16,2,0,0,0,105,47,34,0,323,0,0,88.4931506849315,2,0.6191950464396285,13.5,COPD,4.8,True
48397,Rockwall,Rockwall,TX,Texas,32.89783906,-96.40779512,2019,104915,323,305,16,2,0,0,0,105,47,34,0,323,0,0,88.4931506849315,2,0.6191950464396285,13.5,Current Asthma,7.8,True
48423,Tyler,Smith,TX,Texas,32.3755872,-95.26877699,2019,232751,364,326,37,1,0,0,0,133,51,36,4,360,0,0,99.72602739726028,1,0.27472527472527475,17.4,COPD,6.7,True
48423,Tyler,Smith,TX,Texas,32.3755872,-95.26877699,2019,232751,364,326,37,1,0,0,0,133,51,36,4,360,0,0,99.72602739726028,1,0.27472527472527475,17.4,Current Asthma,9.0,True
48439,Fort Worth,Tarrant,TX,Texas,32.77145061,-97.29105878,2019,2102515,365,176,175,14,0,0,0,147,74,51,6,157,202,0,100.0,14,3.8356164383561646,14.8,COPD,5.7,False
48439,Fort Worth,Tarrant,TX,Texas,32.77145061,-97.29105878,2019,2102515,365,176,175,14,0,0,0,147,74,51,6,157,202,0,100.0,14,3.8356164383561646,14.8,Current Asthma,8.1,False
48453,Austin,Travis,TX,Texas,30.33477149,-97.78186396,2019,1273954,365,169,194,2,0,0,0,115,67,52,5,105,255,0,100.0,2,0.547945205479452,12.0,COPD,4.5,True
48453,Austin,Travis,TX,Texas,30.33477149,-97.78186396,2019,1273954,365,169,194,2,0,0,0,115,67,52,5,105,255,0,100.0,2,0.547945205479452,12.0,Current Asthma,7.8,True
48469,Victoria,Victoria,TX,Texas,28.79581208,-96.97091968,2019,92084,341,319,22,0,0,0,0,87,48,31,0,341,0,0,93.42465753424658,0,0.0,17.7,COPD,5.9,True
48469,Victoria,Victoria,TX,Texas,28.79581208,-96.97091968,2019,92084,341,319,22,0,0,0,0,87,48,31,0,341,0,0,93.42465753424658,0,0.0,17.7,Current Asthma,8.1,True
48479,Laredo,Webb,TX,Texas,27.76103262,-99.3317381,2019,276652,365,187,177,1,0,0,0,109,71,50,0,74,290,1,100.0,1,0.273972602739726,16.8,COPD,5.9,True
48479,Laredo,Webb,TX,Texas,27.76103262,-99.3317381,2019,276652,365,187,177,1,0,0,0,109,71,50,0,74,290,1,100.0,1,0.273972602739726,16.8,Current Asthma,8.2,True
49003,Brigham City,Box Elder,UT,Utah,41.52091469,-113.082129,2019,56046,364,300,62,2,0,0,0,121,54,41,61,261,42,0,99.72602739726028,2,0.5494505494505495,10.9,COPD,5.2,True
49003,Brigham City,Box Elder,UT,Utah,41.52091469,-113.082129,2019,56046,364,300,62,2,0,0,0,121,54,41,61,261,42,0,99.72602739726028,2,0.5494505494505495,10.9,Current Asthma,10.0,True
49005,Logan,Cache,UT,Utah,41.72205081,-111.7447401,2019,128289,365,247,104,14,0,0,0,147,69,46,0,259,106,0,100.0,14,3.8356164383561646,9.7,COPD,5.1,True
49005,Logan,Cache,UT,Utah,41.72205081,-111.7447401,2019,128289,365,247,104,14,0,0,0,147,69,46,0,259,106,0,100.0,14,3.8356164383561646,9.7,Current Asthma,9.6,True
49007,Price,Carbon,UT,Utah,39.64818569,-110.5888454,2019,20463,365,265,99,1,0,0,0,108,64,46,4,361,0,0,100.0,1,0.273972602739726,12.8,COPD,5.7,True
49007,Price,Carbon,UT,Utah,39.64818569,-110.5888454,2019,20463,365,265,99,1,0,0,0,108,64,46,4,361,0,0,100.0,1,0.273972602739726,12.8,Current Asthma,10.5,True
49011,Bountiful,Davis,UT,Utah,40.9902155,-112.11083,2019,355481,365,239,120,6,0,0,0,119,74,45,25,263,77,0,100.0,6,1.643835616438356,8.0,COPD,4.2,False
49011,Bountiful,Davis,UT,Utah,40.9902155,-112.11083,2019,355481,365,239,120,6,0,0,0,119,74,45,25,263,77,0,100.0,6,1.643835616438356,8.0,Current Asthma,9.7,False
49013,Roosevelt,Duchesne,UT,Utah,40.2979086,-110.4242955,2019,19938,365,226,128,7,4,0,0,177,72,48,0,312,53,0,100.0,11,3.0136986301369864,13.7,COPD,6.2,True
49013,Roosevelt,Duchesne,UT,Utah,40.2979086,-110.4242955,2019,19938,365,226,128,7,4,0,0,177,72,48,0,312,53,0,100.0,11,3.0136986301369864,13.7,Current Asthma,10.3,True
49017,Escalante,Garfield,UT,Utah,37.85498451,-111.4430526,2019,5051,299,258,41,0,0,0,0,80,51,41,0,268,31,0,81.91780821917808,0,0.0,11.8,COPD,5.6,True
49017,Escalante,Garfield,UT,Utah,37.85498451,-111.4430526,2019,5051,299,258,41,0,0,0,0,80,51,41,0,268,31,0,81.91780821917808,0,0.0,11.8,Current Asthma,9.7,True
49021,Cedar City,Iron,UT,Utah,37.85913114,-113.2892677,2019,54839,365,320,45,0,0,0,0,84,52,43,14,301,50,0,100.0,0,0.0,11.1,COPD,6.0,True
49021,Cedar City,Iron,UT,Utah,37.85913114,-113.2892677,2019,54839,365,320,45,0,0,0,0,84,52,43,14,301,50,0,100.0,0,0.0,11.1,Current Asthma,10.1,True
49037,White Mesa,San Juan,UT,Utah,37.62568661,-109.8050353,2019,15308,363,286,70,3,1,3,0,268,58,44,0,363,0,0,99.45205479452055,7,1.9283746556473829,16.8,COPD,7.8,True
49037,White Mesa,San Juan,UT,Utah,37.62568661,-109.8050353,2019,15308,363,286,70,3,1,3,0,268,58,44,0,363,0,0,99.45205479452055,7,1.9283746556473829,16.8,Current Asthma,11.9,True
49045,Tooele,Tooele,UT,Utah,40.44861861,-113.1310761,2019,72259,365,286,77,2,0,0,0,117,61,44,1,285,79,0,100.0,2,0.547945205479452,10.6,COPD,5.2,True
49045,Tooele,Tooele,UT,Utah,40.44861861,-113.1310761,2019,72259,365,286,77,2,0,0,0,117,61,44,1,285,79,0,100.0,2,0.547945205479452,10.6,Current Asthma,10.1,True
49049,Orem,Utah,UT,Utah,40.11971122,-111.6699889,2019,636235,365,217,147,1,0,0,0,107,70,48,4,267,93,1,100.0,1,0.273972602739726,6.5,COPD,4.4,False
49049,Orem,Utah,UT,Utah,40.11971122,-111.6699889,2019,636235,365,217,147,1,0,0,0,107,70,48,4,267,93,1,100.0,1,0.273972602739726,6.5,Current Asthma,8.8,False
49053,St. George,Washington,UT,Utah,37.28032337,-113.5051125,2019,177556,365,283,82,0,0,0,0,93,61,45,0,332,33,0,100.0,0,0.0,9.4,COPD,5.1,True
49053,St. George,Washington,UT,Utah,37.28032337,-113.5051125,2019,177556,365,283,82,0,0,0,0,93,61,45,0,332,33,0,100.0,0,0.0,9.4,Current Asthma,9.1,True
49057,Ogden,Weber,UT,Utah,41.26970527,-111.913391,2019,260213,308,224,82,2,0,0,0,108,66,44,20,208,80,0,84.38356164383562,2,0.6493506493506493,10.4,COPD,5.0,True
49057,Ogden,Weber,UT,Utah,41.26970527,-111.913391,2019,260213,308,224,82,2,0,0,0,108,66,44,20,208,80,0,84.38356164383562,2,0.6493506493506493,10.4,Current Asthma,10.0,True
50003,Bennington,Bennington,VT,Vermont,43.03538827,-73.09273953,2019,35470,365,329,36,0,0,0,0,95,50,37,0,247,118,0,100.0,0,0.0,17.7,COPD,6.5,True
50003,Bennington,Bennington,VT,Vermont,43.03538827,-73.09273953,2019,35470,365,329,36,0,0,0,0,95,50,37,0,247,118,0,100.0,0,0.0,17.7,Current Asthma,11.1,True
50007,Burlington,Chittenden,VT,Vermont,44.46125053,-73.08116732,2019,163774,365,306,59,0,0,0,0,82,54,39,0,205,160,0,100.0,0,0.0,12.9,COPD,5.2,True
50007,Burlington,Chittenden,VT,Vermont,44.46125053,-73.08116732,2019,163774,365,306,59,0,0,0,0,82,54,39,0,205,160,0,100.0,0,0.0,12.9,Current Asthma,9.6,True
50021,Rutland,Rutland,VT,Vermont,43.57993009,-73.0367769,2019,58191,365,281,84,0,0,0,0,89,58,40,1,160,203,1,100.0,0,0.0,18.6,COPD,6.4,True
50021,Rutland,Rutland,VT,Vermont,43.57993009,-73.0367769,2019,58191,365,281,84,0,0,0,0,89,58,40,1,160,203,1,100.0,0,0.0,18.6,Current Asthma,10.7,True
51013,Arlington,Arlington,VA,Virginia,38.87845498,-77.10094686,2019,236842,365,294,70,1,0,0,0,112,61,40,90,216,58,0,100.0,1,0.273972602739726,8.7,COPD,3.6,True
51013,Arlington,Arlington,VA,Virginia,38.87845498,-77.10094686,2019,236842,365,294,70,1,0,0,0,112,61,40,90,216,58,0,100.0,1,0.273972602739726,8.7,Current Asthma,7.9,True
51041,Bensley,Chesterfield,VA,Virginia,37.37874031,-77.58606623,2019,352802,280,235,45,0,0,0,0,87,54,40,0,209,71,0,76.71232876712328,0,0.0,14.6,COPD,5.7,True
51041,Bensley,Chesterfield,VA,Virginia,37.37874031,-77.58606623,2019,352802,280,235,45,0,0,0,0,87,54,40,0,209,71,0,76.71232876712328,0,0.0,14.6,Current Asthma,9.2,True
51059,Annandale,Fairfax,VA,Virginia,38.83617841,-77.27624351,2019,1147532,365,192,171,2,0,0,0,105,64,49,12,104,249,0,100.0,2,0.547945205479452,10.5,COPD,4.0,False
51059,Annandale,Fairfax,VA,Virginia,38.83617841,-77.27624351,2019,1147532,365,192,171,2,0,0,0,105,64,49,12,104,249,0,100.0,2,0.547945205479452,10.5,Current Asthma,7.7,False
51071,Pearisburg,Giles,VA,Virginia,37.31372959,-80.70348757,2019,16720,344,315,29,0,0,0,0,84,50,40,0,344,0,0,94.24657534246576,0,0.0,20.9,COPD,7.8,True
51071,Pearisburg,Giles,VA,Virginia,37.31372959,-80.70348757,2019,16720,344,315,29,0,0,0,0,84,50,40,0,344,0,0,94.24657534246576,0,0.0,20.9,Current Asthma,9.8,True
51087,East Highland Park,Henrico,VA,Virginia,37.53777708,-77.40464877,2019,330818,363,310,53,0,0,0,0,100,54,38,17,278,64,0,99.45205479452055,0,0.0,14.3,COPD,5.4,True
51087,East Highland Park,Henrico,VA,Virginia,37.53777708,-77.40464877,2019,330818,363,310,53,0,0,0,0,100,54,38,17,278,64,0,99.45205479452055,0,0.0,14.3,Current Asthma,9.3,True
51107,Leesburg,Loudoun,VA,Virginia,39.09061893,-77.63556935,2019,413538,337,286,50,1,0,0,0,112,54,38,78,202,57,0,92.32876712328768,1,0.2967359050445104,9.9,COPD,3.9,True
51107,Leesburg,Loudoun,VA,Virginia,39.09061893,-77.63556935,2019,413538,337,286,50,1,0,0,0,112,54,38,78,202,57,0,92.32876712328768,1,0.2967359050445104,9.9,Current Asthma,7.5,True
51147,Farmville,Prince Edward,VA,Virginia,37.22420403,-78.44090998,2019,22802,358,351,7,0,0,0,0,67,44,35,0,358,0,0,98.08219178082192,0,0.0,20.9,COPD,7.7,True
51147,Farmville,Prince Edward,VA,Virginia,37.22420403,-78.44090998,2019,22802,358,351,7,0,0,0,0,67,44,35,0,358,0,0,98.08219178082192,0,0.0,20.9,Current Asthma,10.5,True
51153,Woodbridge,Prince William,VA,Virginia,38.70302257,-77.48032542,2019,470335,364,347,17,0,0,0,0,100,48,36,119,245,0,0,99.72602739726028,0,0.0,13.3,COPD,5.0,True
51153,Woodbridge,Prince William,VA,Virginia,38.70302257,-77.48032542,2019,470335,364,347,17,0,0,0,0,100,48,36,119,245,0,0,99.72602739726028,0,0.0,13.3,Current Asthma,8.3,True
51760,Richmond,Richmond City,VA,Virginia,37.52993513,-77.47371786,2019,230436,362,236,126,0,0,0,0,96,58,43,60,0,300,0,99.17808219178083,0,0.0,17.8,COPD,7.4,False
51760,Richmond,Richmond City,VA,Virginia,37.52993513,-77.47371786,2019,230436,362,236,126,0,0,0,0,96,58,43,60,0,300,0,99.17808219178083,0,0.0,17.8,Current Asthma,10.6,False
51161,Vinton,Roanoke,VA,Virginia,37.26926769,-80.06748204,2019,94186,365,286,79,0,0,0,0,71,55,42,48,145,172,0,100.0,0,0.0,15.6,COPD,6.1,False
51161,Vinton,Roanoke,VA,Virginia,37.26926769,-80.06748204,2019,94186,365,286,79,0,0,0,0,71,55,42,48,145,172,0,100.0,0,0.0,15.6,Current Asthma,8.9,False
51179,Aquia Harbour,Stafford,VA,Virginia,38.42034632,-77.45775681,2019,152882,260,244,16,0,0,0,0,93,49,39,0,240,0,20,71.23287671232876,0,0.0,13.4,COPD,5.0,True
51179,Aquia Harbour,Stafford,VA,Virginia,38.42034632,-77.45775681,2019,152882,260,244,16,0,0,0,0,93,49,39,0,240,0,20,71.23287671232876,0,0.0,13.4,Current Asthma,8.6,True
51197,Fort Chiswell,Wythe,VA,Virginia,36.91686527,-81.07838787,2019,28684,242,232,10,0,0,0,0,71,48,41,0,242,0,0,66.3013698630137,0,0.0,21.4,COPD,8.3,True
51197,Fort Chiswell,Wythe,VA,Virginia,36.91686527,-81.07838787,2019,28684,242,232,10,0,0,0,0,71,48,41,0,242,0,0,66.3013698630137,0,0.0,21.4,Current Asthma,10.0,True
53003,Clarkston,Asotin,WA,Washington,46.191717,-117.2027833,2019,22582,357,250,106,1,0,0,0,125,65,36,0,0,357,0,97.80821917808218,1,0.2801120448179272,18.8,COPD,6.8,True
53003,Clarkston,Asotin,WA,Washington,46.191717,-117.2027833,2019,22582,357,250,106,1,0,0,0,125,65,36,0,0,357,0,97.80821917808218,1,0.2801120448179272,18.8,Current Asthma,10.9,True
53005,Kennewick,Benton,WA,Washington,46.23956784,-119.5109584,2019,204390,364,273,91,0,0,0,0,80,59,39,0,152,199,13,99.72602739726028,0,0.0,14.5,COPD,5.5,True
53005,Kennewick,Benton,WA,Washington,46.23956784,-119.5109584,2019,204390,364,273,91,0,0,0,0,80,59,39,0,152,199,13,99.72602739726028,0,0.0,14.5,Current Asthma,10.3,True
53007,Wenatchee,Chelan,WA,Washington,47.86906988,-120.6190277,2019,77200,365,258,106,1,0,0,0,102,61,32,0,0,365,0,100.0,1,0.273972602739726,15.3,COPD,5.6,True
53007,Wenatchee,Chelan,WA,Washington,47.86906988,-120.6190277,2019,77200,365,258,106,1,0,0,0,102,61,32,0,0,365,0,100.0,1,0.273972602739726,15.3,Current Asthma,9.6,True
53009,Port Angeles,Clallam,WA,Washington,48.04952477,-123.9275445,2019,77331,365,285,80,0,0,0,0,73,56,38,0,166,199,0,100.0,0,0.0,16.6,COPD,6.2,True
53009,Port Angeles,Clallam,WA,Washington,48.04952477,-123.9275445,2019,77331,365,285,80,0,0,0,0,73,56,38,0,166,199,0,100.0,0,0.0,16.6,Current Asthma,10.5,True
53011,Vancouver,Clark,WA,Washington,45.77935333,-122.4823619,2019,488241,364,277,86,1,0,0,0,128,63,34,0,127,237,0,99.72602739726028,1,0.27472527472527475,12.9,COPD,5.3,True
53011,Vancouver,Clark,WA,Washington,45.77935333,-122.4823619,2019,488241,364,277,86,1,0,0,0,128,63,34,0,127,237,0,99.72602739726028,1,0.27472527472527475,12.9,Current Asthma,10.3,True
53013,Dayton,Columbia,WA,Washington,46.29766466,-117.9078726,2019,3985,365,322,43,0,0,0,0,72,53,22,0,0,365,0,100.0,0,0.0,17.8,COPD,6.1,True
53013,Dayton,Columbia,WA,Washington,46.29766466,-117.9078726,2019,3985,365,322,43,0,0,0,0,72,53,22,0,0,365,0,100.0,0,0.0,17.8,Current Asthma,10.5,True
53015,Longview,Cowlitz,WA,Washington,46.19230366,-122.6803431,2019,110593,360,301,59,0,0,0,0,79,54,24,0,0,360,0,98.63013698630137,0,0.0,19.8,COPD,6.8,True
53015,Longview,Cowlitz,WA,Washington,46.19230366,-122.6803431,2019,110593,360,301,59,0,0,0,0,79,54,24,0,0,360,0,98.63013698630137,0,0.0,19.8,Current Asthma,11.1,True
53021,Mesa,Franklin,WA,Washington,46.53562794,-118.8976705,2019,95222,333,288,45,0,0,0,0,74,53,21,0,0,333,0,91.23287671232877,0,0.0,15.4,COPD,5.7,False
53021,Mesa,Franklin,WA,Washington,46.53562794,-118.8976705,2019,95222,333,288,45,0,0,0,0,74,53,21,0,0,333,0,91.23287671232877,0,0.0,15.4,Current Asthma,9.5,False
53023,Pomeroy,Garfield,WA,Washington,46.43161928,-117.545293,2019,2225,358,330,28,0,0,0,0,67,48,23,0,0,358,0,98.08219178082192,0,0.0,15.7,COPD,5.7,False
53023,Pomeroy,Garfield,WA,Washington,46.43161928,-117.545293,2019,2225,358,330,28,0,0,0,0,67,48,23,0,0,358,0,98.08219178082192,0,0.0,15.7,Current Asthma,10.3,False
53025,Moses Lake,Grant,WA,Washington,47.20569586,-119.4516372,2019,97733,365,306,59,0,0,0,0,71,54,24,0,0,365,0,100.0,0,0.0,17.3,COPD,6.4,True
53025,Moses Lake,Grant,WA,Washington,47.20569586,-119.4516372,2019,97733,365,306,59,0,0,0,0,71,54,24,0,0,365,0,100.0,0,0.0,17.3,Current Asthma,9.8,True
53027,Aberdeen,Grays Harbor,WA,Washington,47.15012295,-123.7731891,2019,75061,352,327,25,0,0,0,0,62,47,27,0,0,352,0,96.43835616438356,0,0.0,19.0,COPD,6.7,True
53027,Aberdeen,Grays Harbor,WA,Washington,47.15012295,-123.7731891,2019,75061,352,327,25,0,0,0,0,62,47,27,0,0,352,0,96.43835616438356,0,0.0,19.0,Current Asthma,10.5,True
53031,Port Townsend,Jefferson,WA,Washington,47.7500565,-123.5919141,2019,32221,365,344,21,0,0,0,0,57,42,26,0,0,365,0,100.0,0,0.0,14.4,COPD,5.2,True
53031,Port Townsend,Jefferson,WA,Washington,47.7500565,-123.5919141,2019,32221,365,344,21,0,0,0,0,57,42,26,0,0,365,0,100.0,0,0.0,14.4,Current Asthma,9.9,True
53033,Seattle,King,WA,Washington,47.4902322,-121.8064385,2019,2252782,365,208,157,0,0,0,0,90,64,48,19,44,302,0,100.0,0,0.0,10.0,COPD,3.9,True
53033,Seattle,King,WA,Washington,47.4902322,-121.8064385,2019,2252782,365,208,157,0,0,0,0,90,64,48,19,44,302,0,100.0,0,0.0,10.0,Current Asthma,8.8,True
53035,Bremerton,Kitsap,WA,Washington,47.61301971,-122.6746562,2019,271473,340,313,27,0,0,0,0,77,47,24,0,0,340,0,93.15068493150685,0,0.0,14.7,COPD,5.1,True
53035,Bremerton,Kitsap,WA,Washington,47.61301971,-122.6746562,2019,271473,340,313,27,0,0,0,0,77,47,24,0,0,340,0,93.15068493150685,0,0.0,14.7,Current Asthma,9.7,True
53037,Ellensburg,Kittitas,WA,Washington,47.12429978,-120.6799822,2019,47935,365,268,97,0,0,0,0,96,61,31,0,0,365,0,100.0,0,0.0,16.0,COPD,6.1,True
53037,Ellensburg,Kittitas,WA,Washington,47.12429978,-120.6799822,2019,47935,365,268,97,0,0,0,0,96,61,31,0,0,365,0,100.0,0,0.0,16.0,Current Asthma,10.4,True
53039,Goldendale,Klickitat,WA,Washington,45.8735384,-120.7888628,2019,22425,365,300,65,0,0,0,0,97,54,27,0,0,365,0,100.0,0,0.0,16.7,COPD,6.2,False
53039,Goldendale,Klickitat,WA,Washington,45.8735384,-120.7888628,2019,22425,365,300,65,0,0,0,0,97,54,27,0,0,365,0,100.0,0,0.0,16.7,Current Asthma,10.5,False
53041,Chehalis,Lewis,WA,Washington,46.57721212,-122.39347,2019,80707,365,308,57,0,0,0,0,66,54,27,0,0,365,0,100.0,0,0.0,18.6,COPD,6.6,True
53041,Chehalis,Lewis,WA,Washington,46.57721212,-122.39347,2019,80707,365,308,57,0,0,0,0,66,54,27,0,0,365,0,100.0,0,0.0,18.6,Current Asthma,10.3,True
53045,Shelton,Mason,WA,Washington,47.34848533,-123.1887927,2019,66768,361,305,56,0,0,0,0,75,53,28,0,0,361,0,98.9041095890411,0,0.0,18.5,COPD,6.6,True
53045,Shelton,Mason,WA,Washington,47.34848533,-123.1887927,2019,66768,361,305,56,0,0,0,0,75,53,28,0,0,361,0,98.9041095890411,0,0.0,18.5,Current Asthma,10.4,True
53047,Okanogan,Okanogan,WA,Washington,48.54870621,-119.7408389,2019,42243,365,209,156,0,0,0,0,91,68,42,0,0,365,0,100.0,0,0.0,19.6,COPD,7.2,False
53047,Okanogan,Okanogan,WA,Washington,48.54870621,-119.7408389,2019,42243,365,209,156,0,0,0,0,91,68,42,0,0,365,0,100.0,0,0.0,19.6,Current Asthma,10.7,False
53053,Tacoma,Pierce,WA,Washington,47.02666169,-122.111739,2019,904980,365,234,129,2,0,0,0,142,67,44,6,133,226,0,100.0,2,0.547945205479452,16.7,COPD,5.5,True
53053,Tacoma,Pierce,WA,Washington,47.02666169,-122.111739,2019,904980,365,234,129,2,0,0,0,142,67,44,6,133,226,0,100.0,2,0.547945205479452,16.7,Current Asthma,10.2,True
53057,Anacortes,Skagit,WA,Washington,48.47945333,-121.7311629,2019,129205,365,340,25,0,0,0,0,59,46,29,0,63,302,0,100.0,0,0.0,16.1,COPD,5.6,True
53057,Anacortes,Skagit,WA,Washington,48.47945333,-121.7311629,2019,129205,365,340,25,0,0,0,0,59,46,29,0,63,302,0,100.0,0,0.0,16.1,Current Asthma,9.9,True
53061,Everett,Snohomish,WA,Washington,48.04746561,-121.6983584,2019,822083,364,227,136,1,0,0,0,114,71,40,0,0,364,0,99.72602739726028,1,0.27472527472527475,13.8,COPD,4.7,True
53061,Everett,Snohomish,WA,Washington,48.04746561,-121.6983584,2019,822083,364,227,136,1,0,0,0,114,71,40,0,0,364,0,99.72602739726028,1,0.27472527472527475,13.8,Current Asthma,10.0,True
53063,Spokane,Spokane,WA,Washington,47.62077848,-117.4039163,2019,522798,365,258,106,1,0,0,0,107,64,42,0,131,218,16,100.0,1,0.273972602739726,16.1,COPD,5.8,True
53063,Spokane,Spokane,WA,Washington,47.62077848,-117.4039163,2019,522798,365,258,106,1,0,0,0,107,64,42,0,131,218,16,100.0,1,0.273972602739726,16.1,Current Asthma,10.7,True
53065,Colville,Stevens,WA,Washington,48.39890748,-117.8548875,2019,45723,365,223,141,1,0,0,0,146,67,36,0,0,335,30,100.0,1,0.273972602739726,18.7,COPD,6.9,True
53065,Colville,Stevens,WA,Washington,48.39890748,-117.8548875,2019,45723,365,223,141,1,0,0,0,146,67,36,0,0,335,30,100.0,1,0.273972602739726,18.7,Current Asthma,11.3,True
53067,Lacey,Thurston,WA,Washington,46.92664189,-122.8333858,2019,290536,365,290,75,0,0,0,0,74,58,33,0,134,231,0,100.0,0,0.0,13.8,COPD,5.0,False
53067,Lacey,Thurston,WA,Washington,46.92664189,-122.8333858,2019,290536,365,290,75,0,0,0,0,74,58,33,0,134,231,0,100.0,0,0.0,13.8,Current Asthma,9.7,False
53071,Walla Walla,Walla Walla,WA,Washington,46.22968491,-118.4781927,2019,60760,365,299,66,0,0,0,0,94,56,23,0,0,235,130,100.0,0,0.0,14.4,COPD,5.5,True
53071,Walla Walla,Walla Walla,WA,Washington,46.22968491,-118.4781927,2019,60760,365,299,66,0,0,0,0,94,56,23,0,0,235,130,100.0,0,0.0,14.4,Current Asthma,9.9,True
53073,Bellingham,Whatcom,WA,Washington,48.82572308,-121.7222202,2019,229247,363,334,29,0,0,0,0,66,47,29,0,127,236,0,99.45205479452055,0,0.0,15.5,COPD,5.6,True
53073,Bellingham,Whatcom,WA,Washington,48.82572308,-121.7222202,2019,229247,363,334,29,0,0,0,0,66,47,29,0,127,236,0,99.45205479452055,0,0.0,15.5,Current Asthma,10.1,True
53075,Colfax,Whitman,WA,Washington,46.90123647,-117.5228861,2019,50104,365,324,41,0,0,0,0,71,51,24,0,0,365,0,100.0,0,0.0,14.4,COPD,6.3,False
53075,Colfax,Whitman,WA,Washington,46.90123647,-117.5228861,2019,50104,365,324,41,0,0,0,0,71,51,24,0,0,365,0,100.0,0,0.0,14.4,Current Asthma,10.8,False
53077,Yakima,Yakima,WA,Washington,46.45672924,-120.7388902,2019,250873,365,178,177,10,0,0,0,127,79,51,0,0,363,2,100.0,10,2.73972602739726,16.4,COPD,6.4,False
53077,Yakima,Yakima,WA,Washington,46.45672924,-120.7388902,2019,250873,365,178,177,10,0,0,0,127,79,51,0,0,363,2,100.0,10,2.73972602739726,16.4,Current Asthma,10.1,False
54003,Martinsburg,Berkeley,WV,West Virginia,39.46384948,-78.02771606,2019,119171,278,233,43,2,0,0,0,127,54,40,0,201,77,0,76.16438356164383,2,0.7194244604316548,22.4,COPD,8.2,True
54003,Martinsburg,Berkeley,WV,West Virginia,39.46384948,-78.02771606,2019,119171,278,233,43,2,0,0,0,127,54,40,0,201,77,0,76.16438356164383,2,0.7194244604316548,22.4,Current Asthma,10.8,True
54011,Huntington,Cabell,WV,West Virginia,38.42067017,-82.24136402,2019,91945,275,233,42,0,0,0,0,71,53,40,0,199,76,0,75.34246575342466,0,0.0,23.7,COPD,9.6,True
54011,Huntington,Cabell,WV,West Virginia,38.42067017,-82.24136402,2019,91945,275,233,42,0,0,0,0,71,53,40,0,199,76,0,75.34246575342466,0,0.0,23.7,Current Asthma,11.1,True
54029,Weirton,Hancock,WV,West Virginia,40.52189394,-80.57390126,2019,28810,303,257,46,0,0,0,0,93,54,40,0,216,48,39,83.01369863013699,0,0.0,24.8,COPD,9.2,True
54029,Weirton,Hancock,WV,West Virginia,40.52189394,-80.57390126,2019,28810,303,257,46,0,0,0,0,93,54,40,0,216,48,39,83.01369863013699,0,0.0,24.8,Current Asthma,10.8,True
54039,Charleston,Kanawha,WV,West Virginia,38.33652409,-81.52826532,2019,178124,365,262,103,0,0,0,0,93,58,44,0,201,143,0,100.0,0,0.0,24.1,COPD,8.8,True
54039,Charleston,Kanawha,WV,West Virginia,38.33652409,-81.52826532,2019,178124,365,262,103,0,0,0,0,93,58,44,0,201,143,0,100.0,0,0.0,24.1,Current Asthma,11.4,True
54061,Morgantown,Monongalia,WV,West Virginia,39.63012459,-80.04568987,2019,105612,277,237,40,0,0,0,0,74,54,41,0,200,77,0,75.89041095890411,0,0.0,20.3,COPD,7.9,True
54061,Morgantown,Monongalia,WV,West Virginia,39.63012459,-80.04568987,2019,105612,277,237,40,0,0,0,0,74,54,41,0,200,77,0,75.89041095890411,0,0.0,20.3,Current Asthma,10.4,True
54069,Wheeling,Ohio,WV,West Virginia,40.096803,-80.61887711,2019,41411,283,226,57,0,0,0,0,71,57,42,0,211,72,0,77.53424657534246,0,0.0,21.8,COPD,7.8,True
54069,Wheeling,Ohio,WV,West Virginia,40.096803,-80.61887711,2019,41411,283,226,57,0,0,0,0,71,57,42,0,211,72,0,77.53424657534246,0,0.0,21.8,Current Asthma,10.6,True
54107,Parkersburg,Wood,WV,West Virginia,39.21130304,-81.51468367,2019,83518,277,231,46,0,0,0,0,87,56,40,0,211,66,0,75.89041095890411,0,0.0,23.0,COPD,9.3,True
54107,Parkersburg,Wood,WV,West Virginia,39.21130304,-81.51468367,2019,83518,277,231,46,0,0,0,0,87,56,40,0,211,66,0,75.89041095890411,0,0.0,23.0,Current Asthma,11.1,True
55003,Ashland,Ashland,WI,Wisconsin,46.33075514,-90.67825713,2019,15562,364,332,32,0,0,0,0,81,50,35,0,263,101,0,99.72602739726028,0,0.0,21.2,COPD,6.8,True
55003,Ashland,Ashland,WI,Wisconsin,46.33075514,-90.67825713,2019,15562,364,332,32,0,0,0,0,81,50,35,0,263,101,0,99.72602739726028,0,0.0,21.2,Current Asthma,10.5,True
55009,Green Bay,Brown,WI,Wisconsin,44.4523948,-88.00361506,2019,264542,361,265,96,0,0,0,0,97,58,40,0,120,241,0,98.9041095890411,0,0.0,15.4,COPD,5.1,True
55009,Green Bay,Brown,WI,Wisconsin,44.4523948,-88.00361506,2019,264542,361,265,96,0,0,0,0,97,58,40,0,120,241,0,98.9041095890411,0,0.0,15.4,Current Asthma,9.6,True
55021,Cambria,Columbia,WI,Wisconsin,43.46680456,-89.33343805,2019,57532,192,184,8,0,0,0,0,71,46,37,0,192,0,0,52.602739726027394,0,0.0,17.6,COPD,5.2,True
55021,Cambria,Columbia,WI,Wisconsin,43.46680456,-89.33343805,2019,57532,192,184,8,0,0,0,0,71,46,37,0,192,0,0,52.602739726027394,0,0.0,17.6,Current Asthma,9.3,True
55025,Madison,Dane,WI,Wisconsin,43.06741996,-89.41783769,2019,546695,365,239,126,0,0,0,0,93,64,43,0,111,254,0,100.0,0,0.0,12.3,COPD,4.1,True
55025,Madison,Dane,WI,Wisconsin,43.06741996,-89.41783769,2019,546695,365,239,126,0,0,0,0,93,64,43,0,111,254,0,100.0,0,0.0,12.3,Current Asthma,9.3,True
55027,Kekoskee,Dodge,WI,Wisconsin,43.41605147,-88.70734096,2019,87839,365,257,107,1,0,0,0,122,61,42,0,209,156,0,100.0,1,0.273972602739726,18.1,COPD,5.6,True
55027,Kekoskee,Dodge,WI,Wisconsin,43.41605147,-88.70734096,2019,87839,365,257,107,1,0,0,0,122,61,42,0,209,156,0,100.0,1,0.273972602739726,18.1,Current Asthma,9.5,True
55029,Fish Creek,Door,WI,Wisconsin,44.95032273,-87.31111798,2019,27668,201,191,9,1,0,0,0,112,47,35,0,201,0,0,55.06849315068493,1,0.4975124378109453,15.5,COPD,4.8,True
55029,Fish Creek,Door,WI,Wisconsin,44.95032273,-87.31111798,2019,27668,201,191,9,1,0,0,0,112,47,35,0,201,0,0,55.06849315068493,1,0.4975124378109453,15.5,Current Asthma,9.2,True
55035,Eau Claire,Eau Claire,WI,Wisconsin,44.72689696,-91.28624869,2019,104646,363,268,95,0,0,0,0,90,60,39,0,121,242,0,99.45205479452055,0,0.0,16.7,COPD,5.4,True
55035,Eau Claire,Eau Claire,WI,Wisconsin,44.72689696,-91.28624869,2019,104646,363,268,95,0,0,0,0,90,60,39,0,121,242,0,99.45205479452055,0,0.0,16.7,Current Asthma,9.7,True
55039,Fond du Lac,Fond du Lac,WI,Wisconsin,43.75359265,-88.48882481,2019,103403,202,195,7,0,0,0,0,100,47,36,0,202,0,0,55.342465753424655,0,0.0,17.1,COPD,5.4,True
55039,Fond du Lac,Fond du Lac,WI,Wisconsin,43.75359265,-88.48882481,2019,103403,202,195,7,0,0,0,0,100,47,36,0,202,0,0,55.342465753424655,0,0.0,17.1,Current Asthma,9.8,True
55041,Crandon,Forest,WI,Wisconsin,45.66752825,-88.77056403,2019,9004,363,308,55,0,0,0,0,97,53,36,0,252,111,0,99.45205479452055,0,0.0,22.1,COPD,6.9,True
55041,Crandon,Forest,WI,Wisconsin,45.66752825,-88.77056403,2019,9004,363,308,55,0,0,0,0,97,53,36,0,252,111,0,99.45205479452055,0,0.0,22.1,Current Asthma,10.6,True
55043,Cassville,Grant,WI,Wisconsin,42.86770041,-90.70608178,2019,51439,365,255,109,1,0,0,0,104,62,39,0,0,365,0,100.0,1,0.273972602739726,18.8,COPD,6.1,True
55043,Cassville,Grant,WI,Wisconsin,42.86770041,-90.70608178,2019,51439,365,255,109,1,0,0,0,104,62,39,0,0,365,0,100.0,1,0.273972602739726,18.8,Current Asthma,9.9,True
55055,Jefferson,Jefferson,WI,Wisconsin,43.02062903,-88.77544848,2019,84769,203,191,12,0,0,0,0,100,48,37,0,203,0,0,55.61643835616439,0,0.0,17.1,COPD,5.1,True
55055,Jefferson,Jefferson,WI,Wisconsin,43.02062903,-88.77544848,2019,84769,203,191,12,0,0,0,0,100,48,37,0,203,0,0,55.61643835616439,0,0.0,17.1,Current Asthma,9.4,True
55059,Kenosha,Kenosha,WI,Wisconsin,42.57651942,-88.04218057,2019,169561,365,248,115,2,0,0,0,119,65,44,0,190,175,0,100.0,2,0.547945205479452,17.4,COPD,5.2,True
55059,Kenosha,Kenosha,WI,Wisconsin,42.57651942,-88.04218057,2019,169561,365,248,115,2,0,0,0,119,65,44,0,190,175,0,100.0,2,0.547945205479452,17.4,Current Asthma,9.6,True
55061,Kewaunee,Kewaunee,WI,Wisconsin,44.51637435,-87.61512237,2019,20434,210,199,11,0,0,0,0,90,45,36,0,210,0,0,57.534246575342465,0,0.0,17.9,COPD,5.3,True
55061,Kewaunee,Kewaunee,WI,Wisconsin,44.51637435,-87.61512237,2019,20434,210,199,11,0,0,0,0,90,45,36,0,210,0,0,57.534246575342465,0,0.0,17.9,Current Asthma,9.4,True
55063,La Crosse,La Crosse,WI,Wisconsin,43.9064776,-91.11548078,2019,118016,365,274,91,0,0,0,0,85,62,39,0,147,218,0,100.0,0,0.0,16.7,COPD,5.2,True
55063,La Crosse,La Crosse,WI,Wisconsin,43.9064776,-91.11548078,2019,118016,365,274,91,0,0,0,0,85,62,39,0,147,218,0,100.0,0,0.0,16.7,Current Asthma,9.1,True
55071,Manitowoc,Manitowoc,WI,Wisconsin,44.1199066,-87.80948508,2019,78981,202,187,15,0,0,0,0,100,48,36,0,202,0,0,55.342465753424655,0,0.0,18.4,COPD,5.6,True
55071,Manitowoc,Manitowoc,WI,Wisconsin,44.1199066,-87.80948508,2019,78981,202,187,15,0,0,0,0,100,48,36,0,202,0,0,55.342465753424655,0,0.0,18.4,Current Asthma,9.8,True
55073,Brokaw,Marathon,WI,Wisconsin,44.89793536,-89.75867962,2019,135692,205,196,9,0,0,0,0,84,47,34,0,205,0,0,56.16438356164384,0,0.0,17.4,COPD,5.3,True
55073,Brokaw,Marathon,WI,Wisconsin,44.89793536,-89.75867962,2019,135692,205,196,9,0,0,0,0,84,47,34,0,205,0,0,56.16438356164384,0,0.0,17.4,Current Asthma,9.5,True
55079,Milwaukee,Milwaukee,WI,Wisconsin,43.00703688,-87.96697513,2019,945726,365,205,157,3,0,0,0,105,68,47,5,119,239,2,100.0,3,0.821917808219178,18.3,COPD,5.6,True
55079,Milwaukee,Milwaukee,WI,Wisconsin,43.00703688,-87.96697513,2019,945726,365,205,157,3,0,0,0,105,68,47,5,119,239,2,100.0,3,0.821917808219178,18.3,Current Asthma,10.1,True
55087,Appleton,Outagamie,WI,Wisconsin,44.41577847,-88.46572871,2019,187885,365,258,105,2,0,0,0,119,63,41,0,115,250,0,100.0,2,0.547945205479452,15.1,COPD,5.0,True
55087,Appleton,Outagamie,WI,Wisconsin,44.41577847,-88.46572871,2019,187885,365,258,105,2,0,0,0,119,63,41,0,115,250,0,100.0,2,0.547945205479452,15.1,Current Asthma,9.1,True
55089,Port Washington,Ozaukee,WI,Wisconsin,43.38378536,-87.95139007,2019,89221,363,271,89,3,0,0,0,108,61,40,0,173,190,0,99.45205479452055,3,0.8264462809917356,13.1,COPD,4.0,True
55089,Port Washington,Ozaukee,WI,Wisconsin,43.38378536,-87.95139007,2019,89221,363,271,89,3,0,0,0,108,61,40,0,173,190,0,99.45205479452055,3,0.8264462809917356,13.1,Current Asthma,8.8,True
55101,Racine,Racine,WI,Wisconsin,42.74713969,-88.06084829,2019,196311,203,174,28,1,0,0,0,115,58,39,0,203,0,0,55.61643835616439,1,0.49261083743842365,17.1,COPD,5.3,True
55101,Racine,Racine,WI,Wisconsin,42.74713969,-88.06084829,2019,196311,203,174,28,1,0,0,0,115,58,39,0,203,0,0,55.61643835616439,1,0.49261083743842365,17.1,Current Asthma,9.9,True
55105,Beloit,Rock,WI,Wisconsin,42.67110842,-89.07139603,2019,163354,203,185,18,0,0,0,0,77,50,38,0,203,0,0,55.61643835616439,0,0.0,17.5,COPD,5.7,True
55105,Beloit,Rock,WI,Wisconsin,42.67110842,-89.07139603,2019,163354,203,185,18,0,0,0,0,77,50,38,0,203,0,0,55.61643835616439,0,0.0,17.5,Current Asthma,9.5,True
55111,Rock Springs,Sauk,WI,Wisconsin,43.42662015,-89.94813395,2019,64442,365,281,83,1,0,0,0,107,59,39,0,124,241,0,100.0,1,0.273972602739726,17.4,COPD,5.5,True
55111,Rock Springs,Sauk,WI,Wisconsin,43.42662015,-89.94813395,2019,64442,365,281,83,1,0,0,0,107,59,39,0,124,241,0,100.0,1,0.273972602739726,17.4,Current Asthma,9.5,True
55117,Sheboygan,Sheboygan,WI,Wisconsin,43.72108736,-87.94566398,2019,115340,206,180,24,2,0,0,0,108,61,38,0,206,0,0,56.43835616438356,2,0.9708737864077669,15.9,COPD,5.0,True
55117,Sheboygan,Sheboygan,WI,Wisconsin,43.72108736,-87.94566398,2019,115340,206,180,24,2,0,0,0,108,61,38,0,206,0,0,56.43835616438356,2,0.9708737864077669,15.9,Current Asthma,9.0,True
55125,Manitowish Waters,Vilas,WI,Wisconsin,46.05284086,-89.51520258,2019,22195,362,320,42,0,0,0,0,91,52,31,0,156,206,0,99.17808219178083,0,0.0,18.3,COPD,5.6,True
55125,Manitowish Waters,Vilas,WI,Wisconsin,46.05284086,-89.51520258,2019,22195,362,320,42,0,0,0,0,91,52,31,0,156,206,0,99.17808219178083,0,0.0,18.3,Current Asthma,9.7,True
55127,Delavan,Walworth,WI,Wisconsin,42.66844621,-88.54159304,2019,103868,205,189,15,1,0,0,0,112,49,37,0,205,0,0,56.16438356164384,1,0.4878048780487805,16.7,COPD,5.2,True
55127,Delavan,Walworth,WI,Wisconsin,42.66844621,-88.54159304,2019,103868,205,189,15,1,0,0,0,112,49,37,0,205,0,0,56.16438356164384,1,0.4878048780487805,16.7,Current Asthma,9.0,True
55133,Waukesha,Waukesha,WI,Wisconsin,43.01801856,-88.30433257,2019,404198,365,211,153,1,0,0,0,115,64,45,0,81,284,0,100.0,1,0.273972602739726,13.2,COPD,3.9,True
55133,Waukesha,Waukesha,WI,Wisconsin,43.01801856,-88.30433257,2019,404198,365,211,153,1,0,0,0,115,64,45,0,81,284,0,100.0,1,0.273972602739726,13.2,Current Asthma,8.6,True
56001,Laramie,Albany,WY,Wyoming,41.65414732,-105.7238549,2019,38880,365,245,120,0,0,0,0,90,61,47,0,327,4,34,100.0,0,0.0,14.9,COPD,5.9,True
56001,Laramie,Albany,WY,Wyoming,41.65414732,-105.7238549,2019,38880,365,245,120,0,0,0,0,90,61,47,0,327,4,34,100.0,0,0.0,14.9,Current Asthma,9.1,True
56003,Lovell,Big Horn,WY,Wyoming,44.52629323,-107.9951744,2019,11790,356,344,12,0,0,0,0,77,46,36,0,356,0,0,97.53424657534246,0,0.0,18.1,COPD,6.9,True
56003,Lovell,Big Horn,WY,Wyoming,44.52629323,-107.9951744,2019,11790,356,344,12,0,0,0,0,77,46,36,0,356,0,0,97.53424657534246,0,0.0,18.1,Current Asthma,9.3,True
56005,Wright,Campbell,WY,Wyoming,44.24836917,-105.5480503,2019,46341,365,301,63,1,0,0,0,111,56,41,1,215,21,128,100.0,1,0.273972602739726,19.6,COPD,6.5,False
56005,Wright,Campbell,WY,Wyoming,44.24836917,-105.5480503,2019,46341,365,301,63,1,0,0,0,111,56,41,1,215,21,128,100.0,1,0.273972602739726,19.6,Current Asthma,8.9,False
56007,Sinclair,Carbon,WY,Wyoming,41.69418415,-106.93048,2019,14800,364,325,38,1,0,0,0,112,51,43,13,351,0,0,99.72602739726028,1,0.27472527472527475,18.3,COPD,6.4,False
56007,Sinclair,Carbon,WY,Wyoming,41.69418415,-106.93048,2019,14800,364,325,38,1,0,0,0,112,51,43,13,351,0,0,99.72602739726028,1,0.27472527472527475,18.3,Current Asthma,8.7,False
56009,Douglas,Converse,WY,Wyoming,42.97214459,-105.5074487,2019,13822,365,314,50,1,0,0,0,101,53,41,3,312,10,40,100.0,1,0.273972602739726,18.7,COPD,6.4,True
56009,Douglas,Converse,WY,Wyoming,42.97214459,-105.5074487,2019,13822,365,314,50,1,0,0,0,101,53,41,3,312,10,40,100.0,1,0.273972602739726,18.7,Current Asthma,9.1,True
56013,Riverton,Fremont,WY,Wyoming,43.03944425,-108.6292251,2019,39261,365,291,73,1,0,0,0,122,60,45,0,335,30,0,100.0,1,0.273972602739726,19.8,COPD,6.8,True
56013,Riverton,Fremont,WY,Wyoming,43.03944425,-108.6292251,2019,39261,365,291,73,1,0,0,0,122,60,45,0,335,30,0,100.0,1,0.273972602739726,19.8,Current Asthma,9.4,True
56019,Kaycee,Johnson,WY,Wyoming,44.03883834,-106.584613,2019,8445,364,345,19,0,0,0,0,80,49,40,1,356,0,7,99.72602739726028,0,0.0,16.7,COPD,5.9,True
56019,Kaycee,Johnson,WY,Wyoming,44.03883834,-106.584613,2019,8445,364,345,19,0,0,0,0,80,49,40,1,356,0,7,99.72602739726028,0,0.0,16.7,Current Asthma,9.1,True
56021,Cheyenne,Laramie,WY,Wyoming,41.30704993,-104.6893931,2019,99500,365,296,69,0,0,0,0,74,58,43,4,320,25,16,100.0,0,0.0,16.7,COPD,6.0,True
56021,Cheyenne,Laramie,WY,Wyoming,41.30704993,-104.6893931,2019,99500,365,296,69,0,0,0,0,74,58,43,4,320,25,16,100.0,0,0.0,16.7,Current Asthma,9.5,True
56025,Casper,Natrona,WY,Wyoming,42.96178673,-106.7985547,2019,79858,364,327,37,0,0,0,0,74,51,42,1,357,6,0,99.72602739726028,0,0.0,19.3,COPD,6.3,True
56025,Casper,Natrona,WY,Wyoming,42.96178673,-106.7985547,2019,79858,364,327,37,0,0,0,0,74,51,42,1,357,6,0,99.72602739726028,0,0.0,19.3,Current Asthma,8.8,True
56029,Cody,Park,WY,Wyoming,44.51848378,-109.5874443,2019,29194,307,292,15,0,0,0,0,80,47,38,3,261,40,3,84.10958904109589,0,0.0,15.4,COPD,5.5,False
56029,Cody,Park,WY,Wyoming,44.51848378,-109.5874443,2019,29194,307,292,15,0,0,0,0,80,47,38,3,261,40,3,84.10958904109589,0,0.0,15.4,Current Asthma,8.9,False
56033,Sheridan,Sheridan,WY,Wyoming,44.79000386,-106.8798095,2019,30485,365,315,50,0,0,0,0,90,54,39,0,299,39,27,100.0,0,0.0,16.8,COPD,5.7,True
56033,Sheridan,Sheridan,WY,Wyoming,44.79000386,-106.8798095,2019,30485,365,315,50,0,0,0,0,90,54,39,0,299,39,27,100.0,0,0.0,16.8,Current Asthma,8.7,True
56035,Pinedale,Sublette,WY,Wyoming,42.76697498,-109.9146005,2019,9831,365,265,89,8,3,0,0,200,71,46,0,358,7,0,100.0,11,3.0136986301369864,17.2,COPD,5.8,True
56035,Pinedale,Sublette,WY,Wyoming,42.76697498,-109.9146005,2019,9831,365,265,89,8,3,0,0,200,71,46,0,358,7,0,100.0,11,3.0136986301369864,17.2,Current Asthma,8.6,True
56037,Green River,Sweetwater,WY,Wyoming,41.6597615,-108.879381,2019,42343,365,258,104,3,0,0,0,133,64,46,3,318,9,35,100.0,3,0.821917808219178,17.0,COPD,5.8,True
56037,Green River,Sweetwater,WY,Wyoming,41.6597615,-108.879381,2019,42343,365,258,104,3,0,0,0,133,64,46,3,318,9,35,100.0,3,0.821917808219178,17.0,Current Asthma,8.6,True
56039,Jackson,Teton,WY,Wyoming,43.93633578,-110.5918463,2019,23464,365,323,42,0,0,0,0,87,51,44,0,353,11,1,100.0,0,0.0,11.3,COPD,4.3,True
56039,Jackson,Teton,WY,Wyoming,43.93633578,-110.5918463,2019,23464,365,323,42,0,0,0,0,87,51,44,0,353,11,1,100.0,0,0.0,11.3,Current Asthma,7.9,True
56041,Evanston,Uinta,WY,Wyoming,41.28749663,-110.5474049,2019,20226,365,315,49,1,0,0,0,101,58,44,1,360,0,4,100.0,1,0.273972602739726,18.8,COPD,6.8,False
56041,Evanston,Uinta,WY,Wyoming,41.28749663,-110.5474049,2019,20226,365,315,49,1,0,0,0,101,58,44,1,360,0,4,100.0,1,0.273972602739726,18.8,Current Asthma,9.4,False
56045,Newcastle,Weston,WY,Wyoming,43.84031158,-104.567594,2019,6927,360,335,25,0,0,0,0,71,49,40,0,360,0,0,98.63013698630137,0,0.0,19.2,COPD,6.7,True
56045,Newcastle,Weston,WY,Wyoming,43.84031158,-104.567594,2019,6927,360,335,25,0,0,0,0,71,49,40,0,360,0,0,98.63013698630137,0,0.0,19.2,Current Asthma,9.0,True
1003,Fairhope,Baldwin,AL,Alabama,30.6592183,-87.7460666,2020,229287,269,223,46,0,0,0,0,74,54,38,0,178,91,0,73.49726775956285,0,0.0,16.9,COPD,6.7,True
1003,Fairhope,Baldwin,AL,Alabama,30.6592183,-87.7460666,2020,229287,269,223,46,0,0,0,0,74,54,38,0,178,91,0,73.49726775956285,0,0.0,16.9,Current Asthma,9.3,True
1049,Fort Payne,DeKalb,AL,Alabama,34.4609148,-85.8040207,2020,71658,364,332,32,0,0,0,0,91,49,37,0,309,55,0,99.4535519125683,0,0.0,23.0,COPD,10.3,True
1049,Fort Payne,DeKalb,AL,Alabama,34.4609148,-85.8040207,2020,71658,364,332,32,0,0,0,0,91,49,37,0,309,55,0,99.4535519125683,0,0.0,23.0,Current Asthma,10.3,True
1051,Wetumpka,Elmore,AL,Alabama,32.597229,-86.1427347,2020,82158,197,197,0,0,0,0,0,47,41,31,0,197,0,0,53.825136612021865,0,0.0,18.6,COPD,7.1,True
1051,Wetumpka,Elmore,AL,Alabama,32.597229,-86.1427347,2020,82158,197,197,0,0,0,0,0,47,41,31,0,197,0,0,53.825136612021865,0,0.0,18.6,Current Asthma,9.6,True
1055,Gadsden,Etowah,AL,Alabama,34.0476407,-86.0342629,2020,102371,276,239,37,0,0,0,0,93,53,36,0,191,85,0,75.40983606557377,0,0.0,20.6,COPD,8.5,True
1055,Gadsden,Etowah,AL,Alabama,34.0476407,-86.0342629,2020,102371,276,239,37,0,0,0,0,93,53,36,0,191,85,0,75.40983606557377,0,0.0,20.6,Current Asthma,10.1,True
1073,Birmingham,Jefferson,AL,Alabama,33.5534439,-86.8965359,2020,655342,366,119,244,3,0,0,0,129,70,54,0,58,308,0,100.0,3,0.819672131147541,16.1,COPD,6.7,True
1073,Birmingham,Jefferson,AL,Alabama,33.5534439,-86.8965359,2020,655342,366,119,244,3,0,0,0,129,70,54,0,58,308,0,100.0,3,0.819672131147541,16.1,Current Asthma,9.8,True
1089,Huntsville,Madison,AL,Alabama,34.7642377,-86.5510802,2020,379453,364,210,154,0,0,0,0,89,59,47,0,72,288,4,99.4535519125683,0,0.0,15.7,COPD,6.1,True
1089,Huntsville,Madison,AL,Alabama,34.7642377,-86.5510802,2020,379453,364,210,154,0,0,0,0,89,59,47,0,72,288,4,99.4535519125683,0,0.0,15.7,Current Asthma,9.3,True
1097,Mobile,Mobile,AL,Alabama,30.6845725,-88.1965682,2020,412716,348,188,160,0,0,0,0,78,62,49,0,84,264,0,95.08196721311475,0,0.0,20.4,COPD,7.8,True
1097,Mobile,Mobile,AL,Alabama,30.6845725,-88.1965682,2020,412716,348,188,160,0,0,0,0,78,62,49,0,84,264,0,95.08196721311475,0,0.0,20.4,Current Asthma,10.3,True
1101,Montgomery,Montgomery,AL,Alabama,32.2028812,-86.2044615,2020,224639,361,70,289,2,0,0,0,116,70,58,0,18,343,0,98.63387978142076,2,0.554016620498615,17.2,COPD,7.1,True
1101,Montgomery,Montgomery,AL,Alabama,32.2028812,-86.2044615,2020,224639,361,70,289,2,0,0,0,116,70,58,0,18,343,0,98.63387978142076,2,0.554016620498615,17.2,Current Asthma,10.7,True
1103,Decatur,Morgan,AL,Alabama,34.4544844,-86.8464021,2020,119883,355,251,104,0,0,0,0,75,58,41,0,96,259,0,96.99453551912568,0,0.0,20.7,COPD,8.2,True
1103,Decatur,Morgan,AL,Alabama,34.4544844,-86.8464021,2020,119883,355,251,104,0,0,0,0,75,58,41,0,96,259,0,96.99453551912568,0,0.0,20.7,Current Asthma,9.8,True
1113,Phenix City,Russell,AL,Alabama,32.2898113,-85.1869798,2020,58237,365,236,129,0,0,0,0,99,61,44,0,49,316,0,99.72677595628416,0,0.0,21.5,COPD,8.4,True
1113,Phenix City,Russell,AL,Alabama,32.2898113,-85.1869798,2020,58237,365,236,129,0,0,0,0,99,61,44,0,49,316,0,99.72677595628416,0,0.0,21.5,Current Asthma,10.9,True
1117,Pelham,Shelby,AL,Alabama,33.2630428,-86.6780894,2020,221428,241,232,9,0,0,0,0,67,46,34,0,241,0,0,65.84699453551912,0,0.0,13.7,COPD,5.6,True
1117,Pelham,Shelby,AL,Alabama,33.2630428,-86.6780894,2020,221428,241,232,9,0,0,0,0,67,46,34,0,241,0,0,65.84699453551912,0,0.0,13.7,Current Asthma,9.0,True
1125,Tuscaloosa,Tuscaloosa,AL,Alabama,33.2902197,-87.5227834,2020,210758,278,247,31,0,0,0,0,97,52,34,0,186,92,0,75.95628415300546,0,0.0,18.2,COPD,7.3,True
1125,Tuscaloosa,Tuscaloosa,AL,Alabama,33.2902197,-87.5227834,2020,210758,278,247,31,0,0,0,0,97,52,34,0,186,92,0,75.95628415300546,0,0.0,18.2,Current Asthma,10.1,True
2020,Anchorage,Anchorage,AK,Alaska,61.1742503,-149.2843294,2020,287095,366,294,72,0,0,0,0,92,55,27,0,0,267,93,100.0,0,0.0,15.6,COPD,4.6,True
2020,Anchorage,Anchorage,AK,Alaska,61.1742503,-149.2843294,2020,287095,366,294,72,0,0,0,0,92,55,27,0,0,267,93,100.0,0,0.0,15.6,Current Asthma,9.2,True
4003,Douglas,Cochise,AZ,Arizona,31.8401287,-109.7751627,2020,127450,366,271,93,2,0,0,0,108,61,45,0,301,4,61,100.0,2,0.546448087431694,17.5,COPD,6.3,True
4003,Douglas,Cochise,AZ,Arizona,31.8401287,-109.7751627,2020,127450,366,271,93,2,0,0,0,108,61,45,0,301,4,61,100.0,2,0.546448087431694,17.5,Current Asthma,10.5,True
4005,Flagstaff,Coconino,AZ,Arizona,35.8296919,-111.7737277,2020,142481,366,302,64,0,0,0,0,93,58,44,0,345,21,0,100.0,0,0.0,17.8,COPD,6.6,True
4005,Flagstaff,Coconino,AZ,Arizona,35.8296919,-111.7737277,2020,142481,366,302,64,0,0,0,0,93,58,44,0,345,21,0,100.0,0,0.0,17.8,Current Asthma,11.4,True
4007,Miami,Gila,AZ,Arizona,33.7896177,-110.8118696,2020,54303,366,256,99,8,3,0,0,174,74,44,0,338,1,27,100.0,11,3.0054644808743167,23.2,COPD,7.8,False
4007,Miami,Gila,AZ,Arizona,33.7896177,-110.8118696,2020,54303,366,256,99,8,3,0,0,174,74,44,0,338,1,27,100.0,11,3.0054644808743167,23.2,Current Asthma,11.3,False
4012,Parker,La Paz,AZ,Arizona,33.7276104,-114.038806,2020,21480,366,292,72,2,0,0,0,125,58,44,0,350,9,7,100.0,2,0.546448087431694,21.3,COPD,8.2,True
4012,Parker,La Paz,AZ,Arizona,33.7276104,-114.038806,2020,21480,366,292,72,2,0,0,0,125,58,44,0,350,9,7,100.0,2,0.546448087431694,21.3,Current Asthma,11.4,True
4017,Holbrook,Navajo,AZ,Arizona,35.3907852,-110.3210248,2020,112112,366,314,50,2,0,0,0,136,54,43,0,359,4,3,100.0,2,0.546448087431694,23.6,COPD,9.4,True
4017,Holbrook,Navajo,AZ,Arizona,35.3907852,-110.3210248,2020,112112,366,314,50,2,0,0,0,136,54,43,0,359,4,3,100.0,2,0.546448087431694,23.6,Current Asthma,13.6,True
4019,Tucson,Pima,AZ,Arizona,32.128038,-111.7836574,2020,1061175,366,124,229,12,0,1,0,277,77,55,0,169,99,98,100.0,13,3.551912568306011,15.8,COPD,5.7,True
4019,Tucson,Pima,AZ,Arizona,32.128038,-111.7836574,2020,1061175,366,124,229,12,0,1,0,277,77,55,0,169,99,98,100.0,13,3.551912568306011,15.8,Current Asthma,10.9,True
4023,Nogales,Santa Cruz,AZ,Arizona,31.525733,-110.8452278,2020,46808,360,208,147,4,1,0,0,170,71,44,0,0,303,57,98.36065573770492,5,1.3888888888888888,15.0,COPD,5.7,True
4023,Nogales,Santa Cruz,AZ,Arizona,31.525733,-110.8452278,2020,46808,360,208,147,4,1,0,0,170,71,44,0,0,303,57,98.36065573770492,5,1.3888888888888888,15.0,Current Asthma,9.7,True
4025,Prescott,Yavapai,AZ,Arizona,34.631071,-112.5772247,2020,240226,331,265,65,1,0,0,0,119,61,45,0,331,0,0,90.43715846994536,1,0.3021148036253776,17.4,COPD,6.6,True
4025,Prescott,Yavapai,AZ,Arizona,34.631071,-112.5772247,2020,240226,331,265,65,1,0,0,0,119,61,45,0,331,0,0,90.43715846994536,1,0.3021148036253776,17.4,Current Asthma,11.1,True
4027,Yuma,Yuma,AZ,Arizona,32.7739424,-113.910905,2020,217824,366,206,157,2,0,0,1,319,70,49,0,174,152,40,100.0,3,0.819672131147541,16.4,COPD,6.5,True
4027,Yuma,Yuma,AZ,Arizona,32.7739424,-113.910905,2020,217824,366,206,157,2,0,0,1,319,70,49,0,174,152,40,100.0,3,0.819672131147541,16.4,Current Asthma,10.1,True
5019,Arkadelphia,Clark,AR,Arkansas,34.0533162,-93.1762085,2020,22103,342,341,1,0,0,0,0,67,40,29,0,342,0,0,93.44262295081968,0,0.0,21.3,COPD,8.0,True
5019,Arkadelphia,Clark,AR,Arkansas,34.0533162,-93.1762085,2020,22103,342,341,1,0,0,0,0,67,40,29,0,342,0,0,93.44262295081968,0,0.0,21.3,Current Asthma,10.7,True
5035,West Memphis,Crittenden,AR,Arkansas,35.1975594,-90.3051195,2020,47616,366,244,119,3,0,0,0,115,60,45,3,104,259,0,100.0,3,0.819672131147541,22.3,COPD,8.3,True
5035,West Memphis,Crittenden,AR,Arkansas,35.1975594,-90.3051195,2020,47616,366,244,119,3,0,0,0,115,60,45,3,104,259,0,100.0,3,0.819672131147541,22.3,Current Asthma,11.6,True
5113,Mena,Polk,AR,Arkansas,34.4909149,-94.2308841,2020,19707,359,322,37,0,0,0,0,84,51,37,0,299,60,0,98.08743169398907,0,0.0,24.2,COPD,9.6,True
5113,Mena,Polk,AR,Arkansas,34.4909149,-94.2308841,2020,19707,359,322,37,0,0,0,0,84,51,37,0,299,60,0,98.08743169398907,0,0.0,24.2,Current Asthma,10.6,True
5119,Little Rock,Pulaski,AR,Arkansas,34.7703106,-92.312996,2020,392980,366,186,178,2,0,0,0,132,64,50,3,68,295,0,100.0,2,0.546448087431694,18.2,COPD,6.6,True
5119,Little Rock,Pulaski,AR,Arkansas,34.7703106,-92.312996,2020,392980,366,186,178,2,0,0,0,132,64,50,3,68,295,0,100.0,2,0.546448087431694,18.2,Current Asthma,10.5,True
5143,Fayetteville,Washington,AR,Arkansas,35.978001,-94.2172695,2020,243216,366,251,114,1,0,0,0,150,58,44,0,129,237,0,100.0,1,0.273224043715847,18.9,COPD,7.3,True
5143,Fayetteville,Washington,AR,Arkansas,35.978001,-94.2172695,2020,243216,366,251,114,1,0,0,0,150,58,44,0,129,237,0,100.0,1,0.273224043715847,18.9,Current Asthma,10.1,True
6001,Oakland,Alameda,CA,California,37.6471385,-121.912488,2020,1662323,366,169,177,8,11,1,0,243,81,52,6,87,273,0,100.0,20,5.46448087431694,9.9,COPD,4.2,True
6001,Oakland,Alameda,CA,California,37.6471385,-121.912488,2020,1662323,366,169,177,8,11,1,0,243,81,52,6,87,273,0,100.0,20,5.46448087431694,9.9,Current Asthma,8.7,True
6005,Jackson,Amador,CA,California,38.4435493,-120.653858,2020,40083,359,327,29,2,1,0,0,156,50,37,0,359,0,0,98.08743169398907,3,0.8356545961002786,14.4,COPD,6.2,True
6005,Jackson,Amador,CA,California,38.4435493,-120.653858,2020,40083,359,327,29,2,1,0,0,156,50,37,0,359,0,0,98.08743169398907,3,0.8356545961002786,14.4,Current Asthma,9.9,True
6009,San Andreas,Calaveras,CA,California,38.1910682,-120.5541065,2020,46308,364,206,135,10,12,1,0,210,79,48,0,182,177,5,99.4535519125683,23,6.318681318681318,14.6,COPD,6.7,True
6009,San Andreas,Calaveras,CA,California,38.1910682,-120.5541065,2020,46308,364,206,135,10,12,1,0,210,79,48,0,182,177,5,99.4535519125683,23,6.318681318681318,14.6,Current Asthma,10.5,True
6013,Richmond,Contra Costa,CA,California,37.919479,-121.9515431,2020,1152333,366,192,156,7,10,1,0,221,75,49,2,107,257,0,100.0,18,4.918032786885246,10.0,COPD,4.6,True
6013,Richmond,Contra Costa,CA,California,37.919479,-121.9515431,2020,1152333,366,192,156,7,10,1,0,221,75,49,2,107,257,0,100.0,18,4.918032786885246,10.0,Current Asthma,9.2,True
6015,Crescent City,Del Norte,CA,California,41.7499033,-123.9809983,2020,27968,292,193,90,4,3,2,0,245,61,42,0,0,292,0,79.78142076502732,9,3.0821917808219177,17.6,COPD,8.0,True
6015,Crescent City,Del Norte,CA,California,41.7499033,-123.9809983,2020,27968,292,193,90,4,3,2,0,245,61,42,0,0,292,0,79.78142076502732,9,3.0821917808219177,17.6,Current Asthma,10.7,True
6021,Willows,Glenn,CA,California,39.6025462,-122.4016998,2020,28283,364,200,135,7,19,3,0,221,84,46,0,151,202,11,99.4535519125683,29,7.967032967032966,15.8,COPD,7.3,True
6021,Willows,Glenn,CA,California,39.6025462,-122.4016998,2020,28283,364,200,135,7,19,3,0,221,84,46,0,151,202,11,99.4535519125683,29,7.967032967032966,15.8,Current Asthma,10.5,True
6023,Eureka,Humboldt,CA,California,40.7066554,-123.9261757,2020,134977,366,318,44,3,1,0,0,180,53,29,0,225,81,60,100.0,4,1.092896174863388,15.8,COPD,7.5,True
6023,Eureka,Humboldt,CA,California,40.7066554,-123.9261757,2020,134977,366,318,44,3,1,0,0,180,53,29,0,225,81,60,100.0,4,1.092896174863388,15.8,Current Asthma,11.1,True
6033,Lakeport,Lake,CA,California,39.0948019,-122.7467569,2020,64479,351,341,6,1,3,0,0,190,44,32,0,324,25,2,95.90163934426229,4,1.1396011396011396,16.9,COPD,7.7,True
6033,Lakeport,Lake,CA,California,39.0948019,-122.7467569,2020,64479,351,341,6,1,3,0,0,190,44,32,0,324,25,2,95.90163934426229,4,1.1396011396011396,16.9,Current Asthma,10.9,True
6041,Lagunitas-Forest Knolls,Marin,CA,California,38.0513667,-122.7463958,2020,257332,366,272,85,4,4,1,0,231,62,36,8,148,210,0,100.0,9,2.459016393442623,8.8,COPD,4.3,True
6041,Lagunitas-Forest Knolls,Marin,CA,California,38.0513667,-122.7463958,2020,257332,366,272,85,4,4,1,0,231,62,36,8,148,210,0,100.0,9,2.459016393442623,8.8,Current Asthma,9.4,True
6045,Ukiah,Mendocino,CA,California,39.4323876,-123.4428811,2020,86061,366,240,103,10,10,0,3,716,79,40,0,112,252,2,100.0,23,6.284153005464481,15.0,COPD,7.0,True
6045,Ukiah,Mendocino,CA,California,39.4323876,-123.4428811,2020,86061,366,240,103,10,10,0,3,716,79,40,0,112,252,2,100.0,23,6.284153005464481,15.0,Current Asthma,10.5,True
6053,Salinas,Monterey,CA,California,36.2401044,-121.3155781,2020,430906,366,259,92,4,8,3,0,275,64,39,0,171,171,24,100.0,15,4.098360655737705,12.4,COPD,5.9,True
6053,Salinas,Monterey,CA,California,36.2401044,-121.3155781,2020,430906,366,259,92,4,8,3,0,275,64,39,0,171,171,24,100.0,15,4.098360655737705,12.4,Current Asthma,9.7,True
6055,Napa,Napa,CA,California,38.5070999,-122.3259045,2020,135965,365,259,91,7,7,1,0,224,66,39,0,163,199,0,99.72677595628416,15,4.10958904109589,11.1,COPD,5.0,False
6055,Napa,Napa,CA,California,38.5070999,-122.3259045,2020,135965,365,259,91,7,7,1,0,224,66,39,0,163,199,0,99.72677595628416,15,4.10958904109589,11.1,Current Asthma,9.5,False
6069,Hollister,San Benito,CA,California,36.6116507,-121.0858108,2020,64055,366,271,78,8,9,0,0,174,68,41,0,241,117,8,100.0,17,4.644808743169399,11.8,COPD,5.3,True
6069,Hollister,San Benito,CA,California,36.6116507,-121.0858108,2020,64055,366,271,78,8,9,0,0,174,68,41,0,241,117,8,100.0,17,4.644808743169399,11.8,Current Asthma,9.5,True
6075,San Francisco,San Francisco,CA,California,37.7272391,-123.0322294,2020,866606,366,227,131,3,4,1,0,223,67,42,5,118,243,0,100.0,8,2.185792349726776,9.0,COPD,3.9,True
6075,San Francisco,San Francisco,CA,California,37.7272391,-123.0322294,2020,866606,366,227,131,3,4,1,0,223,67,42,5,118,243,0,100.0,8,2.185792349726776,9.0,Current Asthma,8.4,True
6081,San Carlos,San Mateo,CA,California,37.4146725,-122.3715457,2020,758308,366,257,99,5,5,0,0,199,64,37,11,136,219,0,100.0,10,2.73224043715847,8.7,COPD,3.9,True
6081,San Carlos,San Mateo,CA,California,37.4146725,-122.3715457,2020,758308,366,257,99,5,5,0,0,199,64,37,11,136,219,0,100.0,10,2.73224043715847,8.7,Current Asthma,8.3,True
6083,Santa Maria,Santa Barbara,CA,California,34.5366774,-120.0383645,2020,444766,366,199,154,9,4,0,0,174,68,48,0,156,207,3,100.0,13,3.551912568306011,11.7,COPD,5.7,True
6083,Santa Maria,Santa Barbara,CA,California,34.5366774,-120.0383645,2020,444766,366,199,154,9,4,0,0,174,68,48,0,156,207,3,100.0,13,3.551912568306011,11.7,Current Asthma,9.9,True
6085,San Jose,Santa Clara,CA,California,37.2216142,-121.6895401,2020,1907105,366,174,172,11,9,0,0,198,81,52,3,107,256,0,100.0,20,5.46448087431694,8.4,COPD,3.7,True
6085,San Jose,Santa Clara,CA,California,37.2216142,-121.6895401,2020,1907105,366,174,172,11,9,0,0,198,81,52,3,107,256,0,100.0,20,5.46448087431694,8.4,Current Asthma,7.9,True
6087,Scotts Valley,Santa Cruz,CA,California,37.0123466,-122.0077889,2020,269925,366,261,85,6,10,1,3,624,68,39,0,138,228,0,100.0,20,5.46448087431694,11.4,COPD,5.5,True
6087,Scotts Valley,Santa Cruz,CA,California,37.0123466,-122.0077889,2020,269925,366,261,85,6,10,1,3,624,68,39,0,138,228,0,100.0,20,5.46448087431694,11.4,Current Asthma,9.9,True
6089,Redding,Shasta,CA,California,40.7605142,-122.0435558,2020,179027,366,286,72,6,2,0,0,171,67,41,0,325,41,0,100.0,8,2.185792349726776,15.4,COPD,7.1,False
6089,Redding,Shasta,CA,California,40.7605142,-122.0435558,2020,179027,366,286,72,6,2,0,0,171,67,41,0,325,41,0,100.0,8,2.185792349726776,15.4,Current Asthma,10.8,False
6093,Weed,Siskiyou,CA,California,41.5879861,-122.5332868,2020,43245,366,272,71,10,9,2,2,468,66,39,0,210,156,0,100.0,23,6.284153005464481,16.1,COPD,7.5,False
6093,Weed,Siskiyou,CA,California,41.5879861,-122.5332868,2020,43245,366,272,71,10,9,2,2,468,66,39,0,210,156,0,100.0,23,6.284153005464481,16.1,Current Asthma,11.0,False
6095,Vallejo,Solano,CA,California,38.2672255,-121.939594,2020,446935,366,183,167,9,6,1,0,228,77,51,0,125,240,1,100.0,16,4.371584699453552,11.9,COPD,5.1,True
6095,Vallejo,Solano,CA,California,38.2672255,-121.939594,2020,446935,366,183,167,9,6,1,0,228,77,51,0,125,240,1,100.0,16,4.371584699453552,11.9,Current Asthma,9.8,True
6097,Santa Rosa,Sonoma,CA,California,38.5251824,-122.9261095,2020,489819,366,290,69,1,6,0,0,199,57,36,1,166,192,7,100.0,7,1.912568306010929,11.8,COPD,5.3,True
6097,Santa Rosa,Sonoma,CA,California,38.5251824,-122.9261095,2020,489819,366,290,69,1,6,0,0,199,57,36,1,166,192,7,100.0,7,1.912568306010929,11.8,Current Asthma,9.9,True
6105,Weaverville,Trinity,CA,California,40.6478582,-123.114666,2020,12216,343,215,100,12,13,3,0,211,81,36,0,0,343,0,93.71584699453553,28,8.16326530612245,17.8,COPD,8.3,False
6105,Weaverville,Trinity,CA,California,40.6478582,-123.114666,2020,12216,343,215,100,12,13,3,0,211,81,36,0,0,343,0,93.71584699453553,28,8.16326530612245,17.8,Current Asthma,11.1,False
6109,Sonora,Tuolumne,CA,California,38.0214344,-119.9647335,2020,54515,353,277,71,5,0,0,0,143,64,41,0,353,0,0,96.44808743169399,5,1.41643059490085,13.9,COPD,6.3,True
6109,Sonora,Tuolumne,CA,California,38.0214344,-119.9647335,2020,54515,353,277,71,5,0,0,0,143,64,41,0,353,0,0,96.44808743169399,5,1.41643059490085,13.9,Current Asthma,10.1,True
8001,Commerce City,Adams,CO,Colorado,39.8743252,-104.3318718,2020,519883,366,192,162,11,1,0,0,151,74,49,60,163,97,46,100.0,12,3.278688524590164,14.4,COPD,5.4,False
8001,Commerce City,Adams,CO,Colorado,39.8743252,-104.3318718,2020,519883,366,192,162,11,1,0,0,151,74,49,60,163,97,46,100.0,12,3.278688524590164,14.4,Current Asthma,10.0,False
8005,Englewood,Arapahoe,CO,Colorado,39.6445537,-104.3317065,2020,657452,366,243,112,9,2,0,0,159,77,46,0,350,16,0,100.0,11,3.0054644808743167,13.1,COPD,4.6,False
8005,Englewood,Arapahoe,CO,Colorado,39.6445537,-104.3317065,2020,657452,366,243,112,9,2,0,0,159,77,46,0,350,16,0,100.0,11,3.0054644808743167,13.1,Current Asthma,9.8,False
8007,Pagosa Springs,Archuleta,CO,Colorado,37.2023952,-107.0508634,2020,14196,365,302,63,0,0,0,0,93,58,43,0,319,0,46,99.72677595628416,0,0.0,14.0,COPD,5.1,True
8007,Pagosa Springs,Archuleta,CO,Colorado,37.2023952,-107.0508634,2020,14196,365,302,63,0,0,0,0,93,58,43,0,319,0,46,99.72677595628416,0,0.0,14.0,Current Asthma,9.8,True
8013,Boulder,Boulder,CO,Colorado,40.0949619,-105.3977045,2020,327171,366,173,172,19,2,0,0,181,84,51,0,213,152,1,100.0,21,5.737704918032787,11.3,COPD,4.2,False
8013,Boulder,Boulder,CO,Colorado,40.0949619,-105.3977045,2020,327171,366,173,172,19,2,0,0,181,84,51,0,213,152,1,100.0,21,5.737704918032787,11.3,Current Asthma,9.5,False
8019,Idaho Springs,Clear Creek,CO,Colorado,39.6894025,-105.6707833,2020,9586,239,140,87,10,2,0,0,156,84,49,0,239,0,0,65.30054644808743,12,5.02092050209205,12.6,COPD,4.5,False
8019,Idaho Springs,Clear Creek,CO,Colorado,39.6894025,-105.6707833,2020,9586,239,140,87,10,2,0,0,156,84,49,0,239,0,0,65.30054644808743,12,5.02092050209205,12.6,Current Asthma,9.4,False
8029,Delta,Delta,CO,Colorado,38.8615949,-107.8648924,2020,31067,365,312,53,0,0,0,0,97,54,41,0,304,61,0,99.72677595628416,0,0.0,19.5,COPD,7.2,False
8029,Delta,Delta,CO,Colorado,38.8615949,-107.8648924,2020,31067,365,312,53,0,0,0,0,97,54,41,0,304,61,0,99.72677595628416,0,0.0,19.5,Current Asthma,10.7,False
8031,Denver,Denver,CO,Colorado,39.7618502,-104.8811054,2020,735538,366,137,212,17,0,0,0,150,80,53,83,115,167,1,100.0,17,4.644808743169399,13.6,COPD,4.6,False
8031,Denver,Denver,CO,Colorado,39.7618502,-104.8811054,2020,735538,366,137,212,17,0,0,0,150,80,53,83,115,167,1,100.0,17,4.644808743169399,13.6,Current Asthma,10.0,False
8035,Roxborough Park,Douglas,CO,Colorado,39.325414,-104.9259871,2020,360750,361,221,123,14,3,0,0,159,80,47,0,285,76,0,98.63387978142076,17,4.7091412742382275,9.3,COPD,3.7,False
8035,Roxborough Park,Douglas,CO,Colorado,39.325414,-104.9259871,2020,360750,361,221,123,14,3,0,0,159,80,47,0,285,76,0,98.63387978142076,17,4.7091412742382275,9.3,Current Asthma,9.0,False
8041,Colorado Springs,El Paso,CO,Colorado,38.8273831,-104.5274718,2020,728310,366,241,118,6,1,0,0,151,74,46,0,318,48,0,100.0,7,1.912568306010929,14.9,COPD,5.2,False
8041,Colorado Springs,El Paso,CO,Colorado,38.8273831,-104.5274718,2020,728310,366,241,118,6,1,0,0,151,74,46,0,318,48,0,100.0,7,1.912568306010929,14.9,Current Asthma,10.0,False
8045,Rifle,Garfield,CO,Colorado,39.5993517,-107.9097802,2020,60366,366,232,129,5,0,0,0,150,75,48,0,347,19,0,100.0,5,1.366120218579235,15.0,COPD,5.4,False
8045,Rifle,Garfield,CO,Colorado,39.5993517,-107.9097802,2020,60366,366,232,129,5,0,0,0,150,75,48,0,347,19,0,100.0,5,1.366120218579235,15.0,Current Asthma,9.7,False
8047,Black Hawk,Gilpin,CO,Colorado,39.8611555,-105.5288778,2020,6235,357,278,70,9,0,0,0,136,67,45,0,357,0,0,97.54098360655738,9,2.5210084033613445,12.5,COPD,4.4,False
8047,Black Hawk,Gilpin,CO,Colorado,39.8611555,-105.5288778,2020,6235,357,278,70,9,0,0,0,136,67,45,0,357,0,0,97.54098360655738,9,2.5210084033613445,12.5,Current Asthma,9.5,False
8051,Crested Butte,Gunnison,CO,Colorado,38.6704993,-107.0568798,2020,17593,335,270,62,3,0,0,0,115,58,44,0,335,0,0,91.53005464480874,3,0.8955223880597015,12.7,COPD,4.9,True
8051,Crested Butte,Gunnison,CO,Colorado,38.6704993,-107.0568798,2020,17593,335,270,62,3,0,0,0,115,58,44,0,335,0,0,91.53005464480874,3,0.8955223880597015,12.7,Current Asthma,9.6,True
8067,Durango,La Plata,CO,Colorado,37.2873673,-107.8397178,2020,56564,366,273,91,2,0,0,0,133,61,45,0,326,40,0,100.0,2,0.546448087431694,14.0,COPD,5.0,True
8067,Durango,La Plata,CO,Colorado,37.2873673,-107.8397178,2020,56564,366,273,91,2,0,0,0,133,61,45,0,326,40,0,100.0,2,0.546448087431694,14.0,Current Asthma,9.9,True
8077,Grand Junction,Mesa,CO,Colorado,39.019524,-108.4605707,2020,155603,366,262,101,3,0,0,0,108,64,44,0,255,110,1,100.0,3,0.819672131147541,16.5,COPD,6.2,True
8077,Grand Junction,Mesa,CO,Colorado,39.019524,-108.4605707,2020,155603,366,262,101,3,0,0,0,108,64,44,0,255,110,1,100.0,3,0.819672131147541,16.5,Current Asthma,10.3,True
8083,Mesa Verde National Park,Montezuma,CO,Colorado,37.3380247,-108.5957864,2020,26408,366,301,63,2,0,0,0,126,58,44,0,366,0,0,100.0,2,0.546448087431694,18.4,COPD,6.4,True
8083,Mesa Verde National Park,Montezuma,CO,Colorado,37.3380247,-108.5957864,2020,26408,366,301,63,2,0,0,0,126,58,44,0,366,0,0,100.0,2,0.546448087431694,18.4,Current Asthma,10.7,True
8103,Rangely,Rio Blanco,CO,Colorado,39.9726223,-108.2007155,2020,6342,365,263,99,3,0,0,0,115,57,45,1,185,179,0,99.72677595628416,3,0.821917808219178,17.4,COPD,6.3,True
8103,Rangely,Rio Blanco,CO,Colorado,39.9726223,-108.2007155,2020,6342,365,263,99,3,0,0,0,115,57,45,1,185,179,0,99.72677595628416,3,0.821917808219178,17.4,Current Asthma,10.3,True
8113,Telluride,San Miguel,CO,Colorado,38.009319,-108.4272635,2020,8105,247,155,90,2,0,0,0,136,67,48,0,191,0,56,67.4863387978142,2,0.8097165991902834,12.1,COPD,4.6,True
8113,Telluride,San Miguel,CO,Colorado,38.009319,-108.4272635,2020,8105,247,155,90,2,0,0,0,136,67,48,0,191,0,56,67.4863387978142,2,0.8097165991902834,12.1,Current Asthma,9.5,True
8123,Greeley,Weld,CO,Colorado,40.555961,-104.383666,2020,333983,366,166,187,13,0,0,0,140,84,52,1,223,142,0,100.0,13,3.551912568306011,13.9,COPD,5.7,False
8123,Greeley,Weld,CO,Colorado,40.555961,-104.383666,2020,333983,366,166,187,13,0,0,0,140,84,52,1,223,142,0,100.0,13,3.551912568306011,13.9,Current Asthma,9.9,False
9001,Stamford,Fairfield,CT,Connecticut,41.2274128,-73.3670614,2020,942426,366,217,136,12,1,0,0,161,80,47,6,150,210,0,100.0,13,3.551912568306011,10.5,COPD,4.3,False
9001,Stamford,Fairfield,CT,Connecticut,41.2274128,-73.3670614,2020,942426,366,217,136,12,1,0,0,161,80,47,6,150,210,0,100.0,13,3.551912568306011,10.5,Current Asthma,9.1,False
9003,Hartford,Hartford,CT,Connecticut,41.8060534,-72.7329157,2020,889226,366,255,111,0,0,0,0,98,60,42,11,145,209,0,100.0,0,0.0,15.0,COPD,5.2,False
9003,Hartford,Hartford,CT,Connecticut,41.8060534,-72.7329157,2020,889226,366,255,111,0,0,0,0,98,60,42,11,145,209,0,100.0,0,0.0,15.0,Current Asthma,11.2,False
9005,Thomaston,Litchfield,CT,Connecticut,41.7918833,-73.2354042,2020,179610,362,300,62,0,0,0,0,84,54,39,0,250,110,0,98.90710382513662,0,0.0,15.6,COPD,5.3,False
9005,Thomaston,Litchfield,CT,Connecticut,41.7918833,-73.2354042,2020,179610,362,300,62,0,0,0,0,84,54,39,0,250,110,0,98.90710382513662,0,0.0,15.6,Current Asthma,10.8,False
9007,Middletown,Middlesex,CT,Connecticut,41.4330028,-72.5227802,2020,161657,208,182,24,2,0,0,0,129,54,39,0,208,0,0,56.830601092896174,2,0.9615384615384616,14.2,COPD,4.9,False
9007,Middletown,Middlesex,CT,Connecticut,41.4330028,-72.5227802,2020,161657,208,182,24,2,0,0,0,129,54,39,0,208,0,0,56.830601092896174,2,0.9615384615384616,14.2,Current Asthma,10.2,False
9009,New Haven,New Haven,CT,Connecticut,41.3497185,-72.9002033,2020,851948,366,210,143,11,2,0,0,174,77,46,7,158,198,2,100.0,13,3.551912568306011,15.4,COPD,5.4,False
9009,New Haven,New Haven,CT,Connecticut,41.3497185,-72.9002033,2020,851948,366,210,143,11,2,0,0,174,77,46,7,158,198,2,100.0,13,3.551912568306011,15.4,Current Asthma,10.9,False
9011,Groton,New London,CT,Connecticut,41.4726517,-72.1086339,2020,264999,365,274,87,3,1,0,0,172,61,41,0,149,216,0,99.72677595628416,4,1.095890410958904,15.5,COPD,5.6,False
9011,Groton,New London,CT,Connecticut,41.4726517,-72.1086339,2020,264999,365,274,87,3,1,0,0,172,61,41,0,149,216,0,99.72677595628416,4,1.095890410958904,15.5,Current Asthma,10.7,False
9013,Mansfield Center (Town name Mansfield),Tolland,CT,Connecticut,41.8580807,-72.3409779,2020,150600,206,192,14,0,0,0,0,93,48,39,0,206,0,0,56.284153005464475,0,0.0,13.5,COPD,5.1,False
9013,Mansfield Center (Town name Mansfield),Tolland,CT,Connecticut,41.8580807,-72.3409779,2020,150600,206,192,14,0,0,0,0,93,48,39,0,206,0,0,56.284153005464475,0,0.0,13.5,Current Asthma,10.7,False
9015,Putnam (Town of),Windham,CT,Connecticut,41.8249987,-71.9907017,2020,116540,356,345,11,0,0,0,0,87,44,35,0,356,0,0,97.26775956284153,0,0.0,17.7,COPD,6.2,False
9015,Putnam (Town of),Windham,CT,Connecticut,41.8249987,-71.9907017,2020,116540,356,345,11,0,0,0,0,87,44,35,0,356,0,0,97.26775956284153,0,0.0,17.7,Current Asthma,10.8,False
10001,Dover,Kent,DE,Delaware,39.0970884,-75.5029819,2020,183643,362,296,66,0,0,0,0,80,54,39,0,208,154,0,98.90710382513662,0,0.0,20.0,COPD,7.1,True
10001,Dover,Kent,DE,Delaware,39.0970884,-75.5029819,2020,183643,362,296,66,0,0,0,0,80,54,39,0,208,154,0,98.90710382513662,0,0.0,20.0,Current Asthma,11.0,True
10003,Wilmington,New Castle,DE,Delaware,39.5759152,-75.6441324,2020,561531,366,231,133,2,0,0,0,105,63,46,3,139,224,0,100.0,2,0.546448087431694,14.8,COPD,5.3,True
10003,Wilmington,New Castle,DE,Delaware,39.5759152,-75.6441324,2020,561531,366,231,133,2,0,0,0,105,63,46,3,139,224,0,100.0,2,0.546448087431694,14.8,Current Asthma,10.3,True
10005,Seaford,Sussex,DE,Delaware,38.6732275,-75.3370237,2020,241635,366,286,80,0,0,0,0,87,56,42,0,190,176,0,100.0,0,0.0,16.4,COPD,6.7,True
10005,Seaford,Sussex,DE,Delaware,38.6732275,-75.3370237,2020,241635,366,286,80,0,0,0,0,87,56,42,0,190,176,0,100.0,0,0.0,16.4,Current Asthma,9.6,True
11001,Washington,District of Columbia,DC,District of Columbia,38.9042474,-77.0165167,2020,712816,366,248,117,0,1,0,0,171,58,44,25,138,203,0,100.0,1,0.273224043715847,12.3,COPD,4.0,True
11001,Washington,District of Columbia,DC,District of Columbia,38.9042474,-77.0165167,2020,712816,366,248,117,0,1,0,0,171,58,44,25,138,203,0,100.0,1,0.273224043715847,12.3,Current Asthma,10.3,True
12001,Gainesville,Alachua,FL,Florida,29.6757403,-82.357221,2020,271218,366,274,91,1,0,0,0,105,56,42,0,100,266,0,100.0,1,0.273224043715847,16.4,COPD,7.2,False
12001,Gainesville,Alachua,FL,Florida,29.6757403,-82.357221,2020,271218,366,274,91,1,0,0,0,105,56,42,0,100,266,0,100.0,1,0.273224043715847,16.4,Current Asthma,9.3,False
12005,Lynn Haven,Bay,FL,Florida,30.1591402,-85.5343954,2020,171322,363,210,151,2,0,0,0,146,62,47,0,92,271,0,99.18032786885246,2,0.5509641873278237,20.8,COPD,7.8,False
12005,Lynn Haven,Bay,FL,Florida,30.1591402,-85.5343954,2020,171322,363,210,151,2,0,0,0,146,62,47,0,92,271,0,99.18032786885246,2,0.5509641873278237,20.8,Current Asthma,9.4,False
12009,Melbourne,Brevard,FL,Florida,28.2983112,-80.7003334,2020,608459,366,265,101,0,0,0,0,85,57,43,0,142,224,0,100.0,0,0.0,16.8,COPD,7.0,False
12009,Melbourne,Brevard,FL,Florida,28.2983112,-80.7003334,2020,608459,366,265,101,0,0,0,0,85,57,43,0,142,224,0,100.0,0,0.0,16.8,Current Asthma,9.1,False
12011,Fort Lauderdale,Broward,FL,Florida,26.1935353,-80.4766834,2020,1958105,366,192,172,2,0,0,0,142,60,49,0,59,307,0,100.0,2,0.546448087431694,15.8,COPD,6.2,False
12011,Fort Lauderdale,Broward,FL,Florida,26.1935353,-80.4766834,2020,1958105,366,192,172,2,0,0,0,142,60,49,0,59,307,0,100.0,2,0.546448087431694,15.8,Current Asthma,8.5,False
12021,Naples,Collier,FL,Florida,26.118786,-81.4009553,2020,392973,364,267,97,0,0,0,0,87,58,41,0,73,291,0,99.4535519125683,0,0.0,15.2,COPD,6.4,False
12021,Naples,Collier,FL,Florida,26.118786,-81.4009553,2020,392973,364,267,97,0,0,0,0,87,58,41,0,73,291,0,99.4535519125683,0,0.0,15.2,Current Asthma,8.2,False
12023,Lake City,Columbia,FL,Florida,30.2216509,-82.6233712,2020,72654,311,197,111,1,2,0,0,160,61,44,0,38,273,0,84.97267759562843,3,0.964630225080386,23.6,COPD,9.1,False
12023,Lake City,Columbia,FL,Florida,30.2216509,-82.6233712,2020,72654,311,197,111,1,2,0,0,160,61,44,0,38,273,0,84.97267759562843,3,0.964630225080386,23.6,Current Asthma,9.6,False
12031,Jacksonville,Duval,FL,Florida,30.3352449,-81.6481132,2020,966728,366,162,201,3,0,0,0,125,63,52,0,38,328,0,100.0,3,0.819672131147541,18.5,COPD,7.3,False
12031,Jacksonville,Duval,FL,Florida,30.3352449,-81.6481132,2020,966728,366,162,201,3,0,0,0,125,63,52,0,38,328,0,100.0,3,0.819672131147541,18.5,Current Asthma,9.3,False
12033,Pensacola,Escambia,FL,Florida,30.5299979,-87.3203222,2020,322364,360,176,184,0,0,0,0,82,63,51,0,82,278,0,98.36065573770492,0,0.0,19.7,COPD,7.6,False
12033,Pensacola,Escambia,FL,Florida,30.5299979,-87.3203222,2020,322364,360,176,184,0,0,0,0,82,63,51,0,82,278,0,98.36065573770492,0,0.0,19.7,Current Asthma,9.2,False
12035,Bunnell,Flagler,FL,Florida,29.4748909,-81.2862532,2020,118451,366,363,3,0,0,0,0,64,43,31,0,366,0,0,100.0,0,0.0,19.4,COPD,7.3,False
12035,Bunnell,Flagler,FL,Florida,29.4748909,-81.2862532,2020,118451,366,363,3,0,0,0,0,64,43,31,0,366,0,0,100.0,0,0.0,19.4,Current Asthma,9.0,False
12055,Sebring,Highlands,FL,Florida,27.3410799,-81.3423534,2020,106639,358,345,13,0,0,0,0,74,44,31,0,358,0,0,97.81420765027322,0,0.0,21.2,COPD,8.4,False
12055,Sebring,Highlands,FL,Florida,27.3410799,-81.3423534,2020,106639,358,345,13,0,0,0,0,74,44,31,0,358,0,0,97.81420765027322,0,0.0,21.2,Current Asthma,9.1,False
12057,Tampa,Hillsborough,FL,Florida,27.8876095,-82.3744173,2020,1497957,366,176,187,3,0,0,0,112,63,52,0,65,300,1,100.0,3,0.819672131147541,16.2,COPD,6.6,False
12057,Tampa,Hillsborough,FL,Florida,27.8876095,-82.3744173,2020,1497957,366,176,187,3,0,0,0,112,63,52,0,65,300,1,100.0,3,0.819672131147541,16.2,Current Asthma,8.7,False
12061,Vero Beach,Indian River,FL,Florida,27.7005283,-80.5747894,2020,162518,338,323,15,0,0,0,0,87,47,37,0,338,0,0,92.34972677595628,0,0.0,19.5,COPD,7.1,False
12061,Vero Beach,Indian River,FL,Florida,27.7005283,-80.5747894,2020,162518,338,323,15,0,0,0,0,87,47,37,0,338,0,0,92.34972677595628,0,0.0,19.5,Current Asthma,8.9,False
12069,Clermont,Lake,FL,Florida,28.7641128,-81.7122822,2020,375492,366,354,12,0,0,0,0,87,45,32,0,366,0,0,100.0,0,0.0,18.8,COPD,7.5,False
12069,Clermont,Lake,FL,Florida,28.7641128,-81.7122822,2020,375492,366,354,12,0,0,0,0,87,45,32,0,366,0,0,100.0,0,0.0,18.8,Current Asthma,8.7,False
12071,Fort Myers,Lee,FL,Florida,26.5632731,-81.9841817,2020,790767,366,284,82,0,0,0,0,100,55,39,0,176,190,0,100.0,0,0.0,17.3,COPD,6.8,False
12071,Fort Myers,Lee,FL,Florida,26.5632731,-81.9841817,2020,790767,366,284,82,0,0,0,0,100,55,39,0,176,190,0,100.0,0,0.0,17.3,Current Asthma,8.4,False
12073,Tallahassee,Leon,FL,Florida,30.4593104,-84.2778004,2020,295460,366,185,178,2,1,0,0,163,63,49,0,33,333,0,100.0,3,0.819672131147541,17.6,COPD,6.9,False
12073,Tallahassee,Leon,FL,Florida,30.4593104,-84.2778004,2020,295460,366,185,178,2,1,0,0,163,63,49,0,33,333,0,100.0,3,0.819672131147541,17.6,Current Asthma,9.4,False
12081,Bradenton,Manatee,FL,Florida,27.4755558,-82.3931438,2020,411219,366,355,11,0,0,0,0,97,44,33,0,366,0,0,100.0,0,0.0,17.7,COPD,7.2,False
12081,Bradenton,Manatee,FL,Florida,27.4755558,-82.3931438,2020,411219,366,355,11,0,0,0,0,97,44,33,0,366,0,0,100.0,0,0.0,17.7,Current Asthma,8.8,False
12083,Ocala,Marion,FL,Florida,29.2028047,-82.0431004,2020,373513,366,229,137,0,0,0,0,100,59,46,0,66,300,0,100.0,0,0.0,20.8,COPD,8.4,False
12083,Ocala,Marion,FL,Florida,29.2028047,-82.0431004,2020,373513,366,229,137,0,0,0,0,100,59,46,0,66,300,0,100.0,0,0.0,20.8,Current Asthma,9.5,False
12085,Stuart,Martin,FL,Florida,27.0836036,-80.3982011,2020,162088,365,275,90,0,0,0,0,96,57,42,0,93,272,0,99.72677595628416,0,0.0,17.1,COPD,6.6,False
12085,Stuart,Martin,FL,Florida,27.0836036,-80.3982011,2020,162088,365,275,90,0,0,0,0,96,57,42,0,93,272,0,99.72677595628416,0,0.0,17.1,Current Asthma,8.6,False
12086,Miami,Miami-Dade,FL,Florida,25.6160085,-80.5037495,2020,2707303,366,226,140,0,0,0,0,90,62,45,1,63,302,0,100.0,0,0.0,14.9,COPD,5.5,False
12086,Miami,Miami-Dade,FL,Florida,25.6160085,-80.5037495,2020,2707303,366,226,140,0,0,0,0,90,62,45,1,63,302,0,100.0,0,0.0,14.9,Current Asthma,8.1,False
12091,Fort Walton Beach,Okaloosa,FL,Florida,30.6143245,-86.5910804,2020,212820,364,355,9,0,0,0,0,74,46,34,0,334,0,30,99.4535519125683,0,0.0,17.9,COPD,7.1,False
12091,Fort Walton Beach,Okaloosa,FL,Florida,30.6143245,-86.5910804,2020,212820,364,355,9,0,0,0,0,74,46,34,0,334,0,30,99.4535519125683,0,0.0,17.9,Current Asthma,8.5,False
12095,Orlando,Orange,FL,Florida,28.5143906,-81.3232839,2020,1404396,366,354,12,0,0,0,0,93,45,34,0,366,0,0,100.0,0,0.0,15.9,COPD,6.3,False
12095,Orlando,Orange,FL,Florida,28.5143906,-81.3232839,2020,1404396,366,354,12,0,0,0,0,93,45,34,0,366,0,0,100.0,0,0.0,15.9,Current Asthma,8.6,False
12097,Kissimmee,Osceola,FL,Florida,28.0590267,-81.1393116,2020,385315,366,354,12,0,0,0,0,90,44,32,0,366,0,0,100.0,0,0.0,17.0,COPD,6.4,False
12097,Kissimmee,Osceola,FL,Florida,28.0590267,-81.1393116,2020,385315,366,354,12,0,0,0,0,90,44,32,0,366,0,0,100.0,0,0.0,17.0,Current Asthma,8.5,False
12099,West Palm Beach,Palm Beach,FL,Florida,26.6491257,-80.4483542,2020,1507600,361,267,94,0,0,0,0,93,58,42,0,121,222,18,98.63387978142076,0,0.0,16.3,COPD,6.6,False
12099,West Palm Beach,Palm Beach,FL,Florida,26.6491257,-80.4483542,2020,1507600,361,267,94,0,0,0,0,93,58,42,0,121,222,18,98.63387978142076,0,0.0,16.3,Current Asthma,8.5,False
12101,Holiday,Pasco,FL,Florida,28.3098227,-82.5110062,2020,570412,366,355,11,0,0,0,0,77,46,35,0,366,0,0,100.0,0,0.0,21.5,COPD,7.6,False
12101,Holiday,Pasco,FL,Florida,28.3098227,-82.5110062,2020,570412,366,355,11,0,0,0,0,77,46,35,0,366,0,0,100.0,0,0.0,21.5,Current Asthma,8.9,False
12103,Saint Petersburg,Pinellas,FL,Florida,27.9053425,-82.7980663,2020,976802,366,226,140,0,0,0,0,100,60,46,0,76,290,0,100.0,0,0.0,18.7,COPD,7.0,False
12103,Saint Petersburg,Pinellas,FL,Florida,27.9053425,-82.7980663,2020,976802,366,226,140,0,0,0,0,100,60,46,0,76,290,0,100.0,0,0.0,18.7,Current Asthma,8.7,False
12105,Mulberry,Polk,FL,Florida,27.9536488,-81.6935336,2020,744552,365,252,113,0,0,0,0,87,59,42,0,105,258,2,99.72677595628416,0,0.0,19.6,COPD,7.9,False
12105,Mulberry,Polk,FL,Florida,27.9536488,-81.6935336,2020,744552,365,252,113,0,0,0,0,87,59,42,0,105,258,2,99.72677595628416,0,0.0,19.6,Current Asthma,9.0,False
12113,Gulf Breeze,Santa Rosa,FL,Florida,30.6753483,-87.0189188,2020,189139,365,223,142,0,0,0,0,86,61,47,0,100,265,0,99.72677595628416,0,0.0,20.3,COPD,7.3,False
12113,Gulf Breeze,Santa Rosa,FL,Florida,30.6753483,-87.0189188,2020,189139,365,223,142,0,0,0,0,86,61,47,0,100,265,0,99.72677595628416,0,0.0,20.3,Current Asthma,8.8,False
12115,Sarasota,Sarasota,FL,Florida,27.2253265,-82.4237137,2020,443465,366,244,122,0,0,0,0,90,60,44,0,88,278,0,100.0,0,0.0,15.9,COPD,6.4,False
12115,Sarasota,Sarasota,FL,Florida,27.2253265,-82.4237137,2020,443465,366,244,122,0,0,0,0,90,60,44,0,88,278,0,100.0,0,0.0,15.9,Current Asthma,8.3,False
12117,Sanford,Seminole,FL,Florida,28.6900648,-81.1319751,2020,474171,365,287,78,0,0,0,0,84,55,40,0,135,227,3,99.72677595628416,0,0.0,14.3,COPD,5.7,False
12117,Sanford,Seminole,FL,Florida,28.6900648,-81.1319751,2020,474171,365,287,78,0,0,0,0,84,55,40,0,135,227,3,99.72677595628416,0,0.0,14.3,Current Asthma,8.4,False
12111,Fort Pierce,St. Lucie,FL,Florida,27.3798137,-80.4435357,2020,337186,360,351,9,0,0,0,0,74,44,33,0,360,0,0,98.36065573770492,0,0.0,19.2,COPD,7.5,False
12111,Fort Pierce,St. Lucie,FL,Florida,27.3798137,-80.4435357,2020,337186,360,351,9,0,0,0,0,74,44,33,0,360,0,0,98.36065573770492,0,0.0,19.2,Current Asthma,9.0,False
12127,Daytona Beach,Volusia,FL,Florida,29.057769,-81.161792,2020,561497,362,252,110,0,0,0,0,77,56,44,0,116,246,0,98.90710382513662,0,0.0,20.0,COPD,7.5,False
12127,Daytona Beach,Volusia,FL,Florida,29.057769,-81.161792,2020,561497,362,252,110,0,0,0,0,77,56,44,0,116,246,0,98.90710382513662,0,0.0,20.0,Current Asthma,8.9,False
12129,Saint Marks,Wakulla,FL,Florida,30.0913354,-84.3591114,2020,34319,363,265,96,0,2,0,0,164,58,41,0,102,257,0,99.18032786885246,2,0.5509641873278237,21.1,COPD,7.8,False
12129,Saint Marks,Wakulla,FL,Florida,30.0913354,-84.3591114,2020,34319,363,265,96,0,2,0,0,164,58,41,0,102,257,0,99.18032786885246,2,0.5509641873278237,21.1,Current Asthma,8.8,False
13021,Macon,Bibb,GA,Georgia,32.8088446,-83.6941941,2020,152737,366,262,104,0,0,0,0,97,57,42,0,61,305,0,100.0,0,0.0,20.4,COPD,7.6,True
13021,Macon,Bibb,GA,Georgia,32.8088446,-83.6941941,2020,152737,366,262,104,0,0,0,0,97,57,42,0,61,305,0,100.0,0,0.0,20.4,Current Asthma,11.1,True
13051,Savannah,Chatham,GA,Georgia,31.9804037,-81.085184,2020,289463,365,232,132,1,0,0,0,131,59,46,0,47,318,0,99.72677595628416,1,0.273972602739726,16.4,COPD,6.0,True
13051,Savannah,Chatham,GA,Georgia,31.9804037,-81.085184,2020,289463,365,232,132,1,0,0,0,131,59,46,0,47,318,0,99.72677595628416,1,0.273972602739726,16.4,Current Asthma,10.1,True
13055,Summerville,Chattooga,GA,Georgia,34.4741785,-85.3452894,2020,24843,245,244,1,0,0,0,0,58,43,32,0,245,0,0,66.93989071038251,0,0.0,26.5,COPD,10.0,True
13055,Summerville,Chattooga,GA,Georgia,34.4741785,-85.3452894,2020,24843,245,244,1,0,0,0,0,58,43,32,0,245,0,0,66.93989071038251,0,0.0,26.5,Current Asthma,10.6,True
13059,Athens (corp name Athens-Clarke County),Clarke,GA,Georgia,33.9521852,-83.3671522,2020,127795,366,249,117,0,0,0,0,99,59,44,0,80,286,0,100.0,0,0.0,18.5,COPD,7.0,True
13059,Athens (corp name Athens-Clarke County),Clarke,GA,Georgia,33.9521852,-83.3671522,2020,127795,366,249,117,0,0,0,0,99,59,44,0,80,286,0,100.0,0,0.0,18.5,Current Asthma,10.2,True
13067,Kennesaw,Cobb,GA,Georgia,33.9399286,-84.5741213,2020,762944,285,243,42,0,0,0,0,91,54,36,0,195,90,0,77.8688524590164,0,0.0,13.0,COPD,4.7,True
13067,Kennesaw,Cobb,GA,Georgia,33.9399286,-84.5741213,2020,762944,285,243,42,0,0,0,0,91,54,36,0,195,90,0,77.8688524590164,0,0.0,13.0,Current Asthma,8.8,True
13073,Evans,Columbia,GA,Georgia,33.5520746,-82.2496077,2020,160377,241,239,2,0,0,0,0,51,44,31,0,241,0,0,65.84699453551912,0,0.0,14.1,COPD,5.2,True
13073,Evans,Columbia,GA,Georgia,33.5520746,-82.2496077,2020,160377,241,239,2,0,0,0,0,51,44,31,0,241,0,0,65.84699453551912,0,0.0,14.1,Current Asthma,9.0,True
13089,Atlanta,DeKalb,GA,Georgia,33.7706611,-84.2263432,2020,762009,366,215,150,1,0,0,0,106,61,46,14,64,288,0,100.0,1,0.273224043715847,13.8,COPD,5.2,True
13089,Atlanta,DeKalb,GA,Georgia,33.7706611,-84.2263432,2020,762009,366,215,150,1,0,0,0,106,61,46,14,64,288,0,100.0,1,0.273224043715847,13.8,Current Asthma,9.7,True
13095,Albany,Dougherty,GA,Georgia,31.5325876,-84.20904,2020,86477,366,194,170,2,0,0,0,114,65,49,0,0,366,0,100.0,2,0.546448087431694,22.0,COPD,8.0,True
13095,Albany,Dougherty,GA,Georgia,31.5325876,-84.20904,2020,86477,366,194,170,2,0,0,0,114,65,49,0,0,366,0,100.0,2,0.546448087431694,22.0,Current Asthma,11.8,True
13097,Douglasville,Douglas,GA,Georgia,33.7012421,-84.7673139,2020,147988,245,238,7,0,0,0,0,77,44,32,0,245,0,0,66.93989071038251,0,0.0,17.1,COPD,6.0,True
13097,Douglasville,Douglas,GA,Georgia,33.7012421,-84.7673139,2020,147988,245,238,7,0,0,0,0,77,44,32,0,245,0,0,66.93989071038251,0,0.0,17.1,Current Asthma,10.0,True
13115,Rome,Floyd,GA,Georgia,34.2636918,-85.2136851,2020,98604,327,208,119,0,0,0,0,82,58,42,0,0,327,0,89.34426229508196,0,0.0,20.7,COPD,7.7,True
13115,Rome,Floyd,GA,Georgia,34.2636918,-85.2136851,2020,98604,327,208,119,0,0,0,0,82,58,42,0,0,327,0,89.34426229508196,0,0.0,20.7,Current Asthma,10.1,True
13121,Atlanta,Fulton,GA,Georgia,33.7900338,-84.4681816,2020,1077402,366,166,198,2,0,0,0,125,66,52,3,37,326,0,100.0,2,0.546448087431694,13.0,COPD,4.7,True
13121,Atlanta,Fulton,GA,Georgia,33.7900338,-84.4681816,2020,1077402,366,166,198,2,0,0,0,125,66,52,3,37,326,0,100.0,2,0.546448087431694,13.0,Current Asthma,9.5,True
13127,Brunswick,Glynn,GA,Georgia,31.2127098,-81.4964503,2020,85568,285,256,29,0,0,0,0,97,51,33,0,198,87,0,77.8688524590164,0,0.0,18.5,COPD,6.6,True
13127,Brunswick,Glynn,GA,Georgia,31.2127098,-81.4964503,2020,85568,285,256,29,0,0,0,0,97,51,33,0,198,87,0,77.8688524590164,0,0.0,18.5,Current Asthma,10.1,True
13135,Lawrenceville,Gwinnett,GA,Georgia,33.9587564,-84.0257351,2020,942627,364,246,117,1,0,0,0,101,60,43,0,95,269,0,99.4535519125683,1,0.27472527472527475,13.7,COPD,5.1,True
13135,Lawrenceville,Gwinnett,GA,Georgia,33.9587564,-84.0257351,2020,942627,364,246,117,1,0,0,0,101,60,43,0,95,269,0,99.4535519125683,1,0.27472527472527475,13.7,Current Asthma,9.0,True
13139,Gainesville,Hall,GA,Georgia,34.3175689,-83.8184997,2020,206591,360,221,139,0,0,0,0,99,60,44,0,0,360,0,98.36065573770492,0,0.0,18.2,COPD,6.7,True
13139,Gainesville,Hall,GA,Georgia,34.3175689,-83.8184997,2020,206591,360,221,139,0,0,0,0,99,60,44,0,0,360,0,98.36065573770492,0,0.0,18.2,Current Asthma,9.3,True
13151,McDonough,Henry,GA,Georgia,33.4529466,-84.1540207,2020,239139,366,291,75,0,0,0,0,96,55,36,0,116,250,0,100.0,0,0.0,16.4,COPD,5.5,True
13151,McDonough,Henry,GA,Georgia,33.4529466,-84.1540207,2020,239139,366,291,75,0,0,0,0,96,55,36,0,116,250,0,100.0,0,0.0,16.4,Current Asthma,10.1,True
13153,Warner Robins,Houston,GA,Georgia,32.4582875,-83.6625217,2020,160110,363,202,160,1,0,0,0,114,62,47,0,0,363,0,99.18032786885246,1,0.27548209366391185,16.9,COPD,5.7,True
13153,Warner Robins,Houston,GA,Georgia,32.4582875,-83.6625217,2020,160110,363,202,160,1,0,0,0,114,62,47,0,0,363,0,99.18032786885246,1,0.27548209366391185,16.9,Current Asthma,9.8,True
13185,Valdosta,Lowndes,GA,Georgia,30.833145,-83.2689952,2020,118268,202,143,58,1,0,0,0,141,60,40,0,0,202,0,55.19125683060109,1,0.49504950495049505,19.0,COPD,7.4,True
13185,Valdosta,Lowndes,GA,Georgia,30.833145,-83.2689952,2020,118268,202,143,58,1,0,0,0,141,60,40,0,0,202,0,55.19125683060109,1,0.49504950495049505,19.0,Current Asthma,10.2,True
13213,Chatsworth,Murray,GA,Georgia,34.7970974,-84.7379899,2020,40032,272,257,15,0,0,0,0,61,46,34,0,227,45,0,74.31693989071039,0,0.0,23.1,COPD,8.5,True
13213,Chatsworth,Murray,GA,Georgia,34.7970974,-84.7379899,2020,40032,272,257,15,0,0,0,0,61,46,34,0,227,45,0,74.31693989071039,0,0.0,23.1,Current Asthma,10.2,True
13215,Columbus,Muscogee,GA,Georgia,32.510197,-84.874946,2020,196442,366,257,108,1,0,0,0,101,59,42,0,84,282,0,100.0,1,0.273224043715847,20.1,COPD,6.8,True
13215,Columbus,Muscogee,GA,Georgia,32.510197,-84.874946,2020,196442,366,257,108,1,0,0,0,101,59,42,0,84,282,0,100.0,1,0.273224043715847,20.1,Current Asthma,10.6,True
13245,Augusta,Richmond,GA,Georgia,33.3614863,-82.0749982,2020,202079,366,175,190,1,0,0,0,114,64,51,0,44,307,15,100.0,1,0.273224043715847,21.4,COPD,7.5,True
13245,Augusta,Richmond,GA,Georgia,33.3614863,-82.0749982,2020,202079,366,175,190,1,0,0,0,114,64,51,0,44,307,15,100.0,1,0.273224043715847,21.4,Current Asthma,11.2,True
13247,Conyers,Rockdale,GA,Georgia,33.6520811,-84.0263696,2020,90939,244,232,12,0,0,0,0,77,46,34,0,244,0,0,66.66666666666666,0,0.0,17.5,COPD,6.1,True
13247,Conyers,Rockdale,GA,Georgia,33.6520811,-84.0263696,2020,90939,244,232,12,0,0,0,0,77,46,34,0,244,0,0,66.66666666666666,0,0.0,17.5,Current Asthma,10.7,True
13261,Americus,Sumter,GA,Georgia,32.0422659,-84.2042935,2020,29282,240,237,3,0,0,0,0,64,44,32,0,240,0,0,65.57377049180327,0,0.0,21.2,COPD,7.6,True
13261,Americus,Sumter,GA,Georgia,32.0422659,-84.2042935,2020,29282,240,237,3,0,0,0,0,64,44,32,0,240,0,0,65.57377049180327,0,0.0,21.2,Current Asthma,11.0,True
13303,Sandersville,Washington,GA,Georgia,32.9718435,-82.7981123,2020,20150,354,230,122,2,0,0,0,112,59,43,0,0,354,0,96.72131147540983,2,0.5649717514124294,23.4,COPD,8.4,True
13303,Sandersville,Washington,GA,Georgia,32.9718435,-82.7981123,2020,20150,354,230,122,2,0,0,0,112,59,43,0,0,354,0,96.72131147540983,2,0.5649717514124294,23.4,Current Asthma,10.9,True
15001,Hawaii Volcanoes National Park,Hawaii,HI,Hawaii,19.5977643,-155.5024434,2020,203340,366,352,14,0,0,0,0,83,41,23,0,0,366,0,100.0,0,0.0,16.5,COPD,5.3,True
15001,Hawaii Volcanoes National Park,Hawaii,HI,Hawaii,19.5977643,-155.5024434,2020,203340,366,352,14,0,0,0,0,83,41,23,0,0,366,0,100.0,0,0.0,16.5,Current Asthma,10.1,True
15003,Honolulu,Honolulu,HI,Hawaii,21.4613654,-158.201974,2020,963826,366,363,3,0,0,0,0,63,38,28,1,229,133,3,100.0,0,0.0,12.0,COPD,3.6,True
15003,Honolulu,Honolulu,HI,Hawaii,21.4613654,-158.201974,2020,963826,366,363,3,0,0,0,0,63,38,28,1,229,133,3,100.0,0,0.0,12.0,Current Asthma,8.9,True
15009,Kihei,Maui,HI,Hawaii,20.8559308,-156.6015502,2020,167902,349,343,6,0,0,0,0,61,31,21,0,0,349,0,95.3551912568306,0,0.0,14.0,COPD,4.3,True
15009,Kihei,Maui,HI,Hawaii,20.8559308,-156.6015502,2020,167902,349,343,6,0,0,0,0,61,31,21,0,0,349,0,95.3551912568306,0,0.0,14.0,Current Asthma,9.4,True
16001,Boise (corporate name Boise City),Ada,ID,Idaho,43.4514767,-116.244376,2020,494399,366,242,106,11,7,0,0,198,76,44,8,170,187,1,100.0,18,4.918032786885246,13.3,COPD,4.8,True
16001,Boise (corporate name Boise City),Ada,ID,Idaho,43.4514767,-116.244376,2020,494399,366,242,106,11,7,0,0,198,76,44,8,170,187,1,100.0,18,4.918032786885246,13.3,Current Asthma,9.8,True
16005,Pocatello,Bannock,ID,Idaho,42.6929211,-112.2289819,2020,88795,362,284,72,2,4,0,0,165,61,38,0,135,165,62,98.90710382513662,6,1.6574585635359116,18.3,COPD,6.1,True
16005,Pocatello,Bannock,ID,Idaho,42.6929211,-112.2289819,2020,88795,362,284,72,2,4,0,0,165,61,38,0,135,165,62,98.90710382513662,6,1.6574585635359116,18.3,Current Asthma,9.7,True
16017,Sandpoint,Bonner,ID,Idaho,48.3167955,-116.612362,2020,46817,365,283,72,5,5,0,0,190,58,32,0,0,316,49,99.72677595628416,10,2.73972602739726,17.0,COPD,6.1,True
16017,Sandpoint,Bonner,ID,Idaho,48.3167955,-116.612362,2020,46817,365,283,72,5,5,0,0,190,58,32,0,0,316,49,99.72677595628416,10,2.73972602739726,17.0,Current Asthma,9.9,True
16019,Idaho Falls,Bonneville,ID,Idaho,43.3951708,-111.6218783,2020,122134,362,298,59,1,4,0,0,155,56,28,0,0,362,0,98.90710382513662,5,1.3812154696132597,15.4,COPD,5.3,True
16019,Idaho Falls,Bonneville,ID,Idaho,43.3951708,-111.6218783,2020,122134,362,298,59,1,4,0,0,155,56,28,0,0,362,0,98.90710382513662,5,1.3812154696132597,15.4,Current Asthma,9.5,True
16027,Nampa,Canyon,ID,Idaho,43.6257956,-116.709058,2020,237053,366,210,140,10,6,0,0,158,76,42,0,0,352,14,100.0,16,4.371584699453552,17.1,COPD,6.2,True
16027,Nampa,Canyon,ID,Idaho,43.6257956,-116.709058,2020,237053,366,210,140,10,6,0,0,158,76,42,0,0,352,14,100.0,16,4.371584699453552,17.1,Current Asthma,10.4,True
16041,Franklin,Franklin,ID,Idaho,42.1736093,-111.8229653,2020,14215,365,297,65,2,1,0,0,162,58,26,0,0,365,0,99.72677595628416,3,0.821917808219178,16.6,COPD,6.0,True
16041,Franklin,Franklin,ID,Idaho,42.1736093,-111.8229653,2020,14215,365,297,65,2,1,0,0,162,58,26,0,0,365,0,99.72677595628416,3,0.821917808219178,16.6,Current Asthma,9.6,True
16049,Grangeville,Idaho,ID,Idaho,45.849644,-115.4673371,2020,16823,366,244,113,3,5,1,0,209,64,40,0,127,239,0,100.0,9,2.459016393442623,17.9,COPD,6.8,True
16049,Grangeville,Idaho,ID,Idaho,45.849644,-115.4673371,2020,16823,366,244,113,3,5,1,0,209,64,40,0,127,239,0,100.0,9,2.459016393442623,17.9,Current Asthma,10.0,True
16055,Coeur d'Alene,Kootenai,ID,Idaho,47.6759569,-116.6959192,2020,170628,354,288,58,1,2,4,1,518,55,26,0,0,354,0,96.72131147540983,8,2.2598870056497176,15.7,COPD,5.8,True
16055,Coeur d'Alene,Kootenai,ID,Idaho,47.6759569,-116.6959192,2020,170628,354,288,58,1,2,4,1,518,55,26,0,0,354,0,96.72131147540983,8,2.2598870056497176,15.7,Current Asthma,9.7,True
16057,Moscow,Latah,ID,Idaho,46.8189202,-116.7309737,2020,40830,361,319,35,0,1,4,2,415,52,21,0,0,361,0,98.63387978142076,7,1.9390581717451523,14.9,COPD,5.5,False
16057,Moscow,Latah,ID,Idaho,46.8189202,-116.7309737,2020,40830,361,319,35,0,1,4,2,415,52,21,0,0,361,0,98.63387978142076,7,1.9390581717451523,14.9,Current Asthma,9.9,False
16059,Salmon,Lemhi,ID,Idaho,44.9285059,-113.8870422,2020,8054,365,194,160,8,3,0,0,168,80,46,0,0,365,0,99.72677595628416,11,3.0136986301369864,18.0,COPD,6.6,False
16059,Salmon,Lemhi,ID,Idaho,44.9285059,-113.8870422,2020,8054,365,194,160,8,3,0,0,168,80,46,0,0,365,0,99.72677595628416,11,3.0136986301369864,18.0,Current Asthma,10.1,False
16069,Lewiston,Nez Perce,ID,Idaho,46.3337914,-116.7609091,2020,40755,366,279,76,4,0,6,1,475,63,28,0,0,366,0,100.0,11,3.0054644808743167,16.2,COPD,6.1,True
16069,Lewiston,Nez Perce,ID,Idaho,46.3337914,-116.7609091,2020,40755,366,279,76,4,0,6,1,475,63,28,0,0,366,0,100.0,11,3.0054644808743167,16.2,Current Asthma,10.1,True
16079,Kellogg (Kellogg-Wardner),Shoshone,ID,Idaho,47.3476935,-115.8850916,2020,12911,366,221,138,0,3,3,1,440,68,41,0,0,364,2,100.0,7,1.912568306010929,21.4,COPD,7.8,True
16079,Kellogg (Kellogg-Wardner),Shoshone,ID,Idaho,47.3476935,-115.8850916,2020,12911,366,221,138,0,3,3,1,440,68,41,0,0,364,2,100.0,7,1.912568306010929,21.4,Current Asthma,10.5,True
16083,Twin Falls,Twin Falls,ID,Idaho,42.352309,-114.6656386,2020,88411,364,313,44,3,4,0,0,163,56,24,0,0,364,0,99.4535519125683,7,1.9230769230769231,17.1,COPD,6.4,True
16083,Twin Falls,Twin Falls,ID,Idaho,42.352309,-114.6656386,2020,88411,364,313,44,3,4,0,0,163,56,24,0,0,364,0,99.4535519125683,7,1.9230769230769231,17.1,Current Asthma,10.0,True
16085,McCall,Valley,ID,Idaho,44.8559596,-115.6180612,2020,11792,329,205,117,5,1,1,0,211,68,40,0,0,329,0,89.89071038251366,7,2.127659574468085,15.5,COPD,5.4,True
16085,McCall,Valley,ID,Idaho,44.8559596,-115.6180612,2020,11792,329,205,117,5,1,1,0,211,68,40,0,0,329,0,89.89071038251366,7,2.127659574468085,15.5,Current Asthma,9.6,True
17001,Quincy,Adams,IL,Illinois,39.9860525,-91.1949607,2020,64783,244,220,24,0,0,0,0,84,50,38,0,244,0,0,66.66666666666666,0,0.0,18.9,COPD,6.5,True
17001,Quincy,Adams,IL,Illinois,39.9860525,-91.1949607,2020,64783,244,220,24,0,0,0,0,84,50,38,0,244,0,0,66.66666666666666,0,0.0,18.9,Current Asthma,10.0,True
17019,Champaign,Champaign,IL,Illinois,40.1389845,-88.1969749,2020,209192,366,250,114,2,0,0,0,126,61,44,0,156,210,0,100.0,2,0.546448087431694,15.9,COPD,5.7,True
17019,Champaign,Champaign,IL,Illinois,40.1389845,-88.1969749,2020,209192,366,250,114,2,0,0,0,126,61,44,0,156,210,0,100.0,2,0.546448087431694,15.9,Current Asthma,9.5,True
17031,Chicago,Cook,IL,Illinois,41.8942937,-87.6454546,2020,5108284,366,86,260,16,4,0,0,164,84,58,5,73,263,25,100.0,20,5.46448087431694,13.4,COPD,5.1,False
17031,Chicago,Cook,IL,Illinois,41.8942937,-87.6454546,2020,5108284,366,86,260,16,4,0,0,164,84,58,5,73,263,25,100.0,20,5.46448087431694,13.4,Current Asthma,9.4,False
17043,Bensenville,DuPage,IL,Illinois,41.8520577,-88.0860389,2020,917481,366,213,149,3,1,0,0,154,64,47,0,114,252,0,100.0,4,1.092896174863388,12.2,COPD,4.2,True
17043,Bensenville,DuPage,IL,Illinois,41.8520577,-88.0860389,2020,917481,366,213,149,3,1,0,0,154,64,47,0,114,252,0,100.0,4,1.092896174863388,12.2,Current Asthma,8.5,True
17083,Jerseyville,Jersey,IL,Illinois,39.0801945,-90.361385,2020,21616,358,258,99,1,0,0,0,112,58,44,0,144,214,0,97.81420765027322,1,0.27932960893854747,17.9,COPD,6.0,True
17083,Jerseyville,Jersey,IL,Illinois,39.0801945,-90.361385,2020,21616,358,258,99,1,0,0,0,112,58,44,0,144,214,0,97.81420765027322,1,0.27932960893854747,17.9,Current Asthma,9.7,True
17085,Galena,Jo Daviess,IL,Illinois,42.3623905,-90.2114705,2020,21239,353,337,16,0,0,0,0,87,44,32,0,353,0,0,96.44808743169399,0,0.0,17.7,COPD,6.2,True
17085,Galena,Jo Daviess,IL,Illinois,42.3623905,-90.2114705,2020,21239,353,337,16,0,0,0,0,87,44,32,0,353,0,0,96.44808743169399,0,0.0,17.7,Current Asthma,9.7,True
17089,Elgin,Kane,IL,Illinois,41.9395938,-88.4280395,2020,531010,279,204,68,6,1,0,0,161,66,42,0,193,86,0,76.22950819672131,7,2.5089605734767026,14.2,COPD,5.2,True
17089,Elgin,Kane,IL,Illinois,41.9395938,-88.4280395,2020,531010,279,204,68,6,1,0,0,161,66,42,0,193,86,0,76.22950819672131,7,2.5089605734767026,14.2,Current Asthma,9.1,True
17097,Waukegan,Lake,IL,Illinois,42.1859677,-87.8059389,2020,693593,241,199,31,10,1,0,0,185,74,39,0,241,0,0,65.84699453551912,11,4.564315352697095,13.7,COPD,4.7,True
17097,Waukegan,Lake,IL,Illinois,42.1859677,-87.8059389,2020,693593,241,199,31,10,1,0,0,185,74,39,0,241,0,0,65.84699453551912,11,4.564315352697095,13.7,Current Asthma,9.0,True
17115,Decatur,Macon,IL,Illinois,39.8602372,-88.9615288,2020,103015,362,214,148,0,0,0,0,90,60,46,0,100,262,0,98.90710382513662,0,0.0,20.0,COPD,6.8,True
17115,Decatur,Macon,IL,Illinois,39.8602372,-88.9615288,2020,103015,362,214,148,0,0,0,0,90,60,46,0,100,262,0,98.90710382513662,0,0.0,20.0,Current Asthma,10.6,True
17117,Nilwood,Macoupin,IL,Illinois,39.2659138,-89.9263301,2020,44567,364,346,18,0,0,0,0,93,45,31,129,235,0,0,99.4535519125683,0,0.0,20.5,COPD,7.1,True
17117,Nilwood,Macoupin,IL,Illinois,39.2659138,-89.9263301,2020,44567,364,346,18,0,0,0,0,93,45,31,129,235,0,0,99.4535519125683,0,0.0,20.5,Current Asthma,10.0,True
17119,Granite City,Madison,IL,Illinois,38.8271195,-89.9002267,2020,262635,365,129,233,3,0,0,0,112,71,54,0,91,273,1,99.72677595628416,3,0.821917808219178,18.2,COPD,6.2,True
17119,Granite City,Madison,IL,Illinois,38.8271195,-89.9002267,2020,262635,365,129,233,3,0,0,0,112,71,54,0,91,273,1,99.72677595628416,3,0.821917808219178,18.2,Current Asthma,10.1,True
17111,Cary,McHenry,IL,Illinois,42.3242982,-88.452245,2020,305888,334,192,133,9,0,0,0,147,62,47,0,107,227,0,91.2568306010929,9,2.694610778443114,14.5,COPD,5.1,True
17111,Cary,McHenry,IL,Illinois,42.3242982,-88.452245,2020,305888,334,192,133,9,0,0,0,147,62,47,0,107,227,0,91.2568306010929,9,2.694610778443114,14.5,Current Asthma,9.1,True
17113,Normal,McLean,IL,Illinois,40.4945594,-88.8445391,2020,171256,364,207,154,3,0,0,0,136,61,48,0,111,253,0,99.4535519125683,3,0.8241758241758242,15.7,COPD,5.6,True
17113,Normal,McLean,IL,Illinois,40.4945594,-88.8445391,2020,171256,364,207,154,3,0,0,0,136,61,48,0,111,253,0,99.4535519125683,3,0.8241758241758242,15.7,Current Asthma,9.5,True
17143,Peoria,Peoria,IL,Illinois,40.7859722,-89.7669933,2020,177652,364,247,116,1,0,0,0,115,61,44,0,169,195,0,99.4535519125683,1,0.27472527472527475,17.7,COPD,6.3,True
17143,Peoria,Peoria,IL,Illinois,40.7859722,-89.7669933,2020,177652,364,247,116,1,0,0,0,115,61,44,0,169,195,0,99.4535519125683,1,0.27472527472527475,17.7,Current Asthma,10.2,True
17161,Moline,Rock Island,IL,Illinois,41.4684205,-90.5721252,2020,140907,355,234,120,1,0,0,0,102,61,43,0,109,246,0,96.99453551912568,1,0.28169014084507044,18.2,COPD,6.4,True
17161,Moline,Rock Island,IL,Illinois,41.4684205,-90.5721252,2020,140907,355,234,120,1,0,0,0,102,61,43,0,109,246,0,96.99453551912568,1,0.28169014084507044,18.2,Current Asthma,10.0,True
17167,Springfield,Sangamon,IL,Illinois,39.7568863,-89.662435,2020,193882,364,254,110,0,0,0,0,97,58,44,0,153,211,0,99.4535519125683,0,0.0,17.2,COPD,6.0,True
17167,Springfield,Sangamon,IL,Illinois,39.7568863,-89.662435,2020,193882,364,254,110,0,0,0,0,97,58,44,0,153,211,0,99.4535519125683,0,0.0,17.2,Current Asthma,9.9,True
17197,Joliet,Will,IL,Illinois,41.4484742,-87.9784564,2020,688726,363,183,176,3,1,0,0,156,64,50,0,79,284,0,99.18032786885246,4,1.1019283746556474,14.2,COPD,4.9,True
17197,Joliet,Will,IL,Illinois,41.4484742,-87.9784564,2020,688726,363,183,176,3,1,0,0,156,64,50,0,79,284,0,99.18032786885246,4,1.1019283746556474,14.2,Current Asthma,9.2,True
17201,Rockford,Winnebago,IL,Illinois,42.3373957,-89.1612053,2020,281295,366,205,160,1,0,0,0,101,64,47,0,84,282,0,100.0,1,0.273224043715847,19.6,COPD,6.9,True
17201,Rockford,Winnebago,IL,Illinois,42.3373957,-89.1612053,2020,281295,366,205,160,1,0,0,0,101,64,47,0,84,282,0,100.0,1,0.273224043715847,19.6,Current Asthma,10.1,True
18003,Fort Wayne,Allen,IN,Indiana,41.0919086,-85.0717907,2020,382187,366,232,132,2,0,0,0,120,61,45,0,150,216,0,100.0,2,0.546448087431694,20.5,COPD,7.2,True
18003,Fort Wayne,Allen,IN,Indiana,41.0919086,-85.0717907,2020,382187,366,232,132,2,0,0,0,120,61,45,0,150,216,0,100.0,2,0.546448087431694,20.5,Current Asthma,10.5,True
18005,Columbus,Bartholomew,IN,Indiana,39.205843,-85.8979988,2020,84447,366,275,91,0,0,0,0,97,57,41,0,191,175,0,100.0,0,0.0,18.8,COPD,6.8,True
18005,Columbus,Bartholomew,IN,Indiana,39.205843,-85.8979988,2020,84447,366,275,91,0,0,0,0,97,57,41,0,191,175,0,100.0,0,0.0,18.8,Current Asthma,9.4,True
18019,Jeffersonville,Clark,IN,Indiana,38.4762174,-85.7111221,2020,119266,366,186,180,0,0,0,0,92,62,50,0,77,289,0,100.0,0,0.0,20.6,COPD,7.4,True
18019,Jeffersonville,Clark,IN,Indiana,38.4762174,-85.7111221,2020,119266,366,186,180,0,0,0,0,92,62,50,0,77,289,0,100.0,0,0.0,20.6,Current Asthma,10.4,True
18035,Muncie,Delaware,IN,Indiana,40.2275433,-85.3992617,2020,113454,365,303,62,0,0,0,0,97,55,35,0,291,74,0,99.72677595628416,0,0.0,22.5,COPD,8.4,True
18035,Muncie,Delaware,IN,Indiana,40.2275433,-85.3992617,2020,113454,365,303,62,0,0,0,0,97,55,35,0,291,74,0,99.72677595628416,0,0.0,22.5,Current Asthma,10.8,True
18039,Elkhart,Elkhart,IN,Indiana,41.6006928,-85.8639864,2020,206161,366,254,110,0,2,0,0,161,58,42,0,139,227,0,100.0,2,0.546448087431694,21.0,COPD,7.7,True
18039,Elkhart,Elkhart,IN,Indiana,41.6006928,-85.8639864,2020,206161,366,254,110,0,2,0,0,161,58,42,0,139,227,0,100.0,2,0.546448087431694,21.0,Current Asthma,10.0,True
18043,New Albany,Floyd,IN,Indiana,38.3180811,-85.9118469,2020,78936,363,347,15,1,0,0,0,143,44,32,0,363,0,0,99.18032786885246,1,0.27548209366391185,18.5,COPD,6.8,True
18043,New Albany,Floyd,IN,Indiana,38.3180811,-85.9118469,2020,78936,363,347,15,1,0,0,0,143,44,32,0,363,0,0,99.18032786885246,1,0.27548209366391185,18.5,Current Asthma,10.0,True
18057,Noblesville,Hamilton,IN,Indiana,40.0535128,-86.021709,2020,344238,366,247,119,0,0,0,0,97,59,44,0,155,211,0,100.0,0,0.0,11.3,COPD,4.5,True
18057,Noblesville,Hamilton,IN,Indiana,40.0535128,-86.021709,2020,344238,366,247,119,0,0,0,0,97,59,44,0,155,211,0,100.0,0,0.0,11.3,Current Asthma,8.8,True
18063,Avon,Hendricks,IN,Indiana,39.7689632,-86.5099075,2020,173251,366,348,18,0,0,0,0,87,45,32,0,366,0,0,100.0,0,0.0,16.5,COPD,5.6,True
18063,Avon,Hendricks,IN,Indiana,39.7689632,-86.5099075,2020,173251,366,348,18,0,0,0,0,87,45,32,0,366,0,0,100.0,0,0.0,16.5,Current Asthma,9.2,True
18067,Kokomo,Howard,IN,Indiana,40.4835368,-86.1141178,2020,82732,366,266,99,1,0,0,0,108,58,42,0,207,159,0,100.0,1,0.273224043715847,21.8,COPD,7.4,True
18067,Kokomo,Howard,IN,Indiana,40.4835368,-86.1141178,2020,82732,366,266,99,1,0,0,0,108,58,42,0,207,159,0,100.0,1,0.273224043715847,21.8,Current Asthma,10.3,True
18083,Vincennes,Knox,IN,Indiana,38.688391,-87.4203544,2020,36522,351,328,22,1,0,0,0,105,48,33,0,351,0,0,95.90163934426229,1,0.2849002849002849,22.8,COPD,8.4,True
18083,Vincennes,Knox,IN,Indiana,38.688391,-87.4203544,2020,36522,351,328,22,1,0,0,0,105,48,33,0,351,0,0,95.90163934426229,1,0.2849002849002849,22.8,Current Asthma,10.3,True
18091,Michigan City,LaPorte,IN,Indiana,41.5490129,-86.7447386,2020,109663,366,291,68,6,1,0,0,154,63,38,0,309,57,0,100.0,7,1.912568306010929,23.2,COPD,7.8,True
18091,Michigan City,LaPorte,IN,Indiana,41.5490129,-86.7447386,2020,109663,366,291,68,6,1,0,0,154,63,38,0,309,57,0,100.0,7,1.912568306010929,23.2,Current Asthma,10.3,True
18089,Gary,Lake,IN,Indiana,41.472247,-87.3743368,2020,487536,366,161,199,6,0,0,0,136,68,52,1,86,275,4,100.0,6,1.639344262295082,20.3,COPD,7.2,True
18089,Gary,Lake,IN,Indiana,41.472247,-87.3743368,2020,487536,366,161,199,6,0,0,0,136,68,52,1,86,275,4,100.0,6,1.639344262295082,20.3,Current Asthma,10.5,True
18095,Anderson,Madison,IN,Indiana,40.166203,-85.7224543,2020,129681,366,233,133,0,0,0,0,97,59,44,0,127,239,0,100.0,0,0.0,23.7,COPD,8.5,True
18095,Anderson,Madison,IN,Indiana,40.166203,-85.7224543,2020,129681,366,233,133,0,0,0,0,97,59,44,0,127,239,0,100.0,0,0.0,23.7,Current Asthma,10.9,True
18097,Indianapolis,Marion,IN,Indiana,39.7829759,-86.1357939,2020,966183,366,110,250,6,0,0,0,144,72,55,0,56,309,1,100.0,6,1.639344262295082,21.4,COPD,7.5,True
18097,Indianapolis,Marion,IN,Indiana,39.7829759,-86.1357939,2020,966183,366,110,250,6,0,0,0,144,72,55,0,56,309,1,100.0,6,1.639344262295082,21.4,Current Asthma,10.9,True
18105,Bloomington,Monroe,IN,Indiana,39.1607286,-86.52331,2020,148219,357,240,117,0,0,0,0,72,57,41,0,0,357,0,97.54098360655738,0,0.0,18.7,COPD,7.2,True
18105,Bloomington,Monroe,IN,Indiana,39.1607286,-86.52331,2020,148219,357,240,117,0,0,0,0,72,57,41,0,0,357,0,97.54098360655738,0,0.0,18.7,Current Asthma,9.8,True
18123,Tell City,Perry,IN,Indiana,38.0814361,-86.6265397,2020,19154,366,352,13,1,0,0,0,105,45,34,0,366,0,0,100.0,1,0.273224043715847,22.5,COPD,7.7,True
18123,Tell City,Perry,IN,Indiana,38.0814361,-86.6265397,2020,19154,366,352,13,1,0,0,0,105,45,34,0,366,0,0,100.0,1,0.273224043715847,22.5,Current Asthma,9.8,True
18127,Portage,Porter,IN,Indiana,41.5099144,-87.0713128,2020,170980,366,247,113,5,1,0,0,151,61,43,0,193,165,8,100.0,6,1.639344262295082,17.6,COPD,6.5,True
18127,Portage,Porter,IN,Indiana,41.5099144,-87.0713128,2020,170980,366,247,113,5,1,0,0,151,61,43,0,193,165,8,100.0,6,1.639344262295082,17.6,Current Asthma,9.8,True
18129,Mount Vernon,Posey,IN,Indiana,38.0276138,-87.8686526,2020,25275,355,336,18,1,0,0,0,112,45,31,0,355,0,0,96.99453551912568,1,0.28169014084507044,20.1,COPD,6.9,True
18129,Mount Vernon,Posey,IN,Indiana,38.0276138,-87.8686526,2020,25275,355,336,18,1,0,0,0,112,45,31,0,355,0,0,96.99453551912568,1,0.28169014084507044,20.1,Current Asthma,9.7,True
18141,South Bend,St. Joseph,IN,Indiana,41.6177233,-86.2880476,2020,271484,366,207,154,4,1,0,0,166,65,47,0,137,229,0,100.0,5,1.366120218579235,19.3,COPD,7.0,True
18141,South Bend,St. Joseph,IN,Indiana,41.6177233,-86.2880476,2020,271484,366,207,154,4,1,0,0,166,65,47,0,137,229,0,100.0,5,1.366120218579235,19.3,Current Asthma,9.8,True
18157,Lafayette,Tippecanoe,IN,Indiana,40.3891334,-86.8935538,2020,196115,348,167,181,0,0,0,0,73,61,51,0,0,348,0,95.08196721311475,0,0.0,18.3,COPD,7.1,True
18157,Lafayette,Tippecanoe,IN,Indiana,40.3891334,-86.8935538,2020,196115,348,167,181,0,0,0,0,73,61,51,0,0,348,0,95.08196721311475,0,0.0,18.3,Current Asthma,9.8,True
18163,Evansville,Vanderburgh,IN,Indiana,38.0200703,-87.5861659,2020,182447,366,248,116,2,0,0,0,101,61,43,0,174,192,0,100.0,2,0.546448087431694,21.2,COPD,7.7,True
18163,Evansville,Vanderburgh,IN,Indiana,38.0200703,-87.5861659,2020,182447,366,248,116,2,0,0,0,101,61,43,0,174,192,0,100.0,2,0.546448087431694,21.2,Current Asthma,10.1,True
18167,Terre Haute,Vigo,IN,Indiana,39.4291426,-87.3903754,2020,106608,366,223,142,1,0,0,0,112,61,46,0,135,231,0,100.0,1,0.273224043715847,23.6,COPD,8.4,True
18167,Terre Haute,Vigo,IN,Indiana,39.4291426,-87.3903754,2020,106608,366,223,142,1,0,0,0,112,61,46,0,135,231,0,100.0,1,0.273224043715847,23.6,Current Asthma,10.5,True
18173,Boonville,Warrick,IN,Indiana,38.0977282,-87.2720486,2020,63269,366,347,17,2,0,0,0,112,47,33,0,366,0,0,100.0,2,0.546448087431694,17.5,COPD,6.0,True
18173,Boonville,Warrick,IN,Indiana,38.0977282,-87.2720486,2020,63269,366,347,17,2,0,0,0,112,47,33,0,366,0,0,100.0,2,0.546448087431694,17.5,Current Asthma,9.4,True
19013,Waterloo,Black Hawk,IA,Iowa,42.4711317,-92.3076003,2020,130786,366,239,127,0,0,0,0,92,59,42,0,0,366,0,100.0,0,0.0,17.9,COPD,6.1,True
19013,Waterloo,Black Hawk,IA,Iowa,42.4711317,-92.3076003,2020,130786,366,239,127,0,0,0,0,92,59,42,0,0,366,0,100.0,0,0.0,17.9,Current Asthma,9.6,True
19017,Waverly,Bremer,IA,Iowa,42.7808946,-92.3273559,2020,25311,244,232,12,0,0,0,0,87,45,35,0,244,0,0,66.66666666666666,0,0.0,15.2,COPD,5.1,True
19017,Waverly,Bremer,IA,Iowa,42.7808946,-92.3273559,2020,25311,244,232,12,0,0,0,0,87,45,35,0,244,0,0,66.66666666666666,0,0.0,15.2,Current Asthma,9.1,True
19045,Clinton,Clinton,IA,Iowa,41.8980732,-90.5342431,2020,46392,324,199,125,0,0,0,0,87,62,45,0,125,199,0,88.52459016393442,0,0.0,19.9,COPD,6.8,True
19045,Clinton,Clinton,IA,Iowa,41.8980732,-90.5342431,2020,46392,324,199,125,0,0,0,0,87,62,45,0,125,199,0,88.52459016393442,0,0.0,19.9,Current Asthma,10.2,True
19085,Dunlap,Harrison,IA,Iowa,41.6885844,-95.8271491,2020,13928,242,223,19,0,0,0,0,87,49,37,0,242,0,0,66.12021857923497,0,0.0,18.5,COPD,6.0,True
19085,Dunlap,Harrison,IA,Iowa,41.6885844,-95.8271491,2020,13928,242,223,19,0,0,0,0,87,49,37,0,242,0,0,66.12021857923497,0,0.0,18.5,Current Asthma,9.4,True
19103,Iowa City,Johnson,IA,Iowa,41.670668,-91.5905285,2020,153740,362,207,154,1,0,0,0,105,63,47,0,0,362,0,98.90710382513662,1,0.2762430939226519,13.5,COPD,5.0,True
19103,Iowa City,Johnson,IA,Iowa,41.670668,-91.5905285,2020,153740,362,207,154,1,0,0,0,105,63,47,0,0,362,0,98.90710382513662,1,0.2762430939226519,13.5,Current Asthma,9.2,True
19113,Cedar Rapids,Linn,IA,Iowa,42.0779506,-91.5976735,2020,227854,366,207,158,1,0,0,0,105,63,47,0,78,288,0,100.0,1,0.273224043715847,14.9,COPD,5.4,True
19113,Cedar Rapids,Linn,IA,Iowa,42.0779506,-91.5976735,2020,227854,366,207,158,1,0,0,0,105,63,47,0,78,288,0,100.0,1,0.273224043715847,14.9,Current Asthma,9.8,True
19137,Red Oak,Montgomery,IA,Iowa,41.0217348,-95.1577896,2020,9935,366,277,89,0,0,0,0,79,57,41,0,121,245,0,100.0,0,0.0,19.9,COPD,6.6,True
19137,Red Oak,Montgomery,IA,Iowa,41.0217348,-95.1577896,2020,9935,366,277,89,0,0,0,0,79,57,41,0,121,245,0,100.0,0,0.0,19.9,Current Asthma,9.8,True
19139,Muscatine,Muscatine,IA,Iowa,41.483776,-91.1186992,2020,42394,366,245,120,1,0,0,0,124,59,40,0,0,366,0,100.0,1,0.273224043715847,17.4,COPD,6.0,True
19139,Muscatine,Muscatine,IA,Iowa,41.483776,-91.1186992,2020,42394,366,245,120,1,0,0,0,124,59,40,0,0,366,0,100.0,1,0.273224043715847,17.4,Current Asthma,9.3,True
19147,Emmetsburg,Palo Alto,IA,Iowa,43.0753374,-94.6690546,2020,8845,366,273,93,0,0,0,0,87,57,40,0,151,215,0,100.0,0,0.0,16.6,COPD,5.4,True
19147,Emmetsburg,Palo Alto,IA,Iowa,43.0753374,-94.6690546,2020,8845,366,273,93,0,0,0,0,87,57,40,0,151,215,0,100.0,0,0.0,16.6,Current Asthma,9.3,True
19153,Des Moines,Polk,IA,Iowa,41.6848158,-93.568971,2020,494281,366,261,103,0,2,0,0,199,59,42,4,125,237,0,100.0,2,0.546448087431694,16.2,COPD,5.3,True
19153,Des Moines,Polk,IA,Iowa,41.6848158,-93.568971,2020,494281,366,261,103,0,2,0,0,199,59,42,4,125,237,0,100.0,2,0.546448087431694,16.2,Current Asthma,9.0,True
19163,Davenport,Scott,IA,Iowa,41.6420791,-90.6222889,2020,173216,366,173,190,2,1,0,0,156,66,52,0,73,215,78,100.0,3,0.819672131147541,15.1,COPD,5.4,True
19163,Davenport,Scott,IA,Iowa,41.6420791,-90.6222889,2020,173216,366,173,190,2,1,0,0,156,66,52,0,73,215,78,100.0,3,0.819672131147541,15.1,Current Asthma,9.8,True
19177,Bonaparte,Van Buren,IA,Iowa,40.7541168,-91.952943,2020,7069,366,281,85,0,0,0,0,87,55,39,0,148,218,0,100.0,0,0.0,20.6,COPD,7.1,True
19177,Bonaparte,Van Buren,IA,Iowa,40.7541168,-91.952943,2020,7069,366,281,85,0,0,0,0,87,55,39,0,148,218,0,100.0,0,0.0,20.6,Current Asthma,9.9,True
20091,Overland Park,Johnson,KS,Kansas,38.8839065,-94.8223295,2020,607220,365,250,114,1,0,0,0,117,61,41,0,142,221,2,99.72677595628416,1,0.273972602739726,11.2,COPD,3.8,True
20091,Overland Park,Johnson,KS,Kansas,38.8839065,-94.8223295,2020,607220,365,250,114,1,0,0,0,117,61,41,0,142,221,2,99.72677595628416,1,0.273972602739726,11.2,Current Asthma,8.6,True
20103,Leavenworth,Leavenworth,KS,Kansas,39.1895108,-95.038977,2020,82246,366,356,10,0,0,0,0,77,44,32,0,366,0,0,100.0,0,0.0,18.1,COPD,5.3,True
20103,Leavenworth,Leavenworth,KS,Kansas,39.1895108,-95.038977,2020,82246,366,356,10,0,0,0,0,77,44,32,0,366,0,0,100.0,0,0.0,18.1,Current Asthma,9.5,True
20133,Chanute,Neosho,KS,Kansas,37.5642832,-95.3156822,2020,15929,366,235,129,2,0,0,0,106,59,44,0,108,250,8,100.0,2,0.546448087431694,20.1,COPD,6.8,True
20133,Chanute,Neosho,KS,Kansas,37.5642832,-95.3156822,2020,15929,366,235,129,2,0,0,0,106,59,44,0,108,250,8,100.0,2,0.546448087431694,20.1,Current Asthma,9.8,True
20173,Wichita,Sedgwick,KS,Kansas,37.681045,-97.4610535,2020,519907,366,296,67,3,0,0,0,114,56,40,3,251,104,8,100.0,3,0.819672131147541,19.0,COPD,5.8,True
20173,Wichita,Sedgwick,KS,Kansas,37.681045,-97.4610535,2020,519907,366,296,67,3,0,0,0,114,56,40,3,251,104,8,100.0,3,0.819672131147541,19.0,Current Asthma,9.8,True
20177,Topeka,Shawnee,KS,Kansas,39.0418053,-95.755664,2020,175999,366,227,135,2,2,0,0,169,61,44,0,128,235,3,100.0,4,1.092896174863388,17.3,COPD,5.6,True
20177,Topeka,Shawnee,KS,Kansas,39.0418053,-95.755664,2020,175999,366,227,135,2,2,0,0,169,61,44,0,128,235,3,100.0,4,1.092896174863388,17.3,Current Asthma,10.2,True
20191,Wellington,Sumner,KS,Kansas,37.2366617,-97.4933519,2020,22578,366,231,132,3,0,0,0,117,63,45,0,123,229,14,100.0,3,0.819672131147541,19.7,COPD,6.4,True
20191,Wellington,Sumner,KS,Kansas,37.2366617,-97.4933519,2020,22578,366,231,132,3,0,0,0,117,63,45,0,123,229,14,100.0,3,0.819672131147541,19.7,Current Asthma,9.7,True
20209,Kansas City,Wyandotte,KS,Kansas,39.1153842,-94.7630866,2020,165265,366,146,215,5,0,0,0,116,67,53,0,58,305,3,100.0,5,1.366120218579235,23.2,COPD,7.1,True
20209,Kansas City,Wyandotte,KS,Kansas,39.1153842,-94.7630866,2020,165265,366,146,215,5,0,0,0,116,67,53,0,58,305,3,100.0,5,1.366120218579235,23.2,Current Asthma,10.1,True
21015,Florence,Boone,KY,Kentucky,38.9589002,-84.7363707,2020,135396,242,218,24,0,0,0,0,87,50,36,0,242,0,0,66.12021857923497,0,0.0,16.8,COPD,6.9,False
21015,Florence,Boone,KY,Kentucky,38.9589002,-84.7363707,2020,135396,242,218,24,0,0,0,0,87,50,36,0,242,0,0,66.12021857923497,0,0.0,16.8,Current Asthma,10.2,False
21019,Ashland,Boyd,KY,Kentucky,38.3600029,-82.6814057,2020,46516,366,285,81,0,0,0,0,89,57,41,2,115,248,1,100.0,0,0.0,23.8,COPD,9.6,False
21019,Ashland,Boyd,KY,Kentucky,38.3600029,-82.6814057,2020,46516,366,285,81,0,0,0,0,89,57,41,2,115,248,1,100.0,0,0.0,23.8,Current Asthma,11.3,False
21029,Shepherdsville,Bullitt,KY,Kentucky,37.9699453,-85.7026354,2020,82182,240,224,15,1,0,0,0,115,48,37,0,240,0,0,65.57377049180327,1,0.4166666666666667,21.8,COPD,8.6,False
21029,Shepherdsville,Bullitt,KY,Kentucky,37.9699453,-85.7026354,2020,82182,240,224,15,1,0,0,0,115,48,37,0,240,0,0,65.57377049180327,1,0.4166666666666667,21.8,Current Asthma,11.0,False
21037,Fort Thomas,Campbell,KY,Kentucky,38.9469811,-84.3795832,2020,94020,366,246,120,0,0,0,0,93,59,43,0,117,249,0,100.0,0,0.0,18.1,COPD,7.3,False
21037,Fort Thomas,Campbell,KY,Kentucky,38.9469811,-84.3795832,2020,94020,366,246,120,0,0,0,0,93,59,43,0,117,249,0,100.0,0,0.0,18.1,Current Asthma,10.6,False
21043,Olive Hill,Carter,KY,Kentucky,38.3140935,-83.0389885,2020,26542,285,273,12,0,0,0,0,64,45,33,0,209,75,1,77.8688524590164,0,0.0,27.1,COPD,11.7,False
21043,Olive Hill,Carter,KY,Kentucky,38.3140935,-83.0389885,2020,26542,285,273,12,0,0,0,0,64,45,33,0,209,75,1,77.8688524590164,0,0.0,27.1,Current Asthma,12.0,False
21047,Hopkinsville,Christian,KY,Kentucky,36.8920592,-87.4929864,2020,71478,320,249,71,0,0,0,0,85,56,41,0,179,141,0,87.43169398907104,0,0.0,24.4,COPD,9.9,False
21047,Hopkinsville,Christian,KY,Kentucky,36.8920592,-87.4929864,2020,71478,320,249,71,0,0,0,0,85,56,41,0,179,141,0,87.43169398907104,0,0.0,24.4,Current Asthma,11.5,False
21059,Owensboro,Daviess,KY,Kentucky,37.731671,-87.087139,2020,101978,366,254,111,1,0,0,0,105,59,43,1,126,239,0,100.0,1,0.273224043715847,21.5,COPD,8.8,False
21059,Owensboro,Daviess,KY,Kentucky,37.731671,-87.087139,2020,101978,366,254,111,1,0,0,0,105,59,43,1,126,239,0,100.0,1,0.273224043715847,21.5,Current Asthma,11.2,False
21067,Lexington-Fayette (corporate name for Lexington),Fayette,KY,Kentucky,38.0406777,-84.4582721,2020,324735,366,258,108,0,0,0,0,86,57,42,5,114,247,0,100.0,0,0.0,17.8,COPD,7.1,False
21067,Lexington-Fayette (corporate name for Lexington),Fayette,KY,Kentucky,38.0406777,-84.4582721,2020,324735,366,258,108,0,0,0,0,86,57,42,5,114,247,0,100.0,0,0.0,17.8,Current Asthma,10.5,False
21089,Bellefonte,Greenup,KY,Kentucky,38.5635616,-82.9338199,2020,34865,243,241,2,0,0,0,0,61,44,33,0,243,0,0,66.39344262295081,0,0.0,23.1,COPD,9.3,False
21089,Bellefonte,Greenup,KY,Kentucky,38.5635616,-82.9338199,2020,34865,243,241,2,0,0,0,0,61,44,33,0,243,0,0,66.39344262295081,0,0.0,23.1,Current Asthma,11.3,False
21091,Hawesville,Hancock,KY,Kentucky,37.8433252,-86.7927612,2020,8742,245,233,12,0,0,0,0,97,47,37,0,245,0,0,66.93989071038251,0,0.0,24.1,COPD,9.7,False
21091,Hawesville,Hancock,KY,Kentucky,37.8433252,-86.7927612,2020,8742,245,233,12,0,0,0,0,97,47,37,0,245,0,0,66.93989071038251,0,0.0,24.1,Current Asthma,11.3,False
21093,Elizabethtown,Hardin,KY,Kentucky,37.6958356,-85.9631827,2020,111309,366,268,98,0,0,0,0,80,56,43,0,125,241,0,100.0,0,0.0,20.7,COPD,8.2,False
21093,Elizabethtown,Hardin,KY,Kentucky,37.6958356,-85.9631827,2020,111309,366,268,98,0,0,0,0,80,56,43,0,125,241,0,100.0,0,0.0,20.7,Current Asthma,11.4,False
21111,Louisville,Jefferson,KY,Kentucky,38.1895321,-85.6576243,2020,767452,366,151,208,7,0,0,0,115,64,52,3,89,274,0,100.0,7,1.912568306010929,18.0,COPD,7.5,False
21111,Louisville,Jefferson,KY,Kentucky,38.1895321,-85.6576243,2020,767452,366,151,208,7,0,0,0,115,64,52,3,89,274,0,100.0,7,1.912568306010929,18.0,Current Asthma,11.1,False
21113,Nicholasville,Jessamine,KY,Kentucky,37.8732908,-84.5839603,2020,54057,243,232,11,0,0,0,0,77,47,37,0,243,0,0,66.39344262295081,0,0.0,20.0,COPD,8.0,False
21113,Nicholasville,Jessamine,KY,Kentucky,37.8732908,-84.5839603,2020,54057,243,232,11,0,0,0,0,77,47,37,0,243,0,0,66.39344262295081,0,0.0,20.0,Current Asthma,10.8,False
21139,Smithland,Livingston,KY,Kentucky,37.2095174,-88.3634261,2020,9041,248,235,12,1,0,0,0,105,47,37,0,239,0,9,67.75956284153006,1,0.4032258064516129,23.3,COPD,9.4,False
21139,Smithland,Livingston,KY,Kentucky,37.2095174,-88.3634261,2020,9041,248,235,12,1,0,0,0,105,47,37,0,239,0,9,67.75956284153006,1,0.4032258064516129,23.3,Current Asthma,11.3,False
21145,Paducah,McCracken,KY,Kentucky,37.0541106,-88.7124544,2020,65644,366,239,126,1,0,0,0,111,61,44,4,102,260,0,100.0,1,0.273224043715847,22.0,COPD,8.8,False
21145,Paducah,McCracken,KY,Kentucky,37.0541106,-88.7124544,2020,65644,366,239,126,1,0,0,0,111,61,44,4,102,260,0,100.0,1,0.273224043715847,22.0,Current Asthma,11.2,False
21185,Buckner,Oldham,KY,Kentucky,38.4001274,-85.4561499,2020,66999,239,218,21,0,0,0,0,97,49,38,0,239,0,0,65.30054644808743,0,0.0,15.5,COPD,6.0,False
21185,Buckner,Oldham,KY,Kentucky,38.4001274,-85.4561499,2020,66999,239,218,21,0,0,0,0,97,49,38,0,239,0,0,65.30054644808743,0,0.0,15.5,Current Asthma,9.9,False
21193,Hazard,Perry,KY,Kentucky,37.2412822,-83.2177723,2020,25456,364,278,86,0,0,0,0,99,55,39,0,97,267,0,99.4535519125683,0,0.0,26.2,COPD,11.2,False
21193,Hazard,Perry,KY,Kentucky,37.2412822,-83.2177723,2020,25456,364,278,86,0,0,0,0,99,55,39,0,97,267,0,99.4535519125683,0,0.0,26.2,Current Asthma,11.9,False
21195,Pikeville,Pike,KY,Kentucky,37.4860314,-82.410912,2020,57057,365,310,55,0,0,0,0,93,53,37,0,111,254,0,99.72677595628416,0,0.0,27.6,COPD,12.0,False
21195,Pikeville,Pike,KY,Kentucky,37.4860314,-82.410912,2020,57057,365,310,55,0,0,0,0,93,53,37,0,111,254,0,99.72677595628416,0,0.0,27.6,Current Asthma,12.0,False
21199,Somerset,Pulaski,KY,Kentucky,37.107452,-84.5769692,2020,65530,283,246,37,0,0,0,0,77,52,38,0,196,87,0,77.3224043715847,0,0.0,25.4,COPD,10.9,False
21199,Somerset,Pulaski,KY,Kentucky,37.107452,-84.5769692,2020,65530,283,246,37,0,0,0,0,77,52,38,0,196,87,0,77.3224043715847,0,0.0,25.4,Current Asthma,12.0,False
21213,Franklin,Simpson,KY,Kentucky,36.7409366,-86.5817934,2020,18635,221,217,4,0,0,0,0,67,46,36,0,221,0,0,60.38251366120219,0,0.0,23.3,COPD,8.9,False
21213,Franklin,Simpson,KY,Kentucky,36.7409366,-86.5817934,2020,18635,221,217,4,0,0,0,0,67,46,36,0,221,0,0,60.38251366120219,0,0.0,23.3,Current Asthma,11.2,False
21227,Bowling Green,Warren,KY,Kentucky,36.995634,-86.4235786,2020,134510,366,237,129,0,0,0,0,97,58,44,0,76,290,0,100.0,0,0.0,20.9,COPD,8.6,False
21227,Bowling Green,Warren,KY,Kentucky,36.995634,-86.4235786,2020,134510,366,237,129,0,0,0,0,97,58,44,0,76,290,0,100.0,0,0.0,20.9,Current Asthma,11.2,False
22005,Donaldsonville,Ascension,LA,Louisiana,30.2064437,-90.9125023,2020,128665,364,350,14,0,0,0,0,100,46,31,6,358,0,0,99.4535519125683,0,0.0,17.7,COPD,5.8,True
22005,Donaldsonville,Ascension,LA,Louisiana,30.2064437,-90.9125023,2020,128665,364,350,14,0,0,0,0,100,46,31,6,358,0,0,99.4535519125683,0,0.0,17.7,Current Asthma,8.8,True
22015,Shreveport,Bossier,LA,Louisiana,32.6984813,-93.6265609,2020,127275,362,269,92,1,0,0,0,105,58,40,0,172,184,6,98.90710382513662,1,0.2762430939226519,18.8,COPD,6.9,True
22015,Shreveport,Bossier,LA,Louisiana,32.6984813,-93.6265609,2020,127275,362,269,92,1,0,0,0,105,58,40,0,172,184,6,98.90710382513662,1,0.2762430939226519,18.8,Current Asthma,9.7,True
22017,Shreveport,Caddo,LA,Louisiana,32.5801062,-93.8849698,2020,237479,349,289,59,1,0,0,0,126,55,36,0,255,94,0,95.3551912568306,1,0.28653295128939826,21.8,COPD,7.6,True
22017,Shreveport,Caddo,LA,Louisiana,32.5801062,-93.8849698,2020,237479,349,289,59,1,0,0,0,126,55,36,0,255,94,0,95.3551912568306,1,0.28653295128939826,21.8,Current Asthma,10.6,True
22019,Lake Charles,Calcasieu,LA,Louisiana,30.2295588,-93.3580154,2020,203310,349,179,169,1,0,0,0,116,64,49,2,96,251,0,95.3551912568306,1,0.28653295128939826,21.0,COPD,7.1,True
22019,Lake Charles,Calcasieu,LA,Louisiana,30.2295588,-93.3580154,2020,203310,349,179,169,1,0,0,0,116,64,49,2,96,251,0,95.3551912568306,1,0.28653295128939826,21.0,Current Asthma,9.7,True
22033,Baton Rouge,East Baton Rouge,LA,Louisiana,30.5439297,-91.093131,2020,439729,366,236,127,3,0,0,0,119,59,45,2,118,246,0,100.0,3,0.819672131147541,16.1,COPD,6.0,True
22033,Baton Rouge,East Baton Rouge,LA,Louisiana,30.5439297,-91.093131,2020,439729,366,236,127,3,0,0,0,119,59,45,2,118,246,0,100.0,3,0.819672131147541,16.1,Current Asthma,9.1,True
22047,St. Gabriel,Iberville,LA,Louisiana,30.2706526,-91.3658718,2020,32070,366,306,57,3,0,0,0,136,56,38,0,302,64,0,100.0,3,0.819672131147541,22.4,COPD,7.6,True
22047,St. Gabriel,Iberville,LA,Louisiana,30.2706526,-91.3658718,2020,32070,366,306,57,3,0,0,0,136,56,38,0,302,64,0,100.0,3,0.819672131147541,22.4,Current Asthma,10.0,True
22051,Metairie,Jefferson,LA,Louisiana,29.5033,-90.036231,2020,432346,366,280,86,0,0,0,0,87,59,40,1,184,181,0,100.0,0,0.0,17.0,COPD,6.4,True
22051,Metairie,Jefferson,LA,Louisiana,29.5033,-90.036231,2020,432346,366,280,86,0,0,0,0,87,59,40,1,184,181,0,100.0,0,0.0,17.0,Current Asthma,9.3,True
22055,Lafayette,Lafayette,LA,Louisiana,30.2065065,-92.06417,2020,246518,364,203,160,1,0,0,0,120,62,45,0,124,240,0,99.4535519125683,1,0.27472527472527475,18.0,COPD,6.5,True
22055,Lafayette,Lafayette,LA,Louisiana,30.2065065,-92.06417,2020,246518,364,203,160,1,0,0,0,120,62,45,0,124,240,0,99.4535519125683,1,0.27472527472527475,18.0,Current Asthma,9.2,True
22057,Galliano,Lafourche,LA,Louisiana,29.4919925,-90.394849,2020,97596,366,212,153,1,0,0,0,115,61,48,0,71,295,0,100.0,1,0.273224043715847,22.4,COPD,8.2,True
22057,Galliano,Lafourche,LA,Louisiana,29.4919925,-90.394849,2020,97596,366,212,153,1,0,0,0,115,61,48,0,71,295,0,100.0,1,0.273224043715847,22.4,Current Asthma,9.5,True
22063,French Settlement,Livingston,LA,Louisiana,30.4404194,-90.7274738,2020,143737,355,206,148,1,0,0,0,105,62,47,0,85,270,0,96.99453551912568,1,0.28169014084507044,20.0,COPD,7.0,True
22063,French Settlement,Livingston,LA,Louisiana,30.4404194,-90.7274738,2020,143737,355,206,148,1,0,0,0,105,62,47,0,85,270,0,96.99453551912568,1,0.28169014084507044,20.0,Current Asthma,9.0,True
22071,New Orleans,Orleans,LA,Louisiana,30.0534195,-89.9345018,2020,389476,366,297,69,0,0,0,0,90,55,33,65,0,293,6,100.0,0,0.0,18.3,COPD,6.5,True
22071,New Orleans,Orleans,LA,Louisiana,30.0534195,-89.9345018,2020,389476,366,297,69,0,0,0,0,90,55,33,65,0,293,6,100.0,0,0.0,18.3,Current Asthma,10.2,True
22073,Monroe,Ouachita,LA,Louisiana,32.480932,-92.1515814,2020,152439,362,324,37,1,0,0,0,111,51,34,0,289,73,0,98.90710382513662,1,0.2762430939226519,20.3,COPD,7.8,True
22073,Monroe,Ouachita,LA,Louisiana,32.480932,-92.1515814,2020,152439,362,324,37,1,0,0,0,111,51,34,0,289,73,0,98.90710382513662,1,0.2762430939226519,20.3,Current Asthma,10.1,True
22077,New Roads,Pointe Coupee,LA,Louisiana,30.708319,-91.6046207,2020,21529,362,343,19,0,0,0,0,100,45,32,0,362,0,0,98.90710382513662,0,0.0,23.0,COPD,8.2,True
22077,New Roads,Pointe Coupee,LA,Louisiana,30.708319,-91.6046207,2020,21529,362,343,19,0,0,0,0,100,45,32,0,362,0,0,98.90710382513662,0,0.0,23.0,Current Asthma,10.2,True
22087,Chalmette,St. Bernard,LA,Louisiana,29.9181102,-89.2634941,2020,47647,357,229,128,0,0,0,0,86,58,44,0,138,218,1,97.54098360655738,0,0.0,22.3,COPD,8.5,True
22087,Chalmette,St. Bernard,LA,Louisiana,29.9181102,-89.2634941,2020,47647,357,229,128,0,0,0,0,86,58,44,0,138,218,1,97.54098360655738,0,0.0,22.3,Current Asthma,10.1,True
22093,Gramercy,St. James,LA,Louisiana,30.0247772,-90.7939562,2020,20727,357,351,6,0,0,0,0,90,44,29,0,357,0,0,97.54098360655738,0,0.0,21.2,COPD,7.2,True
22093,Gramercy,St. James,LA,Louisiana,30.0247772,-90.7939562,2020,20727,357,351,6,0,0,0,0,90,44,29,0,357,0,0,97.54098360655738,0,0.0,21.2,Current Asthma,10.2,True
22095,Laplace (La Place),St. John the Baptist,LA,Louisiana,30.1440682,-90.4909596,2020,42516,351,341,10,0,0,0,0,80,45,31,0,351,0,0,95.90163934426229,0,0.0,19.3,COPD,6.6,True
22095,Laplace (La Place),St. John the Baptist,LA,Louisiana,30.1440682,-90.4909596,2020,42516,351,341,10,0,0,0,0,80,45,31,0,351,0,0,95.90163934426229,0,0.0,19.3,Current Asthma,10.1,True
22099,St. Martinville,St. Martin,LA,Louisiana,30.1214329,-91.6114814,2020,52954,358,337,21,0,0,0,0,87,48,33,0,358,0,0,97.81420765027322,0,0.0,22.4,COPD,7.9,True
22099,St. Martinville,St. Martin,LA,Louisiana,30.1214329,-91.6114814,2020,52954,358,337,21,0,0,0,0,87,48,33,0,358,0,0,97.81420765027322,0,0.0,22.4,Current Asthma,9.9,True
22103,Slidell,St. Tammany,LA,Louisiana,30.4100224,-89.9519622,2020,263446,364,268,96,0,0,0,0,90,57,39,0,179,185,0,99.4535519125683,0,0.0,17.2,COPD,6.0,True
22103,Slidell,St. Tammany,LA,Louisiana,30.4100224,-89.9519622,2020,263446,364,268,96,0,0,0,0,90,57,39,0,179,185,0,99.4535519125683,0,0.0,17.2,Current Asthma,8.9,True
22121,Addis,West Baton Rouge,LA,Louisiana,30.4640516,-91.309808,2020,26792,366,229,134,3,0,0,0,101,61,44,4,117,245,0,100.0,3,0.819672131147541,19.3,COPD,6.7,True
22121,Addis,West Baton Rouge,LA,Louisiana,30.4640516,-91.309808,2020,26792,366,229,134,3,0,0,0,101,61,44,4,117,245,0,100.0,3,0.819672131147541,19.3,Current Asthma,9.8,True
23001,Lewiston,Androscoggin,ME,Maine,44.1676811,-70.2074347,2020,108547,360,327,33,0,0,0,0,70,49,34,0,141,217,2,98.36065573770492,0,0.0,19.5,COPD,7.9,True
23001,Lewiston,Androscoggin,ME,Maine,44.1676811,-70.2074347,2020,108547,360,327,33,0,0,0,0,70,49,34,0,141,217,2,98.36065573770492,0,0.0,19.5,Current Asthma,11.4,True
23003,Madawaska (census name for Madawaska Center),Aroostook,ME,Maine,46.7091929,-68.6124095,2020,66804,366,316,49,0,0,1,0,205,53,36,0,187,164,15,100.0,1,0.273224043715847,22.8,COPD,8.7,True
23003,Madawaska (census name for Madawaska Center),Aroostook,ME,Maine,46.7091929,-68.6124095,2020,66804,366,316,49,0,0,1,0,205,53,36,0,187,164,15,100.0,1,0.273224043715847,22.8,Current Asthma,11.5,True
23005,Portland,Cumberland,ME,Maine,43.8083479,-70.3303753,2020,298111,366,263,103,0,0,0,0,97,58,42,6,149,210,1,100.0,0,0.0,12.7,COPD,5.7,True
23005,Portland,Cumberland,ME,Maine,43.8083479,-70.3303753,2020,298111,366,263,103,0,0,0,0,97,58,42,6,149,210,1,100.0,0,0.0,12.7,Current Asthma,10.2,True
23009,Bucksport (census name for Bucksport Compact),Hancock,ME,Maine,44.5649063,-68.3707034,2020,55088,366,336,29,1,0,0,0,105,50,36,0,348,18,0,100.0,1,0.273224043715847,16.9,COPD,6.6,True
23009,Bucksport (census name for Bucksport Compact),Hancock,ME,Maine,44.5649063,-68.3707034,2020,55088,366,336,29,1,0,0,0,105,50,36,0,348,18,0,100.0,1,0.273224043715847,16.9,Current Asthma,10.5,True
23011,Augusta,Kennebec,ME,Maine,44.4170119,-69.7657639,2020,122955,230,221,9,0,0,0,0,67,45,35,4,188,38,0,62.841530054644814,0,0.0,18.5,COPD,7.5,True
23011,Augusta,Kennebec,ME,Maine,44.4170119,-69.7657639,2020,122955,230,221,9,0,0,0,0,67,45,35,4,188,38,0,62.841530054644814,0,0.0,18.5,Current Asthma,11.0,True
23017,Mexico (census name for Mexico Center),Oxford,ME,Maine,44.4944998,-70.7344211,2020,58132,324,299,25,0,0,0,0,69,47,36,0,177,147,0,88.52459016393442,0,0.0,21.0,COPD,8.4,True
23017,Mexico (census name for Mexico Center),Oxford,ME,Maine,44.4944998,-70.7344211,2020,58132,324,299,25,0,0,0,0,69,47,36,0,177,147,0,88.52459016393442,0,0.0,21.0,Current Asthma,12.0,True
23019,Lincoln (census name for Lincoln Compact),Penobscot,ME,Maine,45.4092843,-68.666616,2020,151655,363,338,25,0,0,0,0,76,47,33,0,184,177,2,99.18032786885246,0,0.0,20.2,COPD,7.9,True
23019,Lincoln (census name for Lincoln Compact),Penobscot,ME,Maine,45.4092843,-68.666616,2020,151655,363,338,25,0,0,0,0,76,47,33,0,184,177,2,99.18032786885246,0,0.0,20.2,Current Asthma,11.8,True
23029,Calais,Washington,ME,Maine,44.9670088,-67.6093542,2020,31473,353,351,2,0,0,0,0,61,44,33,0,344,9,0,96.44808743169399,0,0.0,22.1,COPD,9.1,True
23029,Calais,Washington,ME,Maine,44.9670088,-67.6093542,2020,31473,353,351,2,0,0,0,0,61,44,33,0,344,9,0,96.44808743169399,0,0.0,22.1,Current Asthma,12.0,True
23031,Biddeford (RR name Biddeford-Saco),York,ME,Maine,43.4260188,-70.6684248,2020,209066,235,223,12,0,0,0,0,87,47,39,0,235,0,0,64.20765027322405,0,0.0,16.3,COPD,6.3,True
23031,Biddeford (RR name Biddeford-Saco),York,ME,Maine,43.4260188,-70.6684248,2020,209066,235,223,12,0,0,0,0,87,47,39,0,235,0,0,64.20765027322405,0,0.0,16.3,Current Asthma,10.5,True
24003,Riviera Beach,Anne Arundel,MD,Maryland,38.9916174,-76.5608941,2020,582777,262,235,25,2,0,0,0,108,51,39,0,240,0,22,71.58469945355192,2,0.7633587786259541,11.8,COPD,4.7,True
24003,Riviera Beach,Anne Arundel,MD,Maryland,38.9916174,-76.5608941,2020,582777,262,235,25,2,0,0,0,108,51,39,0,240,0,22,71.58469945355192,2,0.7633587786259541,11.8,Current Asthma,9.2,True
24005,Cockeysville,Baltimore,MD,Maryland,39.4431666,-76.6165693,2020,826017,365,257,106,2,0,0,0,105,59,43,12,177,176,0,99.72677595628416,2,0.547945205479452,13.8,COPD,5.0,False
24005,Cockeysville,Baltimore,MD,Maryland,39.4431666,-76.6165693,2020,826017,365,257,106,2,0,0,0,105,59,43,12,177,176,0,99.72677595628416,2,0.547945205479452,13.8,Current Asthma,10.0,False
24510,Baltimore,Baltimore City,MD,Maryland,39.3000324,-76.6104761,2020,586131,363,293,70,0,0,0,0,97,56,38,57,120,185,1,99.18032786885246,0,0.0,19.2,COPD,6.4,False
24510,Baltimore,Baltimore City,MD,Maryland,39.3000324,-76.6104761,2020,586131,363,293,70,0,0,0,0,97,56,38,57,120,185,1,99.18032786885246,0,0.0,19.2,Current Asthma,11.6,False
24009,Prince Frederick,Calvert,MD,Maryland,38.5227191,-76.5297621,2020,93072,238,235,3,0,0,0,0,67,44,35,0,238,0,0,65.02732240437157,0,0.0,13.6,COPD,5.1,True
24009,Prince Frederick,Calvert,MD,Maryland,38.5227191,-76.5297621,2020,93072,238,235,3,0,0,0,0,67,44,35,0,238,0,0,65.02732240437157,0,0.0,13.6,Current Asthma,9.7,True
24013,Westminster,Carroll,MD,Maryland,39.563328,-77.0153297,2020,169092,242,225,17,0,0,0,0,84,49,39,0,242,0,0,66.12021857923497,0,0.0,13.4,COPD,5.0,True
24013,Westminster,Carroll,MD,Maryland,39.563328,-77.0153297,2020,169092,242,225,17,0,0,0,0,84,49,39,0,242,0,0,66.12021857923497,0,0.0,13.4,Current Asthma,9.0,True
24015,Elkton,Cecil,MD,Maryland,39.5623537,-75.9415852,2020,103419,357,309,48,0,0,0,0,97,54,38,0,194,163,0,97.54098360655738,0,0.0,18.0,COPD,6.3,True
24015,Elkton,Cecil,MD,Maryland,39.5623537,-75.9415852,2020,103419,357,309,48,0,0,0,0,97,54,38,0,194,163,0,97.54098360655738,0,0.0,18.0,Current Asthma,9.7,True
24017,Hughesville,Charles,MD,Maryland,38.4728532,-77.0154272,2020,164436,236,235,1,0,0,0,0,58,44,34,0,236,0,0,64.48087431693989,0,0.0,14.2,COPD,4.9,True
24017,Hughesville,Charles,MD,Maryland,38.4728532,-77.0154272,2020,164436,236,235,1,0,0,0,0,58,44,34,0,236,0,0,64.48087431693989,0,0.0,14.2,Current Asthma,10.4,True
24019,Cambridge,Dorchester,MD,Maryland,38.4291957,-76.0474333,2020,31853,365,339,26,0,0,0,0,84,48,36,0,309,56,0,99.72677595628416,0,0.0,18.2,COPD,7.2,True
24019,Cambridge,Dorchester,MD,Maryland,38.4291957,-76.0474333,2020,31853,365,339,26,0,0,0,0,84,48,36,0,309,56,0,99.72677595628416,0,0.0,18.2,Current Asthma,10.9,True
24021,Frederick,Frederick,MD,Maryland,39.4701773,-77.3976358,2020,265161,237,217,20,0,0,0,0,90,49,40,0,237,0,0,64.75409836065575,0,0.0,11.7,COPD,4.8,True
24021,Frederick,Frederick,MD,Maryland,39.4701773,-77.3976358,2020,265161,237,217,20,0,0,0,0,90,49,40,0,237,0,0,64.75409836065575,0,0.0,11.7,Current Asthma,9.5,True
24023,Grantsville,Garrett,MD,Maryland,39.5472985,-79.2746192,2020,28852,365,345,20,0,0,0,0,71,47,37,0,297,68,0,99.72677595628416,0,0.0,18.4,COPD,6.9,True
24023,Grantsville,Garrett,MD,Maryland,39.5472985,-79.2746192,2020,28852,365,345,20,0,0,0,0,71,47,37,0,297,68,0,99.72677595628416,0,0.0,18.4,Current Asthma,10.1,True
24025,Bel Air,Harford,MD,Maryland,39.5374292,-76.2997894,2020,256805,357,286,70,1,0,0,0,119,58,41,0,198,159,0,97.54098360655738,1,0.2801120448179272,14.4,COPD,5.3,True
24025,Bel Air,Harford,MD,Maryland,39.5374292,-76.2997894,2020,256805,357,286,70,1,0,0,0,119,58,41,0,198,159,0,97.54098360655738,1,0.2801120448179272,14.4,Current Asthma,9.8,True
24027,Columbia,Howard,MD,Maryland,39.2522639,-76.9244057,2020,328200,364,297,67,0,0,0,0,71,54,37,48,0,311,0,99.4535519125683,0,0.0,8.7,COPD,3.6,True
24027,Columbia,Howard,MD,Maryland,39.2522639,-76.9244057,2020,328200,364,297,67,0,0,0,0,71,54,37,48,0,311,0,99.4535519125683,0,0.0,8.7,Current Asthma,8.4,True
24031,Silver Spring,Montgomery,MD,Maryland,39.1373815,-77.2030633,2020,1051816,355,310,45,0,0,0,0,77,52,37,0,175,180,0,96.99453551912568,0,0.0,8.4,COPD,3.8,True
24031,Silver Spring,Montgomery,MD,Maryland,39.1373815,-77.2030633,2020,1051816,355,310,45,0,0,0,0,77,52,37,0,175,180,0,96.99453551912568,0,0.0,8.4,Current Asthma,8.3,True
24033,Beltsville,Prince George's,MD,Maryland,38.8292778,-76.848188,2020,909612,366,314,51,1,0,0,0,105,55,39,1,239,126,0,100.0,1,0.273224043715847,11.6,COPD,4.5,True
24033,Beltsville,Prince George's,MD,Maryland,38.8292778,-76.848188,2020,909612,366,314,51,1,0,0,0,105,55,39,1,239,126,0,100.0,1,0.273224043715847,11.6,Current Asthma,9.9,True
24043,Hagerstown,Washington,MD,Maryland,39.6036207,-77.8146709,2020,151146,359,288,71,0,0,0,0,83,55,40,0,172,187,0,98.08743169398907,0,0.0,19.2,COPD,6.6,True
24043,Hagerstown,Washington,MD,Maryland,39.6036207,-77.8146709,2020,151146,359,288,71,0,0,0,0,83,55,40,0,172,187,0,98.08743169398907,0,0.0,19.2,Current Asthma,10.5,True
25001,Falmouth (census name for Falmouth Center),Barnstable,MA,Massachusetts,41.7061233,-70.1648227,2020,213164,351,339,10,2,0,0,0,108,46,36,0,338,13,0,95.90163934426229,2,0.5698005698005698,13.2,COPD,4.6,True
25001,Falmouth (census name for Falmouth Center),Barnstable,MA,Massachusetts,41.7061233,-70.1648227,2020,213164,351,339,10,2,0,0,0,108,46,36,0,338,13,0,95.90163934426229,2,0.5698005698005698,13.2,Current Asthma,10.6,True
25003,Pittsfield,Berkshire,MA,Massachusetts,42.371493,-73.2179276,2020,124571,366,278,88,0,0,0,0,94,57,40,0,125,241,0,100.0,0,0.0,15.1,COPD,5.6,True
25003,Pittsfield,Berkshire,MA,Massachusetts,42.371493,-73.2179276,2020,124571,366,278,88,0,0,0,0,94,57,40,0,125,241,0,100.0,0,0.0,15.1,Current Asthma,11.1,True
25005,Fall River,Bristol,MA,Massachusetts,41.7485884,-71.088894,2020,566765,366,250,113,3,0,0,0,119,58,42,0,219,147,0,100.0,3,0.819672131147541,16.0,COPD,6.1,True
25005,Fall River,Bristol,MA,Massachusetts,41.7485884,-71.088894,2020,566765,366,250,113,3,0,0,0,119,58,42,0,219,147,0,100.0,3,0.819672131147541,16.0,Current Asthma,11.7,True
25007,Aquinnah,Dukes,MA,Massachusetts,41.3809696,-70.7014995,2020,17461,357,345,11,1,0,0,0,126,46,37,0,337,20,0,97.54098360655738,1,0.2801120448179272,13.1,COPD,4.8,True
25007,Aquinnah,Dukes,MA,Massachusetts,41.3809696,-70.7014995,2020,17461,357,345,11,1,0,0,0,126,46,37,0,337,20,0,97.54098360655738,1,0.2801120448179272,13.1,Current Asthma,10.6,True
25009,Salem,Essex,MA,Massachusetts,42.6427082,-70.8649085,2020,791263,366,282,84,0,0,0,0,97,56,40,0,173,193,0,100.0,0,0.0,13.0,COPD,4.9,True
25009,Salem,Essex,MA,Massachusetts,42.6427082,-70.8649085,2020,791263,366,282,84,0,0,0,0,97,56,40,0,173,193,0,100.0,0,0.0,13.0,Current Asthma,11.0,True
25011,Colrain,Franklin,MA,Massachusetts,42.5845038,-72.5917921,2020,70267,365,246,119,0,0,0,0,96,60,43,0,110,255,0,99.72677595628416,0,0.0,15.2,COPD,5.4,True
25011,Colrain,Franklin,MA,Massachusetts,42.5845038,-72.5917921,2020,70267,365,246,119,0,0,0,0,96,60,43,0,110,255,0,99.72677595628416,0,0.0,15.2,Current Asthma,10.9,True
25013,Springfield,Hampden,MA,Massachusetts,42.1361975,-72.6356476,2020,463986,366,249,117,0,0,0,0,99,60,44,1,116,249,0,100.0,0,0.0,16.4,COPD,6.0,True
25013,Springfield,Hampden,MA,Massachusetts,42.1361975,-72.6356476,2020,463986,366,249,117,0,0,0,0,99,60,44,1,116,249,0,100.0,0,0.0,16.4,Current Asthma,11.6,True
25015,South Hadley,Hampshire,MA,Massachusetts,42.3394593,-72.6636936,2020,161401,366,300,66,0,0,0,0,84,54,39,9,177,179,1,100.0,0,0.0,12.7,COPD,4.9,True
25015,South Hadley,Hampshire,MA,Massachusetts,42.3394593,-72.6636936,2020,161401,366,300,66,0,0,0,0,84,54,39,9,177,179,1,100.0,0,0.0,12.7,Current Asthma,10.6,True
25017,Lowell,Middlesex,MA,Massachusetts,42.4817182,-71.3949161,2020,1609379,366,306,60,0,0,0,0,93,54,39,8,178,180,0,100.0,0,0.0,9.8,COPD,3.9,True
25017,Lowell,Middlesex,MA,Massachusetts,42.4817182,-71.3949161,2020,1609379,366,306,60,0,0,0,0,93,54,39,8,178,180,0,100.0,0,0.0,9.8,Current Asthma,9.7,True
25021,Quincy,Norfolk,MA,Massachusetts,42.1717377,-71.1811102,2020,709409,366,330,36,0,0,0,0,74,50,34,5,231,130,0,100.0,0,0.0,10.4,COPD,4.0,True
25021,Quincy,Norfolk,MA,Massachusetts,42.1717377,-71.1811102,2020,709409,366,330,36,0,0,0,0,74,50,34,5,231,130,0,100.0,0,0.0,10.4,Current Asthma,9.9,True
25023,Brockton,Plymouth,MA,Massachusetts,41.9871959,-70.7419417,2020,523738,366,267,99,0,0,0,0,80,56,42,0,148,218,0,100.0,0,0.0,14.1,COPD,4.8,True
25023,Brockton,Plymouth,MA,Massachusetts,41.9871959,-70.7419417,2020,523738,366,267,99,0,0,0,0,80,56,42,0,148,218,0,100.0,0,0.0,14.1,Current Asthma,10.5,True
25025,Boston,Suffolk,MA,Massachusetts,42.3385513,-71.018253,2020,801582,366,229,137,0,0,0,0,84,57,45,7,59,300,0,100.0,0,0.0,13.2,COPD,4.9,True
25025,Boston,Suffolk,MA,Massachusetts,42.3385513,-71.018253,2020,801582,366,229,137,0,0,0,0,84,57,45,7,59,300,0,100.0,0,0.0,13.2,Current Asthma,11.2,True
25027,Worcester,Worcester,MA,Massachusetts,42.3116934,-71.940282,2020,829212,366,257,109,0,0,0,0,90,58,43,6,120,240,0,100.0,0,0.0,14.9,COPD,5.2,True
25027,Worcester,Worcester,MA,Massachusetts,42.3116934,-71.940282,2020,829212,366,257,109,0,0,0,0,90,58,43,6,120,240,0,100.0,0,0.0,14.9,Current Asthma,10.6,True
26005,Holland,Allegan,MI,Michigan,42.4212512,-86.2614034,2020,118927,359,275,78,6,0,0,0,136,58,37,0,202,157,0,98.08743169398907,6,1.6713091922005572,19.6,COPD,6.6,True
26005,Holland,Allegan,MI,Michigan,42.4212512,-86.2614034,2020,118927,359,275,78,6,0,0,0,136,58,37,0,202,157,0,98.08743169398907,6,1.6713091922005572,19.6,Current Asthma,10.7,True
26017,Bay City,Bay,MI,Michigan,43.6997112,-83.9787007,2020,102387,365,325,40,0,0,0,0,77,52,22,0,0,365,0,99.72677595628416,0,0.0,22.1,COPD,7.6,True
26017,Bay City,Bay,MI,Michigan,43.6997112,-83.9787007,2020,102387,365,325,40,0,0,0,0,77,52,22,0,0,365,0,99.72677595628416,0,0.0,22.1,Current Asthma,11.1,True
26019,Benzonia,Benzie,MI,Michigan,44.6368444,-86.2319991,2020,17852,262,244,16,1,1,0,0,164,47,36,0,262,0,0,71.58469945355192,2,0.7633587786259541,18.7,COPD,6.4,True
26019,Benzonia,Benzie,MI,Michigan,44.6368444,-86.2319991,2020,17852,262,244,16,1,1,0,0,164,47,36,0,262,0,0,71.58469945355192,2,0.7633587786259541,18.7,Current Asthma,10.7,True
26021,Benton Harbor,Berrien,MI,Michigan,41.7913818,-86.7425435,2020,153025,258,217,34,7,0,0,0,150,61,38,0,258,0,0,70.49180327868852,7,2.7131782945736433,20.0,COPD,7.1,True
26021,Benton Harbor,Berrien,MI,Michigan,41.7913818,-86.7425435,2020,153025,258,217,34,7,0,0,0,150,61,38,0,258,0,0,70.49180327868852,7,2.7131782945736433,20.0,Current Asthma,11.2,True
26027,Cassopolis,Cass,MI,Michigan,41.9172431,-86.000142,2020,51584,253,212,36,5,0,0,0,122,61,39,0,253,0,0,69.12568306010928,5,1.9762845849802373,20.8,COPD,7.1,True
26027,Cassopolis,Cass,MI,Michigan,41.9172431,-86.000142,2020,51584,253,212,36,5,0,0,0,122,61,39,0,253,0,0,69.12568306010928,5,1.9762845849802373,20.8,Current Asthma,11.2,True
26037,Lansing,Clinton,MI,Michigan,42.950455,-84.5916949,2020,79753,256,244,12,0,0,0,0,93,46,34,0,256,0,0,69.94535519125684,0,0.0,17.3,COPD,5.9,True
26037,Lansing,Clinton,MI,Michigan,42.950455,-84.5916949,2020,79753,256,244,12,0,0,0,0,93,46,34,0,256,0,0,69.94535519125684,0,0.0,17.3,Current Asthma,10.5,True
26049,Flint,Genesee,MI,Michigan,43.0210768,-83.7063718,2020,404794,366,288,77,1,0,0,0,126,57,39,0,190,176,0,100.0,1,0.273224043715847,22.2,COPD,7.6,True
26049,Flint,Genesee,MI,Michigan,43.0210768,-83.7063718,2020,404794,366,288,77,1,0,0,0,126,57,39,0,190,176,0,100.0,1,0.273224043715847,22.2,Current Asthma,12.0,True
26063,Harbor Beach,Huron,MI,Michigan,43.907616,-82.8570449,2020,30653,266,246,13,7,0,0,0,150,48,36,0,266,0,0,72.6775956284153,7,2.631578947368421,22.6,COPD,7.8,True
26063,Harbor Beach,Huron,MI,Michigan,43.907616,-82.8570449,2020,30653,266,246,13,7,0,0,0,150,48,36,0,266,0,0,72.6775956284153,7,2.631578947368421,22.6,Current Asthma,11.2,True
26065,Lansing,Ingham,MI,Michigan,42.6035338,-84.3738107,2020,290609,366,296,69,0,1,0,0,151,56,37,7,190,169,0,100.0,1,0.273224043715847,17.8,COPD,6.3,True
26065,Lansing,Ingham,MI,Michigan,42.6035338,-84.3738107,2020,290609,366,296,69,0,1,0,0,151,56,37,7,190,169,0,100.0,1,0.273224043715847,17.8,Current Asthma,10.8,True
26077,Kalamazoo,Kalamazoo,MI,Michigan,42.2462657,-85.5328544,2020,265988,323,239,78,6,0,0,0,115,61,41,0,149,174,0,88.25136612021858,6,1.8575851393188854,18.8,COPD,6.3,True
26077,Kalamazoo,Kalamazoo,MI,Michigan,42.2462657,-85.5328544,2020,265988,323,239,78,6,0,0,0,115,61,41,0,149,174,0,88.25136612021858,6,1.8575851393188854,18.8,Current Asthma,11.1,True
26081,Grand Rapids,Kent,MI,Michigan,43.0324971,-85.547446,2020,658708,365,267,90,7,1,0,0,154,62,39,0,220,145,0,99.72677595628416,8,2.191780821917808,16.5,COPD,6.0,True
26081,Grand Rapids,Kent,MI,Michigan,43.0324971,-85.547446,2020,658708,365,267,90,7,1,0,0,154,62,39,0,220,145,0,99.72677595628416,8,2.191780821917808,16.5,Current Asthma,10.5,True
26091,Adrian,Lenawee,MI,Michigan,41.8960225,-84.0743563,2020,97808,366,248,116,2,0,0,0,122,61,42,0,134,232,0,100.0,2,0.546448087431694,20.1,COPD,7.0,True
26091,Adrian,Lenawee,MI,Michigan,41.8960225,-84.0743563,2020,97808,366,248,116,2,0,0,0,122,61,42,0,134,232,0,100.0,2,0.546448087431694,20.1,Current Asthma,11.0,True
26099,Sterling Heights,Macomb,MI,Michigan,42.6715526,-82.9114562,2020,870791,299,252,35,12,0,0,0,126,63,36,0,251,48,0,81.69398907103826,12,4.013377926421405,18.0,COPD,6.5,True
26099,Sterling Heights,Macomb,MI,Michigan,42.6715526,-82.9114562,2020,870791,299,252,35,12,0,0,0,126,63,36,0,251,48,0,81.69398907103826,12,4.013377926421405,18.0,Current Asthma,11.4,True
26105,Ludington,Mason,MI,Michigan,43.9571957,-86.4429369,2020,29164,251,229,20,1,1,0,0,159,49,37,0,251,0,0,68.5792349726776,2,0.796812749003984,21.4,COPD,7.5,True
26105,Ludington,Mason,MI,Michigan,43.9571957,-86.4429369,2020,29164,251,229,20,1,1,0,0,159,49,37,0,251,0,0,68.5792349726776,2,0.796812749003984,21.4,Current Asthma,11.1,True
26121,Muskegon,Muskegon,MI,Michigan,43.4287388,-86.4209083,2020,173883,248,210,32,6,0,0,0,143,64,37,0,248,0,0,67.75956284153006,6,2.4193548387096775,21.6,COPD,7.4,True
26121,Muskegon,Muskegon,MI,Michigan,43.4287388,-86.4209083,2020,173883,248,210,32,6,0,0,0,143,64,37,0,248,0,0,67.75956284153006,6,2.4193548387096775,21.6,Current Asthma,11.5,True
26125,Pontiac,Oakland,MI,Michigan,42.6604518,-83.3842103,2020,1253459,298,244,48,6,0,0,0,126,61,37,0,237,61,0,81.4207650273224,6,2.013422818791946,13.6,COPD,5.0,True
26125,Pontiac,Oakland,MI,Michigan,42.6604518,-83.3842103,2020,1253459,298,244,48,6,0,0,0,126,61,37,0,237,61,0,81.4207650273224,6,2.013422818791946,13.6,Current Asthma,10.1,True
26139,Holland,Ottawa,MI,Michigan,43.054969,-86.2193493,2020,294635,365,303,56,6,0,0,0,150,59,35,79,227,56,3,99.72677595628416,6,1.643835616438356,16.7,COPD,5.9,True
26139,Holland,Ottawa,MI,Michigan,43.054969,-86.2193493,2020,294635,365,303,56,6,0,0,0,150,59,35,79,227,56,3,99.72677595628416,6,1.643835616438356,16.7,Current Asthma,10.3,True
26153,Manistique,Schoolcraft,MI,Michigan,46.0211217,-86.197029,2020,8104,347,323,21,3,0,0,0,133,48,34,0,232,115,0,94.80874316939891,3,0.8645533141210375,23.9,COPD,8.2,True
26153,Manistique,Schoolcraft,MI,Michigan,46.0211217,-86.197029,2020,8104,347,323,21,3,0,0,0,133,48,34,0,232,115,0,94.80874316939891,3,0.8645533141210375,23.9,Current Asthma,11.7,True
26147,Port Huron,St. Clair,MI,Michigan,42.9288035,-82.6689135,2020,159293,328,247,80,1,0,0,0,105,60,39,0,135,193,0,89.61748633879782,1,0.3048780487804878,21.3,COPD,7.2,True
26147,Port Huron,St. Clair,MI,Michigan,42.9288035,-82.6689135,2020,159293,328,247,80,1,0,0,0,105,60,39,0,135,193,0,89.61748633879782,1,0.3048780487804878,21.3,Current Asthma,11.2,True
26157,Vassar,Tuscola,MI,Michigan,43.4879024,-83.436618,2020,52289,343,330,11,2,0,0,0,101,44,32,0,343,0,0,93.71584699453553,2,0.5830903790087464,23.4,COPD,7.8,True
26157,Vassar,Tuscola,MI,Michigan,43.4879024,-83.436618,2020,52289,343,330,11,2,0,0,0,101,44,32,0,343,0,0,93.71584699453553,2,0.5830903790087464,23.4,Current Asthma,11.1,True
26161,Ann Arbor,Washtenaw,MI,Michigan,42.2522168,-83.8434233,2020,366473,366,236,124,5,1,0,0,160,61,43,0,150,216,0,100.0,6,1.639344262295082,13.8,COPD,5.0,True
26161,Ann Arbor,Washtenaw,MI,Michigan,42.2522168,-83.8434233,2020,366473,366,236,124,5,1,0,0,160,61,43,0,150,216,0,100.0,6,1.639344262295082,13.8,Current Asthma,11.4,True
26163,Detroit,Wayne,MI,Michigan,42.2846636,-83.2619533,2020,1740623,366,118,238,8,2,0,0,188,75,55,3,43,316,4,100.0,10,2.73224043715847,21.6,COPD,7.4,True
26163,Detroit,Wayne,MI,Michigan,42.2846636,-83.2619533,2020,1740623,366,118,238,8,2,0,0,188,75,55,3,43,316,4,100.0,10,2.73224043715847,21.6,Current Asthma,13.0,True
26165,Cadillac,Wexford,MI,Michigan,44.3313751,-85.5700462,2020,33743,356,341,15,0,0,0,0,100,44,33,0,356,0,0,97.26775956284153,0,0.0,21.8,COPD,7.7,True
26165,Cadillac,Wexford,MI,Michigan,44.3313751,-85.5700462,2020,33743,356,341,15,0,0,0,0,100,44,33,0,356,0,0,97.26775956284153,0,0.0,21.8,Current Asthma,11.3,True
27003,Anoka,Anoka,MN,Minnesota,45.2741098,-93.2427232,2020,359921,366,289,77,0,0,0,0,87,57,38,6,196,163,1,100.0,0,0.0,16.2,COPD,4.4,True
27003,Anoka,Anoka,MN,Minnesota,45.2741098,-93.2427232,2020,359921,366,289,77,0,0,0,0,87,57,38,6,196,163,1,100.0,0,0.0,16.2,Current Asthma,9.2,True
27005,Detroit Lakes,Becker,MN,Minnesota,46.9376289,-95.7417568,2020,34456,366,325,40,1,0,0,0,101,51,34,0,218,148,0,100.0,1,0.273224043715847,19.7,COPD,5.4,True
27005,Detroit Lakes,Becker,MN,Minnesota,46.9376289,-95.7417568,2020,34456,366,325,40,1,0,0,0,101,51,34,0,218,148,0,100.0,1,0.273224043715847,19.7,Current Asthma,9.3,True
27007,Bemidji,Beltrami,MN,Minnesota,47.8795077,-95.00505,2020,47442,359,318,41,0,0,0,0,76,51,30,0,0,359,0,98.08743169398907,0,0.0,23.0,COPD,6.1,True
27007,Bemidji,Beltrami,MN,Minnesota,47.8795077,-95.00505,2020,47442,359,318,41,0,0,0,0,76,51,30,0,0,359,0,98.08743169398907,0,0.0,23.0,Current Asthma,10.2,True
27017,Cloquet,Carlton,MN,Minnesota,46.6038184,-92.6710435,2020,35769,354,347,7,0,0,0,0,84,42,25,0,188,166,0,96.72131147540983,0,0.0,21.4,COPD,5.4,True
27017,Cloquet,Carlton,MN,Minnesota,46.6038184,-92.6710435,2020,35769,354,347,7,0,0,0,0,84,42,25,0,188,166,0,96.72131147540983,0,0.0,21.4,Current Asthma,9.3,True
27021,Cass Lake,Cass,MN,Minnesota,46.9517447,-94.3337048,2020,29928,346,316,30,0,0,0,0,78,46,22,0,0,346,0,94.53551912568307,0,0.0,21.0,COPD,5.8,False
27021,Cass Lake,Cass,MN,Minnesota,46.9517447,-94.3337048,2020,29928,346,316,30,0,0,0,0,78,46,22,0,0,346,0,94.53551912568307,0,0.0,21.0,Current Asthma,9.4,False
27035,Brainerd,Crow Wing,MN,Minnesota,46.4916528,-94.0707182,2020,65644,359,338,21,0,0,0,0,79,45,31,0,177,182,0,98.08743169398907,0,0.0,19.5,COPD,5.1,True
27035,Brainerd,Crow Wing,MN,Minnesota,46.4916528,-94.0707182,2020,65644,359,338,21,0,0,0,0,79,45,31,0,177,182,0,98.08743169398907,0,0.0,19.5,Current Asthma,8.9,True
27037,Rosemount,Dakota,MN,Minnesota,44.670893,-93.0624813,2020,431807,366,260,105,1,0,0,0,135,57,40,4,0,362,0,100.0,1,0.273224043715847,13.5,COPD,3.9,True
27037,Rosemount,Dakota,MN,Minnesota,44.670893,-93.0624813,2020,431807,366,260,105,1,0,0,0,135,57,40,4,0,362,0,100.0,1,0.273224043715847,13.5,Current Asthma,8.8,True
27049,Red Wing,Goodhue,MN,Minnesota,44.4061779,-92.7160003,2020,46318,210,201,9,0,0,0,0,87,46,35,0,210,0,0,57.377049180327866,0,0.0,18.0,COPD,4.8,True
27049,Red Wing,Goodhue,MN,Minnesota,44.4061779,-92.7160003,2020,46318,210,201,9,0,0,0,0,87,46,35,0,210,0,0,57.377049180327866,0,0.0,18.0,Current Asthma,8.8,True
27053,Minneapolis,Hennepin,MN,Minnesota,45.0061209,-93.4752279,2020,1268408,366,206,158,1,1,0,0,158,61,48,9,12,289,56,100.0,2,0.546448087431694,13.3,COPD,3.6,True
27053,Minneapolis,Hennepin,MN,Minnesota,45.0061209,-93.4752279,2020,1268408,366,206,158,1,1,0,0,158,61,48,9,12,289,56,100.0,2,0.546448087431694,13.3,Current Asthma,9.0,True
27075,Silver Bay,Lake,MN,Minnesota,47.5171114,-91.4117038,2020,10639,365,344,21,0,0,0,0,71,46,34,0,156,209,0,99.72677595628416,0,0.0,17.7,COPD,4.8,True
27075,Silver Bay,Lake,MN,Minnesota,47.5171114,-91.4117038,2020,10639,365,344,21,0,0,0,0,71,46,34,0,156,209,0,99.72677595628416,0,0.0,17.7,Current Asthma,9.0,True
27083,Marshall,Lyon,MN,Minnesota,44.4091953,-95.8472678,2020,25271,360,309,51,0,0,0,0,80,54,35,0,167,193,0,98.36065573770492,0,0.0,18.5,COPD,5.2,True
27083,Marshall,Lyon,MN,Minnesota,44.4091953,-95.8472678,2020,25271,360,309,51,0,0,0,0,80,54,35,0,167,193,0,98.36065573770492,0,0.0,18.5,Current Asthma,9.0,True
27095,Onamia,Mille Lacs,MN,Minnesota,45.9290434,-93.6329964,2020,26146,245,240,5,0,0,0,0,87,44,33,0,245,0,0,66.93989071038251,0,0.0,22.0,COPD,5.9,False
27095,Onamia,Mille Lacs,MN,Minnesota,45.9290434,-93.6329964,2020,26146,245,240,5,0,0,0,0,87,44,33,0,245,0,0,66.93989071038251,0,0.0,22.0,Current Asthma,9.3,False
27109,Rochester,Olmsted,MN,Minnesota,43.9994993,-92.4100977,2020,159298,366,292,73,1,0,0,0,111,56,38,0,195,171,0,100.0,1,0.273224043715847,14.1,COPD,4.1,True
27109,Rochester,Olmsted,MN,Minnesota,43.9994993,-92.4100977,2020,159298,366,292,73,1,0,0,0,111,56,38,0,195,171,0,100.0,1,0.273224043715847,14.1,Current Asthma,9.0,True
27123,St. Paul,Ramsey,MN,Minnesota,45.0152037,-93.0999648,2020,547903,366,252,113,0,1,0,0,163,58,40,0,0,350,16,100.0,1,0.273224043715847,15.5,COPD,4.5,True
27123,St. Paul,Ramsey,MN,Minnesota,45.0152037,-93.0999648,2020,547903,366,252,113,0,1,0,0,163,58,40,0,0,350,16,100.0,1,0.273224043715847,15.5,Current Asthma,8.7,True
27139,Shakopee,Scott,MN,Minnesota,44.651805,-93.5337311,2020,150689,365,307,57,1,0,0,0,121,54,35,0,183,182,0,99.72677595628416,1,0.273972602739726,13.7,COPD,3.9,True
27139,Shakopee,Scott,MN,Minnesota,44.651805,-93.5337311,2020,150689,365,307,57,1,0,0,0,121,54,35,0,183,182,0,99.72677595628416,1,0.273972602739726,13.7,Current Asthma,8.4,True
27145,St. Cloud,Stearns,MN,Minnesota,45.5552345,-94.6104822,2020,162038,366,309,57,0,0,0,0,80,53,36,0,182,184,0,100.0,0,0.0,17.8,COPD,5.2,True
27145,St. Cloud,Stearns,MN,Minnesota,45.5552345,-94.6104822,2020,162038,366,309,57,0,0,0,0,80,53,36,0,182,184,0,100.0,0,0.0,17.8,Current Asthma,8.9,True
27163,St. Paul Park,Washington,MN,Minnesota,45.037929,-92.890117,2020,265476,215,210,5,0,0,0,0,77,44,33,0,215,0,0,58.7431693989071,0,0.0,13.3,COPD,3.8,True
27163,St. Paul Park,Washington,MN,Minnesota,45.037929,-92.890117,2020,265476,215,210,5,0,0,0,0,77,44,33,0,215,0,0,58.7431693989071,0,0.0,13.3,Current Asthma,8.5,True
27171,Monticello,Wright,MN,Minnesota,45.1750914,-93.9663964,2020,140249,357,289,67,1,0,0,0,112,55,37,0,165,192,0,97.54098360655738,1,0.2801120448179272,16.5,COPD,4.3,True
27171,Monticello,Wright,MN,Minnesota,45.1750914,-93.9663964,2020,140249,357,289,67,1,0,0,0,112,55,37,0,165,192,0,97.54098360655738,1,0.2801120448179272,16.5,Current Asthma,8.7,True
28011,Cleveland,Bolivar,MS,Mississippi,33.7991391,-90.8841199,2020,30142,363,233,130,0,0,0,0,87,60,46,0,97,266,0,99.18032786885246,0,0.0,21.1,COPD,8.1,True
28011,Cleveland,Bolivar,MS,Mississippi,33.7991391,-90.8841199,2020,30142,363,233,130,0,0,0,0,87,60,46,0,97,266,0,99.18032786885246,0,0.0,21.1,Current Asthma,11.2,True
28033,Hernando,DeSoto,MS,Mississippi,34.8749217,-89.9912114,2020,188275,365,246,119,0,0,0,0,100,58,44,0,84,281,0,99.72677595628416,0,0.0,18.2,COPD,5.7,True
28033,Hernando,DeSoto,MS,Mississippi,34.8749217,-89.9912114,2020,188275,365,246,119,0,0,0,0,100,58,44,0,84,281,0,99.72677595628416,0,0.0,18.2,Current Asthma,9.4,True
28035,Hattiesburg,Forrest,MS,Mississippi,31.1885802,-89.2594467,2020,75009,361,196,165,0,0,0,0,97,63,48,0,0,361,0,98.63387978142076,0,0.0,20.2,COPD,7.2,True
28035,Hattiesburg,Forrest,MS,Mississippi,31.1885802,-89.2594467,2020,75009,361,196,165,0,0,0,0,97,63,48,0,0,361,0,98.63387978142076,0,0.0,20.2,Current Asthma,10.2,True
28045,Waveland,Hancock,MS,Mississippi,30.3916415,-89.4827905,2020,48000,351,217,134,0,0,0,0,90,59,45,0,75,276,0,95.90163934426229,0,0.0,17.6,COPD,6.4,True
28045,Waveland,Hancock,MS,Mississippi,30.3916415,-89.4827905,2020,48000,351,217,134,0,0,0,0,90,59,45,0,75,276,0,95.90163934426229,0,0.0,17.6,Current Asthma,9.1,True
28047,Gulfport,Harrison,MS,Mississippi,30.4165357,-89.0833762,2020,208801,352,179,172,1,0,0,0,101,63,49,0,49,303,0,96.17486338797814,1,0.2840909090909091,19.2,COPD,6.7,True
28047,Gulfport,Harrison,MS,Mississippi,30.4165357,-89.0833762,2020,208801,352,179,172,1,0,0,0,101,63,49,0,49,303,0,96.17486338797814,1,0.2840909090909091,19.2,Current Asthma,9.3,True
28049,Jackson,Hinds,MS,Mississippi,32.2677879,-90.4660171,2020,227966,366,152,213,1,0,0,0,114,66,53,0,36,330,0,100.0,1,0.273224043715847,17.3,COPD,6.2,True
28049,Jackson,Hinds,MS,Mississippi,32.2677879,-90.4660171,2020,227966,366,152,213,1,0,0,0,114,66,53,0,36,330,0,100.0,1,0.273224043715847,17.3,Current Asthma,10.2,True
28059,Pascagoula,Jackson,MS,Mississippi,30.4560045,-88.6251005,2020,143802,356,204,152,0,0,0,0,84,59,47,1,71,284,0,97.26775956284153,0,0.0,18.8,COPD,6.5,True
28059,Pascagoula,Jackson,MS,Mississippi,30.4560045,-88.6251005,2020,143802,356,204,152,0,0,0,0,84,59,47,1,71,284,0,97.26775956284153,0,0.0,18.8,Current Asthma,9.4,True
28075,Meridian,Lauderdale,MS,Mississippi,32.4039981,-88.6604487,2020,73751,252,252,0,0,0,0,0,50,42,31,0,252,0,0,68.85245901639344,0,0.0,20.9,COPD,7.3,True
28075,Meridian,Lauderdale,MS,Mississippi,32.4039981,-88.6604487,2020,73751,252,252,0,0,0,0,0,50,42,31,0,252,0,0,68.85245901639344,0,0.0,20.9,Current Asthma,10.0,True
28081,Tupelo,Lee,MS,Mississippi,34.2923703,-88.6824388,2020,85466,243,242,1,0,0,0,0,54,45,35,0,243,0,0,66.39344262295081,0,0.0,17.7,COPD,6.2,True
28081,Tupelo,Lee,MS,Mississippi,34.2923703,-88.6824388,2020,85466,243,242,1,0,0,0,0,54,45,35,0,243,0,0,66.39344262295081,0,0.0,17.7,Current Asthma,9.8,True
29019,Columbia,Boone,MO,Missouri,38.9898614,-92.3102022,2020,182991,244,235,9,0,0,0,0,93,44,33,0,244,0,0,66.66666666666666,0,0.0,15.9,COPD,6.5,True
29019,Columbia,Boone,MO,Missouri,38.9898614,-92.3102022,2020,182991,244,235,9,0,0,0,0,93,44,33,0,244,0,0,66.66666666666666,0,0.0,15.9,Current Asthma,9.7,True
29021,St. Joseph,Buchanan,MO,Missouri,39.6603695,-94.8081728,2020,86530,365,248,116,1,0,0,0,126,58,42,0,0,315,50,99.72677595628416,1,0.273972602739726,23.1,COPD,8.2,True
29021,St. Joseph,Buchanan,MO,Missouri,39.6603695,-94.8081728,2020,86530,365,248,116,1,0,0,0,126,58,42,0,0,315,50,99.72677595628416,1,0.273972602739726,23.1,Current Asthma,9.7,True
29027,Fulton,Callaway,MO,Missouri,38.835547,-91.9234458,2020,44887,245,234,11,0,0,0,0,87,45,35,0,245,0,0,66.93989071038251,0,0.0,20.7,COPD,7.3,True
29027,Fulton,Callaway,MO,Missouri,38.835547,-91.9234458,2020,44887,245,234,11,0,0,0,0,87,45,35,0,245,0,0,66.93989071038251,0,0.0,20.7,Current Asthma,9.7,True
29037,Kansas City,Cass,MO,Missouri,38.6464737,-94.3545467,2020,106806,362,300,60,2,0,0,0,105,54,39,0,171,191,0,98.90710382513662,2,0.5524861878453038,19.0,COPD,6.5,True
29037,Kansas City,Cass,MO,Missouri,38.6464737,-94.3545467,2020,106806,362,300,60,2,0,0,0,105,54,39,0,171,191,0,98.90710382513662,2,0.5524861878453038,19.0,Current Asthma,9.4,True
29047,Kansas City,Clay,MO,Missouri,39.3155512,-94.4215024,2020,253463,364,287,76,1,0,0,0,101,60,39,0,195,169,0,99.4535519125683,1,0.27472527472527475,18.6,COPD,6.2,True
29047,Kansas City,Clay,MO,Missouri,39.3155512,-94.4215024,2020,253463,364,287,76,1,0,0,0,101,60,39,0,195,169,0,99.4535519125683,1,0.27472527472527475,18.6,Current Asthma,9.6,True
29049,Trimble,Clinton,MO,Missouri,39.6087233,-94.3958028,2020,20553,245,226,19,0,0,0,0,87,48,37,0,245,0,0,66.93989071038251,0,0.0,20.7,COPD,7.1,True
29049,Trimble,Clinton,MO,Missouri,39.6087233,-94.3958028,2020,20553,245,226,19,0,0,0,0,87,48,37,0,245,0,0,66.93989071038251,0,0.0,20.7,Current Asthma,9.3,True
29077,Springfield,Greene,MO,Missouri,37.2581957,-93.3406409,2020,294997,364,268,95,1,0,0,0,116,57,40,0,124,234,6,99.4535519125683,1,0.27472527472527475,20.0,COPD,7.5,True
29077,Springfield,Greene,MO,Missouri,37.2581957,-93.3406409,2020,294997,364,268,95,1,0,0,0,116,57,40,0,124,234,6,99.4535519125683,1,0.27472527472527475,20.0,Current Asthma,9.6,True
29095,Kansas City,Jackson,MO,Missouri,39.005364,-94.3432105,2020,705925,366,175,188,2,1,0,0,159,65,51,11,0,312,43,100.0,3,0.819672131147541,19.0,COPD,6.8,True
29095,Kansas City,Jackson,MO,Missouri,39.005364,-94.3432105,2020,705925,366,175,188,2,1,0,0,159,65,51,11,0,312,43,100.0,3,0.819672131147541,19.0,Current Asthma,9.9,True
29097,Joplin,Jasper,MO,Missouri,37.2051967,-94.3372594,2020,121648,366,320,46,0,0,0,0,82,52,35,0,212,0,154,100.0,0,0.0,22.4,COPD,8.4,True
29097,Joplin,Jasper,MO,Missouri,37.2051967,-94.3372594,2020,121648,366,320,46,0,0,0,0,82,52,35,0,212,0,154,100.0,0,0.0,22.4,Current Asthma,9.7,True
29099,Herculaneum,Jefferson,MO,Missouri,38.2576296,-90.5436807,2020,226543,365,250,113,2,0,0,0,141,59,43,0,119,238,8,99.72677595628416,2,0.547945205479452,20.7,COPD,7.2,True
29099,Herculaneum,Jefferson,MO,Missouri,38.2576296,-90.5436807,2020,226543,365,250,113,2,0,0,0,141,59,43,0,119,238,8,99.72677595628416,2,0.547945205479452,20.7,Current Asthma,9.6,True
29113,Foley,Lincoln,MO,Missouri,39.0622547,-90.9629165,2020,60119,245,228,16,1,0,0,0,108,48,37,0,245,0,0,66.93989071038251,1,0.40816326530612246,22.1,COPD,7.6,True
29113,Foley,Lincoln,MO,Missouri,39.0622547,-90.9629165,2020,60119,245,228,16,1,0,0,0,108,48,37,0,245,0,0,66.93989071038251,1,0.40816326530612246,22.1,Current Asthma,9.7,True
29510,St. Louis,St. Louis City,MO,Missouri,38.6356988,-90.2445816,2020,297645,366,137,224,4,1,0,0,156,70,54,6,64,269,27,100.0,5,1.366120218579235,19.4,COPD,6.9,False
29510,St. Louis,St. Louis City,MO,Missouri,38.6356988,-90.2445816,2020,297645,366,137,224,4,1,0,0,156,70,54,6,64,269,27,100.0,5,1.366120218579235,19.4,Current Asthma,10.6,False
30013,Great Falls,Cascade,MT,Montana,47.3165751,-111.3502622,2020,81346,359,314,42,3,0,0,0,115,54,24,0,0,359,0,98.08743169398907,3,0.8356545961002786,18.6,COPD,6.3,True
30013,Great Falls,Cascade,MT,Montana,47.3165751,-111.3502622,2020,81346,359,314,42,3,0,0,0,115,54,24,0,0,359,0,98.08743169398907,3,0.8356545961002786,18.6,Current Asthma,11.0,True
30027,Lewistown,Fergus,MT,Montana,47.2218156,-109.2329562,2020,11104,366,330,33,1,2,0,0,159,50,39,1,307,58,0,100.0,3,0.819672131147541,17.2,COPD,6.0,True
30027,Lewistown,Fergus,MT,Montana,47.2218156,-109.2329562,2020,11104,366,330,33,1,2,0,0,159,50,39,1,307,58,0,100.0,3,0.819672131147541,17.2,Current Asthma,10.1,True
30029,Kalispell,Flathead,MT,Montana,48.2954221,-114.0520587,2020,105851,366,286,72,3,4,1,0,206,59,37,0,219,124,23,100.0,8,2.185792349726776,17.1,COPD,5.7,True
30029,Kalispell,Flathead,MT,Montana,48.2954221,-114.0520587,2020,105851,366,286,72,3,4,1,0,206,59,37,0,219,124,23,100.0,8,2.185792349726776,17.1,Current Asthma,9.9,True
30031,Bozeman,Gallatin,MT,Montana,45.5180536,-111.1639214,2020,116806,366,290,65,9,2,0,0,162,57,29,3,0,362,0,100.0,11,3.0054644808743167,12.9,COPD,4.6,True
30031,Bozeman,Gallatin,MT,Montana,45.5180536,-111.1639214,2020,116806,366,290,65,9,2,0,0,162,57,29,3,0,362,0,100.0,11,3.0054644808743167,12.9,Current Asthma,9.2,True
30049,East Helena,Lewis and Clark,MT,Montana,47.1320133,-112.3733673,2020,70229,366,277,84,1,4,0,0,168,60,42,0,230,136,0,100.0,5,1.366120218579235,14.8,COPD,5.3,True
30049,East Helena,Lewis and Clark,MT,Montana,47.1320133,-112.3733673,2020,70229,366,277,84,1,4,0,0,168,60,42,0,230,136,0,100.0,5,1.366120218579235,14.8,Current Asthma,10.1,True
30053,Libby,Lincoln,MT,Montana,48.5523847,-115.4631849,2020,20343,366,175,182,2,4,1,2,403,75,52,0,0,364,2,100.0,9,2.459016393442623,20.6,COPD,7.3,True
30053,Libby,Lincoln,MT,Montana,48.5523847,-115.4631849,2020,20343,366,175,182,2,4,1,2,403,75,52,0,0,364,2,100.0,9,2.459016393442623,20.6,Current Asthma,10.6,True
30063,Missoula,Missoula,MT,Montana,47.0272632,-113.8926911,2020,121630,366,155,192,13,6,0,0,185,85,54,0,96,270,0,100.0,19,5.191256830601093,14.2,COPD,5.2,False
30063,Missoula,Missoula,MT,Montana,47.0272632,-113.8926911,2020,121630,366,155,192,13,6,0,0,185,85,54,0,96,270,0,100.0,19,5.191256830601093,14.2,Current Asthma,10.0,False
30083,Sidney,Richland,MT,Montana,47.785633,-104.5634082,2020,11043,366,343,23,0,0,0,0,72,47,37,0,302,62,2,100.0,0,0.0,17.7,COPD,5.5,True
30083,Sidney,Richland,MT,Montana,47.785633,-104.5634082,2020,11043,366,343,23,0,0,0,0,72,47,37,0,302,62,2,100.0,0,0.0,17.7,Current Asthma,10.0,True
30087,Forsyth,Rosebud,MT,Montana,46.1732061,-106.6667917,2020,8836,366,321,40,3,2,0,0,154,53,37,12,254,61,39,100.0,5,1.366120218579235,21.8,COPD,7.4,False
30087,Forsyth,Rosebud,MT,Montana,46.1732061,-106.6667917,2020,8836,366,321,40,3,2,0,0,154,53,37,12,254,61,39,100.0,5,1.366120218579235,21.8,Current Asthma,11.4,False
30089,Thompson Falls,Sanders,MT,Montana,47.7564968,-115.1803062,2020,12157,366,302,56,1,4,3,0,261,57,31,0,0,361,5,100.0,8,2.185792349726776,21.8,COPD,7.5,True
30089,Thompson Falls,Sanders,MT,Montana,47.7564968,-115.1803062,2020,12157,366,302,56,1,4,3,0,261,57,31,0,0,361,5,100.0,8,2.185792349726776,21.8,Current Asthma,10.7,True
30093,Butte-Silver Bow (Remainder),Silver Bow,MT,Montana,45.8962319,-112.6600714,2020,35180,366,289,69,5,3,0,0,181,61,22,0,0,247,119,100.0,8,2.185792349726776,19.2,COPD,6.4,True
30093,Butte-Silver Bow (Remainder),Silver Bow,MT,Montana,45.8962319,-112.6600714,2020,35180,366,289,69,5,3,0,0,181,61,22,0,0,247,119,100.0,8,2.185792349726776,19.2,Current Asthma,10.3,True
30111,Billings,Yellowstone,MT,Montana,45.9369867,-108.2766564,2020,162990,364,304,57,2,1,0,0,163,55,31,0,0,364,0,99.4535519125683,3,0.8241758241758242,17.6,COPD,5.6,True
30111,Billings,Yellowstone,MT,Montana,45.9369867,-108.2766564,2020,162990,364,304,57,2,1,0,0,163,55,31,0,0,364,0,99.4535519125683,3,0.8241758241758242,17.6,Current Asthma,10.8,True
31055,Omaha,Douglas,NE,Nebraska,41.2970908,-96.1540664,2020,574332,366,267,97,1,1,0,0,157,57,42,0,133,222,9,100.0,2,0.546448087431694,15.2,COPD,4.6,True
31055,Omaha,Douglas,NE,Nebraska,41.2970908,-96.1540664,2020,574332,366,267,97,1,1,0,0,157,57,42,0,133,222,9,100.0,2,0.546448087431694,15.2,Current Asthma,8.3,True
31079,Grand Island,Hall,NE,Nebraska,40.8660265,-98.5026645,2020,61028,338,296,42,0,0,0,0,87,53,26,0,0,338,0,92.34972677595628,0,0.0,17.3,COPD,5.7,False
31079,Grand Island,Hall,NE,Nebraska,40.8660265,-98.5026645,2020,61028,338,296,42,0,0,0,0,87,53,26,0,0,338,0,92.34972677595628,0,0.0,17.3,Current Asthma,8.6,False
31109,Lincoln,Lancaster,NE,Nebraska,40.7835474,-96.6886584,2020,320650,282,261,21,0,0,0,0,77,48,35,0,204,78,0,77.04918032786885,0,0.0,15.0,COPD,4.6,True
31109,Lincoln,Lancaster,NE,Nebraska,40.7835474,-96.6886584,2020,320650,282,261,21,0,0,0,0,77,48,35,0,204,78,0,77.04918032786885,0,0.0,15.0,Current Asthma,8.2,True
31153,Bellevue,Sarpy,NE,Nebraska,41.1150635,-96.1091254,2020,188856,316,227,87,2,0,0,0,149,57,39,0,0,316,0,86.33879781420765,2,0.6329113924050633,12.5,COPD,4.1,True
31153,Bellevue,Sarpy,NE,Nebraska,41.1150635,-96.1091254,2020,188856,316,227,87,2,0,0,0,149,57,39,0,0,316,0,86.33879781420765,2,0.6329113924050633,12.5,Current Asthma,7.8,True
31157,Scottsbluff,Scotts Bluff,NE,Nebraska,41.8503306,-103.7015494,2020,35299,278,170,106,2,0,0,0,122,61,36,0,0,278,0,75.95628415300546,2,0.7194244604316548,17.1,COPD,5.5,False
31157,Scottsbluff,Scotts Bluff,NE,Nebraska,41.8503306,-103.7015494,2020,35299,278,170,106,2,0,0,0,122,61,36,0,0,278,0,75.95628415300546,2,0.7194244604316548,17.1,Current Asthma,8.7,False
32510,Carson City,Carson City,NV,Nevada,39.1530598,-119.7473681,2020,56034,366,284,62,12,6,2,0,210,71,42,0,240,126,0,100.0,20,5.46448087431694,18.4,COPD,6.6,True
32510,Carson City,Carson City,NV,Nevada,39.1530598,-119.7473681,2020,56034,366,284,62,12,6,2,0,210,71,42,0,240,126,0,100.0,20,5.46448087431694,18.4,Current Asthma,10.1,True
32001,Fallon,Churchill,NV,Nevada,39.5377097,-118.2641661,2020,25363,363,336,25,2,0,0,0,147,50,40,0,363,0,0,99.18032786885246,2,0.5509641873278237,19.7,COPD,7.0,True
32001,Fallon,Churchill,NV,Nevada,39.5377097,-118.2641661,2020,25363,363,336,25,2,0,0,0,147,50,40,0,363,0,0,99.18032786885246,2,0.5509641873278237,19.7,Current Asthma,10.3,True
32005,Stateline,Douglas,NV,Nevada,38.9051292,-119.6090191,2020,49088,366,286,63,6,7,4,0,274,64,22,0,0,366,0,100.0,17,4.644808743169399,16.9,COPD,5.6,False
32005,Stateline,Douglas,NV,Nevada,38.9051292,-119.6090191,2020,49088,366,286,63,6,7,4,0,274,64,22,0,0,366,0,100.0,17,4.644808743169399,16.9,Current Asthma,10.0,False
32007,Elko,Elko,NV,Nevada,41.1411327,-115.3514239,2020,53006,363,304,55,1,3,0,0,169,57,30,0,133,12,218,99.18032786885246,4,1.1019283746556474,19.4,COPD,6.8,False
32007,Elko,Elko,NV,Nevada,41.1411327,-115.3514239,2020,53006,363,304,55,1,3,0,0,169,57,30,0,133,12,218,99.18032786885246,4,1.1019283746556474,19.4,Current Asthma,10.2,False
32019,Churchill,Lyon,NV,Nevada,39.0222125,-119.1974246,2020,58319,356,308,39,5,3,0,1,328,59,38,0,302,0,54,97.26775956284153,9,2.528089887640449,20.6,COPD,7.3,True
32019,Churchill,Lyon,NV,Nevada,39.0222125,-119.1974246,2020,58319,356,308,39,5,3,0,1,328,59,38,0,302,0,54,97.26775956284153,9,2.528089887640449,20.6,Current Asthma,10.7,True
32023,Pahrump,Nye,NV,Nevada,37.9658636,-116.4590107,2020,48054,366,343,20,1,2,0,0,200,40,21,0,0,0,366,100.0,3,0.819672131147541,22.4,COPD,7.9,False
32023,Pahrump,Nye,NV,Nevada,37.9658636,-116.4590107,2020,48054,366,343,20,1,2,0,0,200,40,21,0,0,0,366,100.0,3,0.819672131147541,22.4,Current Asthma,10.7,False
32031,Reno,Washoe,NV,Nevada,40.7313196,-119.6632695,2020,477082,366,193,149,11,11,2,0,265,85,50,3,217,139,7,100.0,24,6.557377049180328,17.4,COPD,5.9,False
32031,Reno,Washoe,NV,Nevada,40.7313196,-119.6632695,2020,477082,366,193,149,11,11,2,0,265,85,50,3,217,139,7,100.0,24,6.557377049180328,17.4,Current Asthma,9.8,False
32033,Lehman Caves National Monument,White Pine,NV,Nevada,39.4181759,-114.9005649,2020,9466,361,294,64,3,0,0,0,136,64,44,0,358,3,0,98.63387978142076,3,0.8310249307479225,21.3,COPD,7.2,True
32033,Lehman Caves National Monument,White Pine,NV,Nevada,39.4181759,-114.9005649,2020,9466,361,294,64,3,0,0,0,136,64,44,0,358,3,0,98.63387978142076,3,0.8310249307479225,21.3,Current Asthma,10.0,True
33001,Laconia,Belknap,NH,New Hampshire,43.5191091,-71.4253661,2020,61551,359,342,17,0,0,0,0,65,45,32,0,168,191,0,98.08743169398907,0,0.0,16.8,COPD,5.9,True
33001,Laconia,Belknap,NH,New Hampshire,43.5191091,-71.4253661,2020,61551,359,342,17,0,0,0,0,65,45,32,0,168,191,0,98.08743169398907,0,0.0,16.8,Current Asthma,10.9,True
33005,Keene,Cheshire,NH,New Hampshire,42.9254596,-72.2481828,2020,76228,366,299,67,0,0,0,0,78,55,37,0,173,193,0,100.0,0,0.0,15.4,COPD,5.8,True
33005,Keene,Cheshire,NH,New Hampshire,42.9254596,-72.2481828,2020,76228,366,299,67,0,0,0,0,78,55,37,0,173,193,0,100.0,0,0.0,15.4,Current Asthma,11.0,True
33007,Berlin,Coos,NH,New Hampshire,44.6525477,-71.2894309,2020,31174,366,339,27,0,0,0,0,74,50,43,0,366,0,0,100.0,0,0.0,19.8,COPD,7.1,True
33007,Berlin,Coos,NH,New Hampshire,44.6525477,-71.2894309,2020,31174,366,339,27,0,0,0,0,74,50,43,0,366,0,0,100.0,0,0.0,19.8,Current Asthma,10.9,True
33009,Lebanon,Grafton,NH,New Hampshire,43.9264391,-71.8424242,2020,90691,366,344,22,0,0,0,0,70,45,35,0,269,97,0,100.0,0,0.0,14.9,COPD,5.5,True
33009,Lebanon,Grafton,NH,New Hampshire,43.9264391,-71.8424242,2020,90691,366,344,22,0,0,0,0,70,45,35,0,269,97,0,100.0,0,0.0,14.9,Current Asthma,10.8,True
33011,Manchester,Hillsborough,NH,New Hampshire,42.9115317,-71.7230554,2020,418735,366,351,15,0,0,0,0,90,46,37,0,337,29,0,100.0,0,0.0,14.1,COPD,5.1,True
33011,Manchester,Hillsborough,NH,New Hampshire,42.9115317,-71.7230554,2020,418735,366,351,15,0,0,0,0,90,46,37,0,337,29,0,100.0,0,0.0,14.1,Current Asthma,11.1,True
33013,Concord,Merrimack,NH,New Hampshire,43.2995786,-71.6800412,2020,152622,213,209,4,0,0,0,0,74,44,38,0,213,0,0,58.19672131147541,0,0.0,15.3,COPD,5.3,True
33013,Concord,Merrimack,NH,New Hampshire,43.2995786,-71.6800412,2020,152622,213,209,4,0,0,0,0,74,44,38,0,213,0,0,58.19672131147541,0,0.0,15.3,Current Asthma,10.9,True
33015,Portsmouth,Rockingham,NH,New Hampshire,42.9886636,-71.0990801,2020,311307,366,296,70,0,0,0,0,90,56,41,0,201,165,0,100.0,0,0.0,14.0,COPD,4.9,True
33015,Portsmouth,Rockingham,NH,New Hampshire,42.9886636,-71.0990801,2020,311307,366,296,70,0,0,0,0,90,56,41,0,201,165,0,100.0,0,0.0,14.0,Current Asthma,9.7,True
34001,Atlantic City,Atlantic,NJ,New Jersey,39.4693555,-74.6337591,2020,262945,359,286,73,0,0,0,0,90,55,37,0,170,189,0,98.08743169398907,0,0.0,16.7,COPD,6.0,False
34001,Atlantic City,Atlantic,NJ,New Jersey,39.4693555,-74.6337591,2020,262945,359,286,73,0,0,0,0,90,55,37,0,170,189,0,98.08743169398907,0,0.0,16.7,Current Asthma,10.2,False
34003,Fort Lee,Bergen,NJ,New Jersey,40.9596985,-74.0747272,2020,930394,364,228,133,3,0,0,0,119,63,43,45,120,196,0,99.4535519125683,3,0.8241758241758242,10.5,COPD,3.9,False
34003,Fort Lee,Bergen,NJ,New Jersey,40.9596985,-74.0747272,2020,930394,364,228,133,3,0,0,0,119,63,43,45,120,196,0,99.4535519125683,3,0.8241758241758242,10.5,Current Asthma,8.4,False
34007,Camden,Camden,NJ,New Jersey,39.8024071,-74.9612493,2020,506809,366,219,147,0,0,0,0,87,63,46,4,126,236,0,100.0,0,0.0,15.2,COPD,5.6,False
34007,Camden,Camden,NJ,New Jersey,39.8024071,-74.9612493,2020,506809,366,219,147,0,0,0,0,87,63,46,4,126,236,0,100.0,0,0.0,15.2,Current Asthma,10.2,False
34011,Bridgeton,Cumberland,NJ,New Jersey,39.3284336,-75.1216277,2020,147008,365,251,114,0,0,0,0,72,57,44,3,130,232,0,99.72677595628416,0,0.0,19.1,COPD,7.0,False
34011,Bridgeton,Cumberland,NJ,New Jersey,39.3284336,-75.1216277,2020,147008,365,251,114,0,0,0,0,72,57,44,3,130,232,0,99.72677595628416,0,0.0,19.1,Current Asthma,10.5,False
34013,Newark,Essex,NJ,New Jersey,40.7874003,-74.2462919,2020,800501,366,226,139,1,0,0,0,127,62,44,28,118,219,0,100.0,1,0.273224043715847,14.4,COPD,5.4,False
34013,Newark,Essex,NJ,New Jersey,40.7874003,-74.2462919,2020,800501,366,226,139,1,0,0,0,127,62,44,28,118,219,0,100.0,1,0.273224043715847,14.4,Current Asthma,10.7,False
34015,Paulsboro,Gloucester,NJ,New Jersey,39.7228745,-75.1456793,2020,293245,253,223,29,1,0,0,0,101,54,38,0,192,61,0,69.12568306010928,1,0.3952569169960474,13.4,COPD,5.2,False
34015,Paulsboro,Gloucester,NJ,New Jersey,39.7228745,-75.1456793,2020,293245,253,223,29,1,0,0,0,101,54,38,0,192,61,0,69.12568306010928,1,0.3952569169960474,13.4,Current Asthma,9.8,False
34017,Jersey City,Hudson,NJ,New Jersey,40.7313751,-74.0786014,2020,671666,366,259,107,0,0,0,0,90,59,39,51,136,179,0,100.0,0,0.0,11.9,COPD,4.5,False
34017,Jersey City,Hudson,NJ,New Jersey,40.7313751,-74.0786014,2020,671666,366,259,107,0,0,0,0,90,59,39,51,136,179,0,100.0,0,0.0,11.9,Current Asthma,8.7,False
34019,Flemington,Hunterdon,NJ,New Jersey,40.5652832,-74.9119695,2020,124797,364,265,99,0,0,0,0,87,57,41,0,169,195,0,99.4535519125683,0,0.0,10.3,COPD,4.2,False
34019,Flemington,Hunterdon,NJ,New Jersey,40.5652832,-74.9119695,2020,124797,364,265,99,0,0,0,0,87,57,41,0,169,195,0,99.4535519125683,0,0.0,10.3,Current Asthma,8.9,False
34021,Trenton,Mercer,NJ,New Jersey,40.2825026,-74.703724,2020,367239,366,262,101,3,0,0,0,112,58,42,0,182,184,0,100.0,3,0.819672131147541,12.3,COPD,4.8,False
34021,Trenton,Mercer,NJ,New Jersey,40.2825026,-74.703724,2020,367239,366,262,101,3,0,0,0,112,58,42,0,182,184,0,100.0,3,0.819672131147541,12.3,Current Asthma,9.5,False
34023,Perth Amboy,Middlesex,NJ,New Jersey,40.4396214,-74.4074303,2020,822736,366,257,108,1,0,0,0,112,58,41,6,155,205,0,100.0,1,0.273224043715847,11.1,COPD,4.3,False
34023,Perth Amboy,Middlesex,NJ,New Jersey,40.4396214,-74.4074303,2020,822736,366,257,108,1,0,0,0,112,58,41,6,155,205,0,100.0,1,0.273224043715847,11.1,Current Asthma,8.5,False
34025,Asbury Park,Monmouth,NJ,New Jersey,40.2870481,-74.1524456,2020,618381,226,209,17,0,0,0,0,93,48,37,0,226,0,0,61.74863387978142,0,0.0,11.3,COPD,4.7,False
34025,Asbury Park,Monmouth,NJ,New Jersey,40.2870481,-74.1524456,2020,618381,226,209,17,0,0,0,0,93,48,37,0,226,0,0,61.74863387978142,0,0.0,11.3,Current Asthma,9.1,False
34027,Morristown,Morris,NJ,New Jersey,40.8588961,-74.5472917,2020,491087,366,341,25,0,0,0,0,84,48,35,8,334,24,0,100.0,0,0.0,9.8,COPD,3.9,False
34027,Morristown,Morris,NJ,New Jersey,40.8588961,-74.5472917,2020,491087,366,341,25,0,0,0,0,84,48,35,8,334,24,0,100.0,0,0.0,9.8,Current Asthma,8.1,False
34029,Toms River,Ocean,NJ,New Jersey,39.865669,-74.2588636,2020,614237,356,290,66,0,0,0,0,84,55,38,0,154,202,0,97.26775956284153,0,0.0,15.3,COPD,5.6,False
34029,Toms River,Ocean,NJ,New Jersey,39.865669,-74.2588636,2020,614237,356,290,66,0,0,0,0,84,55,38,0,154,202,0,97.26775956284153,0,0.0,15.3,Current Asthma,10.4,False
34031,Paterson,Passaic,NJ,New Jersey,41.0366554,-74.2994078,2020,500382,262,245,17,0,0,0,0,100,47,37,0,243,19,0,71.58469945355192,0,0.0,13.4,COPD,5.4,False
34031,Paterson,Passaic,NJ,New Jersey,41.0366554,-74.2994078,2020,500382,262,245,17,0,0,0,0,100,47,37,0,243,19,0,71.58469945355192,0,0.0,13.4,Current Asthma,9.5,False
34039,Elizabeth,Union,NJ,New Jersey,40.6598707,-74.3086957,2020,555394,366,198,167,1,0,0,0,111,61,48,42,0,322,0,100.0,1,0.273224043715847,12.2,COPD,4.7,False
34039,Elizabeth,Union,NJ,New Jersey,40.6598707,-74.3086957,2020,555394,366,198,167,1,0,0,0,111,61,48,42,0,322,0,100.0,1,0.273224043715847,12.2,Current Asthma,9.1,False
34041,Phillipsburg,Warren,NJ,New Jersey,40.8534914,-75.0094978,2020,105624,361,287,74,0,0,0,0,100,56,38,23,136,202,0,98.63387978142076,0,0.0,13.9,COPD,5.2,False
34041,Phillipsburg,Warren,NJ,New Jersey,40.8534914,-75.0094978,2020,105624,361,287,74,0,0,0,0,100,56,38,23,136,202,0,98.63387978142076,0,0.0,13.9,Current Asthma,9.6,False
35001,Albuquerque,Bernalillo,NM,New Mexico,35.053628,-106.6690805,2020,681666,366,105,252,7,1,1,0,214,78,57,0,169,132,65,100.0,9,2.459016393442623,14.3,COPD,4.8,False
35001,Albuquerque,Bernalillo,NM,New Mexico,35.053628,-106.6690805,2020,681666,366,105,252,7,1,1,0,214,78,57,0,169,132,65,100.0,9,2.459016393442623,14.3,Current Asthma,10.0,False
35015,Artesia,Eddy,NM,New Mexico,32.4578347,-104.3064338,2020,58418,364,244,109,11,0,0,0,115,80,46,0,352,12,0,99.4535519125683,11,3.021978021978022,17.0,COPD,5.3,False
35015,Artesia,Eddy,NM,New Mexico,32.4578347,-104.3064338,2020,58418,364,244,109,11,0,0,0,115,80,46,0,352,12,0,99.4535519125683,11,3.021978021978022,17.0,Current Asthma,9.8,False
35025,Hobbs,Lea,NM,New Mexico,32.7956865,-103.4132707,2020,71830,366,310,56,0,0,0,0,79,54,40,5,282,79,0,100.0,0,0.0,18.6,COPD,5.8,True
35025,Hobbs,Lea,NM,New Mexico,32.7956865,-103.4132707,2020,71830,366,310,56,0,0,0,0,79,54,40,5,282,79,0,100.0,0,0.0,18.6,Current Asthma,9.7,True
35039,Espanola,Rio Arriba,NM,New Mexico,36.5096687,-106.6939829,2020,38521,362,313,49,0,0,0,0,90,54,44,0,361,1,0,98.90710382513662,0,0.0,17.5,COPD,5.2,True
35039,Espanola,Rio Arriba,NM,New Mexico,36.5096687,-106.6939829,2020,38521,362,313,49,0,0,0,0,90,54,44,0,361,1,0,98.90710382513662,0,0.0,17.5,Current Asthma,10.2,True
35045,Farmington,San Juan,NM,New Mexico,36.5116245,-108.3245778,2020,123312,366,265,96,5,0,0,0,109,64,45,0,364,0,2,100.0,5,1.366120218579235,22.6,COPD,7.0,False
35045,Farmington,San Juan,NM,New Mexico,36.5116245,-108.3245778,2020,123312,366,265,96,5,0,0,0,109,64,45,0,364,0,2,100.0,5,1.366120218579235,22.6,Current Asthma,11.8,False
35043,Rio Rancho Estates,Sandoval,NM,New Mexico,35.6850913,-106.8831191,2020,148904,358,271,82,5,0,0,0,119,61,44,0,358,0,0,97.81420765027322,5,1.3966480446927374,15.4,COPD,4.7,True
35043,Rio Rancho Estates,Sandoval,NM,New Mexico,35.6850913,-106.8831191,2020,148904,358,271,82,5,0,0,0,119,61,44,0,358,0,0,97.81420765027322,5,1.3966480446927374,15.4,Current Asthma,9.9,True
35049,Santa Fe,Santa Fe,NM,New Mexico,35.5145309,-105.9639718,2020,151946,366,287,78,1,0,0,0,101,58,44,0,333,33,0,100.0,1,0.273224043715847,12.2,COPD,4.3,True
35049,Santa Fe,Santa Fe,NM,New Mexico,35.5145309,-105.9639718,2020,151946,366,287,78,1,0,0,0,101,58,44,0,333,33,0,100.0,1,0.273224043715847,12.2,Current Asthma,9.2,True
35055,Taos,Taos,NM,New Mexico,36.5771832,-105.6388781,2020,32593,360,310,50,0,0,0,0,68,53,27,0,0,360,0,98.36065573770492,0,0.0,14.3,COPD,4.9,False
35055,Taos,Taos,NM,New Mexico,36.5771832,-105.6388781,2020,32593,360,310,50,0,0,0,0,68,53,27,0,0,360,0,98.36065573770492,0,0.0,14.3,Current Asthma,9.5,False
35061,Belen,Valencia,NM,New Mexico,34.7168404,-106.8065821,2020,77574,359,283,74,2,0,0,0,105,61,44,0,359,0,0,98.08743169398907,2,0.5571030640668524,16.2,COPD,5.3,True
35061,Belen,Valencia,NM,New Mexico,34.7168404,-106.8065821,2020,77574,359,283,74,2,0,0,0,105,61,44,0,359,0,0,98.08743169398907,2,0.5571030640668524,16.2,Current Asthma,9.8,True
36001,Albany,Albany,NY,New York,42.5882401,-73.9740095,2020,303654,365,235,127,3,0,0,0,143,60,42,0,115,250,0,99.72677595628416,3,0.821917808219178,14.5,COPD,5.4,True
36001,Albany,Albany,NY,New York,42.5882401,-73.9740095,2020,303654,365,235,127,3,0,0,0,143,60,42,0,115,250,0,99.72677595628416,3,0.821917808219178,14.5,Current Asthma,10.4,True
36005,New York,Bronx,NY,New York,40.8487111,-73.852939,2020,1401142,366,229,136,1,0,0,0,108,64,45,15,122,229,0,100.0,1,0.273224043715847,17.0,COPD,6.4,True
36005,New York,Bronx,NY,New York,40.8487111,-73.852939,2020,1401142,366,229,136,1,0,0,0,108,64,45,15,122,229,0,100.0,1,0.273224043715847,17.0,Current Asthma,11.7,True
36013,Jamestown,Chautauqua,NY,New York,42.3042159,-79.4075949,2020,126032,363,332,31,0,0,0,0,93,49,36,0,337,26,0,99.18032786885246,0,0.0,19.1,COPD,7.4,True
36013,Jamestown,Chautauqua,NY,New York,42.3042159,-79.4075949,2020,126032,363,332,31,0,0,0,0,93,49,36,0,337,26,0,99.18032786885246,0,0.0,19.1,Current Asthma,10.8,True
36027,Poughkeepsie,Dutchess,NY,New York,41.7547699,-73.7400411,2020,293293,331,322,9,0,0,0,0,87,45,35,0,331,0,0,90.43715846994536,0,0.0,14.4,COPD,5.2,True
36027,Poughkeepsie,Dutchess,NY,New York,41.7547699,-73.7400411,2020,293293,331,322,9,0,0,0,0,87,45,35,0,331,0,0,90.43715846994536,0,0.0,14.4,Current Asthma,10.2,True
36029,Buffalo,Erie,NY,New York,42.752759,-78.7781922,2020,917241,366,278,86,0,2,0,0,157,57,41,2,160,204,0,100.0,2,0.546448087431694,15.5,COPD,6.0,True
36029,Buffalo,Erie,NY,New York,42.752759,-78.7781922,2020,917241,366,278,86,0,2,0,0,157,57,41,2,160,204,0,100.0,2,0.546448087431694,15.5,Current Asthma,10.7,True
36031,Lake Placid,Essex,NY,New York,44.1096005,-73.7784307,2020,36891,365,344,21,0,0,0,0,80,48,39,0,349,16,0,99.72677595628416,0,0.0,16.8,COPD,6.2,True
36031,Lake Placid,Essex,NY,New York,44.1096005,-73.7784307,2020,36891,365,344,21,0,0,0,0,80,48,39,0,349,16,0,99.72677595628416,0,0.0,16.8,Current Asthma,10.1,True
36045,Carthage,Jefferson,NY,New York,43.996389,-76.0529678,2020,108095,360,345,15,0,0,0,0,90,44,33,0,360,0,0,98.36065573770492,0,0.0,17.6,COPD,6.7,True
36045,Carthage,Jefferson,NY,New York,43.996389,-76.0529678,2020,108095,360,345,15,0,0,0,0,90,44,33,0,360,0,0,98.36065573770492,0,0.0,17.6,Current Asthma,10.1,True
36047,New York,Kings,NY,New York,40.6350451,-73.9506398,2020,2538934,365,300,65,0,0,0,0,80,55,30,0,0,365,0,99.72677595628416,0,0.0,14.0,COPD,5.6,True
36047,New York,Kings,NY,New York,40.6350451,-73.9506398,2020,2538934,365,300,65,0,0,0,0,80,55,30,0,0,365,0,99.72677595628416,0,0.0,14.0,Current Asthma,10.2,True
36055,Rochester,Monroe,NY,New York,43.2503466,-77.7005177,2020,740900,366,275,91,0,0,0,0,81,58,41,0,172,194,0,100.0,0,0.0,15.1,COPD,5.7,True
36055,Rochester,Monroe,NY,New York,43.2503466,-77.7005177,2020,740900,366,275,91,0,0,0,0,81,58,41,0,172,194,0,100.0,0,0.0,15.1,Current Asthma,10.7,True
36059,Freeport,Nassau,NY,New York,40.7296118,-73.5894144,2020,1351334,361,317,44,0,0,0,0,75,52,27,0,0,361,0,98.63387978142076,0,0.0,10.9,COPD,4.2,True
36059,Freeport,Nassau,NY,New York,40.7296118,-73.5894144,2020,1351334,361,317,44,0,0,0,0,75,52,27,0,0,361,0,98.63387978142076,0,0.0,10.9,Current Asthma,8.7,True
36061,New York,New York,NY,New York,40.7766419,-73.9701871,2020,1611989,366,258,107,1,0,0,0,108,61,40,0,174,190,0,100.0,1,0.273224043715847,11.4,COPD,4.2,True
36061,New York,New York,NY,New York,40.7766419,-73.9701871,2020,1611989,366,258,107,1,0,0,0,108,61,40,0,174,190,0,100.0,1,0.273224043715847,11.4,Current Asthma,9.3,True
36063,Niagara Falls,Niagara,NY,New York,43.2726719,-78.8129431,2020,208396,359,340,19,0,0,0,0,87,46,34,0,359,0,0,98.08743169398907,0,0.0,18.3,COPD,6.4,True
36063,Niagara Falls,Niagara,NY,New York,43.2726719,-78.8129431,2020,208396,359,340,19,0,0,0,0,87,46,34,0,359,0,0,98.08743169398907,0,0.0,18.3,Current Asthma,10.6,True
36065,Utica,Oneida,NY,New York,43.2427273,-75.4342824,2020,227346,349,324,25,0,0,0,0,81,48,21,0,0,349,0,95.3551912568306,0,0.0,17.3,COPD,6.6,True
36065,Utica,Oneida,NY,New York,43.2427273,-75.4342824,2020,227346,349,324,25,0,0,0,0,81,48,21,0,0,349,0,95.3551912568306,0,0.0,17.3,Current Asthma,10.5,True
36067,Syracuse,Onondaga,NY,New York,43.0065163,-76.1961336,2020,459214,364,300,64,0,0,0,0,74,54,37,0,210,154,0,99.4535519125683,0,0.0,16.3,COPD,6.0,True
36067,Syracuse,Onondaga,NY,New York,43.0065163,-76.1961336,2020,459214,364,300,64,0,0,0,0,74,54,37,0,210,154,0,99.4535519125683,0,0.0,16.3,Current Asthma,10.4,True
36071,Newburgh,Orange,NY,New York,41.4024096,-74.3062522,2020,385234,366,307,59,0,0,0,0,97,54,38,0,208,158,0,100.0,0,0.0,15.3,COPD,5.6,True
36071,Newburgh,Orange,NY,New York,41.4024096,-74.3062522,2020,385234,366,307,59,0,0,0,0,97,54,38,0,208,158,0,100.0,0,0.0,15.3,Current Asthma,10.6,True
36075,Fulton,Oswego,NY,New York,43.4614431,-76.2092618,2020,116346,359,349,10,0,0,0,0,58,44,33,0,359,0,0,98.08743169398907,0,0.0,19.7,COPD,7.4,True
36075,Fulton,Oswego,NY,New York,43.4614431,-76.2092618,2020,116346,359,349,10,0,0,0,0,58,44,33,0,359,0,0,98.08743169398907,0,0.0,19.7,Current Asthma,11.0,True
36079,Brewster,Putnam,NY,New York,41.4279067,-73.7438608,2020,98532,314,308,6,0,0,0,0,64,44,33,0,314,0,0,85.79234972677595,0,0.0,12.5,COPD,4.6,True
36079,Brewster,Putnam,NY,New York,41.4279067,-73.7438608,2020,98532,314,308,6,0,0,0,0,64,44,33,0,314,0,0,85.79234972677595,0,0.0,12.5,Current Asthma,9.6,True
36081,New York,Queens,NY,New York,40.6546581,-73.8412089,2020,2225821,366,258,105,3,0,0,0,140,64,43,25,170,171,0,100.0,3,0.819672131147541,13.0,COPD,4.7,True
36081,New York,Queens,NY,New York,40.6546581,-73.8412089,2020,2225821,366,258,105,3,0,0,0,140,64,43,25,170,171,0,100.0,3,0.819672131147541,13.0,Current Asthma,9.0,True
36085,New York,Richmond,NY,New York,40.5612628,-74.1398995,2020,475327,364,280,82,2,0,0,0,108,57,39,0,175,189,0,99.4535519125683,2,0.5494505494505495,15.1,COPD,5.3,True
36085,New York,Richmond,NY,New York,40.5612628,-74.1398995,2020,475327,364,280,82,2,0,0,0,108,57,39,0,175,189,0,99.4535519125683,2,0.5494505494505495,15.1,Current Asthma,9.3,True
36087,Suffern,Rockland,NY,New York,41.1546276,-74.0246616,2020,326225,366,319,47,0,0,0,0,93,53,36,0,251,115,0,100.0,0,0.0,13.8,COPD,5.4,True
36087,Suffern,Rockland,NY,New York,41.1546276,-74.0246616,2020,326225,366,319,47,0,0,0,0,93,53,36,0,251,115,0,100.0,0,0.0,13.8,Current Asthma,10.0,True
36091,Corinth,Saratoga,NY,New York,43.1061353,-73.8553872,2020,230298,319,315,4,0,0,0,0,61,44,33,0,319,0,0,87.1584699453552,0,0.0,15.3,COPD,5.1,True
36091,Corinth,Saratoga,NY,New York,43.1061353,-73.8553872,2020,230298,319,315,4,0,0,0,0,61,44,33,0,319,0,0,87.1584699453552,0,0.0,15.3,Current Asthma,9.9,True
36101,Hornell,Steuben,NY,New York,42.2667252,-77.3855253,2020,94657,365,330,35,0,0,0,0,81,49,36,0,249,116,0,99.72677595628416,0,0.0,19.5,COPD,7.0,True
36101,Hornell,Steuben,NY,New York,42.2667252,-77.3855253,2020,94657,365,330,35,0,0,0,0,81,49,36,0,249,116,0,99.72677595628416,0,0.0,19.5,Current Asthma,10.8,True
36103,Port Jefferson,Suffolk,NY,New York,40.943554,-72.6922183,2020,1474273,366,282,78,6,0,0,0,133,63,40,0,248,118,0,100.0,6,1.639344262295082,13.4,COPD,4.8,True
36103,Port Jefferson,Suffolk,NY,New York,40.943554,-72.6922183,2020,1474273,366,282,78,6,0,0,0,133,63,40,0,248,118,0,100.0,6,1.639344262295082,13.4,Current Asthma,9.6,True
36109,Ithaca,Tompkins,NY,New York,42.4530063,-76.4734835,2020,101058,364,359,5,0,0,0,0,64,44,34,0,364,0,0,99.4535519125683,0,0.0,14.7,COPD,5.6,True
36109,Ithaca,Tompkins,NY,New York,42.4530063,-76.4734835,2020,101058,364,359,5,0,0,0,0,64,44,34,0,364,0,0,99.4535519125683,0,0.0,14.7,Current Asthma,10.0,True
36117,Newark,Wayne,NY,New York,43.2181139,-77.0494024,2020,89339,327,305,22,0,0,0,0,80,46,34,0,327,0,0,89.34426229508196,0,0.0,17.9,COPD,6.5,True
36117,Newark,Wayne,NY,New York,43.2181139,-77.0494024,2020,89339,327,305,22,0,0,0,0,80,46,34,0,327,0,0,89.34426229508196,0,0.0,17.9,Current Asthma,10.4,True
36119,Yonkers,Westchester,NY,New York,41.1526862,-73.7457526,2020,965802,363,305,57,1,0,0,0,105,55,38,0,253,110,0,99.18032786885246,1,0.27548209366391185,11.2,COPD,4.5,True
36119,Yonkers,Westchester,NY,New York,41.1526862,-73.7457526,2020,965802,363,305,57,1,0,0,0,105,55,38,0,253,110,0,99.18032786885246,1,0.27548209366391185,11.2,Current Asthma,9.3,True
37003,Taylorsville,Alexander,NC,North Carolina,35.9209506,-81.1774668,2020,37441,300,297,3,0,0,0,0,54,45,33,0,243,0,57,81.9672131147541,0,0.0,21.8,COPD,7.3,True
37003,Taylorsville,Alexander,NC,North Carolina,35.9209506,-81.1774668,2020,37441,300,297,3,0,0,0,0,54,45,33,0,243,0,57,81.9672131147541,0,0.0,21.8,Current Asthma,9.4,True
37021,Asheville,Buncombe,NC,North Carolina,35.6093706,-82.5304234,2020,263477,363,329,34,0,0,0,0,97,50,34,0,154,209,0,99.18032786885246,0,0.0,16.6,COPD,5.9,True
37021,Asheville,Buncombe,NC,North Carolina,35.6093706,-82.5304234,2020,263477,363,329,34,0,0,0,0,97,50,34,0,154,209,0,99.18032786885246,0,0.0,16.6,Current Asthma,8.9,True
37027,Lenoir,Caldwell,NC,North Carolina,35.9663959,-81.5125404,2020,82100,243,243,0,0,0,0,0,50,44,34,0,243,0,0,66.39344262295081,0,0.0,22.0,COPD,7.7,True
37027,Lenoir,Caldwell,NC,North Carolina,35.9663959,-81.5125404,2020,82100,243,243,0,0,0,0,0,50,44,34,0,243,0,0,66.39344262295081,0,0.0,22.0,Current Asthma,9.7,True
37031,Morehead City,Carteret,NC,North Carolina,34.8583428,-76.5358602,2020,69558,362,359,3,0,0,0,0,61,43,34,0,362,0,0,98.90710382513662,0,0.0,17.2,COPD,5.8,True
37031,Morehead City,Carteret,NC,North Carolina,34.8583428,-76.5358602,2020,69558,362,359,3,0,0,0,0,61,43,34,0,362,0,0,98.90710382513662,0,0.0,17.2,Current Asthma,9.0,True
37035,Hickory,Catawba,NC,North Carolina,35.6618826,-81.2149057,2020,160307,357,247,110,0,0,0,0,95,58,42,0,0,357,0,97.54098360655738,0,0.0,19.3,COPD,6.5,True
37035,Hickory,Catawba,NC,North Carolina,35.6618826,-81.2149057,2020,160307,357,247,110,0,0,0,0,95,58,42,0,0,357,0,97.54098360655738,0,0.0,19.3,Current Asthma,9.3,True
37051,Fayetteville,Cumberland,NC,North Carolina,35.0501921,-78.8287187,2020,336364,363,280,83,0,0,0,0,83,56,39,0,120,240,3,99.18032786885246,0,0.0,20.1,COPD,6.4,True
37051,Fayetteville,Cumberland,NC,North Carolina,35.0501921,-78.8287187,2020,336364,363,280,83,0,0,0,0,83,56,39,0,120,240,3,99.18032786885246,0,0.0,20.1,Current Asthma,10.1,True
37057,Lexington,Davidson,NC,North Carolina,35.7951312,-80.207107,2020,169234,329,206,123,0,0,0,0,96,60,43,0,0,329,0,89.89071038251366,0,0.0,20.4,COPD,7.3,True
37057,Lexington,Davidson,NC,North Carolina,35.7951312,-80.207107,2020,169234,329,206,123,0,0,0,0,96,60,43,0,0,329,0,89.89071038251366,0,0.0,20.4,Current Asthma,9.4,True
37063,Durham,Durham,NC,North Carolina,36.0338282,-78.8781246,2020,327306,364,276,88,0,0,0,0,97,55,40,0,111,252,1,99.4535519125683,0,0.0,14.5,COPD,4.9,True
37063,Durham,Durham,NC,North Carolina,36.0338282,-78.8781246,2020,327306,364,276,88,0,0,0,0,97,55,40,0,111,252,1,99.4535519125683,0,0.0,14.5,Current Asthma,9.4,True
37065,Rocky Mount,Edgecombe,NC,North Carolina,35.9170773,-77.6027422,2020,50829,336,287,49,0,0,0,0,95,53,35,0,135,201,0,91.80327868852459,0,0.0,22.8,COPD,7.7,True
37065,Rocky Mount,Edgecombe,NC,North Carolina,35.9170773,-77.6027422,2020,50829,336,287,49,0,0,0,0,95,53,35,0,135,201,0,91.80327868852459,0,0.0,22.8,Current Asthma,11.0,True
37067,Winston-Salem,Forsyth,NC,North Carolina,36.1324661,-80.2569608,2020,383843,366,233,133,0,0,0,0,97,60,45,2,113,251,0,100.0,0,0.0,16.9,COPD,6.0,True
37067,Winston-Salem,Forsyth,NC,North Carolina,36.1324661,-80.2569608,2020,383843,366,233,133,0,0,0,0,97,60,45,2,113,251,0,100.0,0,0.0,16.9,Current Asthma,9.2,True
37077,Oxford,Granville,NC,North Carolina,36.299884,-78.6576338,2020,60486,238,237,1,0,0,0,0,51,46,36,0,238,0,0,65.02732240437157,0,0.0,19.6,COPD,6.5,True
37077,Oxford,Granville,NC,North Carolina,36.299884,-78.6576338,2020,60486,238,237,1,0,0,0,0,51,46,36,0,238,0,0,65.02732240437157,0,0.0,19.6,Current Asthma,9.7,True
37081,Greensboro,Guilford,NC,North Carolina,36.079065,-79.7886652,2020,540521,365,288,77,0,0,0,0,88,55,40,0,147,214,4,99.72677595628416,0,0.0,16.8,COPD,5.7,True
37081,Greensboro,Guilford,NC,North Carolina,36.079065,-79.7886652,2020,540521,365,288,77,0,0,0,0,88,55,40,0,147,214,4,99.72677595628416,0,0.0,16.8,Current Asthma,9.3,True
37087,Waynesville,Haywood,NC,North Carolina,35.5588823,-82.9813074,2020,62972,272,244,28,0,0,0,0,93,51,41,0,242,30,0,74.31693989071039,0,0.0,19.3,COPD,6.6,True
37087,Waynesville,Haywood,NC,North Carolina,35.5588823,-82.9813074,2020,62972,272,244,28,0,0,0,0,93,51,41,0,242,30,0,74.31693989071039,0,0.0,19.3,Current Asthma,9.4,True
37101,Smithfield,Johnston,NC,North Carolina,35.5134188,-78.3673482,2020,216246,339,266,73,0,0,0,0,75,55,39,0,136,203,0,92.62295081967213,0,0.0,18.0,COPD,6.3,True
37101,Smithfield,Johnston,NC,North Carolina,35.5134188,-78.3673482,2020,216246,339,266,73,0,0,0,0,75,55,39,0,136,203,0,92.62295081967213,0,0.0,18.0,Current Asthma,9.3,True
37107,Kinston,Lenoir,NC,North Carolina,35.2400662,-77.6355141,2020,55720,296,290,6,0,0,0,0,58,45,32,0,238,0,58,80.87431693989072,0,0.0,22.8,COPD,7.8,True
37107,Kinston,Lenoir,NC,North Carolina,35.2400662,-77.6355141,2020,55720,296,290,6,0,0,0,0,58,45,32,0,238,0,58,80.87431693989072,0,0.0,22.8,Current Asthma,10.8,True
37109,Lincolnton,Lincoln,NC,North Carolina,35.4884909,-81.2268928,2020,88097,243,241,2,0,0,0,0,71,45,35,0,243,0,0,66.39344262295081,0,0.0,18.2,COPD,6.3,True
37109,Lincolnton,Lincoln,NC,North Carolina,35.4884909,-81.2268928,2020,88097,243,241,2,0,0,0,0,71,45,35,0,243,0,0,66.39344262295081,0,0.0,18.2,Current Asthma,9.1,True
37117,Jamesville,Martin,NC,North Carolina,35.8473006,-77.1196022,2020,22178,240,240,0,0,0,0,0,49,42,33,0,240,0,0,65.57377049180327,0,0.0,22.8,COPD,7.8,True
37117,Jamesville,Martin,NC,North Carolina,35.8473006,-77.1196022,2020,22178,240,240,0,0,0,0,0,49,42,33,0,240,0,0,65.57377049180327,0,0.0,22.8,Current Asthma,10.6,True
37119,Charlotte,Mecklenburg,NC,North Carolina,35.2468623,-80.8338317,2020,1128945,366,213,151,2,0,0,0,112,59,46,0,119,247,0,100.0,2,0.546448087431694,13.9,COPD,4.7,True
37119,Charlotte,Mecklenburg,NC,North Carolina,35.2468623,-80.8338317,2020,1128945,366,213,151,2,0,0,0,112,59,46,0,119,247,0,100.0,2,0.546448087431694,13.9,Current Asthma,8.7,True
37121,Spruce Pine,Mitchell,NC,North Carolina,36.013102,-82.1635541,2020,14881,356,328,27,1,0,0,0,103,48,26,0,0,356,0,97.26775956284153,1,0.2808988764044944,20.1,COPD,6.9,True
37121,Spruce Pine,Mitchell,NC,North Carolina,36.013102,-82.1635541,2020,14881,356,328,27,1,0,0,0,103,48,26,0,0,356,0,97.26775956284153,1,0.2808988764044944,20.1,Current Asthma,9.2,True
37123,Candor,Montgomery,NC,North Carolina,35.3275482,-79.9107517,2020,27238,366,281,85,0,0,0,0,85,55,40,0,107,259,0,100.0,0,0.0,20.9,COPD,7.2,True
37123,Candor,Montgomery,NC,North Carolina,35.3275482,-79.9107517,2020,27238,366,281,85,0,0,0,0,85,55,40,0,107,259,0,100.0,0,0.0,20.9,Current Asthma,9.7,True
37129,Wilmington,New Hanover,NC,North Carolina,34.1834455,-77.8642043,2020,236613,357,328,29,0,0,0,0,77,48,34,0,210,147,0,97.54098360655738,0,0.0,16.1,COPD,5.8,True
37129,Wilmington,New Hanover,NC,North Carolina,34.1834455,-77.8642043,2020,236613,357,328,29,0,0,0,0,77,48,34,0,210,147,0,97.54098360655738,0,0.0,16.1,Current Asthma,9.3,True
37131,Gaston,Northampton,NC,North Carolina,36.4217739,-77.3983518,2020,19088,360,303,57,0,0,0,0,90,53,29,41,0,319,0,98.36065573770492,0,0.0,23.3,COPD,7.6,False
37131,Gaston,Northampton,NC,North Carolina,36.4217739,-77.3983518,2020,19088,360,303,57,0,0,0,0,90,53,29,41,0,319,0,98.36065573770492,0,0.0,23.3,Current Asthma,10.9,False
37147,Greenville,Pitt,NC,North Carolina,35.5924897,-77.3727387,2020,182924,361,313,48,0,0,0,0,95,52,36,0,152,209,0,98.63387978142076,0,0.0,18.2,COPD,6.3,True
37147,Greenville,Pitt,NC,North Carolina,35.5924897,-77.3727387,2020,182924,361,313,48,0,0,0,0,95,52,36,0,152,209,0,98.63387978142076,0,0.0,18.2,Current Asthma,10.0,True
37157,Eden,Rockingham,NC,North Carolina,36.3818062,-79.7827539,2020,91285,243,238,5,0,0,0,0,54,47,36,0,243,0,0,66.39344262295081,0,0.0,22.0,COPD,7.4,True
37157,Eden,Rockingham,NC,North Carolina,36.3818062,-79.7827539,2020,91285,243,238,5,0,0,0,0,54,47,36,0,243,0,0,66.39344262295081,0,0.0,22.0,Current Asthma,9.9,True
37159,Salisbury,Rowan,NC,North Carolina,35.641355,-80.5217214,2020,142495,365,253,112,0,0,0,0,90,57,43,0,160,205,0,99.72677595628416,0,0.0,20.5,COPD,7.1,True
37159,Salisbury,Rowan,NC,North Carolina,35.641355,-80.5217214,2020,142495,365,253,112,0,0,0,0,90,57,43,0,160,205,0,99.72677595628416,0,0.0,20.5,Current Asthma,9.6,True
37173,Bryson City (RR name Bryson),Swain,NC,North Carolina,35.5688491,-83.4656136,2020,14179,362,301,60,1,0,0,0,119,53,38,0,136,226,0,98.90710382513662,1,0.2762430939226519,24.5,COPD,8.2,True
37173,Bryson City (RR name Bryson),Swain,NC,North Carolina,35.5688491,-83.4656136,2020,14179,362,301,60,1,0,0,0,119,53,38,0,136,226,0,98.90710382513662,1,0.2762430939226519,24.5,Current Asthma,10.5,True
37179,Monroe,Union,NC,North Carolina,34.9918204,-80.5304264,2020,244562,242,242,0,0,0,0,0,50,44,31,0,242,0,0,66.12021857923497,0,0.0,15.8,COPD,5.2,True
37179,Monroe,Union,NC,North Carolina,34.9918204,-80.5304264,2020,244562,242,242,0,0,0,0,0,50,44,31,0,242,0,0,66.12021857923497,0,0.0,15.8,Current Asthma,8.7,True
37183,Raleigh,Wake,NC,North Carolina,35.7898464,-78.650624,2020,1132271,365,222,142,1,0,0,0,101,61,46,1,94,269,0,99.72677595628416,1,0.273972602739726,11.5,COPD,4.4,True
37183,Raleigh,Wake,NC,North Carolina,35.7898464,-78.650624,2020,1132271,365,222,142,1,0,0,0,101,61,46,1,94,269,0,99.72677595628416,1,0.273972602739726,11.5,Current Asthma,8.3,True
37199,Burnsville,Yancey,NC,North Carolina,35.8893259,-82.3039535,2020,18099,244,204,39,1,0,0,0,105,58,44,0,244,0,0,66.66666666666666,1,0.4098360655737705,20.5,COPD,7.2,True
37199,Burnsville,Yancey,NC,North Carolina,35.8893259,-82.3039535,2020,18099,244,204,39,1,0,0,0,105,58,44,0,244,0,0,66.66666666666666,1,0.4098360655737705,20.5,Current Asthma,9.4,True
38013,Lignite,Burke,ND,North Dakota,48.7864534,-102.5200874,2020,2118,366,340,26,0,0,0,0,73,47,35,0,244,119,3,100.0,0,0.0,17.6,COPD,5.2,True
38013,Lignite,Burke,ND,North Dakota,48.7864534,-102.5200874,2020,2118,366,340,26,0,0,0,0,73,47,35,0,244,119,3,100.0,0,0.0,17.6,Current Asthma,9.1,True
38015,Bismarck,Burleigh,ND,North Dakota,46.9788291,-100.4695326,2020,96212,366,302,64,0,0,0,0,77,55,37,2,146,216,2,100.0,0,0.0,15.1,COPD,4.8,True
38015,Bismarck,Burleigh,ND,North Dakota,46.9788291,-100.4695326,2020,96212,366,302,64,0,0,0,0,77,55,37,2,146,216,2,100.0,0,0.0,15.1,Current Asthma,9.3,True
38017,Fargo,Cass,ND,North Dakota,46.9270033,-97.2523747,2020,183904,363,303,60,0,0,0,0,80,53,37,6,188,169,0,99.18032786885246,0,0.0,15.8,COPD,4.9,True
38017,Fargo,Cass,ND,North Dakota,46.9270033,-97.2523747,2020,183904,363,303,60,0,0,0,0,80,53,37,6,188,169,0,99.18032786885246,0,0.0,15.8,Current Asthma,9.2,True
38025,Dunn Center,Dunn,ND,North Dakota,47.3545572,-102.6123216,2020,4465,366,347,19,0,0,0,0,62,46,34,0,311,55,0,100.0,0,0.0,19.0,COPD,5.6,True
38025,Dunn Center,Dunn,ND,North Dakota,47.3545572,-102.6123216,2020,4465,366,347,19,0,0,0,0,62,46,34,0,311,55,0,100.0,0,0.0,19.0,Current Asthma,9.1,True
38053,Mandaree,McKenzie,ND,North Dakota,47.7424751,-103.4032148,2020,15242,363,346,17,0,0,0,0,66,44,34,1,306,56,0,99.18032786885246,0,0.0,19.4,COPD,5.8,True
38053,Mandaree,McKenzie,ND,North Dakota,47.7424751,-103.4032148,2020,15242,363,346,17,0,0,0,0,66,44,34,1,306,56,0,99.18032786885246,0,0.0,19.4,Current Asthma,9.5,True
38057,Beulah,Mercer,ND,North Dakota,47.3071473,-101.8333279,2020,8174,366,328,38,0,0,0,0,78,51,36,4,241,121,0,100.0,0,0.0,17.9,COPD,5.7,True
38057,Beulah,Mercer,ND,North Dakota,47.3071473,-101.8333279,2020,8174,366,328,38,0,0,0,0,78,51,36,4,241,121,0,100.0,0,0.0,17.9,Current Asthma,9.3,True
38101,Minot,Ward,ND,North Dakota,48.2166858,-101.5405369,2020,68466,366,344,22,0,0,0,0,73,44,35,1,253,112,0,100.0,0,0.0,16.8,COPD,5.1,True
38101,Minot,Ward,ND,North Dakota,48.2166858,-101.5405369,2020,68466,366,344,22,0,0,0,0,73,44,35,1,253,112,0,100.0,0,0.0,16.8,Current Asthma,8.8,True
39003,Lima,Allen,OH,Ohio,40.7716274,-84.1061032,2020,101980,360,289,70,1,0,0,0,105,57,40,0,202,158,0,98.36065573770492,1,0.2777777777777778,22.9,COPD,8.4,True
39003,Lima,Allen,OH,Ohio,40.7716274,-84.1061032,2020,101980,360,289,70,1,0,0,0,105,57,40,0,202,158,0,98.36065573770492,1,0.2777777777777778,22.9,Current Asthma,10.7,True
39007,Conneaut,Ashtabula,OH,Ohio,41.9066369,-80.7455916,2020,96513,241,224,17,0,0,0,0,93,47,37,0,241,0,0,65.84699453551912,0,0.0,27.2,COPD,10.4,True
39007,Conneaut,Ashtabula,OH,Ohio,41.9066369,-80.7455916,2020,96513,241,224,17,0,0,0,0,93,47,37,0,241,0,0,65.84699453551912,0,0.0,27.2,Current Asthma,11.0,True
39017,Middletown,Butler,OH,Ohio,39.4397469,-84.5657341,2020,385648,366,279,84,3,0,0,0,126,61,41,0,286,78,2,100.0,3,0.819672131147541,20.0,COPD,7.4,True
39017,Middletown,Butler,OH,Ohio,39.4397469,-84.5657341,2020,385648,366,279,84,3,0,0,0,126,61,41,0,286,78,2,100.0,3,0.819672131147541,20.0,Current Asthma,10.0,True
39023,Springfield,Clark,OH,Ohio,39.9170315,-83.783676,2020,133593,343,218,124,1,0,0,0,108,61,44,0,145,198,0,93.71584699453553,1,0.2915451895043732,23.9,COPD,9.1,True
39023,Springfield,Clark,OH,Ohio,39.9170315,-83.783676,2020,133593,343,218,124,1,0,0,0,108,61,44,0,145,198,0,93.71584699453553,1,0.2915451895043732,23.9,Current Asthma,10.9,True
39025,Batavia,Clermont,OH,Ohio,39.0520537,-84.1494847,2020,207449,361,296,65,0,0,0,0,100,54,39,0,171,190,0,98.63387978142076,0,0.0,21.2,COPD,7.6,True
39025,Batavia,Clermont,OH,Ohio,39.0520537,-84.1494847,2020,207449,361,296,65,0,0,0,0,100,54,39,0,171,190,0,98.63387978142076,0,0.0,21.2,Current Asthma,10.4,True
39027,Wilmington,Clinton,OH,Ohio,39.4166813,-83.8045826,2020,41921,229,205,24,0,0,0,0,97,54,39,0,229,0,0,62.568306010928964,0,0.0,24.8,COPD,8.9,True
39027,Wilmington,Clinton,OH,Ohio,39.4166813,-83.8045826,2020,41921,229,205,24,0,0,0,0,97,54,39,0,229,0,0,62.568306010928964,0,0.0,24.8,Current Asthma,10.8,True
39035,Cleveland,Cuyahoga,OH,Ohio,41.555037,-81.6049566,2020,1227883,366,148,208,9,1,0,0,152,70,54,0,95,267,4,100.0,10,2.73224043715847,21.1,COPD,7.1,True
39035,Cleveland,Cuyahoga,OH,Ohio,41.555037,-81.6049566,2020,1227883,366,148,208,9,1,0,0,152,70,54,0,95,267,4,100.0,10,2.73224043715847,21.1,Current Asthma,10.7,True
39041,Delaware,Delaware,OH,Ohio,40.2789411,-83.0074622,2020,213554,244,222,21,1,0,0,0,101,50,38,0,244,0,0,66.66666666666666,1,0.4098360655737705,14.5,COPD,5.1,True
39041,Delaware,Delaware,OH,Ohio,40.2789411,-83.0074622,2020,213554,244,222,21,1,0,0,0,101,50,38,0,244,0,0,66.66666666666666,1,0.4098360655737705,14.5,Current Asthma,9.3,True
39049,Columbus,Franklin,OH,Ohio,39.9698749,-83.0090858,2020,1324624,366,232,132,2,0,0,0,102,61,45,3,131,232,0,100.0,2,0.546448087431694,19.4,COPD,7.0,True
39049,Columbus,Franklin,OH,Ohio,39.9698749,-83.0090858,2020,1324624,366,232,132,2,0,0,0,102,61,45,3,131,232,0,100.0,2,0.546448087431694,19.4,Current Asthma,10.3,True
39055,Bainbridge,Geauga,OH,Ohio,41.4993217,-81.1735054,2020,93271,245,214,31,0,0,0,0,100,61,41,0,245,0,0,66.93989071038251,0,0.0,19.1,COPD,6.8,True
39055,Bainbridge,Geauga,OH,Ohio,41.4993217,-81.1735054,2020,93271,245,214,31,0,0,0,0,100,61,41,0,245,0,0,66.93989071038251,0,0.0,19.1,Current Asthma,9.8,True
39057,Fairborn,Greene,OH,Ohio,39.6874785,-83.8948943,2020,170122,245,220,25,0,0,0,0,93,51,39,0,245,0,0,66.93989071038251,0,0.0,18.3,COPD,6.8,True
39057,Fairborn,Greene,OH,Ohio,39.6874785,-83.8948943,2020,170122,245,220,25,0,0,0,0,93,51,39,0,245,0,0,66.93989071038251,0,0.0,18.3,Current Asthma,9.8,True
39061,Cincinnati,Hamilton,OH,Ohio,39.1969272,-84.5441868,2020,817985,366,105,254,7,0,0,0,126,71,55,4,69,293,0,100.0,7,1.912568306010929,21.1,COPD,7.1,True
39061,Cincinnati,Hamilton,OH,Ohio,39.1969272,-84.5441868,2020,817985,366,105,254,7,0,0,0,126,71,55,4,69,293,0,100.0,7,1.912568306010929,21.1,Current Asthma,10.6,True
39081,Steubenville,Jefferson,OH,Ohio,40.3993836,-80.7635272,2020,64939,359,263,95,1,0,0,0,112,61,42,0,159,199,1,98.08743169398907,1,0.2785515320334262,26.0,COPD,9.2,True
39081,Steubenville,Jefferson,OH,Ohio,40.3993836,-80.7635272,2020,64939,359,263,95,1,0,0,0,112,61,42,0,159,199,1,98.08743169398907,1,0.2785515320334262,26.0,Current Asthma,10.8,True
39083,Centerburg,Knox,OH,Ohio,40.4036198,-82.4223929,2020,62423,245,226,19,0,0,0,0,80,49,38,0,245,0,0,66.93989071038251,0,0.0,21.6,COPD,8.1,True
39083,Centerburg,Knox,OH,Ohio,40.4036198,-82.4223929,2020,62423,245,226,19,0,0,0,0,80,49,38,0,245,0,0,66.93989071038251,0,0.0,21.6,Current Asthma,10.1,True
39085,Painesville,Lake,OH,Ohio,41.7781416,-81.1973297,2020,229569,366,296,64,6,0,0,0,140,57,40,0,173,191,2,100.0,6,1.639344262295082,19.0,COPD,7.0,True
39085,Painesville,Lake,OH,Ohio,41.7781416,-81.1973297,2020,229569,366,296,64,6,0,0,0,140,57,40,0,173,191,2,100.0,6,1.639344262295082,19.0,Current Asthma,9.9,True
39087,Ironton,Lawrence,OH,Ohio,38.6038659,-82.5171856,2020,59091,354,279,75,0,0,0,0,77,56,40,0,149,205,0,96.72131147540983,0,0.0,26.3,COPD,10.3,True
39087,Ironton,Lawrence,OH,Ohio,38.6038659,-82.5171856,2020,59091,354,279,75,0,0,0,0,77,56,40,0,149,205,0,96.72131147540983,0,0.0,26.3,Current Asthma,11.3,True
39089,Newark,Licking,OH,Ohio,40.0915047,-82.4834352,2020,178100,245,230,15,0,0,0,0,77,48,37,0,245,0,0,66.93989071038251,0,0.0,21.0,COPD,7.6,True
39089,Newark,Licking,OH,Ohio,40.0915047,-82.4834352,2020,178100,245,230,15,0,0,0,0,77,48,37,0,245,0,0,66.93989071038251,0,0.0,21.0,Current Asthma,10.3,True
39093,Lorain,Lorain,OH,Ohio,41.4388045,-82.179722,2020,312172,358,289,68,0,1,0,0,155,55,39,0,136,222,0,97.81420765027322,1,0.27932960893854747,21.4,COPD,7.7,True
39093,Lorain,Lorain,OH,Ohio,41.4388045,-82.179722,2020,312172,358,289,68,0,1,0,0,155,55,39,0,136,222,0,97.81420765027322,1,0.27932960893854747,21.4,Current Asthma,10.2,True
39095,Toledo,Lucas,OH,Ohio,41.6823213,-83.4689033,2020,428294,354,250,96,8,0,0,0,136,65,42,0,156,198,0,96.72131147540983,8,2.2598870056497176,22.4,COPD,8.5,True
39095,Toledo,Lucas,OH,Ohio,41.6823213,-83.4689033,2020,428294,354,250,96,8,0,0,0,136,65,42,0,156,198,0,96.72131147540983,8,2.2598870056497176,22.4,Current Asthma,11.5,True
39097,London,Madison,OH,Ohio,39.8966074,-83.4008847,2020,44559,245,220,25,0,0,0,0,84,51,39,0,245,0,0,66.93989071038251,0,0.0,22.8,COPD,8.1,True
39097,London,Madison,OH,Ohio,39.8966074,-83.4008847,2020,44559,245,220,25,0,0,0,0,84,51,39,0,245,0,0,66.93989071038251,0,0.0,22.8,Current Asthma,10.0,True
39099,Youngstown,Mahoning,OH,Ohio,41.0108798,-80.7703956,2020,226075,365,251,113,1,0,0,0,142,58,43,0,92,273,0,99.72677595628416,1,0.273972602739726,23.1,COPD,8.4,True
39099,Youngstown,Mahoning,OH,Ohio,41.0108798,-80.7703956,2020,226075,365,251,113,1,0,0,0,142,58,43,0,92,273,0,99.72677595628416,1,0.273972602739726,23.1,Current Asthma,10.9,True
39103,Medina,Medina,OH,Ohio,41.1161742,-81.8997641,2020,180912,360,280,80,0,0,0,0,93,56,38,0,145,215,0,98.36065573770492,0,0.0,18.4,COPD,6.5,True
39103,Medina,Medina,OH,Ohio,41.1161742,-81.8997641,2020,180912,360,280,80,0,0,0,0,93,56,38,0,145,215,0,98.36065573770492,0,0.0,18.4,Current Asthma,9.7,True
39109,Piqua,Miami,OH,Ohio,40.0533257,-84.2284135,2020,107516,229,217,12,0,0,0,0,93,49,39,0,229,0,0,62.568306010928964,0,0.0,22.5,COPD,7.6,True
39109,Piqua,Miami,OH,Ohio,40.0533257,-84.2284135,2020,107516,229,217,12,0,0,0,0,93,49,39,0,229,0,0,62.568306010928964,0,0.0,22.5,Current Asthma,10.1,True
39113,Dayton,Montgomery,OH,Ohio,39.7537357,-84.2905915,2020,531610,361,177,180,4,0,0,0,112,67,51,0,109,252,0,98.63387978142076,4,1.10803324099723,21.6,COPD,8.3,True
39113,Dayton,Montgomery,OH,Ohio,39.7537357,-84.2905915,2020,531610,361,177,180,4,0,0,0,112,67,51,0,109,252,0,98.63387978142076,4,1.10803324099723,21.6,Current Asthma,11.1,True
39133,Ravenna,Portage,OH,Ohio,41.1689703,-81.1969618,2020,162583,262,226,35,1,0,0,0,101,58,40,0,233,29,0,71.58469945355192,1,0.38167938931297707,21.1,COPD,7.8,True
39133,Ravenna,Portage,OH,Ohio,41.1689703,-81.1969618,2020,162583,262,226,35,1,0,0,0,101,58,40,0,233,29,0,71.58469945355192,1,0.38167938931297707,21.1,Current Asthma,10.1,True
39135,Eaton,Preble,OH,Ohio,39.7388104,-84.6447584,2020,40836,366,262,103,1,0,0,0,101,58,42,0,174,192,0,100.0,1,0.273224043715847,23.0,COPD,8.1,True
39135,Eaton,Preble,OH,Ohio,39.7388104,-84.6447584,2020,40836,366,262,103,1,0,0,0,101,58,42,0,174,192,0,100.0,1,0.273224043715847,23.0,Current Asthma,10.1,True
39151,Canton,Stark,OH,Ohio,40.8141314,-81.3656673,2020,369772,358,202,152,4,0,0,0,119,65,47,0,110,248,0,97.81420765027322,4,1.1173184357541899,22.4,COPD,8.3,True
39151,Canton,Stark,OH,Ohio,40.8141314,-81.3656673,2020,369772,358,202,152,4,0,0,0,119,65,47,0,110,248,0,97.81420765027322,4,1.1173184357541899,22.4,Current Asthma,10.1,True
39153,Akron,Summit,OH,Ohio,41.1218471,-81.5349279,2020,538866,361,193,165,3,0,0,0,114,63,48,0,68,293,0,98.63387978142076,3,0.8310249307479225,21.6,COPD,7.5,True
39153,Akron,Summit,OH,Ohio,41.1218471,-81.5349279,2020,538866,361,193,165,3,0,0,0,114,63,48,0,68,293,0,98.63387978142076,3,0.8310249307479225,21.6,Current Asthma,10.4,True
39155,Warren,Trumbull,OH,Ohio,41.3063744,-80.7703998,2020,196800,357,280,74,2,1,0,0,154,57,40,0,186,171,0,97.54098360655738,3,0.8403361344537815,25.9,COPD,9.4,True
39155,Warren,Trumbull,OH,Ohio,41.3063744,-80.7703998,2020,196800,357,280,74,2,1,0,0,154,57,40,0,186,171,0,97.54098360655738,3,0.8403361344537815,25.9,Current Asthma,11.0,True
39165,Franklin,Warren,OH,Ohio,39.4256625,-84.1699402,2020,238412,361,248,109,4,0,0,0,115,61,44,0,162,199,0,98.63387978142076,4,1.10803324099723,16.3,COPD,6.0,True
39165,Franklin,Warren,OH,Ohio,39.4256625,-84.1699402,2020,238412,361,248,109,4,0,0,0,115,61,44,0,162,199,0,98.63387978142076,4,1.10803324099723,16.3,Current Asthma,9.4,True
39167,Marietta,Washington,OH,Ohio,39.4506764,-81.4906359,2020,59652,245,233,11,1,0,0,0,108,48,38,0,245,0,0,66.93989071038251,1,0.40816326530612246,24.1,COPD,8.8,True
39167,Marietta,Washington,OH,Ohio,39.4506764,-81.4906359,2020,59652,245,233,11,1,0,0,0,108,48,38,0,245,0,0,66.93989071038251,1,0.40816326530612246,24.1,Current Asthma,10.3,True
39173,Bowling Green,Wood,OH,Ohio,41.3601834,-83.6226821,2020,131113,229,216,13,0,0,0,0,80,46,34,0,229,0,0,62.568306010928964,0,0.0,20.6,COPD,7.2,True
39173,Bowling Green,Wood,OH,Ohio,41.3601834,-83.6226821,2020,131113,229,216,13,0,0,0,0,80,46,34,0,229,0,0,62.568306010928964,0,0.0,20.6,Current Asthma,10.0,True
40017,Yukon,Canadian,OK,Oklahoma,35.5433544,-97.9798891,2020,153192,358,332,26,0,0,0,0,84,49,36,0,358,0,0,97.81420765027322,0,0.0,17.3,COPD,6.2,True
40017,Yukon,Canadian,OK,Oklahoma,35.5433544,-97.9798891,2020,153192,358,332,26,0,0,0,0,84,49,36,0,358,0,0,97.81420765027322,0,0.0,17.3,Current Asthma,10.3,True
40019,Ardmore,Carter,OK,Oklahoma,34.2518484,-97.2879273,2020,48353,345,201,143,1,0,0,0,147,67,47,0,126,219,0,94.26229508196722,1,0.2898550724637681,22.1,COPD,8.2,True
40019,Ardmore,Carter,OK,Oklahoma,34.2518484,-97.2879273,2020,48353,345,201,143,1,0,0,0,147,67,47,0,126,219,0,94.26229508196722,1,0.2898550724637681,22.1,Current Asthma,11.0,True
40027,Moore,Cleveland,OK,Oklahoma,35.2063756,-97.3230884,2020,287066,354,175,177,2,0,0,0,121,67,51,0,106,248,0,96.72131147540983,2,0.5649717514124294,17.7,COPD,6.4,True
40027,Moore,Cleveland,OK,Oklahoma,35.2063756,-97.3230884,2020,287066,354,175,177,2,0,0,0,121,67,51,0,106,248,0,96.72131147540983,2,0.5649717514124294,17.7,Current Asthma,10.3,True
40031,Lawton,Comanche,OK,Oklahoma,34.6626252,-98.4765859,2020,121099,366,262,103,1,0,0,0,107,60,44,0,172,194,0,100.0,1,0.273224043715847,20.6,COPD,7.6,True
40031,Lawton,Comanche,OK,Oklahoma,34.6626252,-98.4765859,2020,121099,366,262,103,1,0,0,0,107,60,44,0,172,194,0,100.0,1,0.273224043715847,20.6,Current Asthma,10.6,True
40037,Sapulpa,Creek,OK,Oklahoma,35.9073976,-96.3801769,2020,71485,363,350,13,0,0,0,0,93,47,35,0,363,0,0,99.18032786885246,0,0.0,22.6,COPD,8.1,True
40037,Sapulpa,Creek,OK,Oklahoma,35.9073976,-96.3801769,2020,71485,363,350,13,0,0,0,0,93,47,35,0,363,0,0,99.18032786885246,0,0.0,22.6,Current Asthma,11.0,True
40043,Seiling,Dewey,OK,Oklahoma,35.9779598,-99.014385,2020,4815,365,266,99,0,0,0,0,99,61,43,0,171,194,0,99.72677595628416,0,0.0,21.7,COPD,8.0,True
40043,Seiling,Dewey,OK,Oklahoma,35.9779598,-99.014385,2020,4815,365,266,99,0,0,0,0,99,61,43,0,171,194,0,99.72677595628416,0,0.0,21.7,Current Asthma,10.6,True
40069,Tishomingo,Johnston,OK,Oklahoma,34.3134553,-96.6542545,2020,10824,289,267,22,0,0,0,0,97,49,38,0,289,0,0,78.96174863387978,0,0.0,24.1,COPD,9.0,False
40069,Tishomingo,Johnston,OK,Oklahoma,34.3134553,-96.6542545,2020,10824,289,267,22,0,0,0,0,97,49,38,0,289,0,0,78.96174863387978,0,0.0,24.1,Current Asthma,11.6,False
40071,Ponca City,Kay,OK,Oklahoma,36.8148851,-97.1438616,2020,43274,366,171,193,2,0,0,0,113,62,51,0,39,327,0,100.0,2,0.546448087431694,22.5,COPD,8.3,True
40071,Ponca City,Kay,OK,Oklahoma,36.8148851,-97.1438616,2020,43274,366,171,193,2,0,0,0,113,62,51,0,39,327,0,100.0,2,0.546448087431694,22.5,Current Asthma,11.4,True
40097,Pryor (corporate name Pryor Creek),Mayes,OK,Oklahoma,36.303804,-95.2356382,2020,41152,258,255,3,0,0,0,0,51,44,34,0,258,0,0,70.49180327868852,0,0.0,25.7,COPD,9.3,True
40097,Pryor (corporate name Pryor Creek),Mayes,OK,Oklahoma,36.303804,-95.2356382,2020,41152,258,255,3,0,0,0,0,51,44,34,0,258,0,0,70.49180327868852,0,0.0,25.7,Current Asthma,11.7,True
40109,Oklahoma City,Oklahoma,OK,Oklahoma,35.5546109,-97.4094007,2020,804041,366,147,215,4,0,0,0,112,70,53,3,110,251,2,100.0,4,1.092896174863388,18.1,COPD,6.6,True
40109,Oklahoma City,Oklahoma,OK,Oklahoma,35.5546109,-97.4094007,2020,804041,366,147,215,4,0,0,0,112,70,53,3,110,251,2,100.0,4,1.092896174863388,18.1,Current Asthma,10.5,True
40113,Pawhuska,Osage,OK,Oklahoma,36.6242995,-96.408112,2020,46642,350,322,28,0,0,0,0,90,49,36,0,350,0,0,95.62841530054644,0,0.0,22.8,COPD,8.0,True
40113,Pawhuska,Osage,OK,Oklahoma,36.6242995,-96.408112,2020,46642,350,322,28,0,0,0,0,90,49,36,0,350,0,0,95.62841530054644,0,0.0,22.8,Current Asthma,11.2,True
40115,Miami,Ottawa,OK,Oklahoma,36.8357635,-94.8026814,2020,30879,352,202,148,1,1,0,0,154,65,46,0,44,287,21,96.17486338797814,2,0.5681818181818182,26.5,COPD,9.7,False
40115,Miami,Ottawa,OK,Oklahoma,36.8357635,-94.8026814,2020,30879,352,202,148,1,1,0,0,154,65,46,0,44,287,21,96.17486338797814,2,0.5681818181818182,26.5,Current Asthma,11.9,False
40121,McAlester,Pittsburg,OK,Oklahoma,34.9255401,-95.7481302,2020,43679,366,230,135,1,0,0,0,141,60,44,0,138,228,0,100.0,1,0.273224043715847,25.1,COPD,8.8,True
40121,McAlester,Pittsburg,OK,Oklahoma,34.9255401,-95.7481302,2020,43679,366,230,135,1,0,0,0,141,60,44,0,138,228,0,100.0,1,0.273224043715847,25.1,Current Asthma,11.4,True
40143,Tulsa,Tulsa,OK,Oklahoma,36.1203177,-95.9418132,2020,657589,366,200,164,2,0,0,0,129,62,49,0,113,249,4,100.0,2,0.546448087431694,18.5,COPD,7.2,True
40143,Tulsa,Tulsa,OK,Oklahoma,36.1203177,-95.9418132,2020,657589,366,200,164,2,0,0,0,129,62,49,0,113,249,4,100.0,2,0.546448087431694,18.5,Current Asthma,10.9,True
40147,Bartlesville,Washington,OK,Oklahoma,36.704403,-95.9062525,2020,52222,344,232,111,1,0,0,0,101,60,43,0,145,199,0,93.98907103825137,1,0.29069767441860467,20.6,COPD,7.5,False
40147,Bartlesville,Washington,OK,Oklahoma,36.704403,-95.9062525,2020,52222,344,232,111,1,0,0,0,101,60,43,0,145,199,0,93.98907103825137,1,0.29069767441860467,20.6,Current Asthma,10.9,False
41001,Baker City,Baker,OR,Oregon,44.7034268,-117.6919334,2020,16284,366,282,77,2,3,2,0,225,57,33,0,0,366,0,100.0,7,1.912568306010929,17.5,COPD,6.5,True
41001,Baker City,Baker,OR,Oregon,44.7034268,-117.6919334,2020,16284,366,282,77,2,3,2,0,225,57,33,0,0,366,0,100.0,7,1.912568306010929,17.5,Current Asthma,10.9,True
41003,Corvallis,Benton,OR,Oregon,44.4938816,-123.4246641,2020,93239,366,313,42,0,1,7,3,541,56,23,0,0,366,0,100.0,11,3.0054644808743167,12.7,COPD,5.2,True
41003,Corvallis,Benton,OR,Oregon,44.4938816,-123.4246641,2020,93239,366,313,42,0,1,7,3,541,56,23,0,0,366,0,100.0,11,3.0054644808743167,12.7,Current Asthma,10.4,True
41005,Milwaukie,Clackamas,OR,Oregon,45.1604934,-122.1951274,2020,421596,272,238,25,3,2,0,4,481,53,33,0,126,146,0,74.31693989071039,9,3.308823529411765,13.3,COPD,4.9,True
41005,Milwaukie,Clackamas,OR,Oregon,45.1604934,-122.1951274,2020,421596,272,238,25,3,2,0,4,481,53,33,0,126,146,0,74.31693989071039,9,3.308823529411765,13.3,Current Asthma,10.1,True
41009,St. Helens,Columbia,OR,Oregon,45.941932,-123.081079,2020,52876,363,332,22,1,2,6,0,293,49,28,0,105,258,0,99.18032786885246,9,2.479338842975207,16.7,COPD,6.1,True
41009,St. Helens,Columbia,OR,Oregon,45.941932,-123.081079,2020,52876,363,332,22,1,2,6,0,293,49,28,0,105,258,0,99.18032786885246,9,2.479338842975207,16.7,Current Asthma,10.9,True
41013,Prineville,Crook,OR,Oregon,44.1630537,-120.3715849,2020,25105,365,261,97,0,1,3,3,1033,65,28,0,0,365,0,99.72677595628416,7,1.9178082191780823,18.1,COPD,6.5,True
41013,Prineville,Crook,OR,Oregon,44.1630537,-120.3715849,2020,25105,365,261,97,0,1,3,3,1033,65,28,0,0,365,0,99.72677595628416,7,1.9178082191780823,18.1,Current Asthma,11.1,True
41017,Bend,Deschutes,OR,Oregon,43.9151181,-121.2255751,2020,201769,366,298,54,4,2,1,7,1099,61,23,0,0,366,0,100.0,14,3.825136612021858,14.0,COPD,5.2,True
41017,Bend,Deschutes,OR,Oregon,43.9151181,-121.2255751,2020,201769,366,298,54,4,2,1,7,1099,61,23,0,0,366,0,100.0,14,3.825136612021858,14.0,Current Asthma,10.5,True
41019,Roseburg,Douglas,OR,Oregon,43.2863277,-123.154476,2020,111364,366,278,78,1,1,2,6,902,62,29,0,0,366,0,100.0,10,2.73224043715847,18.6,COPD,6.8,False
41019,Roseburg,Douglas,OR,Oregon,43.2863277,-123.154476,2020,111364,366,278,78,1,1,2,6,902,62,29,0,0,366,0,100.0,10,2.73224043715847,18.6,Current Asthma,11.1,False
41023,John Day,Grant,OR,Oregon,44.4963261,-119.0140572,2020,7180,364,196,161,1,5,0,1,393,70,44,0,0,364,0,99.4535519125683,7,1.9230769230769231,18.8,COPD,6.9,True
41023,John Day,Grant,OR,Oregon,44.4963261,-119.0140572,2020,7180,364,196,161,1,5,0,1,393,70,44,0,0,364,0,99.4535519125683,7,1.9230769230769231,18.8,Current Asthma,11.3,True
41025,Burns,Harney,OR,Oregon,43.0644492,-118.9871695,2020,7373,366,211,144,2,7,1,1,357,75,42,0,0,366,0,100.0,11,3.0054644808743167,18.3,COPD,6.7,True
41025,Burns,Harney,OR,Oregon,43.0644492,-118.9871695,2020,7373,366,211,144,2,7,1,1,357,75,42,0,0,366,0,100.0,11,3.0054644808743167,18.3,Current Asthma,11.0,True
41029,Medford,Jackson,OR,Oregon,42.4116214,-122.6756106,2020,221844,366,218,133,2,4,3,6,900,73,44,0,116,250,0,100.0,15,4.098360655737705,15.7,COPD,6.2,False
41029,Medford,Jackson,OR,Oregon,42.4116214,-122.6756106,2020,221844,366,218,133,2,4,3,6,900,73,44,0,116,250,0,100.0,15,4.098360655737705,15.7,Current Asthma,11.2,False
41031,Madras,Jefferson,OR,Oregon,44.6451505,-121.1786315,2020,24856,361,258,92,3,0,3,5,1135,64,28,0,0,361,0,98.63387978142076,11,3.0470914127423825,18.4,COPD,6.6,True
41031,Madras,Jefferson,OR,Oregon,44.6451505,-121.1786315,2020,24856,361,258,92,3,0,3,5,1135,64,28,0,0,361,0,98.63387978142076,11,3.0470914127423825,18.4,Current Asthma,11.1,True
41033,Grants Pass,Josephine,OR,Oregon,42.3869829,-123.5716197,2020,88053,366,228,112,4,14,1,7,763,76,35,0,0,366,0,100.0,26,7.103825136612022,19.1,COPD,7.4,True
41033,Grants Pass,Josephine,OR,Oregon,42.3869829,-123.5716197,2020,88053,366,228,112,4,14,1,7,763,76,35,0,0,366,0,100.0,26,7.103825136612022,19.1,Current Asthma,11.7,True
41037,Lakeview,Lake,OR,Oregon,42.7884009,-120.3897896,2020,7949,365,267,80,14,4,0,0,166,70,29,0,0,305,60,99.72677595628416,18,4.931506849315069,19.6,COPD,7.3,True
41037,Lakeview,Lake,OR,Oregon,42.7884009,-120.3897896,2020,7949,365,267,80,14,4,0,0,166,70,29,0,0,305,60,99.72677595628416,18,4.931506849315069,19.6,Current Asthma,11.0,True
41039,Eugene,Lane,OR,Oregon,43.9283337,-122.8975806,2020,382986,366,203,149,4,0,2,8,1000,78,46,0,66,296,4,100.0,14,3.825136612021858,16.4,COPD,6.2,False
41039,Eugene,Lane,OR,Oregon,43.9283337,-122.8975806,2020,382986,366,203,149,4,0,2,8,1000,78,46,0,66,296,4,100.0,14,3.825136612021858,16.4,Current Asthma,11.6,False
41043,Albany,Linn,OR,Oregon,44.4888982,-122.5372084,2020,131054,366,245,110,0,0,3,8,853,67,36,0,0,366,0,100.0,11,3.0054644808743167,17.8,COPD,6.4,True
41043,Albany,Linn,OR,Oregon,44.4888982,-122.5372084,2020,131054,366,245,110,0,0,3,8,853,67,36,0,0,366,0,100.0,11,3.0054644808743167,17.8,Current Asthma,11.3,True
41047,Salem,Marion,OR,Oregon,44.9008984,-122.5762602,2020,349204,365,278,76,1,0,1,9,1272,63,36,0,124,241,0,99.72677595628416,11,3.0136986301369864,16.3,COPD,6.5,True
41047,Salem,Marion,OR,Oregon,44.9008984,-122.5762602,2020,349204,365,278,76,1,0,1,9,1272,63,36,0,124,241,0,99.72677595628416,11,3.0136986301369864,16.3,Current Asthma,11.0,True
41051,Portland,Multnomah,OR,Oregon,45.5477107,-122.4173625,2020,815637,366,275,82,1,0,2,6,779,63,36,1,200,165,0,100.0,9,2.459016393442623,14.3,COPD,5.0,True
41051,Portland,Multnomah,OR,Oregon,45.5477107,-122.4173625,2020,815637,366,275,82,1,0,2,6,779,63,36,1,200,165,0,100.0,9,2.459016393442623,14.3,Current Asthma,10.1,True
41059,Pendleton,Umatilla,OR,Oregon,45.5911997,-118.7338795,2020,77752,366,273,85,0,1,2,5,738,60,38,0,113,253,0,100.0,8,2.185792349726776,18.1,COPD,6.7,True
41059,Pendleton,Umatilla,OR,Oregon,45.5911997,-118.7338795,2020,77752,366,273,85,0,1,2,5,738,60,38,0,113,253,0,100.0,8,2.185792349726776,18.1,Current Asthma,10.7,True
41061,La Grande,Union,OR,Oregon,45.3040809,-117.9991488,2020,26551,366,300,57,1,4,3,1,326,56,27,0,0,366,0,100.0,9,2.459016393442623,17.7,COPD,6.6,True
41061,La Grande,Union,OR,Oregon,45.3040809,-117.9991488,2020,26551,366,300,57,1,4,3,1,326,56,27,0,0,366,0,100.0,9,2.459016393442623,17.7,Current Asthma,11.1,True
41063,Enterprise,Wallowa,OR,Oregon,45.593753,-117.1855796,2020,7181,366,288,71,0,6,1,0,222,58,27,0,0,366,0,100.0,7,1.912568306010929,15.8,COPD,5.8,True
41063,Enterprise,Wallowa,OR,Oregon,45.593753,-117.1855796,2020,7181,366,288,71,0,6,1,0,222,58,27,0,0,366,0,100.0,7,1.912568306010929,15.8,Current Asthma,10.9,True
41065,City of The Dalles,Wasco,OR,Oregon,45.1645359,-121.1650693,2020,26403,355,307,45,0,0,0,3,599,54,24,0,0,355,0,96.99453551912568,3,0.8450704225352111,17.3,COPD,6.4,False
41065,City of The Dalles,Wasco,OR,Oregon,45.1645359,-121.1650693,2020,26403,355,307,45,0,0,0,3,599,54,24,0,0,355,0,96.99453551912568,3,0.8450704225352111,17.3,Current Asthma,11.0,False
41067,Hillsboro,Washington,OR,Oregon,45.5535419,-123.0976146,2020,603514,366,265,91,2,0,2,6,595,61,34,4,122,240,0,100.0,10,2.73224043715847,11.8,COPD,4.4,True
41067,Hillsboro,Washington,OR,Oregon,45.5535419,-123.0976146,2020,603514,366,265,91,2,0,2,6,595,61,34,4,122,240,0,100.0,10,2.73224043715847,11.8,Current Asthma,10.0,True
42001,Biglerville,Adams,PA,Pennsylvania,39.8694707,-77.2177296,2020,102742,366,280,86,0,0,0,0,88,58,42,0,220,146,0,100.0,0,0.0,19.2,COPD,6.4,False
42001,Biglerville,Adams,PA,Pennsylvania,39.8694707,-77.2177296,2020,102742,366,280,86,0,0,0,0,88,58,42,0,220,146,0,100.0,0,0.0,19.2,Current Asthma,10.0,False
42003,Pittsburgh,Allegheny,PA,Pennsylvania,40.4697574,-79.9804515,2020,1211358,366,138,218,10,0,0,0,128,77,54,0,84,280,2,100.0,10,2.73224043715847,15.6,COPD,5.8,False
42003,Pittsburgh,Allegheny,PA,Pennsylvania,40.4697574,-79.9804515,2020,1211358,366,138,218,10,0,0,0,128,77,54,0,84,280,2,100.0,10,2.73224043715847,15.6,Current Asthma,10.0,False
42005,Kittanning,Armstrong,PA,Pennsylvania,40.8123805,-79.4641285,2020,64162,366,246,117,3,0,0,0,122,58,43,0,156,210,0,100.0,3,0.819672131147541,21.5,COPD,7.4,False
42005,Kittanning,Armstrong,PA,Pennsylvania,40.8123805,-79.4641285,2020,64162,366,246,117,3,0,0,0,122,58,43,0,156,210,0,100.0,3,0.819672131147541,21.5,Current Asthma,10.5,False
42007,Baden,Beaver,PA,Pennsylvania,40.6841401,-80.3507209,2020,162575,366,205,160,1,0,0,0,142,64,48,0,138,228,0,100.0,1,0.273224043715847,18.9,COPD,6.5,False
42007,Baden,Beaver,PA,Pennsylvania,40.6841401,-80.3507209,2020,162575,366,205,160,1,0,0,0,142,64,48,0,138,228,0,100.0,1,0.273224043715847,18.9,Current Asthma,10.2,False
42011,Laureldale,Berks,PA,Pennsylvania,40.4139565,-75.9268598,2020,421017,362,227,134,1,0,0,0,102,63,44,0,148,214,0,98.90710382513662,1,0.2762430939226519,18.2,COPD,6.5,False
42011,Laureldale,Berks,PA,Pennsylvania,40.4139565,-75.9268598,2020,421017,362,227,134,1,0,0,0,102,63,44,0,148,214,0,98.90710382513662,1,0.2762430939226519,18.2,Current Asthma,10.0,False
42013,Altoona,Blair,PA,Pennsylvania,40.4986828,-78.309597,2020,121007,360,262,98,0,0,0,0,87,60,43,0,162,198,0,98.36065573770492,0,0.0,20.4,COPD,7.4,False
42013,Altoona,Blair,PA,Pennsylvania,40.4986828,-78.309597,2020,121007,360,262,98,0,0,0,0,87,60,43,0,162,198,0,98.36065573770492,0,0.0,20.4,Current Asthma,10.5,False
42015,Towanda,Bradford,PA,Pennsylvania,41.7915044,-76.5021231,2020,60221,358,301,57,0,0,0,0,84,53,39,0,203,155,0,97.81420765027322,0,0.0,22.0,COPD,7.7,False
42015,Towanda,Bradford,PA,Pennsylvania,41.7915044,-76.5021231,2020,60221,358,301,57,0,0,0,0,84,53,39,0,203,155,0,97.81420765027322,0,0.0,22.0,Current Asthma,10.5,False
42017,Bristol,Bucks,PA,Pennsylvania,40.3368872,-75.10706,2020,627987,351,331,16,4,0,0,0,115,46,33,0,351,0,0,95.90163934426229,4,1.1396011396011396,15.1,COPD,5.1,False
42017,Bristol,Bucks,PA,Pennsylvania,40.3368872,-75.10706,2020,627987,351,331,16,4,0,0,0,115,46,33,0,351,0,0,95.90163934426229,4,1.1396011396011396,15.1,Current Asthma,9.4,False
42021,Johnstown,Cambria,PA,Pennsylvania,40.5102268,-78.7104774,2020,128672,366,228,138,0,0,0,0,90,60,44,0,107,258,0,100.0,0,0.0,20.8,COPD,7.3,False
42021,Johnstown,Cambria,PA,Pennsylvania,40.5102268,-78.7104774,2020,128672,366,228,138,0,0,0,0,90,60,44,0,107,258,0,100.0,0,0.0,20.8,Current Asthma,10.4,False
42027,State College,Centre,PA,Pennsylvania,40.9091275,-77.8478769,2020,161496,366,287,79,0,0,0,0,91,57,41,0,207,159,0,100.0,0,0.0,17.2,COPD,6.4,False
42027,State College,Centre,PA,Pennsylvania,40.9091275,-77.8478769,2020,161496,366,287,79,0,0,0,0,91,57,41,0,207,159,0,100.0,0,0.0,17.2,Current Asthma,10.1,False
42029,Downingtown,Chester,PA,Pennsylvania,39.9740287,-75.7497512,2020,526759,355,233,121,1,0,0,0,143,59,44,0,119,236,0,96.99453551912568,1,0.28169014084507044,12.9,COPD,4.7,False
42029,Downingtown,Chester,PA,Pennsylvania,39.9740287,-75.7497512,2020,526759,355,233,121,1,0,0,0,143,59,44,0,119,236,0,96.99453551912568,1,0.28169014084507044,12.9,Current Asthma,9.3,False
42041,Carlisle,Cumberland,PA,Pennsylvania,40.1648047,-77.2634419,2020,255857,363,236,125,2,0,0,0,137,61,44,0,0,363,0,99.18032786885246,2,0.5509641873278237,16.2,COPD,5.6,False
42041,Carlisle,Cumberland,PA,Pennsylvania,40.1648047,-77.2634419,2020,255857,363,236,125,2,0,0,0,137,61,44,0,0,363,0,99.18032786885246,2,0.5509641873278237,16.2,Current Asthma,9.5,False
42043,Harrisburg,Dauphin,PA,Pennsylvania,40.4125646,-76.7926343,2020,279874,366,219,144,3,0,0,0,116,65,46,0,126,240,0,100.0,3,0.819672131147541,18.3,COPD,6.0,False
42043,Harrisburg,Dauphin,PA,Pennsylvania,40.4125646,-76.7926343,2020,279874,366,219,144,3,0,0,0,116,65,46,0,126,240,0,100.0,3,0.819672131147541,18.3,Current Asthma,10.3,False
42045,Chester,Delaware,PA,Pennsylvania,39.9166853,-75.3988178,2020,566753,366,174,189,3,0,0,0,129,67,52,1,84,281,0,100.0,3,0.819672131147541,15.8,COPD,5.5,False
42045,Chester,Delaware,PA,Pennsylvania,39.9166853,-75.3988178,2020,566753,366,174,189,3,0,0,0,129,67,52,1,84,281,0,100.0,3,0.819672131147541,15.8,Current Asthma,9.9,False
42049,Erie,Erie,PA,Pennsylvania,42.1179519,-80.0963858,2020,268426,363,298,65,0,0,0,0,87,54,36,0,201,159,0,99.18032786885246,0,0.0,19.6,COPD,7.1,False
42049,Erie,Erie,PA,Pennsylvania,42.1179519,-80.0963858,2020,268426,363,298,65,0,0,0,0,87,54,36,0,201,159,0,99.18032786885246,0,0.0,19.6,Current Asthma,10.2,False
42051,Brownsville,Fayette,PA,Pennsylvania,39.9189072,-79.6401194,2020,128126,363,265,98,0,0,0,0,100,55,42,0,148,215,0,99.18032786885246,0,0.0,23.4,COPD,8.2,False
42051,Brownsville,Fayette,PA,Pennsylvania,39.9189072,-79.6401194,2020,128126,363,265,98,0,0,0,0,100,55,42,0,148,215,0,99.18032786885246,0,0.0,23.4,Current Asthma,10.5,False
42055,Chambersburg,Franklin,PA,Pennsylvania,39.9267722,-77.7245208,2020,155637,363,363,0,0,0,0,0,50,42,32,0,363,0,0,99.18032786885246,0,0.0,19.3,COPD,6.9,False
42055,Chambersburg,Franklin,PA,Pennsylvania,39.9267722,-77.7245208,2020,155637,363,363,0,0,0,0,0,50,42,32,0,363,0,0,99.18032786885246,0,0.0,19.3,Current Asthma,10.4,False
42059,Morrisville,Greene,PA,Pennsylvania,39.8477067,-80.2256552,2020,35621,359,294,64,1,0,0,0,101,53,39,0,198,161,0,98.08743169398907,1,0.2785515320334262,21.5,COPD,7.6,False
42059,Morrisville,Greene,PA,Pennsylvania,39.8477067,-80.2256552,2020,35621,359,294,64,1,0,0,0,101,53,39,0,198,161,0,98.08743169398907,1,0.2785515320334262,21.5,Current Asthma,10.4,False
42063,Indiana,Indiana,PA,Pennsylvania,40.6514319,-79.0875451,2020,83664,351,320,30,1,0,0,0,112,49,37,0,315,36,0,95.90163934426229,1,0.2849002849002849,21.1,COPD,7.6,False
42063,Indiana,Indiana,PA,Pennsylvania,40.6514319,-79.0875451,2020,83664,351,320,30,1,0,0,0,112,49,37,0,315,36,0,95.90163934426229,1,0.2849002849002849,21.1,Current Asthma,10.6,False
42069,Scranton,Lackawanna,PA,Pennsylvania,41.4402841,-75.6096661,2020,208989,366,295,71,0,0,0,0,83,55,40,15,197,154,0,100.0,0,0.0,19.3,COPD,6.8,False
42069,Scranton,Lackawanna,PA,Pennsylvania,41.4402841,-75.6096661,2020,208989,366,295,71,0,0,0,0,83,55,40,15,197,154,0,100.0,0,0.0,19.3,Current Asthma,10.1,False
42071,Lancaster,Lancaster,PA,Pennsylvania,40.0419921,-76.250198,2020,546192,366,177,184,4,1,0,0,153,66,51,0,91,274,1,100.0,5,1.366120218579235,18.3,COPD,6.5,False
42071,Lancaster,Lancaster,PA,Pennsylvania,40.0419921,-76.250198,2020,546192,366,177,184,4,1,0,0,153,66,51,0,91,274,1,100.0,5,1.366120218579235,18.3,Current Asthma,10.2,False
42073,Bessemer (RR name Walford),Lawrence,PA,Pennsylvania,40.9927352,-80.3344455,2020,85083,363,354,9,0,0,0,0,93,43,31,0,363,0,0,99.18032786885246,0,0.0,20.8,COPD,7.4,False
42073,Bessemer (RR name Walford),Lawrence,PA,Pennsylvania,40.9927352,-80.3344455,2020,85083,363,354,9,0,0,0,0,93,43,31,0,363,0,0,99.18032786885246,0,0.0,20.8,Current Asthma,10.5,False
42077,Allentown,Lehigh,PA,Pennsylvania,40.6142409,-75.5906269,2020,370802,359,262,97,0,0,0,0,93,58,41,0,169,186,4,98.08743169398907,0,0.0,17.3,COPD,6.1,False
42077,Allentown,Lehigh,PA,Pennsylvania,40.6142409,-75.5906269,2020,370802,359,262,97,0,0,0,0,93,58,41,0,169,186,4,98.08743169398907,0,0.0,17.3,Current Asthma,10.1,False
42079,Nanticoke,Luzerne,PA,Pennsylvania,41.1730778,-75.9760533,2020,316982,356,354,2,0,0,0,0,54,43,31,0,308,0,48,97.26775956284153,0,0.0,20.1,COPD,7.2,False
42079,Nanticoke,Luzerne,PA,Pennsylvania,41.1730778,-75.9760533,2020,316982,356,354,2,0,0,0,0,54,43,31,0,308,0,48,97.26775956284153,0,0.0,20.1,Current Asthma,10.3,False
42081,Williamsport,Lycoming,PA,Pennsylvania,41.3438824,-77.0552624,2020,113209,366,283,82,1,0,0,0,109,56,41,0,188,178,0,100.0,1,0.273224043715847,19.6,COPD,7.1,False
42081,Williamsport,Lycoming,PA,Pennsylvania,41.3438824,-77.0552624,2020,113209,366,283,82,1,0,0,0,109,56,41,0,188,178,0,100.0,1,0.273224043715847,19.6,Current Asthma,10.3,False
42085,Farrell,Mercer,PA,Pennsylvania,41.3000142,-80.2527863,2020,108545,366,272,93,1,0,0,0,105,58,41,0,190,176,0,100.0,1,0.273224043715847,21.2,COPD,7.4,False
42085,Farrell,Mercer,PA,Pennsylvania,41.3000142,-80.2527863,2020,108545,366,272,93,1,0,0,0,105,58,41,0,190,176,0,100.0,1,0.273224043715847,21.2,Current Asthma,10.5,False
42091,Collegeville,Montgomery,PA,Pennsylvania,40.2099992,-75.3702011,2020,833869,366,269,97,0,0,0,0,99,60,43,0,181,185,0,100.0,0,0.0,13.4,COPD,4.7,False
42091,Collegeville,Montgomery,PA,Pennsylvania,40.2099992,-75.3702011,2020,833869,366,269,97,0,0,0,0,99,60,43,0,181,185,0,100.0,0,0.0,13.4,Current Asthma,9.0,False
42095,Bethlehem,Northampton,PA,Pennsylvania,40.7527913,-75.3074468,2020,305892,365,260,104,1,0,0,0,117,59,41,4,155,206,0,99.72677595628416,1,0.273972602739726,17.3,COPD,5.8,False
42095,Bethlehem,Northampton,PA,Pennsylvania,40.7527913,-75.3074468,2020,305892,365,260,104,1,0,0,0,117,59,41,4,155,206,0,99.72677595628416,1,0.273972602739726,17.3,Current Asthma,9.8,False
42101,Philadelphia,Philadelphia,PA,Pennsylvania,40.0093755,-75.1333459,2020,1578487,366,212,149,5,0,0,0,119,63,47,17,111,238,0,100.0,5,1.366120218579235,19.6,COPD,7.0,False
42101,Philadelphia,Philadelphia,PA,Pennsylvania,40.0093755,-75.1333459,2020,1578487,366,212,149,5,0,0,0,119,63,47,17,111,238,0,100.0,5,1.366120218579235,19.6,Current Asthma,11.9,False
42115,New Milford,Susquehanna,PA,Pennsylvania,41.8196651,-75.8009686,2020,40006,365,311,54,0,0,0,0,74,52,31,0,0,365,0,99.72677595628416,0,0.0,21.0,COPD,7.4,False
42115,New Milford,Susquehanna,PA,Pennsylvania,41.8196651,-75.8009686,2020,40006,365,311,54,0,0,0,0,74,52,31,0,0,365,0,99.72677595628416,0,0.0,21.0,Current Asthma,10.4,False
42125,Monongahela,Washington,PA,Pennsylvania,40.2000054,-80.2521319,2020,206803,366,221,145,0,0,0,0,100,61,46,1,135,230,0,100.0,0,0.0,18.3,COPD,6.3,False
42125,Monongahela,Washington,PA,Pennsylvania,40.2000054,-80.2521319,2020,206803,366,221,145,0,0,0,0,100,61,46,1,135,230,0,100.0,0,0.0,18.3,Current Asthma,10.0,False
42129,Monessen,Westmoreland,PA,Pennsylvania,40.3110682,-79.4666879,2020,347087,362,281,81,0,0,0,0,83,55,39,0,164,198,0,98.90710382513662,0,0.0,17.8,COPD,6.1,False
42129,Monessen,Westmoreland,PA,Pennsylvania,40.3110682,-79.4666879,2020,347087,362,281,81,0,0,0,0,83,55,39,0,164,198,0,98.90710382513662,0,0.0,17.8,Current Asthma,10.1,False
42131,Tunkhannock,Wyoming,PA,Pennsylvania,41.5251726,-76.008731,2020,26557,361,300,61,0,0,0,0,79,53,33,0,0,361,0,98.63387978142076,0,0.0,20.0,COPD,6.8,False
42131,Tunkhannock,Wyoming,PA,Pennsylvania,41.5251726,-76.008731,2020,26557,361,300,61,0,0,0,0,79,53,33,0,0,361,0,98.63387978142076,0,0.0,20.0,Current Asthma,10.0,False
42133,York,York,PA,Pennsylvania,39.9217514,-76.7288887,2020,450448,366,221,145,0,0,0,0,97,62,46,11,102,253,0,100.0,0,0.0,20.0,COPD,6.5,False
42133,York,York,PA,Pennsylvania,39.9217514,-76.7288887,2020,450448,366,221,145,0,0,0,0,97,62,46,11,102,253,0,100.0,0,0.0,20.0,Current Asthma,10.5,False
44003,Warwick (RR name Apponaug),Kent,RI,Rhode Island,41.675118,-71.5802819,2020,164646,358,326,31,1,0,0,0,133,49,34,0,175,183,0,97.81420765027322,1,0.27932960893854747,17.2,COPD,6.0,True
44003,Warwick (RR name Apponaug),Kent,RI,Rhode Island,41.675118,-71.5802819,2020,164646,358,326,31,1,0,0,0,133,49,34,0,175,183,0,97.81420765027322,1,0.27932960893854747,17.2,Current Asthma,11.9,True
44007,Providence,Providence,RI,Rhode Island,41.8697678,-71.5786246,2020,636547,366,226,138,2,0,0,0,112,59,45,2,104,260,0,100.0,2,0.546448087431694,15.7,COPD,6.5,True
44007,Providence,Providence,RI,Rhode Island,41.8697678,-71.5786246,2020,636547,366,226,138,2,0,0,0,112,59,45,2,104,260,0,100.0,2,0.546448087431694,15.7,Current Asthma,12.6,True
44009,Westerly (census name Westerly Center),Washington,RI,Rhode Island,41.396792,-71.620282,2020,125746,366,327,37,1,1,0,0,154,51,35,0,202,164,0,100.0,2,0.546448087431694,14.3,COPD,5.5,True
44009,Westerly (census name Westerly Center),Washington,RI,Rhode Island,41.396792,-71.620282,2020,125746,366,327,37,1,1,0,0,154,51,35,0,202,164,0,100.0,2,0.546448087431694,14.3,Current Asthma,11.6,True
45003,Aiken,Aiken,SC,South Carolina,33.5500134,-81.632983,2020,172895,259,258,1,0,0,0,0,71,44,32,0,259,0,0,70.76502732240438,0,0.0,18.8,COPD,6.8,False
45003,Aiken,Aiken,SC,South Carolina,33.5500134,-81.632983,2020,172895,259,258,1,0,0,0,0,71,44,32,0,259,0,0,70.76502732240438,0,0.0,18.8,Current Asthma,9.9,False
45007,Anderson,Anderson,SC,South Carolina,34.521235,-82.6386029,2020,204353,265,257,8,0,0,0,0,71,46,35,0,265,0,0,72.40437158469946,0,0.0,19.8,COPD,7.2,False
45007,Anderson,Anderson,SC,South Carolina,34.521235,-82.6386029,2020,204353,265,257,8,0,0,0,0,71,46,35,0,265,0,0,72.40437158469946,0,0.0,19.8,Current Asthma,10.1,False
45015,Moncks Corner,Berkeley,SC,South Carolina,33.2077,-79.9536554,2020,235987,220,219,1,0,0,0,0,51,43,31,0,220,0,0,60.10928961748634,0,0.0,18.1,COPD,6.5,False
45015,Moncks Corner,Berkeley,SC,South Carolina,33.2077,-79.9536554,2020,235987,220,219,1,0,0,0,0,51,43,31,0,220,0,0,60.10928961748634,0,0.0,18.1,Current Asthma,9.9,False
45019,North Charleston,Charleston,SC,South Carolina,32.8004582,-79.94248,2020,417981,366,264,101,1,0,0,0,117,57,43,0,58,308,0,100.0,1,0.273224043715847,14.7,COPD,5.4,True
45019,North Charleston,Charleston,SC,South Carolina,32.8004582,-79.94248,2020,417981,366,264,101,1,0,0,0,117,57,43,0,58,308,0,100.0,1,0.273224043715847,14.7,Current Asthma,9.6,True
45031,Darlington,Darlington,SC,South Carolina,34.3321854,-79.9621155,2020,66509,253,253,0,0,0,0,0,49,42,32,0,253,0,0,69.12568306010928,0,0.0,22.0,COPD,8.0,False
45031,Darlington,Darlington,SC,South Carolina,34.3321854,-79.9621155,2020,66509,253,253,0,0,0,0,0,49,42,32,0,253,0,0,69.12568306010928,0,0.0,22.0,Current Asthma,11.0,False
45041,Florence,Florence,SC,South Carolina,34.0285346,-79.7102329,2020,137588,352,290,62,0,0,0,0,95,53,37,0,0,352,0,96.17486338797814,0,0.0,20.2,COPD,7.2,True
45041,Florence,Florence,SC,South Carolina,34.0285346,-79.7102329,2020,137588,352,290,62,0,0,0,0,95,53,37,0,0,352,0,96.17486338797814,0,0.0,20.2,Current Asthma,10.9,True
45045,Greenville,Greenville,SC,South Carolina,34.8926452,-82.3720772,2020,532486,366,234,131,1,0,0,0,116,60,44,1,133,232,0,100.0,1,0.273224043715847,16.5,COPD,5.9,True
45045,Greenville,Greenville,SC,South Carolina,34.8926452,-82.3720772,2020,532486,366,234,131,1,0,0,0,116,60,44,1,133,232,0,100.0,1,0.273224043715847,16.5,Current Asthma,9.9,True
45051,Conway,Horry,SC,South Carolina,33.9092694,-78.9766749,2020,365449,214,214,0,0,0,0,0,50,44,32,0,214,0,0,58.46994535519126,0,0.0,20.4,COPD,6.9,False
45051,Conway,Horry,SC,South Carolina,33.9092694,-78.9766749,2020,365449,214,214,0,0,0,0,0,50,44,32,0,214,0,0,58.46994535519126,0,0.0,20.4,Current Asthma,9.6,False
45063,Cayce,Lexington,SC,South Carolina,33.8992461,-81.2661183,2020,303946,365,263,101,1,0,0,0,111,55,39,0,0,352,13,99.72677595628416,1,0.273972602739726,18.1,COPD,6.4,True
45063,Cayce,Lexington,SC,South Carolina,33.8992461,-81.2661183,2020,303946,365,263,101,1,0,0,0,111,55,39,0,0,352,13,99.72677595628416,1,0.273972602739726,18.1,Current Asthma,9.7,True
45079,Columbia,Richland,SC,South Carolina,34.0290952,-80.8980371,2020,419051,366,289,76,1,0,0,0,117,55,40,1,146,219,0,100.0,1,0.273224043715847,15.4,COPD,5.8,True
45079,Columbia,Richland,SC,South Carolina,34.0290952,-80.8980371,2020,419051,366,289,76,1,0,0,0,117,55,40,1,146,219,0,100.0,1,0.273224043715847,15.4,Current Asthma,10.6,True
45083,Spartanburg,Spartanburg,SC,South Carolina,34.9320145,-81.9916236,2020,326205,366,232,132,2,0,0,0,112,58,45,0,103,263,0,100.0,2,0.546448087431694,18.6,COPD,6.8,True
45083,Spartanburg,Spartanburg,SC,South Carolina,34.9320145,-81.9916236,2020,326205,366,232,132,2,0,0,0,112,58,45,0,103,263,0,100.0,2,0.546448087431694,18.6,Current Asthma,10.1,True
45091,Rock Hill,York,SC,South Carolina,34.9701875,-81.1831873,2020,289105,366,303,63,0,0,0,0,93,53,39,0,156,210,0,100.0,0,0.0,16.3,COPD,5.8,True
45091,Rock Hill,York,SC,South Carolina,34.9701875,-81.1831873,2020,289105,366,303,63,0,0,0,0,93,53,39,0,156,210,0,100.0,0,0.0,16.3,Current Asthma,9.7,True
46011,Brookings,Brookings,SD,South Dakota,44.3766745,-96.7977971,2020,35603,366,305,61,0,0,0,0,87,55,39,0,281,52,33,100.0,0,0.0,14.0,COPD,4.8,True
46011,Brookings,Brookings,SD,South Dakota,44.3766745,-96.7977971,2020,35603,366,305,61,0,0,0,0,87,55,39,0,281,52,33,100.0,0,0.0,14.0,Current Asthma,8.7,True
46013,Aberdeen,Brown,SD,South Dakota,45.5892542,-98.3521746,2020,38738,364,308,56,0,0,0,0,78,54,28,0,0,258,106,99.4535519125683,0,0.0,17.3,COPD,4.7,False
46013,Aberdeen,Brown,SD,South Dakota,45.5892542,-98.3521746,2020,38738,364,308,56,0,0,0,0,78,54,28,0,0,258,106,99.4535519125683,0,0.0,17.3,Current Asthma,8.5,False
46029,Watertown,Codington,SD,South Dakota,44.9662852,-97.1988375,2020,28186,366,293,72,1,0,0,0,101,55,38,0,156,167,43,100.0,1,0.273224043715847,19.2,COPD,5.5,True
46029,Watertown,Codington,SD,South Dakota,44.9662852,-97.1988375,2020,28186,366,293,72,1,0,0,0,101,55,38,0,156,167,43,100.0,1,0.273224043715847,19.2,Current Asthma,8.6,True
46099,Sioux Falls,Minnehaha,SD,South Dakota,43.6674723,-96.7957261,2020,196659,366,298,68,0,0,0,0,90,56,38,2,205,151,8,100.0,0,0.0,15.8,COPD,4.8,True
46099,Sioux Falls,Minnehaha,SD,South Dakota,43.6674723,-96.7957261,2020,196659,366,298,68,0,0,0,0,90,56,38,2,205,151,8,100.0,0,0.0,15.8,Current Asthma,9.3,True
46103,Rapid City,Pennington,SD,South Dakota,44.0023492,-102.8238015,2020,115926,366,264,102,0,0,0,0,92,64,35,27,0,197,142,100.0,0,0.0,18.1,COPD,5.4,True
46103,Rapid City,Pennington,SD,South Dakota,44.0023492,-102.8238015,2020,115926,366,264,102,0,0,0,0,92,64,35,27,0,197,142,100.0,0,0.0,18.1,Current Asthma,9.1,True
47001,Oak Ridge,Anderson,TN,Tennessee,36.1167307,-84.1954177,2020,77558,245,238,7,0,0,0,0,64,46,35,0,245,0,0,66.93989071038251,0,0.0,22.4,COPD,8.1,True
47001,Oak Ridge,Anderson,TN,Tennessee,36.1167307,-84.1954177,2020,77558,245,238,7,0,0,0,0,64,46,35,0,245,0,0,66.93989071038251,0,0.0,22.4,Current Asthma,10.7,True
47009,Alcoa,Blount,TN,Tennessee,35.6881849,-83.9229731,2020,134751,366,273,93,0,0,0,0,93,56,42,0,183,183,0,100.0,0,0.0,22.0,COPD,7.4,True
47009,Alcoa,Blount,TN,Tennessee,35.6881849,-83.9229731,2020,134751,366,273,93,0,0,0,0,93,56,42,0,183,183,0,100.0,0,0.0,22.0,Current Asthma,10.4,True
47037,Nashville,Davidson,TN,Tennessee,36.1691287,-86.7847898,2020,694176,366,190,174,2,0,0,0,116,62,50,4,71,291,0,100.0,2,0.546448087431694,18.5,COPD,6.5,True
47037,Nashville,Davidson,TN,Tennessee,36.1691287,-86.7847898,2020,694176,366,190,174,2,0,0,0,116,62,50,4,71,291,0,100.0,2,0.546448087431694,18.5,Current Asthma,10.4,True
47045,Dyersburg,Dyer,TN,Tennessee,36.054196,-89.3983058,2020,36693,351,293,57,1,0,0,0,117,53,31,0,0,351,0,95.90163934426229,1,0.2849002849002849,24.0,COPD,8.9,True
47045,Dyersburg,Dyer,TN,Tennessee,36.054196,-89.3983058,2020,36693,351,293,57,1,0,0,0,117,53,31,0,0,351,0,95.90163934426229,1,0.2849002849002849,24.0,Current Asthma,11.2,True
47065,Chattanooga,Hamilton,TN,Tennessee,35.163472,-85.2018432,2020,371662,364,219,144,0,1,0,0,151,61,46,0,92,272,0,99.4535519125683,1,0.27472527472527475,19.0,COPD,6.8,True
47065,Chattanooga,Hamilton,TN,Tennessee,35.163472,-85.2018432,2020,371662,364,219,144,0,1,0,0,151,61,46,0,92,272,0,99.4535519125683,1,0.27472527472527475,19.0,Current Asthma,10.2,True
47089,New Market,Jefferson,TN,Tennessee,36.0483379,-83.4411426,2020,55307,240,232,8,0,0,0,0,74,48,37,0,240,0,0,65.57377049180327,0,0.0,23.5,COPD,8.5,True
47089,New Market,Jefferson,TN,Tennessee,36.0483379,-83.4411426,2020,55307,240,232,8,0,0,0,0,74,48,37,0,240,0,0,65.57377049180327,0,0.0,23.5,Current Asthma,10.5,True
47093,Knoxville,Knox,TN,Tennessee,35.9927265,-83.9377209,2020,475609,366,233,133,0,0,0,0,91,60,44,0,85,281,0,100.0,0,0.0,19.0,COPD,6.9,True
47093,Knoxville,Knox,TN,Tennessee,35.9927265,-83.9377209,2020,475609,366,233,133,0,0,0,0,91,60,44,0,85,281,0,100.0,0,0.0,19.0,Current Asthma,10.6,True
47099,Loretto,Lawrence,TN,Tennessee,35.2204764,-87.396546,2020,44432,359,325,34,0,0,0,0,75,49,26,0,0,359,0,98.08743169398907,0,0.0,25.9,COPD,9.8,True
47099,Loretto,Lawrence,TN,Tennessee,35.2204764,-87.396546,2020,44432,359,325,34,0,0,0,0,75,49,26,0,0,359,0,98.08743169398907,0,0.0,25.9,Current Asthma,11.0,True
47105,Loudon,Loudon,TN,Tennessee,35.7350854,-84.3140848,2020,54910,366,299,67,0,0,0,0,97,54,38,0,136,230,0,100.0,0,0.0,20.4,COPD,7.3,True
47105,Loudon,Loudon,TN,Tennessee,35.7350854,-84.3140848,2020,54910,366,299,67,0,0,0,0,97,54,38,0,136,230,0,100.0,0,0.0,20.4,Current Asthma,10.1,True
47113,Jackson,Madison,TN,Tennessee,35.6060563,-88.8334238,2020,98360,354,304,49,1,0,0,0,108,53,33,0,0,354,0,96.72131147540983,1,0.2824858757062147,21.8,COPD,8.0,True
47113,Jackson,Madison,TN,Tennessee,35.6060563,-88.8334238,2020,98360,354,304,49,1,0,0,0,108,53,33,0,0,354,0,96.72131147540983,1,0.2824858757062147,21.8,Current Asthma,11.0,True
47119,Columbia,Maury,TN,Tennessee,35.6156963,-87.0777632,2020,99590,351,302,49,0,0,0,0,92,53,29,0,0,351,0,95.90163934426229,0,0.0,20.5,COPD,7.1,True
47119,Columbia,Maury,TN,Tennessee,35.6156963,-87.0777632,2020,99590,351,302,49,0,0,0,0,92,53,29,0,0,351,0,95.90163934426229,0,0.0,20.5,Current Asthma,10.2,True
47107,Athens,McMinn,TN,Tennessee,35.4244722,-84.6199488,2020,54208,358,280,78,0,0,0,0,89,55,37,0,0,358,0,97.81420765027322,0,0.0,24.7,COPD,9.1,True
47107,Athens,McMinn,TN,Tennessee,35.4244722,-84.6199488,2020,54208,358,280,78,0,0,0,0,89,55,37,0,0,358,0,97.81420765027322,0,0.0,24.7,Current Asthma,10.7,True
47125,Clarksville,Montgomery,TN,Tennessee,36.5003535,-87.3808865,2020,214251,359,288,69,2,0,0,0,116,54,35,0,0,359,0,98.08743169398907,2,0.5571030640668524,20.0,COPD,6.9,True
47125,Clarksville,Montgomery,TN,Tennessee,36.5003535,-87.3808865,2020,214251,359,288,69,2,0,0,0,116,54,35,0,0,359,0,98.08743169398907,2,0.5571030640668524,20.0,Current Asthma,10.4,True
47141,Cookeville,Putnam,TN,Tennessee,36.1409404,-85.4961801,2020,80929,359,310,48,1,0,0,0,105,52,31,0,0,359,0,98.08743169398907,1,0.2785515320334262,22.4,COPD,8.6,True
47141,Cookeville,Putnam,TN,Tennessee,36.1409404,-85.4961801,2020,80929,359,310,48,1,0,0,0,105,52,31,0,0,359,0,98.08743169398907,1,0.2785515320334262,22.4,Current Asthma,10.4,True
47145,Rockwood,Roane,TN,Tennessee,35.8472504,-84.5239292,2020,53841,338,272,66,0,0,0,0,92,55,35,0,0,338,0,92.34972677595628,0,0.0,22.0,COPD,8.1,True
47145,Rockwood,Roane,TN,Tennessee,35.8472504,-84.5239292,2020,53841,338,272,66,0,0,0,0,92,55,35,0,0,338,0,92.34972677595628,0,0.0,22.0,Current Asthma,10.3,True
47155,Pigeon Forge,Sevier,TN,Tennessee,35.7878224,-83.5249005,2020,99244,363,336,26,1,0,0,0,105,49,40,0,363,0,0,99.18032786885246,1,0.27548209366391185,23.3,COPD,8.7,True
47155,Pigeon Forge,Sevier,TN,Tennessee,35.7878224,-83.5249005,2020,99244,363,336,26,1,0,0,0,105,49,40,0,363,0,0,99.18032786885246,1,0.27548209366391185,23.3,Current Asthma,10.6,True
47157,Memphis,Shelby,TN,Tennessee,35.1845529,-89.8946125,2020,936017,366,158,207,0,1,0,0,153,65,52,0,72,294,0,100.0,1,0.273224043715847,18.6,COPD,7.2,True
47157,Memphis,Shelby,TN,Tennessee,35.1845529,-89.8946125,2020,936017,366,158,207,0,1,0,0,153,65,52,0,72,294,0,100.0,1,0.273224043715847,18.6,Current Asthma,11.2,True
47163,Kingsport,Sullivan,TN,Tennessee,36.5096806,-82.3013363,2020,158755,366,314,52,0,0,0,0,80,52,36,0,161,205,0,100.0,0,0.0,23.2,COPD,8.4,True
47163,Kingsport,Sullivan,TN,Tennessee,36.5096806,-82.3013363,2020,158755,366,314,52,0,0,0,0,80,52,36,0,161,205,0,100.0,0,0.0,23.2,Current Asthma,10.9,True
47165,Gallatin,Sumner,TN,Tennessee,36.4724225,-86.4584051,2020,195561,360,273,86,1,0,0,0,121,56,41,0,137,223,0,98.36065573770492,1,0.2777777777777778,20.5,COPD,6.9,True
47165,Gallatin,Sumner,TN,Tennessee,36.4724225,-86.4584051,2020,195561,360,273,86,1,0,0,0,121,56,41,0,137,223,0,98.36065573770492,1,0.2777777777777778,20.5,Current Asthma,10.2,True
47187,Franklin,Williamson,TN,Tennessee,35.8948075,-86.8980679,2020,245348,241,231,10,0,0,0,0,71,47,37,0,241,0,0,65.84699453551912,0,0.0,12.8,COPD,4.7,True
47187,Franklin,Williamson,TN,Tennessee,35.8948075,-86.8980679,2020,245348,241,231,10,0,0,0,0,71,47,37,0,241,0,0,65.84699453551912,0,0.0,12.8,Current Asthma,9.0,True
47189,Lebanon,Wilson,TN,Tennessee,36.149527,-86.2912423,2020,148130,245,240,5,0,0,0,0,64,45,33,0,245,0,0,66.93989071038251,0,0.0,18.2,COPD,6.4,True
47189,Lebanon,Wilson,TN,Tennessee,36.149527,-86.2912423,2020,148130,245,240,5,0,0,0,0,64,45,33,0,245,0,0,66.93989071038251,0,0.0,18.2,Current Asthma,10.0,True
48013,Lytle,Atascosa,TX,Texas,28.8914775,-98.535381,2020,51724,214,149,64,0,1,0,0,158,65,38,0,0,214,0,58.46994535519126,1,0.46728971962616817,17.1,COPD,5.8,False
48013,Lytle,Atascosa,TX,Texas,28.8914775,-98.535381,2020,51724,214,149,64,0,1,0,0,158,65,38,0,0,214,0,58.46994535519126,1,0.46728971962616817,17.1,Current Asthma,8.7,False
48027,Temple,Bell,TX,Texas,31.0427497,-97.4812684,2020,369927,366,236,129,1,0,0,0,135,63,44,0,193,173,0,100.0,1,0.273224043715847,17.8,COPD,6.3,True
48027,Temple,Bell,TX,Texas,31.0427497,-97.4812684,2020,369927,366,236,129,1,0,0,0,135,63,44,0,193,173,0,100.0,1,0.273224043715847,17.8,Current Asthma,9.7,True
48029,San Antonio,Bexar,TX,Texas,29.4486708,-98.5201465,2020,2026823,366,119,237,9,1,0,0,160,80,55,0,110,255,1,100.0,10,2.73224043715847,14.6,COPD,5.4,True
48029,San Antonio,Bexar,TX,Texas,29.4486708,-98.5201465,2020,2026823,366,119,237,9,1,0,0,160,80,55,0,110,255,1,100.0,10,2.73224043715847,14.6,Current Asthma,9.1,True
48037,Texarkana,Bowie,TX,Texas,33.4460648,-94.422393,2020,93481,358,193,164,1,0,0,0,127,61,48,0,0,358,0,97.81420765027322,1,0.27932960893854747,20.5,COPD,7.2,True
48037,Texarkana,Bowie,TX,Texas,33.4460648,-94.422393,2020,93481,358,193,164,1,0,0,0,127,61,48,0,0,358,0,97.81420765027322,1,0.27932960893854747,20.5,Current Asthma,9.9,True
48039,Clute (corporate name for Clute City),Brazoria,TX,Texas,29.1678175,-95.434647,2020,380518,365,328,34,2,1,0,0,182,51,33,11,354,0,0,99.72677595628416,3,0.821917808219178,15.6,COPD,5.2,True
48039,Clute (corporate name for Clute City),Brazoria,TX,Texas,29.1678175,-95.434647,2020,380518,365,328,34,2,1,0,0,182,51,33,11,354,0,0,99.72677595628416,3,0.821917808219178,15.6,Current Asthma,8.5,True
48041,Bryan,Brazos,TX,Texas,30.6567132,-96.3023935,2020,232555,303,210,93,0,0,0,0,99,57,40,0,0,303,0,82.78688524590164,0,0.0,17.0,COPD,6.6,False
48041,Bryan,Brazos,TX,Texas,30.6567132,-96.3023935,2020,232555,303,210,93,0,0,0,0,99,57,40,0,0,303,0,82.78688524590164,0,0.0,17.0,Current Asthma,9.5,False
48043,Alpine,Brewster,TX,Texas,29.8089965,-103.2524579,2020,9237,360,314,46,0,0,0,0,80,52,41,0,278,82,0,98.36065573770492,0,0.0,15.1,COPD,5.7,True
48043,Alpine,Brewster,TX,Texas,29.8089965,-103.2524579,2020,9237,360,314,46,0,0,0,0,80,52,41,0,278,82,0,98.36065573770492,0,0.0,15.1,Current Asthma,8.8,True
48061,Brownsville,Cameron,TX,Texas,26.1029227,-97.4789584,2020,424180,366,158,199,6,3,0,0,184,74,52,0,64,302,0,100.0,9,2.459016393442623,17.1,COPD,6.2,True
48061,Brownsville,Cameron,TX,Texas,26.1029227,-97.4789584,2020,424180,366,158,199,6,3,0,0,184,74,52,0,64,302,0,100.0,9,2.459016393442623,17.1,Current Asthma,8.7,True
48085,Frisco,Collin,TX,Texas,33.1944942,-96.579428,2020,1072069,365,317,45,2,1,0,0,154,54,37,0,365,0,0,99.72677595628416,3,0.821917808219178,11.9,COPD,4.3,True
48085,Frisco,Collin,TX,Texas,33.1944942,-96.579428,2020,1072069,365,317,45,2,1,0,0,154,54,37,0,365,0,0,99.72677595628416,3,0.821917808219178,11.9,Current Asthma,8.2,True
48113,Dallas,Dallas,TX,Texas,32.7669866,-96.7784238,2020,2635888,366,218,142,6,0,0,0,135,69,46,17,161,187,1,100.0,6,1.639344262295082,16.4,COPD,5.9,True
48113,Dallas,Dallas,TX,Texas,32.7669866,-96.7784238,2020,2635888,366,218,142,6,0,0,0,135,69,46,17,161,187,1,100.0,6,1.639344262295082,16.4,Current Asthma,9.1,True
48121,Denton,Denton,TX,Texas,33.205132,-97.1211403,2020,919324,366,245,113,8,0,0,0,142,71,44,3,223,140,0,100.0,8,2.185792349726776,13.0,COPD,4.7,False
48121,Denton,Denton,TX,Texas,33.205132,-97.1211403,2020,919324,366,245,113,8,0,0,0,142,71,44,3,223,140,0,100.0,8,2.185792349726776,13.0,Current Asthma,8.7,False
48135,Odessa,Ector,TX,Texas,31.8653008,-102.5425068,2020,167701,346,271,75,0,0,0,0,96,57,36,0,0,346,0,94.53551912568307,0,0.0,17.3,COPD,6.0,True
48135,Odessa,Ector,TX,Texas,31.8653008,-102.5425068,2020,167701,346,271,75,0,0,0,0,96,57,36,0,0,346,0,94.53551912568307,0,0.0,17.3,Current Asthma,8.9,True
48139,Midlothian,Ellis,TX,Texas,32.3468783,-96.7969403,2020,191760,366,239,126,1,0,0,0,125,61,45,2,137,227,0,100.0,1,0.273224043715847,16.9,COPD,5.9,True
48139,Midlothian,Ellis,TX,Texas,32.3468783,-96.7969403,2020,191760,366,239,126,1,0,0,0,125,61,45,2,137,227,0,100.0,1,0.273224043715847,16.9,Current Asthma,9.2,True
48167,Texas City,Galveston,TX,Texas,29.233453,-94.8884558,2020,345089,360,238,119,3,0,0,0,143,66,44,1,198,159,2,98.36065573770492,3,0.8333333333333334,16.4,COPD,5.7,True
48167,Texas City,Galveston,TX,Texas,29.233453,-94.8884558,2020,345089,360,238,119,3,0,0,0,143,66,44,1,198,159,2,98.36065573770492,3,0.8333333333333334,16.4,Current Asthma,9.3,True
48183,Longview,Gregg,TX,Texas,32.4864014,-94.8162768,2020,124229,363,357,6,0,0,0,0,74,44,31,10,353,0,0,99.18032786885246,0,0.0,20.5,COPD,7.5,True
48183,Longview,Gregg,TX,Texas,32.4864014,-94.8162768,2020,124229,363,357,6,0,0,0,0,74,44,31,10,353,0,0,99.18032786885246,0,0.0,20.5,Current Asthma,10.2,True
48201,Houston,Harris,TX,Texas,29.857273,-95.3930371,2020,4738253,366,109,240,15,2,0,0,190,82,56,5,94,266,1,100.0,17,4.644808743169399,15.8,COPD,5.6,False
48201,Houston,Harris,TX,Texas,29.857273,-95.3930371,2020,4738253,366,109,240,15,2,0,0,190,82,56,5,94,266,1,100.0,17,4.644808743169399,15.8,Current Asthma,8.8,False
48203,Hallsville,Harrison,TX,Texas,32.5479914,-94.3744344,2020,66386,363,264,99,0,0,0,0,100,57,40,0,108,255,0,99.18032786885246,0,0.0,20.8,COPD,7.5,True
48203,Hallsville,Harrison,TX,Texas,32.5479914,-94.3744344,2020,66386,363,264,99,0,0,0,0,100,57,40,0,108,255,0,99.18032786885246,0,0.0,20.8,Current Asthma,10.2,True
48215,McAllen,Hidalgo,TX,Texas,26.3963839,-98.18099,2020,875200,366,222,139,3,2,0,0,157,69,44,0,78,288,0,100.0,5,1.366120218579235,16.8,COPD,6.4,True
48215,McAllen,Hidalgo,TX,Texas,26.3963839,-98.18099,2020,875200,366,222,139,3,2,0,0,157,69,44,0,78,288,0,100.0,5,1.366120218579235,16.8,Current Asthma,8.8,True
48221,Granbury,Hood,TX,Texas,32.430149,-97.8316766,2020,63527,357,330,27,0,0,0,0,100,48,33,0,357,0,0,97.54098360655738,0,0.0,17.2,COPD,6.1,True
48221,Granbury,Hood,TX,Texas,32.430149,-97.8316766,2020,63527,357,330,27,0,0,0,0,100,48,33,0,357,0,0,97.54098360655738,0,0.0,17.2,Current Asthma,9.2,True
48231,Greenville,Hunt,TX,Texas,33.1233077,-96.0842298,2020,99807,366,351,15,0,0,0,0,87,45,32,2,364,0,0,100.0,0,0.0,20.1,COPD,7.3,True
48231,Greenville,Hunt,TX,Texas,33.1233077,-96.0842298,2020,99807,366,351,15,0,0,0,0,87,45,32,2,364,0,0,100.0,0,0.0,20.1,Current Asthma,9.8,True
48245,Port Arthur,Jefferson,TX,Texas,29.8539997,-94.1493306,2020,250127,363,219,142,2,0,0,0,122,65,46,0,148,215,0,99.18032786885246,2,0.5509641873278237,20.2,COPD,7.1,True
48245,Port Arthur,Jefferson,TX,Texas,29.8539997,-94.1493306,2020,250127,363,219,142,2,0,0,0,122,65,46,0,148,215,0,99.18032786885246,2,0.5509641873278237,20.2,Current Asthma,9.9,True
48251,Cleburne,Johnson,TX,Texas,32.3798207,-97.3649587,2020,179575,349,320,27,2,0,0,0,105,50,34,0,349,0,0,95.3551912568306,2,0.5730659025787965,19.4,COPD,6.8,True
48251,Cleburne,Johnson,TX,Texas,32.3798207,-97.3649587,2020,179575,349,320,27,2,0,0,0,105,50,34,0,349,0,0,95.3551912568306,2,0.5730659025787965,19.4,Current Asthma,9.4,True
48257,Terrell,Kaufman,TX,Texas,32.5989442,-96.2883773,2020,143198,366,260,105,1,0,0,0,134,60,42,3,171,192,0,100.0,1,0.273224043715847,18.0,COPD,6.5,True
48257,Terrell,Kaufman,TX,Texas,32.5989442,-96.2883773,2020,143198,366,260,105,1,0,0,0,134,60,42,3,171,192,0,100.0,1,0.273224043715847,18.0,Current Asthma,9.5,True
48273,Corpus Christi,Kleberg,TX,Texas,27.4387348,-97.6606203,2020,30338,330,181,143,4,2,0,0,174,70,46,0,0,330,0,90.1639344262295,6,1.8181818181818181,16.4,COPD,5.8,True
48273,Corpus Christi,Kleberg,TX,Texas,27.4387348,-97.6606203,2020,30338,330,181,143,4,2,0,0,174,70,46,0,0,330,0,90.1639344262295,6,1.8181818181818181,16.4,Current Asthma,8.8,True
48303,Lubbock,Lubbock,TX,Texas,33.6114688,-101.8199438,2020,314772,352,311,41,0,0,0,0,83,52,26,0,0,352,0,96.17486338797814,0,0.0,16.9,COPD,6.4,True
48303,Lubbock,Lubbock,TX,Texas,33.6114688,-101.8199438,2020,314772,352,311,41,0,0,0,0,83,52,26,0,0,352,0,96.17486338797814,0,0.0,16.9,Current Asthma,9.4,True
48323,Eagle Pass,Maverick,TX,Texas,28.7297873,-100.316678,2020,58378,347,254,92,0,1,0,0,164,61,36,0,0,347,0,94.80874316939891,1,0.2881844380403458,17.0,COPD,5.9,True
48323,Eagle Pass,Maverick,TX,Texas,28.7297873,-100.316678,2020,58378,347,254,92,0,1,0,0,164,61,36,0,0,347,0,94.80874316939891,1,0.2881844380403458,17.0,Current Asthma,8.6,True
48309,Waco,McLennan,TX,Texas,31.5495958,-97.2015108,2020,259730,366,294,72,0,0,0,0,97,54,39,0,231,135,0,100.0,0,0.0,19.0,COPD,7.2,True
48309,Waco,McLennan,TX,Texas,31.5495958,-97.2015108,2020,259730,366,294,72,0,0,0,0,97,54,39,0,231,135,0,100.0,0,0.0,19.0,Current Asthma,9.9,True
48339,Conroe,Montgomery,TX,Texas,30.2988009,-95.50295,2020,626351,366,219,139,8,0,0,0,129,64,44,1,142,223,0,100.0,8,2.185792349726776,15.7,COPD,5.6,True
48339,Conroe,Montgomery,TX,Texas,30.2988009,-95.50295,2020,626351,366,219,139,8,0,0,0,129,64,44,1,142,223,0,100.0,8,2.185792349726776,15.7,Current Asthma,8.9,True
48349,Corsicana,Navarro,TX,Texas,32.048448,-96.4769087,2020,50694,366,257,107,2,0,0,0,113,58,42,2,139,225,0,100.0,2,0.546448087431694,20.9,COPD,7.7,True
48349,Corsicana,Navarro,TX,Texas,32.048448,-96.4769087,2020,50694,366,257,107,2,0,0,0,113,58,42,2,139,225,0,100.0,2,0.546448087431694,20.9,Current Asthma,10.1,True
48355,Corpus Christi,Nueces,TX,Texas,27.7400315,-97.5162143,2020,363148,366,227,137,0,2,0,0,162,67,46,0,135,231,0,100.0,2,0.546448087431694,17.4,COPD,5.7,True
48355,Corpus Christi,Nueces,TX,Texas,27.7400315,-97.5162143,2020,363148,366,227,137,0,2,0,0,162,67,46,0,135,231,0,100.0,2,0.546448087431694,17.4,Current Asthma,9.2,True
48361,Orange,Orange,TX,Texas,30.1223229,-93.8940999,2020,82878,362,223,137,2,0,0,0,103,62,44,0,124,238,0,98.90710382513662,2,0.5524861878453038,20.3,COPD,7.3,True
48361,Orange,Orange,TX,Texas,30.1223229,-93.8940999,2020,82878,362,223,137,2,0,0,0,103,62,44,0,124,238,0,98.90710382513662,2,0.5524861878453038,20.3,Current Asthma,9.7,True
48367,Weatherford,Parker,TX,Texas,32.7770964,-97.8059049,2020,148198,362,331,30,1,0,0,0,115,50,35,0,362,0,0,98.90710382513662,1,0.2762430939226519,17.8,COPD,6.3,True
48367,Weatherford,Parker,TX,Texas,32.7770964,-97.8059049,2020,148198,362,331,30,1,0,0,0,115,50,35,0,362,0,0,98.90710382513662,1,0.2762430939226519,17.8,Current Asthma,9.2,True
48375,Amarillo,Potter,TX,Texas,35.3986751,-101.893804,2020,116004,341,307,34,0,0,0,0,85,50,26,0,0,341,0,93.16939890710383,0,0.0,21.9,COPD,8.0,True
48375,Amarillo,Potter,TX,Texas,35.3986751,-101.893804,2020,116004,341,307,34,0,0,0,0,85,50,26,0,0,341,0,93.16939890710383,0,0.0,21.9,Current Asthma,9.7,True
48397,Rockwall,Rockwall,TX,Texas,32.8998859,-96.4120504,2020,109888,363,345,17,1,0,0,0,133,45,32,0,363,0,0,99.18032786885246,1,0.27548209366391185,13.7,COPD,4.7,True
48397,Rockwall,Rockwall,TX,Texas,32.8998859,-96.4120504,2020,109888,363,345,17,1,0,0,0,133,45,32,0,363,0,0,99.18032786885246,1,0.27548209366391185,13.7,Current Asthma,8.7,True
48423,Tyler,Smith,TX,Texas,32.3770156,-95.2700409,2020,235806,366,352,14,0,0,0,0,84,46,33,3,363,0,0,100.0,0,0.0,17.9,COPD,6.5,True
48423,Tyler,Smith,TX,Texas,32.3770156,-95.2700409,2020,235806,366,352,14,0,0,0,0,84,46,33,3,363,0,0,100.0,0,0.0,17.9,Current Asthma,9.5,True
48439,Fort Worth,Tarrant,TX,Texas,32.7721191,-97.2912241,2020,2123347,366,163,187,13,3,0,0,159,77,52,7,131,228,0,100.0,16,4.371584699453552,15.9,COPD,5.7,False
48439,Fort Worth,Tarrant,TX,Texas,32.7721191,-97.2912241,2020,2123347,366,163,187,13,3,0,0,159,77,52,7,131,228,0,100.0,16,4.371584699453552,15.9,Current Asthma,9.5,False
48453,Austin,Travis,TX,Texas,30.2395128,-97.6912697,2020,1300503,366,182,183,0,1,0,0,154,66,51,3,95,267,1,100.0,1,0.273224043715847,11.9,COPD,4.5,True
48453,Austin,Travis,TX,Texas,30.2395128,-97.6912697,2020,1300503,366,182,183,0,1,0,0,154,66,51,3,95,267,1,100.0,1,0.273224043715847,11.9,Current Asthma,8.5,True
48469,Victoria,Victoria,TX,Texas,28.7963699,-96.9711977,2020,91936,329,308,21,0,0,0,0,100,47,31,0,329,0,0,89.89071038251366,0,0.0,17.7,COPD,6.3,True
48469,Victoria,Victoria,TX,Texas,28.7963699,-96.9711977,2020,91936,329,308,21,0,0,0,0,100,47,31,0,329,0,0,89.89071038251366,0,0.0,17.7,Current Asthma,9.1,True
48479,Laredo,Webb,TX,Texas,27.7607987,-99.3407518,2020,277681,366,217,146,2,1,0,0,163,68,47,0,97,269,0,100.0,3,0.819672131147541,16.7,COPD,5.7,True
48479,Laredo,Webb,TX,Texas,27.7607987,-99.3407518,2020,277681,366,217,146,2,1,0,0,163,68,47,0,97,269,0,100.0,3,0.819672131147541,16.7,Current Asthma,9.0,True
49003,Brigham City,Box Elder,UT,Utah,41.6226233,-113.060252,2020,57007,355,316,36,3,0,0,0,147,51,40,27,328,0,0,96.99453551912568,3,0.8450704225352111,10.5,COPD,5.3,True
49003,Brigham City,Box Elder,UT,Utah,41.6226233,-113.060252,2020,57007,355,316,36,3,0,0,0,147,51,40,27,328,0,0,96.99453551912568,3,0.8450704225352111,10.5,Current Asthma,10.7,True
49005,Logan,Cache,UT,Utah,41.7341174,-111.7453987,2020,130004,366,205,152,5,4,0,0,162,72,48,0,170,179,17,100.0,9,2.459016393442623,9.2,COPD,5.3,True
49005,Logan,Cache,UT,Utah,41.7341174,-111.7453987,2020,130004,366,205,152,5,4,0,0,162,72,48,0,170,179,17,100.0,9,2.459016393442623,9.2,Current Asthma,10.6,True
49007,Price,Carbon,UT,Utah,39.673284,-110.5884845,2020,20760,350,308,42,0,0,0,0,93,51,43,2,348,0,0,95.62841530054644,0,0.0,12.5,COPD,6.1,True
49007,Price,Carbon,UT,Utah,39.673284,-110.5884845,2020,20760,350,308,42,0,0,0,0,93,51,43,2,348,0,0,95.62841530054644,0,0.0,12.5,Current Asthma,11.7,True
49011,Bountiful,Davis,UT,Utah,41.0375594,-112.2019434,2020,359232,366,217,135,13,1,0,0,157,78,46,33,187,146,0,100.0,14,3.825136612021858,7.8,COPD,4.2,False
49011,Bountiful,Davis,UT,Utah,41.0375594,-112.2019434,2020,359232,366,217,135,13,1,0,0,157,78,46,33,187,146,0,100.0,14,3.825136612021858,7.8,Current Asthma,11.5,False
49013,Roosevelt,Duchesne,UT,Utah,40.2893927,-110.4295838,2020,19894,366,239,122,5,0,0,0,125,68,46,0,259,107,0,100.0,5,1.366120218579235,13.6,COPD,6.5,True
49013,Roosevelt,Duchesne,UT,Utah,40.2893927,-110.4295838,2020,19894,366,239,122,5,0,0,0,125,68,46,0,259,107,0,100.0,5,1.366120218579235,13.6,Current Asthma,11.2,True
49017,Escalante,Garfield,UT,Utah,37.8316645,-111.4509076,2020,5050,365,331,34,0,0,0,0,74,50,42,0,361,4,0,99.72677595628416,0,0.0,11.8,COPD,5.8,True
49017,Escalante,Garfield,UT,Utah,37.8316645,-111.4509076,2020,5050,365,331,34,0,0,0,0,74,50,42,0,361,4,0,99.72677595628416,0,0.0,11.8,Current Asthma,10.8,True
49021,Cedar City,Iron,UT,Utah,37.9093044,-113.3067405,2020,56814,366,312,54,0,0,0,0,88,53,41,20,273,73,0,100.0,0,0.0,11.9,COPD,6.2,True
49021,Cedar City,Iron,UT,Utah,37.9093044,-113.3067405,2020,56814,366,312,54,0,0,0,0,88,53,41,20,273,73,0,100.0,0,0.0,11.9,Current Asthma,11.2,True
49037,White Mesa,San Juan,UT,Utah,37.6026332,-109.7915742,2020,15278,363,294,67,2,0,0,0,119,58,43,0,360,3,0,99.18032786885246,2,0.5509641873278237,15.8,COPD,7.5,True
49037,White Mesa,San Juan,UT,Utah,37.6026332,-109.7915742,2020,15278,363,294,67,2,0,0,0,119,58,43,0,360,3,0,99.18032786885246,2,0.5509641873278237,15.8,Current Asthma,12.5,True
49045,Tooele,Tooele,UT,Utah,40.4677525,-113.1239786,2020,74512,366,253,108,4,1,0,0,162,70,43,1,235,130,0,100.0,5,1.366120218579235,11.1,COPD,5.2,True
49045,Tooele,Tooele,UT,Utah,40.4677525,-113.1239786,2020,74512,366,253,108,4,1,0,0,162,70,43,1,235,130,0,100.0,5,1.366120218579235,11.1,Current Asthma,10.3,True
49047,Vernal,Uintah,UT,Utah,40.1258872,-109.5177482,2020,35970,366,201,160,5,0,0,0,133,72,50,0,308,58,0,100.0,5,1.366120218579235,14.0,COPD,6.5,False
49047,Vernal,Uintah,UT,Utah,40.1258872,-109.5177482,2020,35970,366,201,160,5,0,0,0,133,72,50,0,308,58,0,100.0,5,1.366120218579235,14.0,Current Asthma,11.0,False
49049,Orem,Utah,UT,Utah,40.1204248,-111.6685082,2020,651059,366,199,162,5,0,0,0,150,80,48,1,201,163,1,100.0,5,1.366120218579235,6.7,COPD,4.4,False
49049,Orem,Utah,UT,Utah,40.1204248,-111.6685082,2020,651059,366,199,162,5,0,0,0,150,80,48,1,201,163,1,100.0,5,1.366120218579235,6.7,Current Asthma,10.1,False
49053,St. George,Washington,UT,Utah,37.2625308,-113.4878003,2020,184913,366,276,87,3,0,0,0,112,63,44,0,318,48,0,100.0,3,0.819672131147541,9.3,COPD,5.0,True
49053,St. George,Washington,UT,Utah,37.2625308,-113.4878003,2020,184913,366,276,87,3,0,0,0,112,63,44,0,318,48,0,100.0,3,0.819672131147541,9.3,Current Asthma,10.5,True
49057,Ogden,Weber,UT,Utah,41.2703252,-111.876883,2020,262658,366,228,132,6,0,0,0,140,74,45,37,221,101,7,100.0,6,1.639344262295082,10.6,COPD,5.2,True
49057,Ogden,Weber,UT,Utah,41.2703252,-111.876883,2020,262658,366,228,132,6,0,0,0,140,74,45,37,221,101,7,100.0,6,1.639344262295082,10.6,Current Asthma,11.0,True
50003,Bennington,Bennington,VT,Vermont,43.0353254,-73.1114603,2020,35338,366,330,36,0,0,0,0,73,50,37,0,251,115,0,100.0,0,0.0,15.5,COPD,5.9,True
50003,Bennington,Bennington,VT,Vermont,43.0353254,-73.1114603,2020,35338,366,330,36,0,0,0,0,73,50,37,0,251,115,0,100.0,0,0.0,15.5,Current Asthma,10.4,True
50007,Burlington,Chittenden,VT,Vermont,44.4633289,-73.0694099,2020,164306,366,302,64,0,0,0,0,98,53,39,0,206,160,0,100.0,0,0.0,12.0,COPD,4.8,True
50007,Burlington,Chittenden,VT,Vermont,44.4633289,-73.0694099,2020,164306,366,302,64,0,0,0,0,98,53,39,0,206,160,0,100.0,0,0.0,12.0,Current Asthma,9.7,True
50021,Rutland,Rutland,VT,Vermont,43.5808577,-73.0382023,2020,57764,366,283,83,0,0,0,0,97,56,39,0,157,209,0,100.0,0,0.0,15.1,COPD,5.8,True
50021,Rutland,Rutland,VT,Vermont,43.5808577,-73.0382023,2020,57764,366,283,83,0,0,0,0,97,56,39,0,157,209,0,100.0,0,0.0,15.1,Current Asthma,10.4,True
51013,Arlington,Arlington,VA,Virginia,38.8783374,-77.1007034,2020,240119,366,332,34,0,0,0,0,90,49,34,37,267,61,0,100.0,0,0.0,9.0,COPD,3.5,True
51013,Arlington,Arlington,VA,Virginia,38.8783374,-77.1007034,2020,240119,366,332,34,0,0,0,0,90,49,34,37,267,61,0,100.0,0,0.0,9.0,Current Asthma,8.1,True
51041,Bensley,Chesterfield,VA,Virginia,37.3784338,-77.5858474,2020,358245,279,265,14,0,0,0,0,61,46,34,0,204,75,0,76.22950819672131,0,0.0,14.7,COPD,5.2,True
51041,Bensley,Chesterfield,VA,Virginia,37.3784338,-77.5858474,2020,358245,279,265,14,0,0,0,0,61,46,34,0,204,75,0,76.22950819672131,0,0.0,14.7,Current Asthma,9.5,True
51059,Annandale,Fairfax,VA,Virginia,38.8295203,-77.2732524,2020,1150847,366,236,130,0,0,0,0,100,58,44,9,112,245,0,100.0,0,0.0,9.4,COPD,3.8,False
51059,Annandale,Fairfax,VA,Virginia,38.8295203,-77.2732524,2020,1150847,366,236,130,0,0,0,0,100,58,44,9,112,245,0,100.0,0,0.0,9.4,Current Asthma,8.0,False
51071,Pearisburg,Giles,VA,Virginia,37.3180719,-80.698321,2020,16663,342,337,5,0,0,0,0,67,45,36,0,342,0,0,93.44262295081968,0,0.0,19.7,COPD,7.0,True
51071,Pearisburg,Giles,VA,Virginia,37.3180719,-80.698321,2020,16663,342,337,5,0,0,0,0,67,45,36,0,342,0,0,93.44262295081968,0,0.0,19.7,Current Asthma,9.7,True
51087,East Highland Park,Henrico,VA,Virginia,37.4375205,-77.300333,2020,333766,366,287,79,0,0,0,0,71,55,41,2,140,223,0,100.0,0,0.0,14.3,COPD,5.0,True
51087,East Highland Park,Henrico,VA,Virginia,37.4375205,-77.300333,2020,333766,366,287,79,0,0,0,0,71,55,41,2,140,223,0,100.0,0,0.0,14.3,Current Asthma,9.3,True
51107,Leesburg,Loudoun,VA,Virginia,39.0812,-77.6388976,2020,422784,366,339,26,1,0,0,0,108,48,34,24,285,57,0,100.0,1,0.273224043715847,9.5,COPD,3.7,True
51107,Leesburg,Loudoun,VA,Virginia,39.0812,-77.6388976,2020,422784,366,339,26,1,0,0,0,108,48,34,24,285,57,0,100.0,1,0.273224043715847,9.5,Current Asthma,8.1,True
51147,Farmville,Prince Edward,VA,Virginia,37.2248813,-78.4329574,2020,23006,361,361,0,0,0,0,0,49,42,30,0,361,0,0,98.63387978142076,0,0.0,20.7,COPD,7.6,True
51147,Farmville,Prince Edward,VA,Virginia,37.2248813,-78.4329574,2020,23006,361,361,0,0,0,0,0,49,42,30,0,361,0,0,98.63387978142076,0,0.0,20.7,Current Asthma,10.7,True
51153,Woodbridge,Prince William,VA,Virginia,38.7011187,-77.4795791,2020,475533,364,357,7,0,0,0,0,74,44,32,1,363,0,0,99.4535519125683,0,0.0,12.7,COPD,4.5,True
51153,Woodbridge,Prince William,VA,Virginia,38.7011187,-77.4795791,2020,475533,364,357,7,0,0,0,0,74,44,32,1,363,0,0,99.4535519125683,0,0.0,12.7,Current Asthma,8.8,True
51760,Richmond,Richmond City,VA,Virginia,37.531399,-77.4760085,2020,232226,364,294,70,0,0,0,0,80,54,37,61,0,302,0,99.4535519125683,0,0.0,17.2,COPD,6.3,False
51760,Richmond,Richmond City,VA,Virginia,37.531399,-77.4760085,2020,232226,364,294,70,0,0,0,0,80,54,37,61,0,302,0,99.4535519125683,0,0.0,17.2,Current Asthma,10.8,False
51161,Vinton,Roanoke,VA,Virginia,37.330792,-80.1912371,2020,94509,366,277,89,0,0,0,0,72,55,40,3,103,260,0,100.0,0,0.0,16.3,COPD,5.7,False
51161,Vinton,Roanoke,VA,Virginia,37.330792,-80.1912371,2020,94509,366,277,89,0,0,0,0,72,55,40,3,103,260,0,100.0,0,0.0,16.3,Current Asthma,9.3,False
51179,Aquia Harbour,Stafford,VA,Virginia,38.4230836,-77.4580475,2020,156748,362,357,5,0,0,0,0,84,44,32,0,360,0,2,98.90710382513662,0,0.0,14.1,COPD,4.7,True
51179,Aquia Harbour,Stafford,VA,Virginia,38.4230836,-77.4580475,2020,156748,362,357,5,0,0,0,0,84,44,32,0,360,0,2,98.90710382513662,0,0.0,14.1,Current Asthma,8.9,True
51197,Fort Chiswell,Wythe,VA,Virginia,36.8998674,-81.0830007,2020,28620,235,233,2,0,0,0,0,61,45,34,0,235,0,0,64.20765027322405,0,0.0,20.6,COPD,7.5,True
51197,Fort Chiswell,Wythe,VA,Virginia,36.8998674,-81.0830007,2020,28620,235,233,2,0,0,0,0,61,45,34,0,235,0,0,64.20765027322405,0,0.0,20.6,Current Asthma,9.8,True
53003,Clarkston,Asotin,WA,Washington,46.1818612,-117.2277813,2020,22820,350,229,112,2,1,5,1,328,66,38,0,0,350,0,95.62841530054644,9,2.571428571428571,19.6,COPD,6.9,True
53003,Clarkston,Asotin,WA,Washington,46.1818612,-117.2277813,2020,22820,350,229,112,2,1,5,1,328,66,38,0,0,350,0,95.62841530054644,9,2.571428571428571,19.6,Current Asthma,11.9,True
53005,Kennewick,Benton,WA,Washington,46.2281252,-119.5166594,2020,206426,365,284,69,3,3,1,5,954,58,35,0,107,207,51,99.72677595628416,12,3.287671232876712,14.3,COPD,5.5,True
53005,Kennewick,Benton,WA,Washington,46.2281252,-119.5166594,2020,206426,365,284,69,3,3,1,5,954,58,35,0,107,207,51,99.72677595628416,12,3.287671232876712,14.3,Current Asthma,10.9,True
53007,Wenatchee,Chelan,WA,Washington,47.8609739,-120.619041,2020,77574,366,274,80,1,6,1,4,817,59,28,0,0,366,0,100.0,12,3.278688524590164,15.3,COPD,5.9,True
53007,Wenatchee,Chelan,WA,Washington,47.8609739,-120.619041,2020,77574,366,274,80,1,6,1,4,817,59,28,0,0,366,0,100.0,12,3.278688524590164,15.3,Current Asthma,11.0,True
53009,Port Angeles,Clallam,WA,Washington,48.1109034,-123.8898599,2020,78067,366,304,55,1,1,2,3,368,54,37,0,166,200,0,100.0,7,1.912568306010929,16.5,COPD,6.1,True
53009,Port Angeles,Clallam,WA,Washington,48.1109034,-123.8898599,2020,78067,366,304,55,1,1,2,3,368,54,37,0,166,200,0,100.0,7,1.912568306010929,16.5,Current Asthma,11.2,True
53011,Vancouver,Clark,WA,Washington,45.7717295,-122.4859533,2020,496865,366,272,85,1,0,3,5,874,62,32,0,51,315,0,100.0,9,2.459016393442623,13.9,COPD,5.4,True
53011,Vancouver,Clark,WA,Washington,45.7717295,-122.4859533,2020,496865,366,272,85,1,0,3,5,874,62,32,0,51,315,0,100.0,9,2.459016393442623,13.9,Current Asthma,11.0,True
53013,Dayton,Columbia,WA,Washington,46.2928505,-117.9116345,2020,4048,365,323,34,0,5,3,0,258,52,23,0,18,347,0,99.72677595628416,8,2.191780821917808,16.0,COPD,5.8,True
53013,Dayton,Columbia,WA,Washington,46.2928505,-117.9116345,2020,4048,365,323,34,0,5,3,0,258,52,23,0,18,347,0,99.72677595628416,8,2.191780821917808,16.0,Current Asthma,11.1,True
53015,Longview,Cowlitz,WA,Washington,46.1967854,-122.6784596,2020,111371,366,331,26,1,3,5,0,282,50,21,0,0,366,0,100.0,9,2.459016393442623,18.9,COPD,6.7,True
53015,Longview,Cowlitz,WA,Washington,46.1967854,-122.6784596,2020,111371,366,331,26,1,3,5,0,282,50,21,0,0,366,0,100.0,9,2.459016393442623,18.9,Current Asthma,12.4,True
53025,Moses Lake,Grant,WA,Washington,47.2136328,-119.467788,2020,99377,366,325,31,2,4,3,1,316,52,21,0,0,366,0,100.0,10,2.73224043715847,16.9,COPD,6.5,True
53025,Moses Lake,Grant,WA,Washington,47.2136328,-119.467788,2020,99377,366,325,31,2,4,3,1,316,52,21,0,0,366,0,100.0,10,2.73224043715847,16.9,Current Asthma,11.1,True
53027,Aberdeen,Grays Harbor,WA,Washington,47.1137324,-123.8267349,2020,75950,366,330,28,1,2,5,0,242,50,27,0,0,366,0,100.0,8,2.185792349726776,19.3,COPD,7.0,True
53027,Aberdeen,Grays Harbor,WA,Washington,47.1137324,-123.8267349,2020,75950,366,330,28,1,2,5,0,242,50,27,0,0,366,0,100.0,8,2.185792349726776,19.3,Current Asthma,11.8,True
53031,Port Townsend,Jefferson,WA,Washington,47.8057075,-123.5270572,2020,32700,340,321,11,2,2,4,0,232,43,23,0,0,340,0,92.89617486338798,8,2.3529411764705883,14.3,COPD,5.2,True
53031,Port Townsend,Jefferson,WA,Washington,47.8057075,-123.5270572,2020,32700,340,321,11,2,2,4,0,232,43,23,0,0,340,0,92.89617486338798,8,2.3529411764705883,14.3,Current Asthma,10.7,True
53033,Seattle,King,WA,Washington,47.4905518,-121.8339765,2020,2274315,366,248,106,3,4,5,0,299,66,43,14,65,287,0,100.0,12,3.278688524590164,9.5,COPD,3.8,True
53033,Seattle,King,WA,Washington,47.4905518,-121.8339765,2020,2274315,366,248,106,3,4,5,0,299,66,43,14,65,287,0,100.0,12,3.278688524590164,9.5,Current Asthma,9.2,True
53035,Bremerton,Kitsap,WA,Washington,47.6395948,-122.6496339,2020,272787,361,322,30,3,1,5,0,245,51,23,0,0,361,0,98.63387978142076,9,2.4930747922437675,13.8,COPD,5.1,True
53035,Bremerton,Kitsap,WA,Washington,47.6395948,-122.6496339,2020,272787,361,322,30,3,1,5,0,245,51,23,0,0,361,0,98.63387978142076,9,2.4930747922437675,13.8,Current Asthma,10.4,True
53037,Ellensburg,Kittitas,WA,Washington,47.1244411,-120.6767092,2020,49204,365,297,57,2,3,2,4,724,59,24,0,0,365,0,99.72677595628416,11,3.0136986301369864,16.8,COPD,6.1,True
53037,Ellensburg,Kittitas,WA,Washington,47.1244411,-120.6767092,2020,49204,365,297,57,2,3,2,4,724,59,24,0,0,365,0,99.72677595628416,11,3.0136986301369864,16.8,Current Asthma,11.2,True
53039,Goldendale,Klickitat,WA,Washington,45.8704463,-120.7793049,2020,22697,318,284,25,0,2,0,7,1358,51,22,0,0,318,0,86.88524590163934,9,2.8301886792452833,17.0,COPD,6.6,False
53039,Goldendale,Klickitat,WA,Washington,45.8704463,-120.7793049,2020,22697,318,284,25,0,2,0,7,1358,51,22,0,0,318,0,86.88524590163934,9,2.8301886792452833,17.0,Current Asthma,11.2,False
53041,Chehalis,Lewis,WA,Washington,46.5800714,-122.3774443,2020,82109,335,314,20,0,0,1,0,258,46,25,0,0,335,0,91.53005464480874,1,0.2985074626865672,17.8,COPD,6.7,True
53041,Chehalis,Lewis,WA,Washington,46.5800714,-122.3774443,2020,82109,335,314,20,0,0,1,0,258,46,25,0,0,335,0,91.53005464480874,1,0.2985074626865672,17.8,Current Asthma,11.2,True
53045,Shelton,Mason,WA,Washington,47.3508322,-123.1731033,2020,68224,357,312,36,2,2,1,4,397,52,23,0,0,357,0,97.54098360655738,9,2.5210084033613445,18.0,COPD,6.6,True
53045,Shelton,Mason,WA,Washington,47.3508322,-123.1731033,2020,68224,357,312,36,2,2,1,4,397,52,23,0,0,357,0,97.54098360655738,9,2.5210084033613445,18.0,Current Asthma,11.1,True
53047,Okanogan,Okanogan,WA,Washington,48.5484533,-119.7422347,2020,42620,366,196,157,1,6,2,4,618,74,47,0,0,366,0,100.0,13,3.551912568306011,20.3,COPD,7.8,False
53047,Okanogan,Okanogan,WA,Washington,48.5484533,-119.7422347,2020,42620,366,196,157,1,6,2,4,618,74,47,0,0,366,0,100.0,13,3.551912568306011,20.3,Current Asthma,12.1,False
53053,Tacoma,Pierce,WA,Washington,47.0514128,-122.1532402,2020,913890,366,256,99,4,3,4,0,256,66,42,6,197,163,0,100.0,11,3.0054644808743167,15.1,COPD,5.4,True
53053,Tacoma,Pierce,WA,Washington,47.0514128,-122.1532402,2020,913890,366,256,99,4,3,4,0,256,66,42,6,197,163,0,100.0,11,3.0054644808743167,15.1,Current Asthma,10.7,True
53057,Anacortes,Skagit,WA,Washington,48.4932917,-121.8157703,2020,130789,272,266,6,0,0,0,0,57,39,21,0,17,255,0,74.31693989071039,0,0.0,14.3,COPD,5.7,True
53057,Anacortes,Skagit,WA,Washington,48.4932917,-121.8157703,2020,130789,272,266,6,0,0,0,0,57,39,21,0,17,255,0,74.31693989071039,0,0.0,14.3,Current Asthma,10.5,True
53061,Everett,Snohomish,WA,Washington,48.054913,-121.7650375,2020,830393,366,234,122,3,3,4,0,250,68,40,0,0,366,0,100.0,10,2.73224043715847,13.4,COPD,5.0,True
53061,Everett,Snohomish,WA,Washington,48.054913,-121.7650375,2020,830393,366,234,122,3,3,4,0,250,68,40,0,0,366,0,100.0,10,2.73224043715847,13.4,Current Asthma,10.9,True
53063,Spokane,Spokane,WA,Washington,47.6203752,-117.4033714,2020,528225,366,286,73,0,1,2,4,785,58,36,0,102,248,16,100.0,7,1.912568306010929,14.9,COPD,6.1,True
53063,Spokane,Spokane,WA,Washington,47.6203752,-117.4033714,2020,528225,366,286,73,0,1,2,4,785,58,36,0,102,248,16,100.0,7,1.912568306010929,14.9,Current Asthma,11.4,True
53065,Colville,Stevens,WA,Washington,48.3887277,-117.8544548,2020,46360,366,219,138,1,2,2,4,957,66,42,0,0,354,12,100.0,9,2.459016393442623,18.3,COPD,6.8,True
53065,Colville,Stevens,WA,Washington,48.3887277,-117.8544548,2020,46360,366,219,138,1,2,2,4,957,66,42,0,0,354,12,100.0,9,2.459016393442623,18.3,Current Asthma,11.5,True
53067,Lacey,Thurston,WA,Washington,46.9358216,-122.8301524,2020,294074,366,316,43,0,3,4,0,242,53,28,0,118,248,0,100.0,7,1.912568306010929,14.7,COPD,5.3,False
53067,Lacey,Thurston,WA,Washington,46.9358216,-122.8301524,2020,294074,366,316,43,0,3,4,0,242,53,28,0,118,248,0,100.0,7,1.912568306010929,14.7,Current Asthma,10.4,False
53071,Walla Walla,Walla Walla,WA,Washington,46.2546057,-118.4803697,2020,61292,366,297,60,0,1,2,6,855,55,26,0,0,201,165,100.0,9,2.459016393442623,15.3,COPD,5.8,True
53071,Walla Walla,Walla Walla,WA,Washington,46.2546057,-118.4803697,2020,61292,366,297,60,0,1,2,6,855,55,26,0,0,201,165,100.0,9,2.459016393442623,15.3,Current Asthma,10.8,True
53073,Bellingham,Whatcom,WA,Washington,48.8426531,-121.8364325,2020,231016,366,341,16,2,4,3,0,237,44,24,0,120,246,0,100.0,9,2.459016393442623,15.6,COPD,5.6,True
53073,Bellingham,Whatcom,WA,Washington,48.8426531,-121.8364325,2020,231016,366,341,16,2,4,3,0,237,44,24,0,120,246,0,100.0,9,2.459016393442623,15.6,Current Asthma,11.0,True
53077,Yakima,Yakima,WA,Washington,46.4565581,-120.7401446,2020,251879,366,198,153,6,2,3,4,743,79,46,0,0,366,0,100.0,15,4.098360655737705,17.5,COPD,6.9,False
53077,Yakima,Yakima,WA,Washington,46.4565581,-120.7401446,2020,251879,366,198,153,6,2,3,4,743,79,46,0,0,366,0,100.0,15,4.098360655737705,17.5,Current Asthma,11.2,False
54003,Martinsburg,Berkeley,WV,West Virginia,39.4479382,-78.0377535,2020,122125,278,244,34,0,0,0,0,95,52,38,0,205,73,0,75.95628415300546,0,0.0,21.5,COPD,8.3,True
54003,Martinsburg,Berkeley,WV,West Virginia,39.4479382,-78.0377535,2020,122125,278,244,34,0,0,0,0,95,52,38,0,205,73,0,75.95628415300546,0,0.0,21.5,Current Asthma,11.1,True
54011,Huntington,Cabell,WV,West Virginia,38.4195778,-82.2433966,2020,91589,284,252,32,0,0,0,0,100,51,37,0,208,76,0,77.59562841530054,0,0.0,23.9,COPD,10.4,True
54011,Huntington,Cabell,WV,West Virginia,38.4195778,-82.2433966,2020,91589,284,252,32,0,0,0,0,100,51,37,0,208,76,0,77.59562841530054,0,0.0,23.9,Current Asthma,12.1,True
54029,Weirton,Hancock,WV,West Virginia,40.5169584,-80.5701643,2020,28571,307,262,44,1,0,0,0,133,54,37,0,195,67,45,83.87978142076503,1,0.32573289902280134,23.8,COPD,9.6,True
54029,Weirton,Hancock,WV,West Virginia,40.5169584,-80.5701643,2020,28571,307,262,44,1,0,0,0,133,54,37,0,195,67,45,83.87978142076503,1,0.32573289902280134,23.8,Current Asthma,11.7,True
54039,Charleston,Kanawha,WV,West Virginia,38.3280675,-81.5235156,2020,176253,366,287,79,0,0,0,0,85,55,41,0,162,204,0,100.0,0,0.0,23.2,COPD,9.0,True
54039,Charleston,Kanawha,WV,West Virginia,38.3280675,-81.5235156,2020,176253,366,287,79,0,0,0,0,85,55,41,0,162,204,0,100.0,0,0.0,23.2,Current Asthma,11.1,True
54061,Morgantown,Monongalia,WV,West Virginia,39.6336448,-80.0590736,2020,106819,274,248,26,0,0,0,0,90,50,39,0,213,61,0,74.86338797814209,0,0.0,18.9,COPD,8.3,True
54061,Morgantown,Monongalia,WV,West Virginia,39.6336448,-80.0590736,2020,106819,274,248,26,0,0,0,0,90,50,39,0,213,61,0,74.86338797814209,0,0.0,18.9,Current Asthma,10.7,True
54069,Wheeling,Ohio,WV,West Virginia,40.100323,-80.6199004,2020,41182,274,232,41,1,0,0,0,101,54,40,0,201,73,0,74.86338797814209,1,0.36496350364963503,20.7,COPD,8.5,True
54069,Wheeling,Ohio,WV,West Virginia,40.100323,-80.6199004,2020,41182,274,232,41,1,0,0,0,101,54,40,0,201,73,0,74.86338797814209,1,0.36496350364963503,20.7,Current Asthma,11.3,True
54107,Parkersburg,Wood,WV,West Virginia,39.2116023,-81.516234,2020,82938,283,250,33,0,0,0,0,80,52,37,0,203,80,0,77.3224043715847,0,0.0,23.2,COPD,9.6,True
54107,Parkersburg,Wood,WV,West Virginia,39.2116023,-81.516234,2020,82938,283,250,33,0,0,0,0,80,52,37,0,203,80,0,77.3224043715847,0,0.0,23.2,Current Asthma,11.7,True
55003,Ashland,Ashland,WI,Wisconsin,46.5444245,-90.6796907,2020,15415,366,336,30,0,0,0,0,72,48,34,0,244,122,0,100.0,0,0.0,22.3,COPD,7.0,True
55003,Ashland,Ashland,WI,Wisconsin,46.5444245,-90.6796907,2020,15415,366,336,30,0,0,0,0,72,48,34,0,244,122,0,100.0,0,0.0,22.3,Current Asthma,10.9,True
55009,Green Bay,Brown,WI,Wisconsin,44.4740244,-87.9961303,2020,264610,366,261,104,1,0,0,0,119,59,39,0,127,239,0,100.0,1,0.273224043715847,16.9,COPD,5.2,True
55009,Green Bay,Brown,WI,Wisconsin,44.4740244,-87.9961303,2020,264610,366,261,104,1,0,0,0,119,59,39,0,127,239,0,100.0,1,0.273224043715847,16.9,Current Asthma,9.7,True
55021,Cambria,Columbia,WI,Wisconsin,43.4718818,-89.3304721,2020,57668,203,187,12,4,0,0,0,115,48,38,0,203,0,0,55.46448087431693,4,1.9704433497536946,17.3,COPD,5.3,True
55021,Cambria,Columbia,WI,Wisconsin,43.4718818,-89.3304721,2020,57668,203,187,12,4,0,0,0,115,48,38,0,203,0,0,55.46448087431693,4,1.9704433497536946,17.3,Current Asthma,9.7,True
55025,Madison,Dane,WI,Wisconsin,43.0674684,-89.4178523,2020,552536,366,222,142,2,0,0,0,112,63,44,0,104,262,0,100.0,2,0.546448087431694,12.4,COPD,4.2,True
55025,Madison,Dane,WI,Wisconsin,43.0674684,-89.4178523,2020,552536,366,222,142,2,0,0,0,112,63,44,0,104,262,0,100.0,2,0.546448087431694,12.4,Current Asthma,9.4,True
55027,Kekoskee,Dodge,WI,Wisconsin,43.4296276,-88.7019394,2020,87336,366,247,117,2,0,0,0,136,61,42,0,168,196,2,100.0,2,0.546448087431694,18.3,COPD,5.7,True
55027,Kekoskee,Dodge,WI,Wisconsin,43.4296276,-88.7019394,2020,87336,366,247,117,2,0,0,0,136,61,42,0,168,196,2,100.0,2,0.546448087431694,18.3,Current Asthma,9.7,True
55029,Fish Creek,Door,WI,Wisconsin,45.0934165,-87.0486828,2020,27889,205,184,17,4,0,0,0,150,51,36,0,205,0,0,56.01092896174863,4,1.951219512195122,15.6,COPD,4.9,True
55029,Fish Creek,Door,WI,Wisconsin,45.0934165,-87.0486828,2020,27889,205,184,17,4,0,0,0,150,51,36,0,205,0,0,56.01092896174863,4,1.951219512195122,15.6,Current Asthma,9.5,True
55035,Eau Claire,Eau Claire,WI,Wisconsin,44.7263547,-91.2864137,2020,105260,366,256,110,0,0,0,0,93,59,42,0,128,238,0,100.0,0,0.0,16.0,COPD,5.3,True
55035,Eau Claire,Eau Claire,WI,Wisconsin,44.7263547,-91.2864137,2020,105260,366,256,110,0,0,0,0,93,59,42,0,128,238,0,100.0,0,0.0,16.0,Current Asthma,9.8,True
55039,Fond du Lac,Fond du Lac,WI,Wisconsin,43.7547219,-88.493284,2020,102902,205,194,9,2,0,0,0,115,46,36,0,205,0,0,56.01092896174863,2,0.975609756097561,17.1,COPD,5.4,True
55039,Fond du Lac,Fond du Lac,WI,Wisconsin,43.7547219,-88.493284,2020,102902,205,194,9,2,0,0,0,115,46,36,0,205,0,0,56.01092896174863,2,0.975609756097561,17.1,Current Asthma,9.7,True
55041,Crandon,Forest,WI,Wisconsin,45.6668806,-88.7733265,2020,8960,366,311,55,0,0,0,0,93,54,36,0,221,145,0,100.0,0,0.0,22.9,COPD,7.0,True
55041,Crandon,Forest,WI,Wisconsin,45.6668806,-88.7733265,2020,8960,366,311,55,0,0,0,0,93,54,36,0,221,145,0,100.0,0,0.0,22.9,Current Asthma,10.7,True
55043,Cassville,Grant,WI,Wisconsin,42.8700275,-90.6942288,2020,51021,361,235,126,0,0,0,0,84,60,40,0,0,361,0,98.63387978142076,0,0.0,20.2,COPD,6.4,True
55043,Cassville,Grant,WI,Wisconsin,42.8700275,-90.6942288,2020,51021,361,235,126,0,0,0,0,84,60,40,0,0,361,0,98.63387978142076,0,0.0,20.2,Current Asthma,10.0,True
55055,Jefferson,Jefferson,WI,Wisconsin,43.0138045,-88.7739847,2020,85038,210,189,17,4,0,0,0,136,51,38,0,210,0,0,57.377049180327866,4,1.9047619047619049,17.6,COPD,5.3,True
55055,Jefferson,Jefferson,WI,Wisconsin,43.0138045,-88.7739847,2020,85038,210,189,17,4,0,0,0,136,51,38,0,210,0,0,57.377049180327866,4,1.9047619047619049,17.6,Current Asthma,9.7,True
55059,Kenosha,Kenosha,WI,Wisconsin,42.5858816,-87.8763984,2020,169671,361,238,112,10,1,0,0,197,67,43,0,188,173,0,98.63387978142076,11,3.0470914127423825,17.1,COPD,5.5,True
55059,Kenosha,Kenosha,WI,Wisconsin,42.5858816,-87.8763984,2020,169671,361,238,112,10,1,0,0,197,67,43,0,188,173,0,98.63387978142076,11,3.0470914127423825,17.1,Current Asthma,10.1,True
55061,Kewaunee,Kewaunee,WI,Wisconsin,44.6056771,-87.4480081,2020,20386,207,195,12,0,0,0,0,97,47,34,0,207,0,0,56.557377049180324,0,0.0,17.7,COPD,5.4,True
55061,Kewaunee,Kewaunee,WI,Wisconsin,44.6056771,-87.4480081,2020,20386,207,195,12,0,0,0,0,97,47,34,0,207,0,0,56.557377049180324,0,0.0,17.7,Current Asthma,9.7,True
55063,La Crosse,La Crosse,WI,Wisconsin,43.9082222,-91.1117584,2020,118502,364,255,109,0,0,0,0,93,59,42,0,128,236,0,99.4535519125683,0,0.0,16.5,COPD,5.1,True
55063,La Crosse,La Crosse,WI,Wisconsin,43.9082222,-91.1117584,2020,118502,364,255,109,0,0,0,0,93,59,42,0,128,236,0,99.4535519125683,0,0.0,16.5,Current Asthma,9.7,True
55071,Manitowoc,Manitowoc,WI,Wisconsin,44.156137,-87.5773525,2020,78757,192,169,19,4,0,0,0,136,58,36,0,192,0,0,52.459016393442624,4,2.083333333333333,18.0,COPD,5.5,True
55071,Manitowoc,Manitowoc,WI,Wisconsin,44.156137,-87.5773525,2020,78757,192,169,19,4,0,0,0,136,58,36,0,192,0,0,52.459016393442624,4,2.083333333333333,18.0,Current Asthma,9.7,True
55073,Brokaw,Marathon,WI,Wisconsin,44.8980363,-89.757823,2020,135593,199,193,6,0,0,0,0,74,45,31,0,199,0,0,54.37158469945356,0,0.0,17.7,COPD,5.4,True
55073,Brokaw,Marathon,WI,Wisconsin,44.8980363,-89.757823,2020,135593,199,193,6,0,0,0,0,74,45,31,0,199,0,0,54.37158469945356,0,0.0,17.7,Current Asthma,9.6,True
55079,Milwaukee,Milwaukee,WI,Wisconsin,42.9126431,-87.8623115,2020,945016,366,204,157,4,1,0,0,169,67,46,4,130,232,0,100.0,5,1.366120218579235,18.2,COPD,5.8,True
55079,Milwaukee,Milwaukee,WI,Wisconsin,42.9126431,-87.8623115,2020,945016,366,204,157,4,1,0,0,169,67,46,4,130,232,0,100.0,5,1.366120218579235,18.2,Current Asthma,10.1,True
55087,Appleton,Outagamie,WI,Wisconsin,44.4182258,-88.4649883,2020,188766,366,254,110,2,0,0,0,126,60,40,0,131,235,0,100.0,2,0.546448087431694,15.8,COPD,5.0,True
55087,Appleton,Outagamie,WI,Wisconsin,44.4182258,-88.4649883,2020,188766,366,254,110,2,0,0,0,126,60,40,0,131,235,0,100.0,2,0.546448087431694,15.8,Current Asthma,9.6,True
55089,Port Washington,Ozaukee,WI,Wisconsin,43.5018446,-87.8475669,2020,90043,365,269,91,4,1,0,0,164,62,40,0,167,198,0,99.72677595628416,5,1.36986301369863,12.8,COPD,4.1,True
55089,Port Washington,Ozaukee,WI,Wisconsin,43.5018446,-87.8475669,2020,90043,365,269,91,4,1,0,0,164,62,40,0,167,198,0,99.72677595628416,5,1.36986301369863,12.8,Current Asthma,9.2,True
55101,Racine,Racine,WI,Wisconsin,42.7803923,-87.7715988,2020,195802,199,162,29,7,1,0,0,172,67,38,0,199,0,0,54.37158469945356,8,4.0201005025125625,18.3,COPD,5.6,True
55101,Racine,Racine,WI,Wisconsin,42.7803923,-87.7715988,2020,195802,199,162,29,7,1,0,0,172,67,38,0,199,0,0,54.37158469945356,8,4.0201005025125625,18.3,Current Asthma,10.1,True
55105,Beloit,Rock,WI,Wisconsin,42.6698802,-89.0752844,2020,163084,210,192,15,3,0,0,0,105,49,38,0,210,0,0,57.377049180327866,3,1.4285714285714286,18.4,COPD,5.8,True
55105,Beloit,Rock,WI,Wisconsin,42.6698802,-89.0752844,2020,163084,210,192,15,3,0,0,0,105,49,38,0,210,0,0,57.377049180327866,3,1.4285714285714286,18.4,Current Asthma,10.2,True
55111,Rock Springs,Sauk,WI,Wisconsin,43.428001,-89.9433184,2020,64449,366,264,101,1,0,0,0,112,59,41,0,124,242,0,100.0,1,0.273224043715847,17.7,COPD,5.6,True
55111,Rock Springs,Sauk,WI,Wisconsin,43.428001,-89.9433184,2020,64449,366,264,101,1,0,0,0,112,59,41,0,124,242,0,100.0,1,0.273224043715847,17.7,Current Asthma,9.7,True
55117,Sheboygan,Sheboygan,WI,Wisconsin,43.741232,-87.7315164,2020,115240,207,170,31,4,2,0,0,159,74,39,0,207,0,0,56.557377049180324,6,2.898550724637681,16.3,COPD,5.1,True
55117,Sheboygan,Sheboygan,WI,Wisconsin,43.741232,-87.7315164,2020,115240,207,170,31,4,2,0,0,159,74,39,0,207,0,0,56.557377049180324,6,2.898550724637681,16.3,Current Asthma,9.3,True
55125,Manitowish Waters,Vilas,WI,Wisconsin,46.049848,-89.501254,2020,22356,366,327,39,0,0,0,0,84,51,33,0,166,200,0,100.0,0,0.0,19.0,COPD,5.6,True
55125,Manitowish Waters,Vilas,WI,Wisconsin,46.049848,-89.501254,2020,22356,366,327,39,0,0,0,0,84,51,33,0,166,200,0,100.0,0,0.0,19.0,Current Asthma,10.1,True
55127,Delavan,Walworth,WI,Wisconsin,42.6681095,-88.5417306,2020,103953,198,180,14,4,0,0,0,136,50,39,0,198,0,0,54.09836065573771,4,2.0202020202020203,16.8,COPD,5.3,True
55127,Delavan,Walworth,WI,Wisconsin,42.6681095,-88.5417306,2020,103953,198,180,14,4,0,0,0,136,50,39,0,198,0,0,54.09836065573771,4,2.0202020202020203,16.8,Current Asthma,9.7,True
55133,Waukesha,Waukesha,WI,Wisconsin,43.0183677,-88.3042404,2020,406172,359,214,143,2,0,0,0,129,64,44,0,110,249,0,98.08743169398907,2,0.5571030640668524,12.9,COPD,4.1,True
55133,Waukesha,Waukesha,WI,Wisconsin,43.0183677,-88.3042404,2020,406172,359,214,143,2,0,0,0,129,64,44,0,110,249,0,98.08743169398907,2,0.5571030640668524,12.9,Current Asthma,8.9,True
56001,Laramie,Albany,WY,Wyoming,41.6655141,-105.7218826,2020,38950,366,251,106,7,2,0,0,187,71,46,0,285,13,68,100.0,9,2.459016393442623,15.3,COPD,5.6,True
56001,Laramie,Albany,WY,Wyoming,41.6655141,-105.7218826,2020,38950,366,251,106,7,2,0,0,187,71,46,0,285,13,68,100.0,9,2.459016393442623,15.3,Current Asthma,9.6,True
56003,Lovell,Big Horn,WY,Wyoming,44.5251167,-107.9948477,2020,11575,359,349,8,2,0,0,0,126,46,38,0,359,0,0,98.08743169398907,2,0.5571030640668524,18.8,COPD,6.5,True
56003,Lovell,Big Horn,WY,Wyoming,44.5251167,-107.9948477,2020,11575,359,349,8,2,0,0,0,126,46,38,0,359,0,0,98.08743169398907,2,0.5571030640668524,18.8,Current Asthma,10.0,True
56005,Wright,Campbell,WY,Wyoming,44.1919991,-105.5170141,2020,46676,366,247,116,3,0,0,0,124,68,44,1,195,4,166,100.0,3,0.819672131147541,19.5,COPD,6.3,False
56005,Wright,Campbell,WY,Wyoming,44.1919991,-105.5170141,2020,46676,366,247,116,3,0,0,0,124,68,44,1,195,4,166,100.0,3,0.819672131147541,19.5,Current Asthma,9.8,False
56009,Douglas,Converse,WY,Wyoming,42.9846234,-105.5247521,2020,13804,366,302,60,4,0,0,0,129,61,42,0,269,18,79,100.0,4,1.092896174863388,18.6,COPD,6.3,True
56009,Douglas,Converse,WY,Wyoming,42.9846234,-105.5247521,2020,13804,366,302,60,4,0,0,0,129,61,42,0,269,18,79,100.0,4,1.092896174863388,18.6,Current Asthma,9.9,True
56013,Riverton,Fremont,WY,Wyoming,43.054831,-108.6089349,2020,39317,366,282,78,5,1,0,0,161,60,45,0,312,50,4,100.0,6,1.639344262295082,22.0,COPD,6.7,True
56013,Riverton,Fremont,WY,Wyoming,43.054831,-108.6089349,2020,39317,366,282,78,5,1,0,0,161,60,45,0,312,50,4,100.0,6,1.639344262295082,22.0,Current Asthma,10.7,True
56019,Kaycee,Johnson,WY,Wyoming,44.0440477,-106.5885406,2020,8588,364,337,27,0,0,0,0,93,50,40,2,355,0,7,99.4535519125683,0,0.0,17.8,COPD,6.2,True
56019,Kaycee,Johnson,WY,Wyoming,44.0440477,-106.5885406,2020,8588,364,337,27,0,0,0,0,93,50,40,2,355,0,7,99.4535519125683,0,0.0,17.8,Current Asthma,9.9,True
56021,Cheyenne,Laramie,WY,Wyoming,41.2928302,-104.660395,2020,100595,366,313,48,3,2,0,0,159,58,39,4,279,65,18,100.0,5,1.366120218579235,18.2,COPD,5.7,True
56021,Cheyenne,Laramie,WY,Wyoming,41.2928302,-104.660395,2020,100595,366,313,48,3,2,0,0,159,58,39,4,279,65,18,100.0,5,1.366120218579235,18.2,Current Asthma,9.7,True
56025,Casper,Natrona,WY,Wyoming,42.9776447,-106.7682192,2020,80815,366,316,46,4,0,0,0,124,54,42,3,332,31,0,100.0,4,1.092896174863388,20.3,COPD,6.2,True
56025,Casper,Natrona,WY,Wyoming,42.9776447,-106.7682192,2020,80815,366,316,46,4,0,0,0,124,54,42,3,332,31,0,100.0,4,1.092896174863388,20.3,Current Asthma,9.9,True
56033,Sheridan,Sheridan,WY,Wyoming,44.7813692,-106.8812114,2020,30863,366,334,32,0,0,0,0,100,48,40,0,327,37,2,100.0,0,0.0,17.6,COPD,5.7,True
56033,Sheridan,Sheridan,WY,Wyoming,44.7813692,-106.8812114,2020,30863,366,334,32,0,0,0,0,100,48,40,0,327,37,2,100.0,0,0.0,17.6,Current Asthma,9.6,True
56035,Pinedale,Sublette,WY,Wyoming,42.7679284,-109.9161701,2020,9856,366,289,72,4,1,0,0,151,63,45,0,344,22,0,100.0,5,1.366120218579235,16.5,COPD,5.5,True
56035,Pinedale,Sublette,WY,Wyoming,42.7679284,-109.9161701,2020,9856,366,289,72,4,1,0,0,151,63,45,0,344,22,0,100.0,5,1.366120218579235,16.5,Current Asthma,9.5,True
56037,Green River,Sweetwater,WY,Wyoming,41.6603282,-108.8756774,2020,42673,366,235,119,7,4,0,1,1334,76,46,5,248,14,99,100.0,12,3.278688524590164,17.5,COPD,6.1,True
56037,Green River,Sweetwater,WY,Wyoming,41.6603282,-108.8756774,2020,42673,366,235,119,7,4,0,1,1334,76,46,5,248,14,99,100.0,12,3.278688524590164,17.5,Current Asthma,9.5,True
56039,Jackson,Teton,WY,Wyoming,44.048662,-110.426087,2020,23497,366,312,42,7,5,0,0,165,57,43,0,315,51,0,100.0,12,3.278688524590164,12.0,COPD,4.3,True
56039,Jackson,Teton,WY,Wyoming,44.048662,-110.426087,2020,23497,366,312,42,7,5,0,0,165,57,43,0,315,51,0,100.0,12,3.278688524590164,12.0,Current Asthma,8.8,True
56041,Evanston,Uinta,WY,Wyoming,41.2847255,-110.5589468,2020,20215,366,323,41,2,0,0,0,122,51,40,2,225,0,139,100.0,2,0.546448087431694,18.9,COPD,6.3,False
56041,Evanston,Uinta,WY,Wyoming,41.2847255,-110.5589468,2020,20215,366,323,41,2,0,0,0,122,51,40,2,225,0,139,100.0,2,0.546448087431694,18.9,Current Asthma,10.1,False
56045,Newcastle,Weston,WY,Wyoming,43.8462133,-104.5700202,2020,6743,353,323,29,1,0,0,0,119,49,40,0,353,0,0,96.44808743169399,1,0.28328611898017,20.5,COPD,6.8,True
56045,Newcastle,Weston,WY,Wyoming,43.8462133,-104.5700202,2020,6743,353,323,29,1,0,0,0,119,49,40,0,353,0,0,96.44808743169399,1,0.28328611898017,20.5,Current Asthma,9.8,True
1003,Fairhope,Baldwin,AL,Alabama,30.6592183,-87.7460666,2021,239294,280,248,32,0,0,0,0,63,52,37,0,199,81,0,76.71232876712328,0,0.0,15.0,COPD,6.5,True
1003,Fairhope,Baldwin,AL,Alabama,30.6592183,-87.7460666,2021,239294,280,248,32,0,0,0,0,63,52,37,0,199,81,0,76.71232876712328,0,0.0,15.0,Current Asthma,9.9,True
1049,Fort Payne,DeKalb,AL,Alabama,34.4609148,-85.8040207,2021,71813,361,315,46,0,0,0,0,84,53,37,0,298,63,0,98.9041095890411,0,0.0,22.2,COPD,9.5,True
1049,Fort Payne,DeKalb,AL,Alabama,34.4609148,-85.8040207,2021,71813,361,315,46,0,0,0,0,84,53,37,0,298,63,0,98.9041095890411,0,0.0,22.2,Current Asthma,10.8,True
1051,Wetumpka,Elmore,AL,Alabama,32.597229,-86.1427347,2021,89304,241,238,3,0,0,0,0,87,44,32,0,241,0,0,66.02739726027397,0,0.0,16.8,COPD,6.7,True
1051,Wetumpka,Elmore,AL,Alabama,32.597229,-86.1427347,2021,89304,241,238,3,0,0,0,0,87,44,32,0,241,0,0,66.02739726027397,0,0.0,16.8,Current Asthma,10.2,True
1055,Gadsden,Etowah,AL,Alabama,34.0476407,-86.0342629,2021,103162,286,235,51,0,0,0,0,80,57,38,0,201,85,0,78.35616438356165,0,0.0,19.4,COPD,8.1,True
1055,Gadsden,Etowah,AL,Alabama,34.0476407,-86.0342629,2021,103162,286,235,51,0,0,0,0,80,57,38,0,201,85,0,78.35616438356165,0,0.0,19.4,Current Asthma,10.7,True
1073,Birmingham,Jefferson,AL,Alabama,33.5534439,-86.8965359,2021,667820,365,104,256,3,2,0,0,189,77,56,1,47,317,0,100.0,5,1.36986301369863,16.4,COPD,6.1,True
1073,Birmingham,Jefferson,AL,Alabama,33.5534439,-86.8965359,2021,667820,365,104,256,3,2,0,0,189,77,56,1,47,317,0,100.0,5,1.36986301369863,16.4,Current Asthma,10.4,True
1089,Huntsville,Madison,AL,Alabama,34.7642377,-86.5510802,2021,395211,357,189,166,2,0,0,0,105,62,49,0,59,285,13,97.80821917808218,2,0.5602240896358543,13.8,COPD,5.6,True
1089,Huntsville,Madison,AL,Alabama,34.7642377,-86.5510802,2021,395211,357,189,166,2,0,0,0,105,62,49,0,59,285,13,97.80821917808218,2,0.5602240896358543,13.8,Current Asthma,9.7,True
1097,Mobile,Mobile,AL,Alabama,30.6845725,-88.1965682,2021,413073,361,125,236,0,0,0,0,83,62,53,0,35,326,0,98.9041095890411,0,0.0,18.9,COPD,7.6,True
1097,Mobile,Mobile,AL,Alabama,30.6845725,-88.1965682,2021,413073,361,125,236,0,0,0,0,83,62,53,0,35,326,0,98.9041095890411,0,0.0,18.9,Current Asthma,10.9,True
1101,Montgomery,Montgomery,AL,Alabama,32.2028812,-86.2044615,2021,227434,354,222,132,0,0,0,0,93,60,44,0,86,268,0,96.98630136986301,0,0.0,17.6,COPD,6.8,True
1101,Montgomery,Montgomery,AL,Alabama,32.2028812,-86.2044615,2021,227434,354,222,132,0,0,0,0,93,60,44,0,86,268,0,96.98630136986301,0,0.0,17.6,Current Asthma,11.0,True
1103,Decatur,Morgan,AL,Alabama,34.4544844,-86.8464021,2021,123668,365,209,156,0,0,0,0,97,63,47,0,71,294,0,100.0,0,0.0,18.9,COPD,7.7,True
1103,Decatur,Morgan,AL,Alabama,34.4544844,-86.8464021,2021,123668,365,209,156,0,0,0,0,97,63,47,0,71,294,0,100.0,0,0.0,18.9,Current Asthma,10.5,True
1113,Phenix City,Russell,AL,Alabama,32.2898113,-85.1869798,2021,58722,364,214,147,3,0,0,0,142,65,47,0,51,313,0,99.72602739726028,3,0.8241758241758242,20.2,COPD,7.9,True
1113,Phenix City,Russell,AL,Alabama,32.2898113,-85.1869798,2021,58722,364,214,147,3,0,0,0,142,65,47,0,51,313,0,99.72602739726028,3,0.8241758241758242,20.2,Current Asthma,11.3,True
1117,Pelham,Shelby,AL,Alabama,33.2630428,-86.6780894,2021,226902,243,231,12,0,0,0,0,77,48,35,0,243,0,0,66.57534246575342,0,0.0,12.7,COPD,5.2,True
1117,Pelham,Shelby,AL,Alabama,33.2630428,-86.6780894,2021,226902,243,231,12,0,0,0,0,77,48,35,0,243,0,0,66.57534246575342,0,0.0,12.7,Current Asthma,9.3,True
1125,Tuscaloosa,Tuscaloosa,AL,Alabama,33.2902197,-87.5227834,2021,227007,280,246,34,0,0,0,0,90,52,34,0,188,92,0,76.71232876712328,0,0.0,17.4,COPD,7.0,True
1125,Tuscaloosa,Tuscaloosa,AL,Alabama,33.2902197,-87.5227834,2021,227007,280,246,34,0,0,0,0,90,52,34,0,188,92,0,76.71232876712328,0,0.0,17.4,Current Asthma,10.2,True
2020,Anchorage,Anchorage,AK,Alaska,61.1742503,-149.2843294,2021,288121,365,289,74,2,0,0,0,132,57,28,0,0,277,86,100.0,2,0.547945205479452,14.9,COPD,5.3,True
2020,Anchorage,Anchorage,AK,Alaska,61.1742503,-149.2843294,2021,288121,365,289,74,2,0,0,0,132,57,28,0,0,277,86,100.0,2,0.547945205479452,14.9,Current Asthma,9.3,True
2110,Juneau,Juneau,AK,Alaska,58.3729099,-134.1784454,2021,31973,357,315,42,0,0,0,0,89,53,20,0,0,353,4,97.80821917808218,0,0.0,14.5,COPD,5.1,False
2110,Juneau,Juneau,AK,Alaska,58.3729099,-134.1784454,2021,31973,357,315,42,0,0,0,0,89,53,20,0,0,353,4,97.80821917808218,0,0.0,14.5,Current Asthma,9.3,False
4003,Douglas,Cochise,AZ,Arizona,31.8401287,-109.7751627,2021,126050,365,259,104,2,0,0,0,105,60,45,0,307,2,56,100.0,2,0.547945205479452,16.5,COPD,6.2,True
4003,Douglas,Cochise,AZ,Arizona,31.8401287,-109.7751627,2021,126050,365,259,104,2,0,0,0,105,60,45,0,307,2,56,100.0,2,0.547945205479452,16.5,Current Asthma,10.6,True
4005,Flagstaff,Coconino,AZ,Arizona,35.8296919,-111.7737277,2021,145052,365,265,100,0,0,0,0,93,64,46,0,356,9,0,100.0,0,0.0,16.2,COPD,6.4,True
4005,Flagstaff,Coconino,AZ,Arizona,35.8296919,-111.7737277,2021,145052,365,265,100,0,0,0,0,93,64,46,0,356,9,0,100.0,0,0.0,16.2,Current Asthma,11.2,True
4007,Miami,Gila,AZ,Arizona,33.7896177,-110.8118696,2021,53589,365,239,116,8,2,0,0,180,80,46,0,341,4,20,100.0,10,2.73972602739726,20.4,COPD,7.3,False
4007,Miami,Gila,AZ,Arizona,33.7896177,-110.8118696,2021,53589,365,239,116,8,2,0,0,180,80,46,0,341,4,20,100.0,10,2.73972602739726,20.4,Current Asthma,11.0,False
4012,Parker,La Paz,AZ,Arizona,33.7276104,-114.038806,2021,16408,362,254,107,0,1,0,0,187,71,46,0,351,7,4,99.17808219178083,1,0.2762430939226519,19.7,COPD,7.3,True
4012,Parker,La Paz,AZ,Arizona,33.7276104,-114.038806,2021,16408,362,254,107,0,1,0,0,187,71,46,0,351,7,4,99.17808219178083,1,0.2762430939226519,19.7,Current Asthma,11.0,True
4017,Holbrook,Navajo,AZ,Arizona,35.3907852,-110.3210248,2021,108147,365,292,72,1,0,0,0,101,61,44,0,337,4,24,100.0,1,0.273972602739726,21.9,COPD,8.9,True
4017,Holbrook,Navajo,AZ,Arizona,35.3907852,-110.3210248,2021,108147,365,292,72,1,0,0,0,101,61,44,0,337,4,24,100.0,1,0.273972602739726,21.9,Current Asthma,12.8,True
4019,Tucson,Pima,AZ,Arizona,32.128038,-111.7836574,2021,1052030,365,93,258,13,0,0,1,313,85,56,0,147,145,73,100.0,14,3.8356164383561646,15.1,COPD,5.6,True
4019,Tucson,Pima,AZ,Arizona,32.128038,-111.7836574,2021,1052030,365,93,258,13,0,0,1,313,85,56,0,147,145,73,100.0,14,3.8356164383561646,15.1,Current Asthma,10.3,True
4023,Nogales,Santa Cruz,AZ,Arizona,31.525733,-110.8452278,2021,47883,360,169,189,1,1,0,0,171,71,52,0,0,295,65,98.63013698630137,2,0.5555555555555556,14.8,COPD,5.8,True
4023,Nogales,Santa Cruz,AZ,Arizona,31.525733,-110.8452278,2021,47883,360,169,189,1,1,0,0,171,71,52,0,0,295,65,98.63013698630137,2,0.5555555555555556,14.8,Current Asthma,10.0,True
4025,Prescott,Yavapai,AZ,Arizona,34.631071,-112.5772247,2021,242253,331,302,29,0,0,0,0,64,50,44,0,331,0,0,90.68493150684932,0,0.0,16.6,COPD,6.4,True
4025,Prescott,Yavapai,AZ,Arizona,34.631071,-112.5772247,2021,242253,331,302,29,0,0,0,0,64,50,44,0,331,0,0,90.68493150684932,0,0.0,16.6,Current Asthma,10.8,True
4027,Yuma,Yuma,AZ,Arizona,32.7739424,-113.910905,2021,206990,365,186,173,5,1,0,0,170,71,50,0,174,146,45,100.0,6,1.643835616438356,15.7,COPD,6.4,True
4027,Yuma,Yuma,AZ,Arizona,32.7739424,-113.910905,2021,206990,365,186,173,5,1,0,0,170,71,50,0,174,146,45,100.0,6,1.643835616438356,15.7,Current Asthma,9.9,True
5019,Arkadelphia,Clark,AR,Arkansas,34.0533162,-93.1762085,2021,21321,338,328,10,0,0,0,0,90,45,32,0,338,0,0,92.6027397260274,0,0.0,20.1,COPD,7.6,True
5019,Arkadelphia,Clark,AR,Arkansas,34.0533162,-93.1762085,2021,21321,338,328,10,0,0,0,0,90,45,32,0,338,0,0,92.6027397260274,0,0.0,20.1,Current Asthma,10.2,True
5035,West Memphis,Crittenden,AR,Arkansas,35.1975594,-90.3051195,2021,47525,365,222,139,4,0,0,0,122,63,45,2,98,265,0,100.0,4,1.095890410958904,24.1,COPD,8.2,True
5035,West Memphis,Crittenden,AR,Arkansas,35.1975594,-90.3051195,2021,47525,365,222,139,4,0,0,0,122,63,45,2,98,265,0,100.0,4,1.095890410958904,24.1,Current Asthma,11.1,True
5113,Mena,Polk,AR,Arkansas,34.4909149,-94.2308841,2021,19353,360,299,61,0,0,0,0,93,56,40,0,293,67,0,98.63013698630137,0,0.0,24.2,COPD,8.8,True
5113,Mena,Polk,AR,Arkansas,34.4909149,-94.2308841,2021,19353,360,299,61,0,0,0,0,93,56,40,0,293,67,0,98.63013698630137,0,0.0,24.2,Current Asthma,10.0,True
5119,Little Rock,Pulaski,AR,Arkansas,34.7703106,-92.312996,2021,397821,365,114,249,2,0,0,0,112,73,54,2,36,327,0,100.0,2,0.547945205479452,18.9,COPD,6.5,True
5119,Little Rock,Pulaski,AR,Arkansas,34.7703106,-92.312996,2021,397821,365,114,249,2,0,0,0,112,73,54,2,36,327,0,100.0,2,0.547945205479452,18.9,Current Asthma,10.0,True
5143,Fayetteville,Washington,AR,Arkansas,35.978001,-94.2172695,2021,250057,365,206,158,1,0,0,0,119,66,48,0,101,264,0,100.0,1,0.273972602739726,17.9,COPD,7.0,True
5143,Fayetteville,Washington,AR,Arkansas,35.978001,-94.2172695,2021,250057,365,206,158,1,0,0,0,119,66,48,0,101,264,0,100.0,1,0.273972602739726,17.9,Current Asthma,9.5,True
6001,Oakland,Alameda,CA,California,37.6471385,-121.912488,2021,1648556,365,155,200,9,1,0,0,151,71,53,3,99,263,0,100.0,10,2.73972602739726,9.2,COPD,3.7,True
6001,Oakland,Alameda,CA,California,37.6471385,-121.912488,2021,1648556,365,155,200,9,1,0,0,151,71,53,3,99,263,0,100.0,10,2.73972602739726,9.2,Current Asthma,8.7,True
6005,Jackson,Amador,CA,California,38.4435493,-120.653858,2021,41259,365,307,54,4,0,0,0,133,67,37,0,365,0,0,100.0,4,1.095890410958904,13.3,COPD,5.8,True
6005,Jackson,Amador,CA,California,38.4435493,-120.653858,2021,41259,365,307,54,4,0,0,0,133,67,37,0,365,0,0,100.0,4,1.095890410958904,13.3,Current Asthma,9.5,True
6009,San Andreas,Calaveras,CA,California,38.1910682,-120.5541065,2021,46221,364,220,135,6,3,0,0,178,77,46,0,216,148,0,99.72602739726028,9,2.4725274725274726,14.7,COPD,6.5,True
6009,San Andreas,Calaveras,CA,California,38.1910682,-120.5541065,2021,46221,364,220,135,6,3,0,0,178,77,46,0,216,148,0,99.72602739726028,9,2.4725274725274726,14.7,Current Asthma,10.3,True
6011,Colusa,Colusa,CA,California,39.1777385,-122.2375629,2021,21917,365,111,238,9,6,1,0,225,76,55,0,60,291,14,100.0,16,4.383561643835616,14.4,COPD,6.3,False
6011,Colusa,Colusa,CA,California,39.1777385,-122.2375629,2021,21917,365,111,238,9,6,1,0,225,76,55,0,60,291,14,100.0,16,4.383561643835616,14.4,Current Asthma,10.0,False
6013,Richmond,Contra Costa,CA,California,37.919479,-121.9515431,2021,1161413,365,195,165,5,0,0,0,150,69,47,0,139,226,0,100.0,5,1.36986301369863,9.6,COPD,4.2,True
6013,Richmond,Contra Costa,CA,California,37.919479,-121.9515431,2021,1161413,365,195,165,5,0,0,0,150,69,47,0,139,226,0,100.0,5,1.36986301369863,9.6,Current Asthma,9.0,True
6015,Crescent City,Del Norte,CA,California,41.7499033,-123.9809983,2021,28100,323,259,64,0,0,0,0,72,54,31,0,0,323,0,88.4931506849315,0,0.0,17.4,COPD,7.6,True
6015,Crescent City,Del Norte,CA,California,41.7499033,-123.9809983,2021,28100,323,259,64,0,0,0,0,72,54,31,0,0,323,0,88.4931506849315,0,0.0,17.4,Current Asthma,10.5,True
6021,Willows,Glenn,CA,California,39.6025462,-122.4016998,2021,28805,365,244,106,9,6,0,0,192,65,42,0,183,172,10,100.0,15,4.10958904109589,15.7,COPD,6.9,True
6021,Willows,Glenn,CA,California,39.6025462,-122.4016998,2021,28805,365,244,106,9,6,0,0,192,65,42,0,183,172,10,100.0,15,4.10958904109589,15.7,Current Asthma,10.2,True
6023,Eureka,Humboldt,CA,California,40.7066554,-123.9261757,2021,136310,365,333,32,0,0,0,0,64,48,29,0,219,78,56,100.0,0,0.0,15.6,COPD,6.9,True
6023,Eureka,Humboldt,CA,California,40.7066554,-123.9261757,2021,136310,365,333,32,0,0,0,0,64,48,29,0,219,78,56,100.0,0,0.0,15.6,Current Asthma,10.7,True
6033,Lakeport,Lake,CA,California,39.0948019,-122.7467569,2021,68766,356,348,7,0,1,0,0,157,43,33,0,335,19,2,97.53424657534246,1,0.2808988764044944,16.3,COPD,7.2,True
6033,Lakeport,Lake,CA,California,39.0948019,-122.7467569,2021,68766,356,348,7,0,1,0,0,157,43,33,0,335,19,2,97.53424657534246,1,0.2808988764044944,16.3,Current Asthma,10.7,True
6041,Lagunitas-Forest Knolls,Marin,CA,California,38.0513667,-122.7463958,2021,260206,365,267,98,0,0,0,0,88,60,38,2,149,214,0,100.0,0,0.0,8.9,COPD,4.1,True
6041,Lagunitas-Forest Knolls,Marin,CA,California,38.0513667,-122.7463958,2021,260206,365,267,98,0,0,0,0,88,60,38,2,149,214,0,100.0,0,0.0,8.9,Current Asthma,9.1,True
6045,Ukiah,Mendocino,CA,California,39.4323876,-123.4428811,2021,91305,365,210,147,6,2,0,0,185,69,46,0,76,289,0,100.0,8,2.191780821917808,15.1,COPD,6.5,True
6045,Ukiah,Mendocino,CA,California,39.4323876,-123.4428811,2021,91305,365,210,147,6,2,0,0,185,69,46,0,76,289,0,100.0,8,2.191780821917808,15.1,Current Asthma,10.3,True
6051,Mammoth Lakes,Mono,CA,California,37.9158363,-118.8751668,2021,13247,364,260,78,12,11,0,3,2971,84,27,0,0,241,123,99.72602739726028,26,7.142857142857142,12.4,COPD,5.4,False
6051,Mammoth Lakes,Mono,CA,California,37.9158363,-118.8751668,2021,13247,364,260,78,12,11,0,3,2971,84,27,0,0,241,123,99.72602739726028,26,7.142857142857142,12.4,Current Asthma,9.5,False
6053,Salinas,Monterey,CA,California,36.2401044,-121.3155781,2021,437325,365,261,104,0,0,0,0,80,57,41,0,161,194,10,100.0,0,0.0,12.4,COPD,5.5,True
6053,Salinas,Monterey,CA,California,36.2401044,-121.3155781,2021,437325,365,261,104,0,0,0,0,80,57,41,0,161,194,10,100.0,0,0.0,12.4,Current Asthma,9.5,True
6069,Hollister,San Benito,CA,California,36.6116507,-121.0858108,2021,66677,365,295,70,0,0,0,0,100,55,41,0,280,79,6,100.0,0,0.0,11.0,COPD,4.7,True
6069,Hollister,San Benito,CA,California,36.6116507,-121.0858108,2021,66677,365,295,70,0,0,0,0,100,55,41,0,280,79,6,100.0,0,0.0,11.0,Current Asthma,9.2,True
6075,San Francisco,San Francisco,CA,California,37.7272391,-123.0322294,2021,815201,365,255,110,0,0,0,0,86,60,39,8,162,195,0,100.0,0,0.0,8.9,COPD,3.6,True
6075,San Francisco,San Francisco,CA,California,37.7272391,-123.0322294,2021,815201,365,255,110,0,0,0,0,86,60,39,8,162,195,0,100.0,0,0.0,8.9,Current Asthma,8.3,True
6077,Stockton,San Joaquin,CA,California,37.9349815,-121.272244,2021,789410,365,140,209,15,1,0,0,153,84,55,0,114,231,20,100.0,16,4.383561643835616,13.1,COPD,5.6,False
6077,Stockton,San Joaquin,CA,California,37.9349815,-121.272244,2021,789410,365,140,209,15,1,0,0,153,84,55,0,114,231,20,100.0,16,4.383561643835616,13.1,Current Asthma,9.7,False
6079,Nipomo,San Luis Obispo,CA,California,35.3881891,-120.4488974,2021,283159,365,154,203,8,0,0,0,133,77,53,0,190,167,8,100.0,8,2.191780821917808,11.7,COPD,5.2,False
6079,Nipomo,San Luis Obispo,CA,California,35.3881891,-120.4488974,2021,283159,365,154,203,8,0,0,0,133,77,53,0,190,167,8,100.0,8,2.191780821917808,11.7,Current Asthma,9.8,False
6081,San Carlos,San Mateo,CA,California,37.4146725,-122.3715457,2021,737888,365,290,75,0,0,0,0,90,56,36,3,199,163,0,100.0,0,0.0,8.1,COPD,3.5,True
6081,San Carlos,San Mateo,CA,California,37.4146725,-122.3715457,2021,737888,365,290,75,0,0,0,0,90,56,36,3,199,163,0,100.0,0,0.0,8.1,Current Asthma,8.1,True
6083,Santa Maria,Santa Barbara,CA,California,34.5366774,-120.0383645,2021,446475,365,240,124,1,0,0,0,101,60,44,0,180,184,1,100.0,1,0.273972602739726,12.0,COPD,5.3,True
6083,Santa Maria,Santa Barbara,CA,California,34.5366774,-120.0383645,2021,446475,365,240,124,1,0,0,0,101,60,44,0,180,184,1,100.0,1,0.273972602739726,12.0,Current Asthma,9.7,True
6085,San Jose,Santa Clara,CA,California,37.2216142,-121.6895401,2021,1885508,365,147,211,7,0,0,0,147,72,53,0,90,275,0,100.0,7,1.9178082191780823,7.4,COPD,3.3,True
6085,San Jose,Santa Clara,CA,California,37.2216142,-121.6895401,2021,1885508,365,147,211,7,0,0,0,147,72,53,0,90,275,0,100.0,7,1.9178082191780823,7.4,Current Asthma,7.9,True
6087,Scotts Valley,Santa Cruz,CA,California,37.0123466,-122.0077889,2021,267792,365,298,67,0,0,0,0,80,54,37,0,187,178,0,100.0,0,0.0,11.2,COPD,5.1,True
6087,Scotts Valley,Santa Cruz,CA,California,37.0123466,-122.0077889,2021,267792,365,298,67,0,0,0,0,80,54,37,0,187,178,0,100.0,0,0.0,11.2,Current Asthma,9.5,True
6095,Vallejo,Solano,CA,California,38.2672255,-121.939594,2021,451716,365,215,147,3,0,0,0,126,66,44,0,172,193,0,100.0,3,0.821917808219178,11.4,COPD,4.8,True
6095,Vallejo,Solano,CA,California,38.2672255,-121.939594,2021,451716,365,215,147,3,0,0,0,126,66,44,0,172,193,0,100.0,3,0.821917808219178,11.4,Current Asthma,9.6,True
6097,Santa Rosa,Sonoma,CA,California,38.5251824,-122.9261095,2021,485887,365,283,82,0,0,0,0,89,57,37,0,156,203,6,100.0,0,0.0,11.0,COPD,5.1,True
6097,Santa Rosa,Sonoma,CA,California,38.5251824,-122.9261095,2021,485887,365,283,82,0,0,0,0,89,57,37,0,156,203,6,100.0,0,0.0,11.0,Current Asthma,9.7,True
6109,Sonora,Tuolumne,CA,California,38.0214344,-119.9647335,2021,55810,360,295,63,2,0,0,0,136,61,41,0,360,0,0,98.63013698630137,2,0.5555555555555556,13.2,COPD,5.8,True
6109,Sonora,Tuolumne,CA,California,38.0214344,-119.9647335,2021,55810,360,295,63,2,0,0,0,136,61,41,0,360,0,0,98.63013698630137,2,0.5555555555555556,13.2,Current Asthma,9.8,True
6111,Ojai,Ventura,CA,California,34.3587477,-119.1331453,2021,839784,365,157,198,10,0,0,0,122,80,53,0,214,140,11,100.0,10,2.73972602739726,10.8,COPD,4.8,False
6111,Ojai,Ventura,CA,California,34.3587477,-119.1331453,2021,839784,365,157,198,10,0,0,0,122,80,53,0,214,140,11,100.0,10,2.73972602739726,10.8,Current Asthma,9.2,False
6113,Davis,Yolo,CA,California,38.6796091,-121.90275,2021,216986,365,242,117,4,2,0,0,159,68,42,0,215,149,1,100.0,6,1.643835616438356,11.4,COPD,5.2,False
6113,Davis,Yolo,CA,California,38.6796091,-121.90275,2021,216986,365,242,117,4,2,0,0,159,68,42,0,215,149,1,100.0,6,1.643835616438356,11.4,Current Asthma,9.6,False
8007,Pagosa Springs,Archuleta,CO,Colorado,37.2023952,-107.0508634,2021,13790,365,269,96,0,0,0,0,93,64,45,0,345,0,20,100.0,0,0.0,14.4,COPD,5.5,True
8007,Pagosa Springs,Archuleta,CO,Colorado,37.2023952,-107.0508634,2021,13790,365,269,96,0,0,0,0,93,64,45,0,345,0,20,100.0,0,0.0,14.4,Current Asthma,10.4,True
8029,Delta,Delta,CO,Colorado,38.8615949,-107.8648924,2021,31661,365,294,69,2,0,0,0,141,59,43,0,319,39,7,100.0,2,0.547945205479452,18.2,COPD,7.1,False
8029,Delta,Delta,CO,Colorado,38.8615949,-107.8648924,2021,31661,365,294,69,2,0,0,0,141,59,43,0,319,39,7,100.0,2,0.547945205479452,18.2,Current Asthma,11.1,False
8047,Black Hawk,Gilpin,CO,Colorado,39.8611555,-105.5288778,2021,5873,363,250,94,18,1,0,0,151,84,46,0,363,0,0,99.45205479452055,19,5.234159779614325,12.2,COPD,4.7,False
8047,Black Hawk,Gilpin,CO,Colorado,39.8611555,-105.5288778,2021,5873,363,250,94,18,1,0,0,151,84,46,0,363,0,0,99.45205479452055,19,5.234159779614325,12.2,Current Asthma,10.0,False
8051,Crested Butte,Gunnison,CO,Colorado,38.6704993,-107.0568798,2021,17281,365,262,102,1,0,0,0,101,71,46,0,365,0,0,100.0,1,0.273972602739726,12.5,COPD,4.9,True
8051,Crested Butte,Gunnison,CO,Colorado,38.6704993,-107.0568798,2021,17281,365,262,102,1,0,0,0,101,71,46,0,365,0,0,100.0,1,0.273972602739726,12.5,Current Asthma,10.0,True
8067,Durango,La Plata,CO,Colorado,37.2873673,-107.8397178,2021,56250,364,239,121,4,0,0,0,140,71,47,0,325,38,0,99.72602739726028,4,1.098901098901099,13.5,COPD,5.1,True
8067,Durango,La Plata,CO,Colorado,37.2873673,-107.8397178,2021,56250,364,239,121,4,0,0,0,140,71,47,0,325,38,0,99.72602739726028,4,1.098901098901099,13.5,Current Asthma,10.2,True
8077,Grand Junction,Mesa,CO,Colorado,39.019524,-108.4605707,2021,157335,365,247,116,2,0,0,0,139,65,46,0,271,94,0,100.0,2,0.547945205479452,16.4,COPD,6.2,True
8077,Grand Junction,Mesa,CO,Colorado,39.019524,-108.4605707,2021,157335,365,247,116,2,0,0,0,139,65,46,0,271,94,0,100.0,2,0.547945205479452,16.4,Current Asthma,11.1,True
8083,Mesa Verde National Park,Montezuma,CO,Colorado,37.3380247,-108.5957864,2021,26175,365,280,83,2,0,0,0,115,64,44,0,364,1,0,100.0,2,0.547945205479452,17.8,COPD,6.4,True
8083,Mesa Verde National Park,Montezuma,CO,Colorado,37.3380247,-108.5957864,2021,26175,365,280,83,2,0,0,0,115,64,44,0,364,1,0,100.0,2,0.547945205479452,17.8,Current Asthma,11.1,True
8101,Pueblo,Pueblo,CO,Colorado,38.1627652,-104.4846683,2021,169622,220,203,16,1,0,0,0,138,48,23,0,0,83,137,60.273972602739725,1,0.45454545454545453,16.8,COPD,5.9,False
8101,Pueblo,Pueblo,CO,Colorado,38.1627652,-104.4846683,2021,169622,220,203,16,1,0,0,0,138,48,23,0,0,83,137,60.273972602739725,1,0.45454545454545453,16.8,Current Asthma,10.9,False
8103,Rangely,Rio Blanco,CO,Colorado,39.9726223,-108.2007155,2021,6476,365,212,148,4,1,0,0,156,77,48,0,251,114,0,100.0,5,1.36986301369863,17.6,COPD,6.6,True
8103,Rangely,Rio Blanco,CO,Colorado,39.9726223,-108.2007155,2021,6476,365,212,148,4,1,0,0,156,77,48,0,251,114,0,100.0,5,1.36986301369863,17.6,Current Asthma,10.9,True
8113,Telluride,San Miguel,CO,Colorado,38.009319,-108.4272635,2021,8074,252,165,87,0,0,0,0,97,67,48,0,199,0,53,69.04109589041096,0,0.0,11.9,COPD,4.7,True
8113,Telluride,San Miguel,CO,Colorado,38.009319,-108.4272635,2021,8074,252,165,87,0,0,0,0,97,67,48,0,199,0,53,69.04109589041096,0,0.0,11.9,Current Asthma,9.9,True
9001,Stamford,Fairfield,CT,Connecticut,41.2274128,-73.3670614,2021,959768,363,225,119,13,6,0,0,185,74,46,9,133,221,0,99.45205479452055,19,5.234159779614325,11.3,COPD,4.4,False
9001,Stamford,Fairfield,CT,Connecticut,41.2274128,-73.3670614,2021,959768,363,225,119,13,6,0,0,185,74,46,9,133,221,0,99.45205479452055,19,5.234159779614325,11.3,Current Asthma,10.2,False
9003,Hartford,Hartford,CT,Connecticut,41.8060534,-72.7329157,2021,896854,365,247,115,3,0,0,0,136,63,42,12,127,226,0,100.0,3,0.821917808219178,13.2,COPD,5.2,False
9003,Hartford,Hartford,CT,Connecticut,41.8060534,-72.7329157,2021,896854,365,247,115,3,0,0,0,136,63,42,12,127,226,0,100.0,3,0.821917808219178,13.2,Current Asthma,11.5,False
9005,Thomaston,Litchfield,CT,Connecticut,41.7918833,-73.2354042,2021,185000,364,300,61,3,0,0,0,142,58,38,0,249,114,0,99.72602739726028,3,0.8241758241758242,12.7,COPD,4.9,False
9005,Thomaston,Litchfield,CT,Connecticut,41.7918833,-73.2354042,2021,185000,364,300,61,3,0,0,0,142,58,38,0,249,114,0,99.72602739726028,3,0.8241758241758242,12.7,Current Asthma,10.2,False
9007,Middletown,Middlesex,CT,Connecticut,41.4330028,-72.5227802,2021,164759,207,171,25,10,1,0,0,151,80,39,0,207,0,0,56.71232876712329,11,5.314009661835748,12.3,COPD,4.6,False
9007,Middletown,Middlesex,CT,Connecticut,41.4330028,-72.5227802,2021,164759,207,171,25,10,1,0,0,151,80,39,0,207,0,0,56.71232876712329,11,5.314009661835748,12.3,Current Asthma,10.8,False
9009,New Haven,New Haven,CT,Connecticut,41.3497185,-72.9002033,2021,863700,365,220,131,12,2,0,0,159,69,46,8,138,218,1,100.0,14,3.8356164383561646,14.8,COPD,5.4,False
9009,New Haven,New Haven,CT,Connecticut,41.3497185,-72.9002033,2021,863700,365,220,131,12,2,0,0,159,69,46,8,138,218,1,100.0,14,3.8356164383561646,14.8,Current Asthma,10.9,False
9011,Groton,New London,CT,Connecticut,41.4726517,-72.1086339,2021,268805,363,277,79,7,0,0,0,129,60,39,0,135,228,0,99.45205479452055,7,1.9283746556473829,14.7,COPD,5.4,False
9011,Groton,New London,CT,Connecticut,41.4726517,-72.1086339,2021,268805,363,277,79,7,0,0,0,129,60,39,0,135,228,0,99.45205479452055,7,1.9283746556473829,14.7,Current Asthma,11.0,False
9013,Mansfield Center (Town name Mansfield),Tolland,CT,Connecticut,41.8580807,-72.3409779,2021,150293,201,170,30,1,0,0,0,101,58,39,0,201,0,0,55.06849315068493,1,0.4975124378109453,13.4,COPD,5.0,False
9013,Mansfield Center (Town name Mansfield),Tolland,CT,Connecticut,41.8580807,-72.3409779,2021,150293,201,170,30,1,0,0,0,101,58,39,0,201,0,0,55.06849315068493,1,0.4975124378109453,13.4,Current Asthma,10.8,False
9015,Putnam (Town of),Windham,CT,Connecticut,41.8249987,-71.9907017,2021,116418,361,331,29,1,0,0,0,140,48,34,0,361,0,0,98.9041095890411,1,0.2770083102493075,16.8,COPD,6.3,False
9015,Putnam (Town of),Windham,CT,Connecticut,41.8249987,-71.9907017,2021,116418,361,331,29,1,0,0,0,140,48,34,0,361,0,0,98.9041095890411,1,0.2770083102493075,16.8,Current Asthma,11.3,False
10001,Dover,Kent,DE,Delaware,39.0970884,-75.5029819,2021,184149,360,260,98,2,0,0,0,108,58,42,0,183,177,0,98.63013698630137,2,0.5555555555555556,18.0,COPD,6.7,True
10001,Dover,Kent,DE,Delaware,39.0970884,-75.5029819,2021,184149,360,260,98,2,0,0,0,108,58,42,0,183,177,0,98.63013698630137,2,0.5555555555555556,18.0,Current Asthma,11.2,True
10003,Wilmington,New Castle,DE,Delaware,39.5759152,-75.6441324,2021,571708,365,195,166,4,0,0,0,144,67,48,0,137,228,0,100.0,4,1.095890410958904,13.8,COPD,5.1,True
10003,Wilmington,New Castle,DE,Delaware,39.5759152,-75.6441324,2021,571708,365,195,166,4,0,0,0,144,67,48,0,137,228,0,100.0,4,1.095890410958904,13.8,Current Asthma,9.8,True
10005,Seaford,Sussex,DE,Delaware,38.6732275,-75.3370237,2021,247527,365,277,88,0,0,0,0,100,57,40,0,232,133,0,100.0,0,0.0,15.0,COPD,6.3,True
10005,Seaford,Sussex,DE,Delaware,38.6732275,-75.3370237,2021,247527,365,277,88,0,0,0,0,100,57,40,0,232,133,0,100.0,0,0.0,15.0,Current Asthma,10.4,True
11001,Washington,District of Columbia,DC,District of Columbia,38.9042474,-77.0165167,2021,670050,365,172,185,7,1,0,0,153,71,51,22,108,235,0,100.0,8,2.191780821917808,11.3,COPD,4.4,True
11001,Washington,District of Columbia,DC,District of Columbia,38.9042474,-77.0165167,2021,670050,365,172,185,7,1,0,0,153,71,51,22,108,235,0,100.0,8,2.191780821917808,11.3,Current Asthma,10.7,True
13021,Macon,Bibb,GA,Georgia,32.8088446,-83.6941941,2021,156762,365,198,165,2,0,0,0,131,66,48,0,47,318,0,100.0,2,0.547945205479452,19.8,COPD,7.3,True
13021,Macon,Bibb,GA,Georgia,32.8088446,-83.6941941,2021,156762,365,198,165,2,0,0,0,131,66,48,0,47,318,0,100.0,2,0.547945205479452,19.8,Current Asthma,11.3,True
13051,Savannah,Chatham,GA,Georgia,31.9804037,-81.085184,2021,296329,363,176,186,1,0,0,0,103,63,51,0,31,332,0,99.45205479452055,1,0.27548209366391185,16.2,COPD,5.9,True
13051,Savannah,Chatham,GA,Georgia,31.9804037,-81.085184,2021,296329,363,176,186,1,0,0,0,103,63,51,0,31,332,0,99.45205479452055,1,0.27548209366391185,16.2,Current Asthma,9.9,True
13055,Summerville,Chattooga,GA,Georgia,34.4741785,-85.3452894,2021,24932,245,238,7,0,0,0,0,80,45,33,0,245,0,0,67.12328767123287,0,0.0,24.6,COPD,9.7,True
13055,Summerville,Chattooga,GA,Georgia,34.4741785,-85.3452894,2021,24932,245,238,7,0,0,0,0,80,45,33,0,245,0,0,67.12328767123287,0,0.0,24.6,Current Asthma,10.9,True
13059,Athens (corp name Athens-Clarke County),Clarke,GA,Georgia,33.9521852,-83.3671522,2021,128711,365,195,169,1,0,0,0,107,65,49,0,61,304,0,100.0,1,0.273972602739726,16.3,COPD,6.6,True
13059,Athens (corp name Athens-Clarke County),Clarke,GA,Georgia,33.9521852,-83.3671522,2021,128711,365,195,169,1,0,0,0,107,65,49,0,61,304,0,100.0,1,0.273972602739726,16.3,Current Asthma,10.5,True
13067,Kennesaw,Cobb,GA,Georgia,33.9399286,-84.5741213,2021,766802,285,218,67,0,0,0,0,80,57,41,0,188,97,0,78.08219178082192,0,0.0,11.9,COPD,4.5,True
13067,Kennesaw,Cobb,GA,Georgia,33.9399286,-84.5741213,2021,766802,285,218,67,0,0,0,0,80,57,41,0,188,97,0,78.08219178082192,0,0.0,11.9,Current Asthma,9.4,True
13073,Evans,Columbia,GA,Georgia,33.5520746,-82.2496077,2021,159639,245,239,6,0,0,0,0,67,46,33,0,245,0,0,67.12328767123287,0,0.0,12.9,COPD,5.0,True
13073,Evans,Columbia,GA,Georgia,33.5520746,-82.2496077,2021,159639,245,239,6,0,0,0,0,67,46,33,0,245,0,0,67.12328767123287,0,0.0,12.9,Current Asthma,9.4,True
13089,Atlanta,DeKalb,GA,Georgia,33.7706611,-84.2263432,2021,757718,365,190,173,2,0,0,0,119,66,49,18,59,288,0,100.0,2,0.547945205479452,13.2,COPD,4.9,True
13089,Atlanta,DeKalb,GA,Georgia,33.7706611,-84.2263432,2021,757718,365,190,173,2,0,0,0,119,66,49,18,59,288,0,100.0,2,0.547945205479452,13.2,Current Asthma,10.1,True
13095,Albany,Dougherty,GA,Georgia,31.5325876,-84.20904,2021,84844,352,166,182,4,0,0,0,133,69,51,0,0,352,0,96.43835616438356,4,1.1363636363636365,21.0,COPD,7.8,True
13095,Albany,Dougherty,GA,Georgia,31.5325876,-84.20904,2021,84844,352,166,182,4,0,0,0,133,69,51,0,0,352,0,96.43835616438356,4,1.1363636363636365,21.0,Current Asthma,12.0,True
13097,Douglasville,Douglas,GA,Georgia,33.7012421,-84.7673139,2021,145814,244,215,27,2,0,0,0,101,58,38,0,244,0,0,66.84931506849315,2,0.819672131147541,15.6,COPD,5.9,True
13097,Douglasville,Douglas,GA,Georgia,33.7012421,-84.7673139,2021,145814,244,215,27,2,0,0,0,101,58,38,0,244,0,0,66.84931506849315,2,0.819672131147541,15.6,Current Asthma,10.5,True
13115,Rome,Floyd,GA,Georgia,34.2636918,-85.2136851,2021,98771,354,234,118,2,0,0,0,141,62,38,0,0,354,0,96.98630136986301,2,0.5649717514124294,18.9,COPD,7.6,True
13115,Rome,Floyd,GA,Georgia,34.2636918,-85.2136851,2021,98771,354,234,118,2,0,0,0,141,62,38,0,0,354,0,96.98630136986301,2,0.5649717514124294,18.9,Current Asthma,10.4,True
13121,Atlanta,Fulton,GA,Georgia,33.7900338,-84.4681816,2021,1065334,365,147,214,4,0,0,0,150,71,53,3,44,318,0,100.0,4,1.095890410958904,12.6,COPD,4.6,True
13121,Atlanta,Fulton,GA,Georgia,33.7900338,-84.4681816,2021,1065334,365,147,214,4,0,0,0,150,71,53,3,44,318,0,100.0,4,1.095890410958904,12.6,Current Asthma,9.5,True
13127,Brunswick,Glynn,GA,Georgia,31.2127098,-81.4964503,2021,84739,322,267,55,0,0,0,0,80,54,38,0,185,137,0,88.21917808219179,0,0.0,17.0,COPD,6.4,True
13127,Brunswick,Glynn,GA,Georgia,31.2127098,-81.4964503,2021,84739,322,267,55,0,0,0,0,80,54,38,0,185,137,0,88.21917808219179,0,0.0,17.0,Current Asthma,10.2,True
13135,Lawrenceville,Gwinnett,GA,Georgia,33.9587564,-84.0257351,2021,964546,324,173,149,2,0,0,0,108,67,49,0,71,253,0,88.76712328767124,2,0.6172839506172839,12.7,COPD,5.0,True
13135,Lawrenceville,Gwinnett,GA,Georgia,33.9587564,-84.0257351,2021,964546,324,173,149,2,0,0,0,108,67,49,0,71,253,0,88.76712328767124,2,0.6172839506172839,12.7,Current Asthma,9.1,True
13139,Gainesville,Hall,GA,Georgia,34.3175689,-83.8184997,2021,207369,365,209,156,0,0,0,0,83,62,46,0,0,365,0,100.0,0,0.0,16.0,COPD,6.4,True
13139,Gainesville,Hall,GA,Georgia,34.3175689,-83.8184997,2021,207369,365,209,156,0,0,0,0,83,62,46,0,0,365,0,100.0,0,0.0,16.0,Current Asthma,9.6,True
13151,McDonough,Henry,GA,Georgia,33.4529466,-84.1540207,2021,245235,360,259,100,1,0,0,0,112,63,39,0,140,220,0,98.63013698630137,1,0.2777777777777778,14.5,COPD,5.2,True
13151,McDonough,Henry,GA,Georgia,33.4529466,-84.1540207,2021,245235,360,259,100,1,0,0,0,112,63,39,0,140,220,0,98.63013698630137,1,0.2777777777777778,14.5,Current Asthma,10.1,True
13153,Warner Robins,Houston,GA,Georgia,32.4582875,-83.6625217,2021,166829,359,182,173,4,0,0,0,111,65,49,0,0,359,0,98.35616438356163,4,1.1142061281337048,15.7,COPD,5.6,True
13153,Warner Robins,Houston,GA,Georgia,32.4582875,-83.6625217,2021,166829,359,182,173,4,0,0,0,111,65,49,0,0,359,0,98.35616438356163,4,1.1142061281337048,15.7,Current Asthma,10.2,True
13185,Valdosta,Lowndes,GA,Georgia,30.833145,-83.2689952,2021,119276,358,213,145,0,0,0,0,86,60,46,0,0,358,0,98.08219178082192,0,0.0,19.5,COPD,7.2,True
13185,Valdosta,Lowndes,GA,Georgia,30.833145,-83.2689952,2021,119276,358,213,145,0,0,0,0,86,60,46,0,0,358,0,98.08219178082192,0,0.0,19.5,Current Asthma,10.9,True
13213,Chatsworth,Murray,GA,Georgia,34.7970974,-84.7379899,2021,39951,276,240,36,0,0,0,0,87,52,38,0,223,53,0,75.61643835616438,0,0.0,21.0,COPD,8.3,True
13213,Chatsworth,Murray,GA,Georgia,34.7970974,-84.7379899,2021,39951,276,240,36,0,0,0,0,87,52,38,0,223,53,0,75.61643835616438,0,0.0,21.0,Current Asthma,10.4,True
13215,Columbus,Muscogee,GA,Georgia,32.510197,-84.874946,2021,205617,353,233,118,1,1,0,0,155,63,43,0,87,266,0,96.7123287671233,2,0.56657223796034,18.4,COPD,6.4,True
13215,Columbus,Muscogee,GA,Georgia,32.510197,-84.874946,2021,205617,353,233,118,1,1,0,0,155,63,43,0,87,266,0,96.7123287671233,2,0.56657223796034,18.4,Current Asthma,10.4,True
13245,Augusta,Richmond,GA,Georgia,33.3614863,-82.0749982,2021,205673,364,174,183,7,0,0,0,145,70,51,0,77,286,1,99.72602739726028,7,1.9230769230769231,19.6,COPD,7.1,True
13245,Augusta,Richmond,GA,Georgia,33.3614863,-82.0749982,2021,205673,364,174,183,7,0,0,0,145,70,51,0,77,286,1,99.72602739726028,7,1.9230769230769231,19.6,Current Asthma,11.0,True
13247,Conyers,Rockdale,GA,Georgia,33.6520811,-84.0263696,2021,94082,243,216,27,0,0,0,0,93,54,39,0,243,0,0,66.57534246575342,0,0.0,16.7,COPD,6.0,True
13247,Conyers,Rockdale,GA,Georgia,33.6520811,-84.0263696,2021,94082,243,216,27,0,0,0,0,93,54,39,0,243,0,0,66.57534246575342,0,0.0,16.7,Current Asthma,10.9,True
13261,Americus,Sumter,GA,Georgia,32.0422659,-84.2042935,2021,29283,245,228,17,0,0,0,0,74,49,35,0,245,0,0,67.12328767123287,0,0.0,20.4,COPD,7.7,True
13261,Americus,Sumter,GA,Georgia,32.0422659,-84.2042935,2021,29283,245,228,17,0,0,0,0,74,49,35,0,245,0,0,67.12328767123287,0,0.0,20.4,Current Asthma,11.3,True
13295,Rossville,Walker,GA,Georgia,34.735802,-85.3054565,2021,68510,233,93,139,1,0,0,0,110,68,53,0,0,233,0,63.83561643835617,1,0.4291845493562232,20.2,COPD,7.6,False
13295,Rossville,Walker,GA,Georgia,34.735802,-85.3054565,2021,68510,233,93,139,1,0,0,0,110,68,53,0,0,233,0,63.83561643835617,1,0.4291845493562232,20.2,Current Asthma,10.3,False
13303,Sandersville,Washington,GA,Georgia,32.9718435,-82.7981123,2021,19785,365,178,184,3,0,0,0,111,69,51,0,0,365,0,100.0,3,0.821917808219178,22.3,COPD,8.1,True
13303,Sandersville,Washington,GA,Georgia,32.9718435,-82.7981123,2021,19785,365,178,184,3,0,0,0,111,69,51,0,0,365,0,100.0,3,0.821917808219178,22.3,Current Asthma,10.9,True
15001,Hawaii Volcanoes National Park,Hawaii,HI,Hawaii,19.5977643,-155.5024434,2021,202906,365,336,29,0,0,0,0,65,48,27,0,0,365,0,100.0,0,0.0,13.7,COPD,5.0,True
15001,Hawaii Volcanoes National Park,Hawaii,HI,Hawaii,19.5977643,-155.5024434,2021,202906,365,336,29,0,0,0,0,65,48,27,0,0,365,0,100.0,0,0.0,13.7,Current Asthma,10.1,True
15003,Honolulu,Honolulu,HI,Hawaii,21.4613654,-158.201974,2021,1000890,365,364,1,0,0,0,0,58,39,28,2,266,89,7,100.0,0,0.0,11.2,COPD,3.6,True
15003,Honolulu,Honolulu,HI,Hawaii,21.4613654,-158.201974,2021,1000890,365,364,1,0,0,0,0,58,39,28,2,266,89,7,100.0,0,0.0,11.2,Current Asthma,8.4,True
15009,Kihei,Maui,HI,Hawaii,20.8559308,-156.6015502,2021,164221,363,361,2,0,0,0,0,63,31,21,0,0,363,0,99.45205479452055,0,0.0,12.6,COPD,4.2,True
15009,Kihei,Maui,HI,Hawaii,20.8559308,-156.6015502,2021,164221,363,361,2,0,0,0,0,63,31,21,0,0,363,0,99.45205479452055,0,0.0,12.6,Current Asthma,9.2,True
16001,Boise (corporate name Boise City),Ada,ID,Idaho,43.4514767,-116.244376,2021,511931,365,223,124,15,3,0,0,173,79,46,7,207,150,1,100.0,18,4.931506849315069,12.3,COPD,4.7,True
16001,Boise (corporate name Boise City),Ada,ID,Idaho,43.4514767,-116.244376,2021,511931,365,223,124,15,3,0,0,173,79,46,7,207,150,1,100.0,18,4.931506849315069,12.3,Current Asthma,9.5,True
16005,Pocatello,Bannock,ID,Idaho,42.6929211,-112.2289819,2021,88263,365,245,112,7,1,0,0,155,76,44,0,96,195,74,100.0,8,2.191780821917808,16.7,COPD,6.3,True
16005,Pocatello,Bannock,ID,Idaho,42.6929211,-112.2289819,2021,88263,365,245,112,7,1,0,0,155,76,44,0,96,195,74,100.0,8,2.191780821917808,16.7,Current Asthma,10.4,True
16013,Ketchum,Blaine,ID,Idaho,43.394192,-113.9553713,2021,24766,350,288,52,10,0,0,0,144,66,23,0,0,350,0,95.8904109589041,10,2.857142857142857,12.3,COPD,4.9,False
16013,Ketchum,Blaine,ID,Idaho,43.394192,-113.9553713,2021,24766,350,288,52,10,0,0,0,144,66,23,0,0,350,0,95.8904109589041,10,2.857142857142857,12.3,Current Asthma,9.6,False
16017,Sandpoint,Bonner,ID,Idaho,48.3167955,-116.612362,2021,49491,364,260,94,4,4,2,0,203,63,37,0,0,319,45,99.72602739726028,10,2.7472527472527473,17.2,COPD,6.4,True
16017,Sandpoint,Bonner,ID,Idaho,48.3167955,-116.612362,2021,49491,364,260,94,4,4,2,0,203,63,37,0,0,319,45,99.72602739726028,10,2.7472527472527473,17.2,Current Asthma,10.7,True
16019,Idaho Falls,Bonneville,ID,Idaho,43.3951708,-111.6218783,2021,127930,356,275,72,9,0,0,0,144,67,31,0,0,356,0,97.53424657534246,9,2.528089887640449,15.1,COPD,5.8,True
16019,Idaho Falls,Bonneville,ID,Idaho,43.3951708,-111.6218783,2021,127930,356,275,72,9,0,0,0,144,67,31,0,0,356,0,97.53424657534246,9,2.528089887640449,15.1,Current Asthma,10.8,True
16027,Nampa,Canyon,ID,Idaho,43.6257956,-116.709058,2021,243115,365,209,147,5,4,0,0,172,71,46,0,0,347,18,100.0,9,2.4657534246575343,16.6,COPD,6.5,True
16027,Nampa,Canyon,ID,Idaho,43.6257956,-116.709058,2021,243115,365,209,147,5,4,0,0,172,71,46,0,0,347,18,100.0,9,2.4657534246575343,16.6,Current Asthma,10.6,True
16041,Franklin,Franklin,ID,Idaho,42.1736093,-111.8229653,2021,14666,365,285,74,6,0,0,0,119,66,28,0,0,365,0,100.0,6,1.643835616438356,17.7,COPD,6.7,True
16041,Franklin,Franklin,ID,Idaho,42.1736093,-111.8229653,2021,14666,365,285,74,6,0,0,0,119,66,28,0,0,365,0,100.0,6,1.643835616438356,17.7,Current Asthma,10.4,True
16049,Grangeville,Idaho,ID,Idaho,45.849644,-115.4673371,2021,17040,365,237,112,9,7,0,0,188,77,42,0,186,179,0,100.0,16,4.383561643835616,17.7,COPD,6.8,True
16049,Grangeville,Idaho,ID,Idaho,45.849644,-115.4673371,2021,17040,365,237,112,9,7,0,0,188,77,42,0,186,179,0,100.0,16,4.383561643835616,17.7,Current Asthma,10.2,True
16055,Coeur d'Alene,Kootenai,ID,Idaho,47.6759569,-116.6959192,2021,179789,357,268,81,3,5,0,0,195,60,31,0,0,357,0,97.80821917808218,8,2.2408963585434174,16.6,COPD,5.9,True
16055,Coeur d'Alene,Kootenai,ID,Idaho,47.6759569,-116.6959192,2021,179789,357,268,81,3,5,0,0,195,60,31,0,0,357,0,97.80821917808218,8,2.2408963585434174,16.6,Current Asthma,10.2,True
16057,Moscow,Latah,ID,Idaho,46.8189202,-116.7309737,2021,40313,360,309,41,5,5,0,0,195,57,20,0,0,360,0,98.63013698630137,10,2.7777777777777777,14.0,COPD,5.7,False
16057,Moscow,Latah,ID,Idaho,46.8189202,-116.7309737,2021,40313,360,309,41,5,5,0,0,195,57,20,0,0,360,0,98.63013698630137,10,2.7777777777777777,14.0,Current Asthma,10.3,False
16059,Salmon,Lemhi,ID,Idaho,44.9285059,-113.8870422,2021,8162,365,188,157,16,4,0,0,172,83,47,0,0,365,0,100.0,20,5.47945205479452,17.2,COPD,6.6,False
16059,Salmon,Lemhi,ID,Idaho,44.9285059,-113.8870422,2021,8162,365,188,157,16,4,0,0,172,83,47,0,0,365,0,100.0,20,5.47945205479452,17.2,Current Asthma,10.7,False
16069,Lewiston,Nez Perce,ID,Idaho,46.3337914,-116.7609091,2021,42454,365,251,96,15,2,1,0,204,77,34,0,0,365,0,100.0,18,4.931506849315069,16.2,COPD,6.4,True
16069,Lewiston,Nez Perce,ID,Idaho,46.3337914,-116.7609091,2021,42454,365,251,96,15,2,1,0,204,77,34,0,0,365,0,100.0,18,4.931506849315069,16.2,Current Asthma,10.8,True
16079,Kellogg (Kellogg-Wardner),Shoshone,ID,Idaho,47.3476935,-115.8850916,2021,13612,363,186,162,9,6,0,0,179,75,49,0,0,362,1,99.45205479452055,15,4.132231404958678,21.1,COPD,7.9,True
16079,Kellogg (Kellogg-Wardner),Shoshone,ID,Idaho,47.3476935,-115.8850916,2021,13612,363,186,162,9,6,0,0,179,75,49,0,0,362,1,99.45205479452055,15,4.132231404958678,21.1,Current Asthma,11.0,True
16083,Twin Falls,Twin Falls,ID,Idaho,42.352309,-114.6656386,2021,92243,361,298,56,7,0,0,0,144,61,28,0,0,361,0,98.9041095890411,7,1.9390581717451523,17.5,COPD,6.3,True
16083,Twin Falls,Twin Falls,ID,Idaho,42.352309,-114.6656386,2021,92243,361,298,56,7,0,0,0,144,61,28,0,0,361,0,98.9041095890411,7,1.9390581717451523,17.5,Current Asthma,10.5,True
16085,McCall,Valley,ID,Idaho,44.8559596,-115.6180612,2021,12241,351,217,125,7,2,0,0,162,72,41,0,0,351,0,96.16438356164385,9,2.564102564102564,16.0,COPD,6.2,True
16085,McCall,Valley,ID,Idaho,44.8559596,-115.6180612,2021,12241,351,217,125,7,2,0,0,162,72,41,0,0,351,0,96.16438356164385,9,2.564102564102564,16.0,Current Asthma,10.5,True
17001,Quincy,Adams,IL,Illinois,39.9860525,-91.1949607,2021,64954,242,219,23,0,0,0,0,93,50,40,0,242,0,0,66.3013698630137,0,0.0,18.1,COPD,6.7,True
17001,Quincy,Adams,IL,Illinois,39.9860525,-91.1949607,2021,64954,242,219,23,0,0,0,0,93,50,40,0,242,0,0,66.3013698630137,0,0.0,18.1,Current Asthma,10.2,True
17019,Champaign,Champaign,IL,Illinois,40.1389845,-88.1969749,2021,205943,365,236,129,0,0,0,0,99,63,44,0,143,222,0,100.0,0,0.0,15.1,COPD,5.9,True
17019,Champaign,Champaign,IL,Illinois,40.1389845,-88.1969749,2021,205943,365,236,129,0,0,0,0,99,63,44,0,143,222,0,100.0,0,0.0,15.1,Current Asthma,10.0,True
17043,Bensenville,DuPage,IL,Illinois,41.8520577,-88.0860389,2021,924885,365,179,184,2,0,0,0,105,69,51,0,100,265,0,100.0,2,0.547945205479452,10.8,COPD,4.3,True
17043,Bensenville,DuPage,IL,Illinois,41.8520577,-88.0860389,2021,924885,365,179,184,2,0,0,0,105,69,51,0,100,265,0,100.0,2,0.547945205479452,10.8,Current Asthma,8.7,True
17049,Effingham,Effingham,IL,Illinois,39.0479445,-88.5928488,2021,34430,237,226,11,0,0,0,0,77,46,37,0,237,0,0,64.93150684931507,0,0.0,17.2,COPD,6.5,False
17049,Effingham,Effingham,IL,Illinois,39.0479445,-88.5928488,2021,34430,237,226,11,0,0,0,0,77,46,37,0,237,0,0,64.93150684931507,0,0.0,17.2,Current Asthma,9.9,False
17083,Jerseyville,Jersey,IL,Illinois,39.0801945,-90.361385,2021,21333,360,225,133,2,0,0,0,112,61,45,0,120,240,0,98.63013698630137,2,0.5555555555555556,16.3,COPD,6.1,True
17083,Jerseyville,Jersey,IL,Illinois,39.0801945,-90.361385,2021,21333,360,225,133,2,0,0,0,112,61,45,0,120,240,0,98.63013698630137,2,0.5555555555555556,16.3,Current Asthma,9.8,True
17085,Galena,Jo Daviess,IL,Illinois,42.3623905,-90.2114705,2021,21939,362,336,26,0,0,0,0,97,47,36,0,362,0,0,99.17808219178083,0,0.0,16.7,COPD,6.4,True
17085,Galena,Jo Daviess,IL,Illinois,42.3623905,-90.2114705,2021,21939,362,336,26,0,0,0,0,97,47,36,0,362,0,0,99.17808219178083,0,0.0,16.7,Current Asthma,9.8,True
17089,Elgin,Kane,IL,Illinois,41.9395938,-88.4280395,2021,515588,285,188,96,1,0,0,0,112,67,44,0,189,96,0,78.08219178082192,1,0.3508771929824561,13.4,COPD,5.3,True
17089,Elgin,Kane,IL,Illinois,41.9395938,-88.4280395,2021,515588,285,188,96,1,0,0,0,112,67,44,0,189,96,0,78.08219178082192,1,0.3508771929824561,13.4,Current Asthma,9.4,True
17097,Waukegan,Lake,IL,Illinois,42.1859677,-87.8059389,2021,711239,244,180,55,9,0,0,0,136,77,42,0,244,0,0,66.84931506849315,9,3.6885245901639343,11.9,COPD,4.8,True
17097,Waukegan,Lake,IL,Illinois,42.1859677,-87.8059389,2021,711239,244,180,55,9,0,0,0,136,77,42,0,244,0,0,66.84931506849315,9,3.6885245901639343,11.9,Current Asthma,9.0,True
17115,Decatur,Macon,IL,Illinois,39.8602372,-88.9615288,2021,102432,361,179,179,3,0,0,0,112,67,51,0,92,269,0,98.9041095890411,3,0.8310249307479225,18.4,COPD,6.9,True
17115,Decatur,Macon,IL,Illinois,39.8602372,-88.9615288,2021,102432,361,179,179,3,0,0,0,112,67,51,0,92,269,0,98.9041095890411,3,0.8310249307479225,18.4,Current Asthma,10.6,True
17117,Nilwood,Macoupin,IL,Illinois,39.2659138,-89.9263301,2021,44406,358,339,19,0,0,0,0,93,48,31,131,227,0,0,98.08219178082192,0,0.0,19.8,COPD,7.4,True
17117,Nilwood,Macoupin,IL,Illinois,39.2659138,-89.9263301,2021,44406,358,339,19,0,0,0,0,93,48,31,131,227,0,0,98.08219178082192,0,0.0,19.8,Current Asthma,10.3,True
17119,Granite City,Madison,IL,Illinois,38.8271195,-89.9002267,2021,264490,365,82,277,6,0,0,0,143,74,57,0,65,300,0,100.0,6,1.643835616438356,16.6,COPD,6.3,True
17119,Granite City,Madison,IL,Illinois,38.8271195,-89.9002267,2021,264490,365,82,277,6,0,0,0,143,74,57,0,65,300,0,100.0,6,1.643835616438356,16.6,Current Asthma,10.1,True
17111,Cary,McHenry,IL,Illinois,42.3242982,-88.452245,2021,311122,363,187,174,2,0,0,0,105,68,49,0,115,248,0,99.45205479452055,2,0.5509641873278237,12.9,COPD,5.0,True
17111,Cary,McHenry,IL,Illinois,42.3242982,-88.452245,2021,311122,363,187,174,2,0,0,0,105,68,49,0,115,248,0,99.45205479452055,2,0.5509641873278237,12.9,Current Asthma,9.2,True
17113,Normal,McLean,IL,Illinois,40.4945594,-88.8445391,2021,170889,365,191,173,1,0,0,0,107,63,48,0,89,276,0,100.0,1,0.273972602739726,14.1,COPD,5.7,True
17113,Normal,McLean,IL,Illinois,40.4945594,-88.8445391,2021,170889,365,191,173,1,0,0,0,107,63,48,0,89,276,0,100.0,1,0.273972602739726,14.1,Current Asthma,9.8,True
17143,Peoria,Peoria,IL,Illinois,40.7859722,-89.7669933,2021,179432,361,181,179,1,0,0,0,101,65,50,0,92,269,0,98.9041095890411,1,0.2770083102493075,16.5,COPD,6.4,True
17143,Peoria,Peoria,IL,Illinois,40.7859722,-89.7669933,2021,179432,361,181,179,1,0,0,0,101,65,50,0,92,269,0,98.9041095890411,1,0.2770083102493075,16.5,Current Asthma,10.3,True
17161,Moline,Rock Island,IL,Illinois,41.4684205,-90.5721252,2021,142909,361,191,167,3,0,0,0,112,66,49,0,95,266,0,98.9041095890411,3,0.8310249307479225,17.9,COPD,6.7,True
17161,Moline,Rock Island,IL,Illinois,41.4684205,-90.5721252,2021,142909,361,191,167,3,0,0,0,112,66,49,0,95,266,0,98.9041095890411,3,0.8310249307479225,17.9,Current Asthma,10.3,True
17167,Springfield,Sangamon,IL,Illinois,39.7568863,-89.662435,2021,194734,362,233,129,0,0,0,0,98,62,43,0,100,262,0,99.17808219178083,0,0.0,16.2,COPD,6.2,True
17167,Springfield,Sangamon,IL,Illinois,39.7568863,-89.662435,2021,194734,362,233,129,0,0,0,0,98,62,43,0,100,262,0,99.17808219178083,0,0.0,16.2,Current Asthma,10.2,True
17197,Joliet,Will,IL,Illinois,41.4484742,-87.9784564,2021,697252,365,157,206,2,0,0,0,105,67,52,0,83,282,0,100.0,2,0.547945205479452,13.3,COPD,5.0,True
17197,Joliet,Will,IL,Illinois,41.4484742,-87.9784564,2021,697252,365,157,206,2,0,0,0,105,67,52,0,83,282,0,100.0,2,0.547945205479452,13.3,Current Asthma,9.2,True
17201,Rockford,Winnebago,IL,Illinois,42.3373957,-89.1612053,2021,283119,360,190,170,0,0,0,0,100,68,49,0,114,246,0,98.63013698630137,0,0.0,18.2,COPD,7.1,True
17201,Rockford,Winnebago,IL,Illinois,42.3373957,-89.1612053,2021,283119,360,190,170,0,0,0,0,100,68,49,0,114,246,0,98.63013698630137,0,0.0,18.2,Current Asthma,10.4,True
18003,Fort Wayne,Allen,IN,Indiana,41.0919086,-85.0717907,2021,388608,365,257,108,0,0,0,0,100,63,40,0,226,139,0,100.0,0,0.0,17.5,COPD,7.0,True
18003,Fort Wayne,Allen,IN,Indiana,41.0919086,-85.0717907,2021,388608,365,257,108,0,0,0,0,100,63,40,0,226,139,0,100.0,0,0.0,17.5,Current Asthma,11.1,True
18005,Columbus,Bartholomew,IN,Indiana,39.205843,-85.8979988,2021,82475,364,252,112,0,0,0,0,93,61,43,0,163,201,0,99.72602739726028,0,0.0,16.4,COPD,6.7,True
18005,Columbus,Bartholomew,IN,Indiana,39.205843,-85.8979988,2021,82475,364,252,112,0,0,0,0,93,61,43,0,163,201,0,99.72602739726028,0,0.0,16.4,Current Asthma,10.0,True
18019,Jeffersonville,Clark,IN,Indiana,38.4762174,-85.7111221,2021,122738,365,160,205,0,0,0,0,96,71,52,0,59,306,0,100.0,0,0.0,19.1,COPD,7.4,True
18019,Jeffersonville,Clark,IN,Indiana,38.4762174,-85.7111221,2021,122738,365,160,205,0,0,0,0,96,71,52,0,59,306,0,100.0,0,0.0,19.1,Current Asthma,10.5,True
18035,Muncie,Delaware,IN,Indiana,40.2275433,-85.3992617,2021,111871,362,299,63,0,0,0,0,97,57,37,0,293,69,0,99.17808219178083,0,0.0,21.7,COPD,8.7,True
18035,Muncie,Delaware,IN,Indiana,40.2275433,-85.3992617,2021,111871,362,299,63,0,0,0,0,97,57,37,0,293,69,0,99.17808219178083,0,0.0,21.7,Current Asthma,11.4,True
18039,Elkhart,Elkhart,IN,Indiana,41.6006928,-85.8639864,2021,206921,365,214,151,0,0,0,0,87,62,45,0,139,226,0,100.0,0,0.0,19.5,COPD,8.1,True
18039,Elkhart,Elkhart,IN,Indiana,41.6006928,-85.8639864,2021,206921,365,214,151,0,0,0,0,87,62,45,0,139,226,0,100.0,0,0.0,19.5,Current Asthma,10.5,True
18043,New Albany,Floyd,IN,Indiana,38.3180811,-85.9118469,2021,80454,363,340,23,0,0,0,0,100,48,34,0,363,0,0,99.45205479452055,0,0.0,17.4,COPD,7.0,True
18043,New Albany,Floyd,IN,Indiana,38.3180811,-85.9118469,2021,80454,363,340,23,0,0,0,0,100,48,34,0,363,0,0,99.45205479452055,0,0.0,17.4,Current Asthma,10.4,True
18057,Noblesville,Hamilton,IN,Indiana,40.0535128,-86.021709,2021,356650,365,232,133,0,0,0,0,100,66,44,0,155,210,0,100.0,0,0.0,10.2,COPD,4.4,True
18057,Noblesville,Hamilton,IN,Indiana,40.0535128,-86.021709,2021,356650,365,232,133,0,0,0,0,100,66,44,0,155,210,0,100.0,0,0.0,10.2,Current Asthma,9.2,True
18063,Avon,Hendricks,IN,Indiana,39.7689632,-86.5099075,2021,179355,365,347,18,0,0,0,0,80,46,33,0,365,0,0,100.0,0,0.0,14.5,COPD,5.6,True
18063,Avon,Hendricks,IN,Indiana,39.7689632,-86.5099075,2021,179355,365,347,18,0,0,0,0,80,46,33,0,365,0,0,100.0,0,0.0,14.5,Current Asthma,9.9,True
18067,Kokomo,Howard,IN,Indiana,40.4835368,-86.1141178,2021,83687,361,227,132,2,0,0,0,105,62,44,0,164,197,0,98.9041095890411,2,0.554016620498615,19.7,COPD,7.7,True
18067,Kokomo,Howard,IN,Indiana,40.4835368,-86.1141178,2021,83687,361,227,132,2,0,0,0,105,62,44,0,164,197,0,98.9041095890411,2,0.554016620498615,19.7,Current Asthma,10.9,True
18083,Vincennes,Knox,IN,Indiana,38.688391,-87.4203544,2021,35956,360,320,38,2,0,0,0,108,51,36,0,360,0,0,98.63013698630137,2,0.5555555555555556,21.7,COPD,8.4,True
18083,Vincennes,Knox,IN,Indiana,38.688391,-87.4203544,2021,35956,360,320,38,2,0,0,0,108,51,36,0,360,0,0,98.63013698630137,2,0.5555555555555556,21.7,Current Asthma,10.7,True
18091,Michigan City,LaPorte,IN,Indiana,41.5490129,-86.7447386,2021,112390,365,282,78,5,0,0,0,143,64,37,0,309,56,0,100.0,5,1.36986301369863,20.4,COPD,8.0,True
18091,Michigan City,LaPorte,IN,Indiana,41.5490129,-86.7447386,2021,112390,365,282,78,5,0,0,0,143,64,37,0,309,56,0,100.0,5,1.36986301369863,20.4,Current Asthma,10.7,True
18089,Gary,Lake,IN,Indiana,41.472247,-87.3743368,2021,498558,365,134,225,5,1,0,0,175,72,54,2,53,308,2,100.0,6,1.643835616438356,18.7,COPD,7.3,True
18089,Gary,Lake,IN,Indiana,41.472247,-87.3743368,2021,498558,365,134,225,5,1,0,0,175,72,54,2,53,308,2,100.0,6,1.643835616438356,18.7,Current Asthma,10.8,True
18095,Anderson,Madison,IN,Indiana,40.166203,-85.7224543,2021,130782,364,199,165,0,0,0,0,97,67,48,0,124,240,0,99.72602739726028,0,0.0,21.4,COPD,8.3,True
18095,Anderson,Madison,IN,Indiana,40.166203,-85.7224543,2021,130782,364,199,165,0,0,0,0,97,67,48,0,124,240,0,99.72602739726028,0,0.0,21.4,Current Asthma,11.3,True
18097,Indianapolis,Marion,IN,Indiana,39.7829759,-86.1357939,2021,971102,365,81,278,6,0,0,0,114,81,58,2,31,332,0,100.0,6,1.643835616438356,19.6,COPD,7.3,True
18097,Indianapolis,Marion,IN,Indiana,39.7829759,-86.1357939,2021,971102,365,81,278,6,0,0,0,114,81,58,2,31,332,0,100.0,6,1.643835616438356,19.6,Current Asthma,11.0,True
18105,Bloomington,Monroe,IN,Indiana,39.1607286,-86.52331,2021,139875,352,223,129,0,0,0,0,95,61,43,0,0,352,0,96.43835616438356,0,0.0,16.3,COPD,7.0,True
18105,Bloomington,Monroe,IN,Indiana,39.1607286,-86.52331,2021,139875,352,223,129,0,0,0,0,95,61,43,0,0,352,0,96.43835616438356,0,0.0,16.3,Current Asthma,10.4,True
18123,Tell City,Perry,IN,Indiana,38.0814361,-86.6265397,2021,19316,363,334,29,0,0,0,0,97,50,36,0,363,0,0,99.45205479452055,0,0.0,19.8,COPD,7.6,True
18123,Tell City,Perry,IN,Indiana,38.0814361,-86.6265397,2021,19316,363,334,29,0,0,0,0,97,50,36,0,363,0,0,99.45205479452055,0,0.0,19.8,Current Asthma,10.1,True
18127,Portage,Porter,IN,Indiana,41.5099144,-87.0713128,2021,174243,365,204,154,7,0,0,0,136,68,47,0,149,205,11,100.0,7,1.9178082191780823,16.2,COPD,6.6,True
18127,Portage,Porter,IN,Indiana,41.5099144,-87.0713128,2021,174243,365,204,154,7,0,0,0,136,68,47,0,149,205,11,100.0,7,1.9178082191780823,16.2,Current Asthma,10.1,True
18129,Mount Vernon,Posey,IN,Indiana,38.0276138,-87.8686526,2021,25116,360,344,16,0,0,0,0,77,45,32,0,360,0,0,98.63013698630137,0,0.0,17.8,COPD,7.0,True
18129,Mount Vernon,Posey,IN,Indiana,38.0276138,-87.8686526,2021,25116,360,344,16,0,0,0,0,77,45,32,0,360,0,0,98.63013698630137,0,0.0,17.8,Current Asthma,10.3,True
18141,South Bend,St. Joseph,IN,Indiana,41.6177233,-86.2880476,2021,272212,365,169,195,1,0,0,0,105,71,52,0,96,269,0,100.0,1,0.273972602739726,17.6,COPD,7.0,True
18141,South Bend,St. Joseph,IN,Indiana,41.6177233,-86.2880476,2021,272212,365,169,195,1,0,0,0,105,71,52,0,96,269,0,100.0,1,0.273972602739726,17.6,Current Asthma,10.5,True
18157,Lafayette,Tippecanoe,IN,Indiana,40.3891334,-86.8935538,2021,187076,349,213,136,0,0,0,0,97,62,44,0,0,349,0,95.61643835616438,0,0.0,16.5,COPD,7.0,True
18157,Lafayette,Tippecanoe,IN,Indiana,40.3891334,-86.8935538,2021,187076,349,213,136,0,0,0,0,97,62,44,0,0,349,0,95.61643835616438,0,0.0,16.5,Current Asthma,10.7,True
18163,Evansville,Vanderburgh,IN,Indiana,38.0200703,-87.5861659,2021,179987,365,176,188,1,0,0,0,109,68,51,0,76,289,0,100.0,1,0.273972602739726,19.6,COPD,7.8,True
18163,Evansville,Vanderburgh,IN,Indiana,38.0200703,-87.5861659,2021,179987,365,176,188,1,0,0,0,109,68,51,0,76,289,0,100.0,1,0.273972602739726,19.6,Current Asthma,10.9,True
18167,Terre Haute,Vigo,IN,Indiana,39.4291426,-87.3903754,2021,105994,365,172,193,0,0,0,0,99,67,51,0,100,265,0,100.0,0,0.0,21.8,COPD,8.6,True
18167,Terre Haute,Vigo,IN,Indiana,39.4291426,-87.3903754,2021,105994,365,172,193,0,0,0,0,99,67,51,0,100,265,0,100.0,0,0.0,21.8,Current Asthma,11.1,True
18173,Boonville,Warrick,IN,Indiana,38.0977282,-87.2720486,2021,64514,365,337,27,1,0,0,0,105,48,35,0,365,0,0,100.0,1,0.273972602739726,15.4,COPD,5.9,True
18173,Boonville,Warrick,IN,Indiana,38.0977282,-87.2720486,2021,64514,365,337,27,1,0,0,0,105,48,35,0,365,0,0,100.0,1,0.273972602739726,15.4,Current Asthma,9.9,True
19013,Waterloo,Black Hawk,IA,Iowa,42.4711317,-92.3076003,2021,130368,365,211,154,0,0,0,0,96,63,47,0,0,365,0,100.0,0,0.0,17.3,COPD,6.4,True
19013,Waterloo,Black Hawk,IA,Iowa,42.4711317,-92.3076003,2021,130368,365,211,154,0,0,0,0,96,63,47,0,0,365,0,100.0,0,0.0,17.3,Current Asthma,9.8,True
19017,Waverly,Bremer,IA,Iowa,42.7808946,-92.3273559,2021,25081,244,223,21,0,0,0,0,90,49,40,0,244,0,0,66.84931506849315,0,0.0,14.9,COPD,5.3,True
19017,Waverly,Bremer,IA,Iowa,42.7808946,-92.3273559,2021,25081,244,223,21,0,0,0,0,90,49,40,0,244,0,0,66.84931506849315,0,0.0,14.9,Current Asthma,9.1,True
19045,Clinton,Clinton,IA,Iowa,41.8980732,-90.5342431,2021,46463,365,134,229,2,0,0,0,112,70,55,0,62,303,0,100.0,2,0.547945205479452,18.6,COPD,6.9,True
19045,Clinton,Clinton,IA,Iowa,41.8980732,-90.5342431,2021,46463,365,134,229,2,0,0,0,112,70,55,0,62,303,0,100.0,2,0.547945205479452,18.6,Current Asthma,9.9,True
19085,Dunlap,Harrison,IA,Iowa,41.6885844,-95.8271491,2021,14669,243,216,27,0,0,0,0,87,54,39,0,243,0,0,66.57534246575342,0,0.0,18.2,COPD,6.3,True
19085,Dunlap,Harrison,IA,Iowa,41.6885844,-95.8271491,2021,14669,243,216,27,0,0,0,0,87,54,39,0,243,0,0,66.57534246575342,0,0.0,18.2,Current Asthma,9.5,True
19103,Iowa City,Johnson,IA,Iowa,41.670668,-91.5905285,2021,154748,364,172,190,2,0,0,0,121,67,52,0,0,364,0,99.72602739726028,2,0.5494505494505495,14.0,COPD,5.3,True
19103,Iowa City,Johnson,IA,Iowa,41.670668,-91.5905285,2021,154748,364,172,190,2,0,0,0,121,67,52,0,0,364,0,99.72602739726028,2,0.5494505494505495,14.0,Current Asthma,9.5,True
19113,Cedar Rapids,Linn,IA,Iowa,42.0779506,-91.5976735,2021,228939,365,160,201,4,0,0,0,123,69,52,0,75,290,0,100.0,4,1.095890410958904,15.5,COPD,5.5,True
19113,Cedar Rapids,Linn,IA,Iowa,42.0779506,-91.5976735,2021,228939,365,160,201,4,0,0,0,123,69,52,0,75,290,0,100.0,4,1.095890410958904,15.5,Current Asthma,9.4,True
19137,Red Oak,Montgomery,IA,Iowa,41.0217348,-95.1577896,2021,10322,351,250,100,1,0,0,0,112,58,42,0,109,242,0,96.16438356164385,1,0.2849002849002849,19.9,COPD,7.1,True
19137,Red Oak,Montgomery,IA,Iowa,41.0217348,-95.1577896,2021,10322,351,250,100,1,0,0,0,112,58,42,0,109,242,0,96.16438356164385,1,0.2849002849002849,19.9,Current Asthma,9.9,True
19139,Muscatine,Muscatine,IA,Iowa,41.483776,-91.1186992,2021,42688,365,211,154,0,0,0,0,90,63,45,0,0,363,2,100.0,0,0.0,16.8,COPD,6.2,True
19139,Muscatine,Muscatine,IA,Iowa,41.483776,-91.1186992,2021,42688,365,211,154,0,0,0,0,90,63,45,0,0,363,2,100.0,0,0.0,16.8,Current Asthma,9.2,True
19147,Emmetsburg,Palo Alto,IA,Iowa,43.0753374,-94.6690546,2021,8906,362,250,108,2,2,0,0,167,64,43,0,136,226,0,99.17808219178083,4,1.1049723756906076,16.7,COPD,6.0,True
19147,Emmetsburg,Palo Alto,IA,Iowa,43.0753374,-94.6690546,2021,8906,362,250,108,2,2,0,0,167,64,43,0,136,226,0,99.17808219178083,4,1.1049723756906076,16.7,Current Asthma,9.4,True
19153,Des Moines,Polk,IA,Iowa,41.6848158,-93.568971,2021,496844,365,227,137,1,0,0,0,110,64,45,7,115,243,0,100.0,1,0.273972602739726,15.4,COPD,5.5,True
19153,Des Moines,Polk,IA,Iowa,41.6848158,-93.568971,2021,496844,365,227,137,1,0,0,0,110,64,45,7,115,243,0,100.0,1,0.273972602739726,15.4,Current Asthma,9.1,True
19163,Davenport,Scott,IA,Iowa,41.6420791,-90.6222889,2021,174170,365,145,219,1,0,0,0,102,70,53,0,73,241,51,100.0,1,0.273972602739726,16.6,COPD,5.8,True
19163,Davenport,Scott,IA,Iowa,41.6420791,-90.6222889,2021,174170,365,145,219,1,0,0,0,102,70,53,0,73,241,51,100.0,1,0.273972602739726,16.6,Current Asthma,9.5,True
19177,Bonaparte,Van Buren,IA,Iowa,40.7541168,-91.952943,2021,7243,362,223,139,0,0,0,0,94,60,44,0,88,274,0,99.17808219178083,0,0.0,21.2,COPD,7.9,True
19177,Bonaparte,Van Buren,IA,Iowa,40.7541168,-91.952943,2021,7243,362,223,139,0,0,0,0,94,60,44,0,88,274,0,99.17808219178083,0,0.0,21.2,Current Asthma,10.0,True
20091,Overland Park,Johnson,KS,Kansas,38.8839065,-94.8223295,2021,613219,364,207,153,4,0,0,0,138,65,46,0,117,247,0,99.72602739726028,4,1.098901098901099,10.0,COPD,4.2,True
20091,Overland Park,Johnson,KS,Kansas,38.8839065,-94.8223295,2021,613219,364,207,153,4,0,0,0,138,65,46,0,117,247,0,99.72602739726028,4,1.098901098901099,10.0,Current Asthma,9.6,True
20103,Leavenworth,Leavenworth,KS,Kansas,39.1895108,-95.038977,2021,82184,348,330,16,2,0,0,0,126,47,34,0,348,0,0,95.34246575342465,2,0.5747126436781609,15.7,COPD,5.5,True
20103,Leavenworth,Leavenworth,KS,Kansas,39.1895108,-95.038977,2021,82184,348,330,16,2,0,0,0,126,47,34,0,348,0,0,95.34246575342465,2,0.5747126436781609,15.7,Current Asthma,9.7,True
20133,Chanute,Neosho,KS,Kansas,37.5642832,-95.3156822,2021,15784,362,171,189,2,0,0,0,145,66,51,0,78,277,7,99.17808219178083,2,0.5524861878453038,19.2,COPD,6.9,True
20133,Chanute,Neosho,KS,Kansas,37.5642832,-95.3156822,2021,15784,362,171,189,2,0,0,0,145,66,51,0,78,277,7,99.17808219178083,2,0.5524861878453038,19.2,Current Asthma,10.4,True
20173,Wichita,Sedgwick,KS,Kansas,37.681045,-97.4610535,2021,523828,365,224,136,5,0,0,0,141,66,46,6,188,163,8,100.0,5,1.36986301369863,18.4,COPD,5.8,True
20173,Wichita,Sedgwick,KS,Kansas,37.681045,-97.4610535,2021,523828,365,224,136,5,0,0,0,141,66,46,6,188,163,8,100.0,5,1.36986301369863,18.4,Current Asthma,10.3,True
20177,Topeka,Shawnee,KS,Kansas,39.0418053,-95.755664,2021,178264,365,189,173,2,1,0,0,151,65,49,0,86,279,0,100.0,3,0.821917808219178,18.1,COPD,6.2,True
20177,Topeka,Shawnee,KS,Kansas,39.0418053,-95.755664,2021,178264,365,189,173,2,1,0,0,151,65,49,0,86,279,0,100.0,3,0.821917808219178,18.1,Current Asthma,10.9,True
20191,Wellington,Sumner,KS,Kansas,37.2366617,-97.4933519,2021,22385,365,167,194,4,0,0,0,147,68,52,0,94,266,5,100.0,4,1.095890410958904,19.7,COPD,6.5,True
20191,Wellington,Sumner,KS,Kansas,37.2366617,-97.4933519,2021,22385,365,167,194,4,0,0,0,147,68,52,0,94,266,5,100.0,4,1.095890410958904,19.7,Current Asthma,10.1,True
20209,Kansas City,Wyandotte,KS,Kansas,39.1153842,-94.7630866,2021,167046,365,154,204,7,0,0,0,145,69,53,0,78,287,0,100.0,7,1.9178082191780823,21.9,COPD,7.3,True
20209,Kansas City,Wyandotte,KS,Kansas,39.1153842,-94.7630866,2021,167046,365,154,204,7,0,0,0,145,69,53,0,78,287,0,100.0,7,1.9178082191780823,21.9,Current Asthma,10.5,True
21015,Florence,Boone,KY,Kentucky,38.9589002,-84.7363707,2021,137412,244,225,19,0,0,0,0,90,49,39,0,244,0,0,66.84931506849315,0,0.0,16.0,COPD,6.5,False
21015,Florence,Boone,KY,Kentucky,38.9589002,-84.7363707,2021,137412,244,225,19,0,0,0,0,90,49,39,0,244,0,0,66.84931506849315,0,0.0,16.0,Current Asthma,10.4,False
21019,Ashland,Boyd,KY,Kentucky,38.3600029,-82.6814057,2021,47899,360,231,128,1,0,0,0,102,61,44,8,70,282,0,98.63013698630137,1,0.2777777777777778,22.5,COPD,9.3,False
21019,Ashland,Boyd,KY,Kentucky,38.3600029,-82.6814057,2021,47899,360,231,128,1,0,0,0,102,61,44,8,70,282,0,98.63013698630137,1,0.2777777777777778,22.5,Current Asthma,11.4,False
21029,Shepherdsville,Bullitt,KY,Kentucky,37.9699453,-85.7026354,2021,82918,237,212,24,1,0,0,0,143,51,37,0,237,0,0,64.93150684931507,1,0.42194092827004215,20.0,COPD,8.1,False
21029,Shepherdsville,Bullitt,KY,Kentucky,37.9699453,-85.7026354,2021,82918,237,212,24,1,0,0,0,143,51,37,0,237,0,0,64.93150684931507,1,0.42194092827004215,20.0,Current Asthma,10.9,False
21037,Fort Thomas,Campbell,KY,Kentucky,38.9469811,-84.3795832,2021,93050,362,230,131,1,0,0,0,101,64,44,2,94,266,0,99.17808219178083,1,0.2762430939226519,16.8,COPD,7.0,False
21037,Fort Thomas,Campbell,KY,Kentucky,38.9469811,-84.3795832,2021,93050,362,230,131,1,0,0,0,101,64,44,2,94,266,0,99.17808219178083,1,0.2762430939226519,16.8,Current Asthma,10.6,False
21043,Olive Hill,Carter,KY,Kentucky,38.3140935,-83.0389885,2021,26412,279,252,27,0,0,0,0,86,50,35,0,200,77,2,76.43835616438356,0,0.0,27.0,COPD,11.7,False
21043,Olive Hill,Carter,KY,Kentucky,38.3140935,-83.0389885,2021,26412,279,252,27,0,0,0,0,86,50,35,0,200,77,2,76.43835616438356,0,0.0,27.0,Current Asthma,12.2,False
21047,Hopkinsville,Christian,KY,Kentucky,36.8920592,-87.4929864,2021,72357,365,190,175,0,0,0,0,99,67,49,0,66,299,0,100.0,0,0.0,23.4,COPD,9.6,False
21047,Hopkinsville,Christian,KY,Kentucky,36.8920592,-87.4929864,2021,72357,365,190,175,0,0,0,0,99,67,49,0,66,299,0,100.0,0,0.0,23.4,Current Asthma,11.9,False
21059,Owensboro,Daviess,KY,Kentucky,37.731671,-87.087139,2021,103063,363,200,163,0,0,0,0,99,68,48,0,88,275,0,99.45205479452055,0,0.0,21.0,COPD,8.4,False
21059,Owensboro,Daviess,KY,Kentucky,37.731671,-87.087139,2021,103063,363,200,163,0,0,0,0,99,68,48,0,88,275,0,99.45205479452055,0,0.0,21.0,Current Asthma,11.0,False
21067,Lexington-Fayette (corporate name for Lexington),Fayette,KY,Kentucky,38.0406777,-84.4582721,2021,321793,363,214,148,1,0,0,0,108,66,47,16,66,280,1,99.45205479452055,1,0.27548209366391185,15.8,COPD,6.8,False
21067,Lexington-Fayette (corporate name for Lexington),Fayette,KY,Kentucky,38.0406777,-84.4582721,2021,321793,363,214,148,1,0,0,0,108,66,47,16,66,280,1,99.45205479452055,1,0.27548209366391185,15.8,Current Asthma,10.9,False
21089,Bellefonte,Greenup,KY,Kentucky,38.5635616,-82.9338199,2021,35649,231,227,4,0,0,0,0,54,46,34,0,231,0,0,63.287671232876704,0,0.0,21.5,COPD,8.7,False
21089,Bellefonte,Greenup,KY,Kentucky,38.5635616,-82.9338199,2021,35649,231,227,4,0,0,0,0,54,46,34,0,231,0,0,63.287671232876704,0,0.0,21.5,Current Asthma,11.5,False
21091,Hawesville,Hancock,KY,Kentucky,37.8433252,-86.7927612,2021,9064,241,220,21,0,0,0,0,90,49,38,0,241,0,0,66.02739726027397,0,0.0,22.5,COPD,8.9,False
21091,Hawesville,Hancock,KY,Kentucky,37.8433252,-86.7927612,2021,9064,241,220,21,0,0,0,0,90,49,38,0,241,0,0,66.02739726027397,0,0.0,22.5,Current Asthma,11.1,False
21093,Elizabethtown,Hardin,KY,Kentucky,37.6958356,-85.9631827,2021,111607,364,238,125,1,0,0,0,101,62,43,0,117,247,0,99.72602739726028,1,0.27472527472527475,20.5,COPD,7.8,False
21093,Elizabethtown,Hardin,KY,Kentucky,37.6958356,-85.9631827,2021,111607,364,238,125,1,0,0,0,101,62,43,0,117,247,0,99.72602739726028,1,0.27472527472527475,20.5,Current Asthma,11.2,False
21111,Louisville,Jefferson,KY,Kentucky,38.1895321,-85.6576243,2021,777874,365,138,221,6,0,0,0,126,74,54,0,68,297,0,100.0,6,1.643835616438356,18.2,COPD,7.3,False
21111,Louisville,Jefferson,KY,Kentucky,38.1895321,-85.6576243,2021,777874,365,138,221,6,0,0,0,126,74,54,0,68,297,0,100.0,6,1.643835616438356,18.2,Current Asthma,10.9,False
21113,Nicholasville,Jessamine,KY,Kentucky,37.8732908,-84.5839603,2021,53626,227,211,15,1,0,0,0,101,49,38,0,227,0,0,62.19178082191781,1,0.4405286343612335,19.0,COPD,7.8,False
21113,Nicholasville,Jessamine,KY,Kentucky,37.8732908,-84.5839603,2021,53626,227,211,15,1,0,0,0,101,49,38,0,227,0,0,62.19178082191781,1,0.4405286343612335,19.0,Current Asthma,10.9,False
21139,Smithland,Livingston,KY,Kentucky,37.2095174,-88.3634261,2021,8959,243,225,18,0,0,0,0,93,48,39,0,243,0,0,66.57534246575342,0,0.0,22.7,COPD,9.3,False
21139,Smithland,Livingston,KY,Kentucky,37.2095174,-88.3634261,2021,8959,243,225,18,0,0,0,0,93,48,39,0,243,0,0,66.57534246575342,0,0.0,22.7,Current Asthma,11.4,False
21145,Paducah,McCracken,KY,Kentucky,37.0541106,-88.7124544,2021,67454,363,221,140,2,0,0,0,109,64,44,21,93,247,2,99.45205479452055,2,0.5509641873278237,21.4,COPD,8.4,False
21145,Paducah,McCracken,KY,Kentucky,37.0541106,-88.7124544,2021,67454,363,221,140,2,0,0,0,109,64,44,21,93,247,2,99.45205479452055,2,0.5509641873278237,21.4,Current Asthma,11.2,False
21185,Buckner,Oldham,KY,Kentucky,38.4001274,-85.4561499,2021,68685,244,216,27,1,0,0,0,105,54,39,0,244,0,0,66.84931506849315,1,0.4098360655737705,13.7,COPD,5.7,False
21185,Buckner,Oldham,KY,Kentucky,38.4001274,-85.4561499,2021,68685,244,216,27,1,0,0,0,105,54,39,0,244,0,0,66.84931506849315,1,0.4098360655737705,13.7,Current Asthma,9.9,False
21193,Hazard,Perry,KY,Kentucky,37.2412822,-83.2177723,2021,27929,365,247,118,0,0,0,0,93,60,44,0,71,294,0,100.0,0,0.0,26.7,COPD,11.2,False
21193,Hazard,Perry,KY,Kentucky,37.2412822,-83.2177723,2021,27929,365,247,118,0,0,0,0,93,60,44,0,71,294,0,100.0,0,0.0,26.7,Current Asthma,12.1,False
21195,Pikeville,Pike,KY,Kentucky,37.4860314,-82.410912,2021,57391,365,273,91,0,1,0,0,164,57,41,0,92,273,0,100.0,1,0.273972602739726,27.4,COPD,11.8,False
21195,Pikeville,Pike,KY,Kentucky,37.4860314,-82.410912,2021,57391,365,273,91,0,1,0,0,164,57,41,0,92,273,0,100.0,1,0.273972602739726,27.4,Current Asthma,12.3,False
21199,Somerset,Pulaski,KY,Kentucky,37.107452,-84.5769692,2021,65423,361,229,131,1,0,0,0,101,62,45,0,74,287,0,98.9041095890411,1,0.2770083102493075,24.2,COPD,10.3,False
21199,Somerset,Pulaski,KY,Kentucky,37.107452,-84.5769692,2021,65423,361,229,131,1,0,0,0,101,62,45,0,74,287,0,98.9041095890411,1,0.2770083102493075,24.2,Current Asthma,12.0,False
21213,Franklin,Simpson,KY,Kentucky,36.7409366,-86.5817934,2021,19718,243,222,21,0,0,0,0,90,50,37,0,243,0,0,66.57534246575342,0,0.0,21.0,COPD,8.3,False
21213,Franklin,Simpson,KY,Kentucky,36.7409366,-86.5817934,2021,19718,243,222,21,0,0,0,0,90,50,37,0,243,0,0,66.57534246575342,0,0.0,21.0,Current Asthma,11.3,False
21227,Bowling Green,Warren,KY,Kentucky,36.995634,-86.4235786,2021,137212,363,218,143,2,0,0,0,117,65,45,0,78,285,0,99.45205479452055,2,0.5509641873278237,20.4,COPD,8.0,False
21227,Bowling Green,Warren,KY,Kentucky,36.995634,-86.4235786,2021,137212,363,218,143,2,0,0,0,117,65,45,0,78,285,0,99.45205479452055,2,0.5509641873278237,20.4,Current Asthma,11.1,False
22005,Donaldsonville,Ascension,LA,Louisiana,30.2064437,-90.9125023,2021,128369,356,338,16,1,1,0,0,159,45,31,10,346,0,0,97.53424657534246,2,0.5617977528089888,16.7,COPD,6.2,True
22005,Donaldsonville,Ascension,LA,Louisiana,30.2064437,-90.9125023,2021,128369,356,338,16,1,1,0,0,159,45,31,10,346,0,0,97.53424657534246,2,0.5617977528089888,16.7,Current Asthma,9.6,True
22015,Shreveport,Bossier,LA,Louisiana,32.6984813,-93.6265609,2021,129144,365,172,193,0,0,0,0,88,64,51,0,61,297,7,100.0,0,0.0,19.1,COPD,7.4,True
22015,Shreveport,Bossier,LA,Louisiana,32.6984813,-93.6265609,2021,129144,365,172,193,0,0,0,0,88,64,51,0,61,297,7,100.0,0,0.0,19.1,Current Asthma,10.1,True
22017,Shreveport,Caddo,LA,Louisiana,32.5801062,-93.8849698,2021,233092,362,289,73,0,0,0,0,93,56,37,0,268,94,0,99.17808219178083,0,0.0,22.9,COPD,8.0,True
22017,Shreveport,Caddo,LA,Louisiana,32.5801062,-93.8849698,2021,233092,362,289,73,0,0,0,0,93,56,37,0,268,94,0,99.17808219178083,0,0.0,22.9,Current Asthma,10.9,True
22019,Lake Charles,Calcasieu,LA,Louisiana,30.2295588,-93.3580154,2021,205282,365,171,193,0,1,0,0,156,65,51,2,78,285,0,100.0,1,0.273972602739726,20.8,COPD,7.4,True
22019,Lake Charles,Calcasieu,LA,Louisiana,30.2295588,-93.3580154,2021,205282,365,171,193,0,1,0,0,156,65,51,2,78,285,0,100.0,1,0.273972602739726,20.8,Current Asthma,10.0,True
22033,Baton Rouge,East Baton Rouge,LA,Louisiana,30.5439297,-91.093131,2021,453301,365,217,145,2,1,0,0,159,61,47,1,85,279,0,100.0,3,0.821917808219178,18.4,COPD,6.4,True
22033,Baton Rouge,East Baton Rouge,LA,Louisiana,30.5439297,-91.093131,2021,453301,365,217,145,2,1,0,0,159,61,47,1,85,279,0,100.0,3,0.821917808219178,18.4,Current Asthma,10.2,True
22047,St. Gabriel,Iberville,LA,Louisiana,30.2706526,-91.3658718,2021,29824,365,299,63,3,0,0,0,129,58,39,0,307,58,0,100.0,3,0.821917808219178,22.6,COPD,8.2,True
22047,St. Gabriel,Iberville,LA,Louisiana,30.2706526,-91.3658718,2021,29824,365,299,63,3,0,0,0,129,58,39,0,307,58,0,100.0,3,0.821917808219178,22.6,Current Asthma,10.8,True
22051,Metairie,Jefferson,LA,Louisiana,29.5033,-90.036231,2021,433688,355,277,76,2,0,0,0,105,55,40,1,163,191,0,97.26027397260275,2,0.5633802816901409,18.7,COPD,6.6,True
22051,Metairie,Jefferson,LA,Louisiana,29.5033,-90.036231,2021,433688,355,277,76,2,0,0,0,105,55,40,1,163,191,0,97.26027397260275,2,0.5633802816901409,18.7,Current Asthma,10.0,True
22055,Lafayette,Lafayette,LA,Louisiana,30.2065065,-92.06417,2021,244205,365,243,122,0,0,0,0,87,60,42,0,145,219,1,100.0,0,0.0,18.8,COPD,6.7,True
22055,Lafayette,Lafayette,LA,Louisiana,30.2065065,-92.06417,2021,244205,365,243,122,0,0,0,0,87,60,42,0,145,219,1,100.0,0,0.0,18.8,Current Asthma,9.8,True
22057,Galliano,Lafourche,LA,Louisiana,29.4919925,-90.394849,2021,97504,347,204,143,0,0,0,0,84,60,45,0,112,235,0,95.06849315068493,0,0.0,22.7,COPD,8.1,True
22057,Galliano,Lafourche,LA,Louisiana,29.4919925,-90.394849,2021,97504,347,204,143,0,0,0,0,84,60,45,0,112,235,0,95.06849315068493,0,0.0,22.7,Current Asthma,10.4,True
22063,French Settlement,Livingston,LA,Louisiana,30.4404194,-90.7274738,2021,145830,348,186,161,1,0,0,0,133,62,48,6,83,259,0,95.34246575342465,1,0.28735632183908044,19.3,COPD,7.2,True
22063,French Settlement,Livingston,LA,Louisiana,30.4404194,-90.7274738,2021,145830,348,186,161,1,0,0,0,133,62,48,6,83,259,0,95.34246575342465,1,0.28735632183908044,19.3,Current Asthma,9.9,True
22071,New Orleans,Orleans,LA,Louisiana,30.0534195,-89.9345018,2021,376971,357,308,49,0,0,0,0,69,53,33,57,0,296,2,97.80821917808218,0,0.0,19.0,COPD,6.9,True
22071,New Orleans,Orleans,LA,Louisiana,30.0534195,-89.9345018,2021,376971,357,308,49,0,0,0,0,69,53,33,57,0,296,2,97.80821917808218,0,0.0,19.0,Current Asthma,10.7,True
22073,Monroe,Ouachita,LA,Louisiana,32.480932,-92.1515814,2021,158768,349,318,31,0,0,0,0,87,50,35,0,277,72,0,95.61643835616438,0,0.0,21.8,COPD,8.2,True
22073,Monroe,Ouachita,LA,Louisiana,32.480932,-92.1515814,2021,158768,349,318,31,0,0,0,0,87,50,35,0,277,72,0,95.61643835616438,0,0.0,21.8,Current Asthma,10.9,True
22077,New Roads,Pointe Coupee,LA,Louisiana,30.708319,-91.6046207,2021,20356,365,353,12,0,0,0,0,100,44,32,0,365,0,0,100.0,0,0.0,22.6,COPD,8.3,True
22077,New Roads,Pointe Coupee,LA,Louisiana,30.708319,-91.6046207,2021,20356,365,353,12,0,0,0,0,100,44,32,0,365,0,0,100.0,0,0.0,22.6,Current Asthma,10.8,True
22087,Chalmette,St. Bernard,LA,Louisiana,29.9181102,-89.2634941,2021,44258,359,206,153,0,0,0,0,80,61,47,0,117,242,0,98.35616438356163,0,0.0,23.2,COPD,8.4,True
22087,Chalmette,St. Bernard,LA,Louisiana,29.9181102,-89.2634941,2021,44258,359,206,153,0,0,0,0,80,61,47,0,117,242,0,98.35616438356163,0,0.0,23.2,Current Asthma,10.7,True
22093,Gramercy,St. James,LA,Louisiana,30.0247772,-90.7939562,2021,19742,330,326,4,0,0,0,0,58,41,28,0,330,0,0,90.41095890410958,0,0.0,20.5,COPD,7.3,True
22093,Gramercy,St. James,LA,Louisiana,30.0247772,-90.7939562,2021,19742,330,326,4,0,0,0,0,58,41,28,0,330,0,0,90.41095890410958,0,0.0,20.5,Current Asthma,10.6,True
22095,Laplace (La Place),St. John the Baptist,LA,Louisiana,30.1440682,-90.4909596,2021,42094,336,327,8,1,0,0,0,108,45,31,0,336,0,0,92.05479452054794,1,0.2976190476190476,20.1,COPD,7.0,True
22095,Laplace (La Place),St. John the Baptist,LA,Louisiana,30.1440682,-90.4909596,2021,42094,336,327,8,1,0,0,0,108,45,31,0,336,0,0,92.05479452054794,1,0.2976190476190476,20.1,Current Asthma,10.7,True
22099,St. Martinville,St. Martin,LA,Louisiana,30.1214329,-91.6114814,2021,51540,360,347,13,0,0,0,0,87,47,34,0,360,0,0,98.63013698630137,0,0.0,23.1,COPD,8.3,True
22099,St. Martinville,St. Martin,LA,Louisiana,30.1214329,-91.6114814,2021,51540,360,347,13,0,0,0,0,87,47,34,0,360,0,0,98.63013698630137,0,0.0,23.1,Current Asthma,10.4,True
22103,Slidell,St. Tammany,LA,Louisiana,30.4100224,-89.9519622,2021,269388,352,288,64,0,0,0,0,71,54,37,0,152,200,0,96.43835616438356,0,0.0,15.9,COPD,6.2,True
22103,Slidell,St. Tammany,LA,Louisiana,30.4100224,-89.9519622,2021,269388,352,288,64,0,0,0,0,71,54,37,0,152,200,0,96.43835616438356,0,0.0,15.9,Current Asthma,9.5,True
22121,Addis,West Baton Rouge,LA,Louisiana,30.4640516,-91.309808,2021,27792,365,220,142,3,0,0,0,150,59,46,1,92,272,0,100.0,3,0.821917808219178,20.0,COPD,6.9,True
22121,Addis,West Baton Rouge,LA,Louisiana,30.4640516,-91.309808,2021,27792,365,220,142,3,0,0,0,150,59,46,1,92,272,0,100.0,3,0.821917808219178,20.0,Current Asthma,10.3,True
23001,Lewiston,Androscoggin,ME,Maine,44.1676811,-70.2074347,2021,111034,356,303,53,0,0,0,0,95,53,36,0,113,239,4,97.53424657534246,0,0.0,18.6,COPD,7.7,True
23001,Lewiston,Androscoggin,ME,Maine,44.1676811,-70.2074347,2021,111034,356,303,53,0,0,0,0,95,53,36,0,113,239,4,97.53424657534246,0,0.0,18.6,Current Asthma,12.4,True
23003,Madawaska (census name for Madawaska Center),Aroostook,ME,Maine,46.7091929,-68.6124095,2021,66859,365,305,58,1,1,0,0,182,54,35,0,198,158,9,100.0,2,0.547945205479452,21.8,COPD,8.6,True
23003,Madawaska (census name for Madawaska Center),Aroostook,ME,Maine,46.7091929,-68.6124095,2021,66859,365,305,58,1,1,0,0,182,54,35,0,198,158,9,100.0,2,0.547945205479452,21.8,Current Asthma,12.1,True
23005,Portland,Cumberland,ME,Maine,43.8083479,-70.3303753,2021,305231,365,319,43,3,0,0,0,129,54,36,5,260,97,3,100.0,3,0.821917808219178,11.9,COPD,5.2,True
23005,Portland,Cumberland,ME,Maine,43.8083479,-70.3303753,2021,305231,365,319,43,3,0,0,0,129,54,36,5,260,97,3,100.0,3,0.821917808219178,11.9,Current Asthma,11.0,True
23009,Bucksport (census name for Bucksport Compact),Hancock,ME,Maine,44.5649063,-68.3707034,2021,56192,365,324,38,3,0,0,0,133,52,36,0,332,32,0,100.0,3,0.821917808219178,16.5,COPD,6.4,True
23009,Bucksport (census name for Bucksport Compact),Hancock,ME,Maine,44.5649063,-68.3707034,2021,56192,365,324,38,3,0,0,0,133,52,36,0,332,32,0,100.0,3,0.821917808219178,16.5,Current Asthma,11.2,True
23011,Augusta,Kennebec,ME,Maine,44.4170119,-69.7657639,2021,124486,244,226,17,1,0,0,0,125,47,33,0,205,37,2,66.84931506849315,1,0.4098360655737705,18.0,COPD,7.3,True
23011,Augusta,Kennebec,ME,Maine,44.4170119,-69.7657639,2021,124486,244,226,17,1,0,0,0,125,47,33,0,205,37,2,66.84931506849315,1,0.4098360655737705,18.0,Current Asthma,11.8,True
23013,Rockland,Knox,ME,Maine,44.0420446,-69.0385145,2021,41084,211,192,17,2,0,0,0,119,50,35,0,211,0,0,57.80821917808219,2,0.9478672985781991,15.7,COPD,6.5,False
23013,Rockland,Knox,ME,Maine,44.0420446,-69.0385145,2021,41084,211,192,17,2,0,0,0,119,50,35,0,211,0,0,57.80821917808219,2,0.9478672985781991,15.7,Current Asthma,11.1,False
23017,Mexico (census name for Mexico Center),Oxford,ME,Maine,44.4944998,-70.7344211,2021,58629,360,308,51,1,0,0,0,113,52,35,0,170,190,0,98.63013698630137,1,0.2777777777777778,20.3,COPD,8.3,True
23017,Mexico (census name for Mexico Center),Oxford,ME,Maine,44.4944998,-70.7344211,2021,58629,360,308,51,1,0,0,0,113,52,35,0,170,190,0,98.63013698630137,1,0.2777777777777778,20.3,Current Asthma,12.0,True
23019,Lincoln (census name for Lincoln Compact),Penobscot,ME,Maine,45.4092843,-68.666616,2021,152765,362,326,36,0,0,0,0,100,50,33,0,194,166,2,99.17808219178083,0,0.0,18.8,COPD,7.5,True
23019,Lincoln (census name for Lincoln Compact),Penobscot,ME,Maine,45.4092843,-68.666616,2021,152765,362,326,36,0,0,0,0,100,50,33,0,194,166,2,99.17808219178083,0,0.0,18.8,Current Asthma,12.6,True
23029,Calais,Washington,ME,Maine,44.9670088,-67.6093542,2021,31121,360,348,12,0,0,0,0,90,44,33,0,344,16,0,98.63013698630137,0,0.0,21.6,COPD,9.0,True
23029,Calais,Washington,ME,Maine,44.9670088,-67.6093542,2021,31121,360,348,12,0,0,0,0,90,44,33,0,344,16,0,98.63013698630137,0,0.0,21.6,Current Asthma,12.1,True
23031,Biddeford (RR name Biddeford-Saco),York,ME,Maine,43.4260188,-70.6684248,2021,214591,240,217,20,3,0,0,0,129,50,37,0,240,0,0,65.75342465753424,3,1.25,14.9,COPD,6.3,True
23031,Biddeford (RR name Biddeford-Saco),York,ME,Maine,43.4260188,-70.6684248,2021,214591,240,217,20,3,0,0,0,129,50,37,0,240,0,0,65.75342465753424,3,1.25,14.9,Current Asthma,11.4,True
24003,Riviera Beach,Anne Arundel,MD,Maryland,38.9916174,-76.5608941,2021,590336,262,222,39,1,0,0,0,101,64,38,0,240,0,22,71.78082191780823,1,0.38167938931297707,11.4,COPD,4.7,True
24003,Riviera Beach,Anne Arundel,MD,Maryland,38.9916174,-76.5608941,2021,590336,262,222,39,1,0,0,0,101,64,38,0,240,0,22,71.78082191780823,1,0.38167938931297707,11.4,Current Asthma,9.1,True
24005,Cockeysville,Baltimore,MD,Maryland,39.4431666,-76.6165693,2021,849316,365,207,148,10,0,0,0,140,71,47,10,178,177,0,100.0,10,2.73972602739726,12.8,COPD,5.0,False
24005,Cockeysville,Baltimore,MD,Maryland,39.4431666,-76.6165693,2021,849316,365,207,148,10,0,0,0,140,71,47,10,178,177,0,100.0,10,2.73972602739726,12.8,Current Asthma,9.9,False
24510,Baltimore,Baltimore City,MD,Maryland,39.3000324,-76.6104761,2021,576498,364,243,121,0,0,0,0,93,61,43,35,99,230,0,99.72602739726028,0,0.0,18.3,COPD,6.3,False
24510,Baltimore,Baltimore City,MD,Maryland,39.3000324,-76.6104761,2021,576498,364,243,121,0,0,0,0,93,61,43,35,99,230,0,99.72602739726028,0,0.0,18.3,Current Asthma,12.2,False
24009,Prince Frederick,Calvert,MD,Maryland,38.5227191,-76.5297621,2021,93928,223,205,17,1,0,0,0,105,49,39,0,223,0,0,61.09589041095891,1,0.4484304932735426,13.0,COPD,5.0,True
24009,Prince Frederick,Calvert,MD,Maryland,38.5227191,-76.5297621,2021,93928,223,205,17,1,0,0,0,105,49,39,0,223,0,0,61.09589041095891,1,0.4484304932735426,13.0,Current Asthma,9.8,True
24013,Westminster,Carroll,MD,Maryland,39.563328,-77.0153297,2021,173873,243,208,34,1,0,0,0,112,54,41,0,243,0,0,66.57534246575342,1,0.411522633744856,12.6,COPD,5.0,True
24013,Westminster,Carroll,MD,Maryland,39.563328,-77.0153297,2021,173873,243,208,34,1,0,0,0,112,54,41,0,243,0,0,66.57534246575342,1,0.411522633744856,12.6,Current Asthma,9.6,True
24015,Elkton,Cecil,MD,Maryland,39.5623537,-75.9415852,2021,103905,358,235,119,4,0,0,0,118,65,44,0,158,200,0,98.08219178082192,4,1.1173184357541899,18.1,COPD,6.3,True
24015,Elkton,Cecil,MD,Maryland,39.5623537,-75.9415852,2021,103905,358,235,119,4,0,0,0,118,65,44,0,158,200,0,98.08219178082192,4,1.1173184357541899,18.1,Current Asthma,10.4,True
24017,Hughesville,Charles,MD,Maryland,38.4728532,-77.0154272,2021,168698,242,215,26,1,0,0,0,105,51,38,0,242,0,0,66.3013698630137,1,0.4132231404958678,12.7,COPD,5.0,True
24017,Hughesville,Charles,MD,Maryland,38.4728532,-77.0154272,2021,168698,242,215,26,1,0,0,0,105,51,38,0,242,0,0,66.3013698630137,1,0.4132231404958678,12.7,Current Asthma,10.0,True
24019,Cambridge,Dorchester,MD,Maryland,38.4291957,-76.0474333,2021,32489,365,287,77,1,0,0,0,105,58,41,0,254,111,0,100.0,1,0.273972602739726,18.8,COPD,6.8,True
24019,Cambridge,Dorchester,MD,Maryland,38.4291957,-76.0474333,2021,32489,365,287,77,1,0,0,0,105,58,41,0,254,111,0,100.0,1,0.273972602739726,18.8,Current Asthma,11.0,True
24021,Frederick,Frederick,MD,Maryland,39.4701773,-77.3976358,2021,279835,244,207,36,1,0,0,0,126,58,41,0,244,0,0,66.84931506849315,1,0.4098360655737705,12.2,COPD,4.6,True
24021,Frederick,Frederick,MD,Maryland,39.4701773,-77.3976358,2021,279835,244,207,36,1,0,0,0,126,58,41,0,244,0,0,66.84931506849315,1,0.4098360655737705,12.2,Current Asthma,9.4,True
24023,Grantsville,Garrett,MD,Maryland,39.5472985,-79.2746192,2021,28702,365,312,53,0,0,0,0,92,54,39,0,266,99,0,100.0,0,0.0,16.8,COPD,6.9,True
24023,Grantsville,Garrett,MD,Maryland,39.5472985,-79.2746192,2021,28702,365,312,53,0,0,0,0,92,54,39,0,266,99,0,100.0,0,0.0,16.8,Current Asthma,10.3,True
24025,Bel Air,Harford,MD,Maryland,39.5374292,-76.2997894,2021,262977,357,219,129,9,0,0,0,122,71,46,0,174,183,0,97.80821917808218,9,2.5210084033613445,13.5,COPD,5.1,True
24025,Bel Air,Harford,MD,Maryland,39.5374292,-76.2997894,2021,262977,357,219,129,9,0,0,0,122,71,46,0,174,183,0,97.80821917808218,9,2.5210084033613445,13.5,Current Asthma,10.0,True
24027,Columbia,Howard,MD,Maryland,39.2522639,-76.9244057,2021,334529,365,284,81,0,0,0,0,83,55,36,109,0,256,0,100.0,0,0.0,8.1,COPD,3.5,True
24027,Columbia,Howard,MD,Maryland,39.2522639,-76.9244057,2021,334529,365,284,81,0,0,0,0,83,55,36,109,0,256,0,100.0,0,0.0,8.1,Current Asthma,8.7,True
24031,Silver Spring,Montgomery,MD,Maryland,39.1373815,-77.2030633,2021,1054827,361,251,107,3,0,0,0,119,61,42,0,193,168,0,98.9041095890411,3,0.8310249307479225,8.5,COPD,3.5,True
24031,Silver Spring,Montgomery,MD,Maryland,39.1373815,-77.2030633,2021,1054827,361,251,107,3,0,0,0,119,61,42,0,193,168,0,98.9041095890411,3,0.8310249307479225,8.5,Current Asthma,8.6,True
24033,Beltsville,Prince George's,MD,Maryland,38.8292778,-76.848188,2021,955306,365,287,73,5,0,0,0,129,64,41,6,290,69,0,100.0,5,1.36986301369863,11.0,COPD,4.5,True
24033,Beltsville,Prince George's,MD,Maryland,38.8292778,-76.848188,2021,955306,365,287,73,5,0,0,0,129,64,41,6,290,69,0,100.0,5,1.36986301369863,11.0,Current Asthma,10.6,True
24043,Hagerstown,Washington,MD,Maryland,39.6036207,-77.8146709,2021,154937,360,244,115,1,0,0,0,115,65,44,0,155,205,0,98.63013698630137,1,0.2777777777777778,17.4,COPD,7.1,True
24043,Hagerstown,Washington,MD,Maryland,39.6036207,-77.8146709,2021,154937,360,244,115,1,0,0,0,115,65,44,0,155,205,0,98.63013698630137,1,0.2777777777777778,17.4,Current Asthma,10.9,True
25001,Falmouth (census name for Falmouth Center),Barnstable,MA,Massachusetts,41.7061233,-70.1648227,2021,232411,359,331,25,3,0,0,0,126,49,36,0,346,13,0,98.35616438356163,3,0.8356545961002786,13.1,COPD,5.1,True
25001,Falmouth (census name for Falmouth Center),Barnstable,MA,Massachusetts,41.7061233,-70.1648227,2021,232411,359,331,25,3,0,0,0,126,49,36,0,346,13,0,98.35616438356163,3,0.8356545961002786,13.1,Current Asthma,10.8,True
25003,Pittsfield,Berkshire,MA,Massachusetts,42.371493,-73.2179276,2021,128657,365,230,134,1,0,0,0,103,60,44,0,72,293,0,100.0,1,0.273972602739726,15.1,COPD,6.1,True
25003,Pittsfield,Berkshire,MA,Massachusetts,42.371493,-73.2179276,2021,128657,365,230,134,1,0,0,0,103,60,44,0,72,293,0,100.0,1,0.273972602739726,15.1,Current Asthma,11.2,True
25005,Fall River,Bristol,MA,Massachusetts,41.7485884,-71.088894,2021,580164,365,279,84,2,0,0,0,147,56,39,0,230,135,0,100.0,2,0.547945205479452,16.9,COPD,6.9,True
25005,Fall River,Bristol,MA,Massachusetts,41.7485884,-71.088894,2021,580164,365,279,84,2,0,0,0,147,56,39,0,230,135,0,100.0,2,0.547945205479452,16.9,Current Asthma,12.0,True
25007,Aquinnah,Dukes,MA,Massachusetts,41.3809696,-70.7014995,2021,21097,356,329,27,0,0,0,0,100,49,36,0,337,19,0,97.53424657534246,0,0.0,12.8,COPD,5.3,True
25007,Aquinnah,Dukes,MA,Massachusetts,41.3809696,-70.7014995,2021,21097,356,329,27,0,0,0,0,100,49,36,0,337,19,0,97.53424657534246,0,0.0,12.8,Current Asthma,10.9,True
25009,Salem,Essex,MA,Massachusetts,42.6427082,-70.8649085,2021,807074,365,285,79,1,0,0,0,129,56,38,0,184,181,0,100.0,1,0.273972602739726,12.4,COPD,5.4,True
25009,Salem,Essex,MA,Massachusetts,42.6427082,-70.8649085,2021,807074,365,285,79,1,0,0,0,129,56,38,0,184,181,0,100.0,1,0.273972602739726,12.4,Current Asthma,11.0,True
25011,Colrain,Franklin,MA,Massachusetts,42.5845038,-72.5917921,2021,71015,365,228,137,0,0,0,0,99,60,44,0,101,264,0,100.0,0,0.0,14.4,COPD,6.0,True
25011,Colrain,Franklin,MA,Massachusetts,42.5845038,-72.5917921,2021,71015,365,228,137,0,0,0,0,99,60,44,0,101,264,0,100.0,0,0.0,14.4,Current Asthma,11.4,True
25013,Springfield,Hampden,MA,Massachusetts,42.1361975,-72.6356476,2021,462718,365,215,148,2,0,0,0,116,63,46,4,83,278,0,100.0,2,0.547945205479452,15.9,COPD,6.7,True
25013,Springfield,Hampden,MA,Massachusetts,42.1361975,-72.6356476,2021,462718,365,215,148,2,0,0,0,116,63,46,4,83,278,0,100.0,2,0.547945205479452,15.9,Current Asthma,12.1,True
25015,South Hadley,Hampshire,MA,Massachusetts,42.3394593,-72.6636936,2021,161572,352,307,45,0,0,0,0,96,52,35,0,204,147,1,96.43835616438356,0,0.0,12.8,COPD,5.5,True
25015,South Hadley,Hampshire,MA,Massachusetts,42.3394593,-72.6636936,2021,161572,352,307,45,0,0,0,0,96,52,35,0,204,147,1,96.43835616438356,0,0.0,12.8,Current Asthma,11.1,True
25017,Lowell,Middlesex,MA,Massachusetts,42.4817182,-71.3949161,2021,1614742,365,299,64,1,1,0,0,153,55,37,10,157,198,0,100.0,2,0.547945205479452,9.4,COPD,4.3,True
25017,Lowell,Middlesex,MA,Massachusetts,42.4817182,-71.3949161,2021,1614742,365,299,64,1,1,0,0,153,55,37,10,157,198,0,100.0,2,0.547945205479452,9.4,Current Asthma,9.9,True
25021,Quincy,Norfolk,MA,Massachusetts,42.1717377,-71.1811102,2021,724505,365,280,82,3,0,0,0,133,57,37,0,185,180,0,100.0,3,0.821917808219178,10.9,COPD,4.5,True
25021,Quincy,Norfolk,MA,Massachusetts,42.1717377,-71.1811102,2021,724505,365,280,82,3,0,0,0,133,57,37,0,185,180,0,100.0,3,0.821917808219178,10.9,Current Asthma,10.1,True
25023,Brockton,Plymouth,MA,Massachusetts,41.9871959,-70.7419417,2021,533003,365,257,106,2,0,0,0,112,58,39,0,147,218,0,100.0,2,0.547945205479452,13.8,COPD,5.4,True
25023,Brockton,Plymouth,MA,Massachusetts,41.9871959,-70.7419417,2021,533003,365,257,106,2,0,0,0,112,58,39,0,147,218,0,100.0,2,0.547945205479452,13.8,Current Asthma,11.3,True
25025,Boston,Suffolk,MA,Massachusetts,42.3385513,-71.018253,2021,771245,365,237,125,3,0,0,0,145,61,44,11,65,289,0,100.0,3,0.821917808219178,12.7,COPD,5.5,True
25025,Boston,Suffolk,MA,Massachusetts,42.3385513,-71.018253,2021,771245,365,237,125,3,0,0,0,145,61,44,11,65,289,0,100.0,3,0.821917808219178,12.7,Current Asthma,11.0,True
25027,Worcester,Worcester,MA,Massachusetts,42.3116934,-71.940282,2021,862029,365,218,144,3,0,0,0,125,59,45,3,97,265,0,100.0,3,0.821917808219178,13.4,COPD,5.7,True
25027,Worcester,Worcester,MA,Massachusetts,42.3116934,-71.940282,2021,862029,365,218,144,3,0,0,0,125,59,45,3,97,265,0,100.0,3,0.821917808219178,13.4,Current Asthma,11.7,True
26005,Holland,Allegan,MI,Michigan,42.4212512,-86.2614034,2021,120950,361,245,107,9,0,0,0,136,64,42,0,176,185,0,98.9041095890411,9,2.4930747922437675,17.6,COPD,6.7,True
26005,Holland,Allegan,MI,Michigan,42.4212512,-86.2614034,2021,120950,361,245,107,9,0,0,0,136,64,42,0,176,185,0,98.9041095890411,9,2.4930747922437675,17.6,Current Asthma,11.0,True
26017,Bay City,Bay,MI,Michigan,43.6997112,-83.9787007,2021,102985,363,290,73,0,0,0,0,86,56,28,0,0,363,0,99.45205479452055,0,0.0,18.9,COPD,7.3,True
26017,Bay City,Bay,MI,Michigan,43.6997112,-83.9787007,2021,102985,363,290,73,0,0,0,0,86,56,28,0,0,363,0,99.45205479452055,0,0.0,18.9,Current Asthma,11.4,True
26019,Benzonia,Benzie,MI,Michigan,44.6368444,-86.2319991,2021,18223,251,222,29,0,0,0,0,100,51,36,0,251,0,0,68.76712328767123,0,0.0,16.9,COPD,6.3,True
26019,Benzonia,Benzie,MI,Michigan,44.6368444,-86.2319991,2021,18223,251,222,29,0,0,0,0,100,51,36,0,251,0,0,68.76712328767123,0,0.0,16.9,Current Asthma,10.7,True
26021,Benton Harbor,Berrien,MI,Michigan,41.7913818,-86.7425435,2021,153101,250,209,38,3,0,0,0,129,67,40,0,250,0,0,68.4931506849315,3,1.2,17.9,COPD,7.0,True
26021,Benton Harbor,Berrien,MI,Michigan,41.7913818,-86.7425435,2021,153101,250,209,38,3,0,0,0,129,67,40,0,250,0,0,68.4931506849315,3,1.2,17.9,Current Asthma,11.2,True
26027,Cassopolis,Cass,MI,Michigan,41.9172431,-86.000142,2021,51483,265,235,29,1,0,0,0,112,54,40,0,265,0,0,72.6027397260274,1,0.37735849056603776,19.4,COPD,7.2,True
26027,Cassopolis,Cass,MI,Michigan,41.9172431,-86.000142,2021,51483,265,235,29,1,0,0,0,112,54,40,0,265,0,0,72.6027397260274,1,0.37735849056603776,19.4,Current Asthma,11.1,True
26037,Lansing,Clinton,MI,Michigan,42.950455,-84.5916949,2021,79426,239,217,22,0,0,0,0,100,50,37,0,239,0,0,65.47945205479452,0,0.0,15.6,COPD,5.8,True
26037,Lansing,Clinton,MI,Michigan,42.950455,-84.5916949,2021,79426,239,217,22,0,0,0,0,100,50,37,0,239,0,0,65.47945205479452,0,0.0,15.6,Current Asthma,10.6,True
26049,Flint,Genesee,MI,Michigan,43.0210768,-83.7063718,2021,404208,365,247,115,3,0,0,0,119,61,41,0,165,200,0,100.0,3,0.821917808219178,20.8,COPD,7.7,True
26049,Flint,Genesee,MI,Michigan,43.0210768,-83.7063718,2021,404208,365,247,115,3,0,0,0,119,61,41,0,165,200,0,100.0,3,0.821917808219178,20.8,Current Asthma,11.8,True
26063,Harbor Beach,Huron,MI,Michigan,43.907616,-82.8570449,2021,31252,246,221,23,2,0,0,0,101,51,37,0,246,0,0,67.3972602739726,2,0.8130081300813009,20.2,COPD,7.5,True
26063,Harbor Beach,Huron,MI,Michigan,43.907616,-82.8570449,2021,31252,246,221,23,2,0,0,0,101,51,37,0,246,0,0,67.3972602739726,2,0.8130081300813009,20.2,Current Asthma,11.1,True
26065,Lansing,Ingham,MI,Michigan,42.6035338,-84.3738107,2021,284034,363,204,159,0,0,0,0,97,68,46,1,105,257,0,99.45205479452055,0,0.0,15.7,COPD,6.4,True
26065,Lansing,Ingham,MI,Michigan,42.6035338,-84.3738107,2021,284034,363,204,159,0,0,0,0,97,68,46,1,105,257,0,99.45205479452055,0,0.0,15.7,Current Asthma,11.5,True
26077,Kalamazoo,Kalamazoo,MI,Michigan,42.2462657,-85.5328544,2021,261108,349,177,172,0,0,0,0,100,70,50,0,72,277,0,95.61643835616438,0,0.0,16.4,COPD,6.3,True
26077,Kalamazoo,Kalamazoo,MI,Michigan,42.2462657,-85.5328544,2021,261108,349,177,172,0,0,0,0,100,70,50,0,72,277,0,95.61643835616438,0,0.0,16.4,Current Asthma,11.1,True
26081,Grand Rapids,Kent,MI,Michigan,43.0324971,-85.547446,2021,658046,365,189,173,3,0,0,0,143,71,49,5,123,237,0,100.0,3,0.821917808219178,14.7,COPD,5.9,True
26081,Grand Rapids,Kent,MI,Michigan,43.0324971,-85.547446,2021,658046,365,189,173,3,0,0,0,143,71,49,5,123,237,0,100.0,3,0.821917808219178,14.7,Current Asthma,10.4,True
26091,Adrian,Lenawee,MI,Michigan,41.8960225,-84.0743563,2021,98956,322,188,134,0,0,0,0,93,64,46,0,112,210,0,88.21917808219179,0,0.0,18.2,COPD,7.0,True
26091,Adrian,Lenawee,MI,Michigan,41.8960225,-84.0743563,2021,98956,322,188,134,0,0,0,0,93,64,46,0,112,210,0,88.21917808219179,0,0.0,18.2,Current Asthma,11.0,True
26099,Sterling Heights,Macomb,MI,Michigan,42.6715526,-82.9114562,2021,876792,365,180,182,3,0,0,0,115,71,51,0,114,251,0,100.0,3,0.821917808219178,19.0,COPD,6.7,True
26099,Sterling Heights,Macomb,MI,Michigan,42.6715526,-82.9114562,2021,876792,365,180,182,3,0,0,0,115,71,51,0,114,251,0,100.0,3,0.821917808219178,19.0,Current Asthma,11.2,True
26101,Manistee,Manistee,MI,Michigan,44.2452677,-86.3275365,2021,25350,269,218,48,3,0,0,0,115,58,38,0,241,28,0,73.6986301369863,3,1.1152416356877324,19.3,COPD,7.1,False
26101,Manistee,Manistee,MI,Michigan,44.2452677,-86.3275365,2021,25350,269,218,48,3,0,0,0,115,58,38,0,241,28,0,73.6986301369863,3,1.1152416356877324,19.3,Current Asthma,10.8,False
26105,Ludington,Mason,MI,Michigan,43.9571957,-86.4429369,2021,29383,243,206,34,3,0,0,0,115,54,38,0,243,0,0,66.57534246575342,3,1.2345679012345678,19.3,COPD,7.2,True
26105,Ludington,Mason,MI,Michigan,43.9571957,-86.4429369,2021,29383,243,206,34,3,0,0,0,115,54,38,0,243,0,0,66.57534246575342,3,1.2345679012345678,19.3,Current Asthma,11.1,True
26121,Muskegon,Muskegon,MI,Michigan,43.4287388,-86.4209083,2021,176511,265,209,48,8,0,0,0,129,71,40,0,265,0,0,72.6027397260274,8,3.018867924528302,19.1,COPD,7.3,True
26121,Muskegon,Muskegon,MI,Michigan,43.4287388,-86.4209083,2021,176511,265,209,48,8,0,0,0,129,71,40,0,265,0,0,72.6027397260274,8,3.018867924528302,19.1,Current Asthma,11.3,True
26125,Pontiac,Oakland,MI,Michigan,42.6604518,-83.3842103,2021,1270017,296,227,68,1,0,0,0,101,64,39,0,233,63,0,81.0958904109589,1,0.33783783783783783,12.3,COPD,4.7,True
26125,Pontiac,Oakland,MI,Michigan,42.6604518,-83.3842103,2021,1270017,296,227,68,1,0,0,0,101,64,39,0,233,63,0,81.0958904109589,1,0.33783783783783783,12.3,Current Asthma,10.2,True
26139,Holland,Ottawa,MI,Michigan,43.054969,-86.2193493,2021,299157,365,186,175,4,0,0,0,108,71,49,0,101,264,0,100.0,4,1.095890410958904,14.2,COPD,5.6,True
26139,Holland,Ottawa,MI,Michigan,43.054969,-86.2193493,2021,299157,365,186,175,4,0,0,0,108,71,49,0,101,264,0,100.0,4,1.095890410958904,14.2,Current Asthma,10.2,True
26153,Manistique,Schoolcraft,MI,Michigan,46.0211217,-86.197029,2021,8030,360,269,88,3,0,0,0,112,58,37,0,175,185,0,98.63013698630137,3,0.8333333333333334,22.1,COPD,8.1,True
26153,Manistique,Schoolcraft,MI,Michigan,46.0211217,-86.197029,2021,8030,360,269,88,3,0,0,0,112,58,37,0,175,185,0,98.63013698630137,3,0.8333333333333334,22.1,Current Asthma,11.6,True
26147,Port Huron,St. Clair,MI,Michigan,42.9288035,-82.6689135,2021,160053,365,198,160,7,0,0,0,140,71,48,0,118,247,0,100.0,7,1.9178082191780823,19.6,COPD,7.1,True
26147,Port Huron,St. Clair,MI,Michigan,42.9288035,-82.6689135,2021,160053,365,198,160,7,0,0,0,140,71,48,0,118,247,0,100.0,7,1.9178082191780823,19.6,Current Asthma,11.2,True
26157,Vassar,Tuscola,MI,Michigan,43.4879024,-83.436618,2021,52917,353,327,25,1,0,0,0,101,48,34,0,353,0,0,96.7123287671233,1,0.28328611898017,21.1,COPD,7.9,True
26157,Vassar,Tuscola,MI,Michigan,43.4879024,-83.436618,2021,52917,353,327,25,1,0,0,0,101,48,34,0,353,0,0,96.7123287671233,1,0.28328611898017,21.1,Current Asthma,11.1,True
26161,Ann Arbor,Washtenaw,MI,Michigan,42.2522168,-83.8434233,2021,369390,365,212,153,0,0,0,0,100,65,46,0,150,215,0,100.0,0,0.0,11.6,COPD,5.0,True
26161,Ann Arbor,Washtenaw,MI,Michigan,42.2522168,-83.8434233,2021,369390,365,212,153,0,0,0,0,100,65,46,0,150,215,0,100.0,0,0.0,11.6,Current Asthma,10.3,True
26163,Detroit,Wayne,MI,Michigan,42.2846636,-83.2619533,2021,1774816,365,86,275,4,0,0,0,118,84,58,5,33,319,8,100.0,4,1.095890410958904,22.1,COPD,7.9,True
26163,Detroit,Wayne,MI,Michigan,42.2846636,-83.2619533,2021,1774816,365,86,275,4,0,0,0,118,84,58,5,33,319,8,100.0,4,1.095890410958904,22.1,Current Asthma,12.2,True
26165,Cadillac,Wexford,MI,Michigan,44.3313751,-85.5700462,2021,33901,360,334,25,1,0,0,0,105,47,34,0,360,0,0,98.63013698630137,1,0.2777777777777778,20.2,COPD,7.6,True
26165,Cadillac,Wexford,MI,Michigan,44.3313751,-85.5700462,2021,33901,360,334,25,1,0,0,0,105,47,34,0,360,0,0,98.63013698630137,1,0.2777777777777778,20.2,Current Asthma,11.1,True
27003,Anoka,Anoka,MN,Minnesota,45.2741098,-93.2427232,2021,367018,365,258,100,5,2,0,0,162,68,41,6,217,141,1,100.0,7,1.9178082191780823,16.3,COPD,4.7,True
27003,Anoka,Anoka,MN,Minnesota,45.2741098,-93.2427232,2021,367018,365,258,100,5,2,0,0,162,68,41,6,217,141,1,100.0,7,1.9178082191780823,16.3,Current Asthma,9.5,True
27005,Detroit Lakes,Becker,MN,Minnesota,46.9376289,-95.7417568,2021,35219,357,147,199,6,4,1,0,208,72,52,0,28,329,0,97.80821917808218,11,3.081232492997199,18.4,COPD,5.6,True
27005,Detroit Lakes,Becker,MN,Minnesota,46.9376289,-95.7417568,2021,35219,357,147,199,6,4,1,0,208,72,52,0,28,329,0,97.80821917808218,11,3.081232492997199,18.4,Current Asthma,9.9,True
27007,Bemidji,Beltrami,MN,Minnesota,47.8795077,-95.00505,2021,46380,341,281,51,5,2,2,0,283,61,29,0,0,341,0,93.42465753424658,9,2.6392961876832843,20.5,COPD,6.1,True
27007,Bemidji,Beltrami,MN,Minnesota,47.8795077,-95.00505,2021,46380,341,281,51,5,2,2,0,283,61,29,0,0,341,0,93.42465753424658,9,2.6392961876832843,20.5,Current Asthma,10.6,True
27017,Cloquet,Carlton,MN,Minnesota,46.6038184,-92.6710435,2021,36409,365,318,43,4,0,0,0,143,54,31,0,191,174,0,100.0,4,1.095890410958904,19.6,COPD,5.5,True
27017,Cloquet,Carlton,MN,Minnesota,46.6038184,-92.6710435,2021,36409,365,318,43,4,0,0,0,143,54,31,0,191,174,0,100.0,4,1.095890410958904,19.6,Current Asthma,9.8,True
27021,Cass Lake,Cass,MN,Minnesota,46.9517447,-94.3337048,2021,30639,352,103,237,7,4,1,0,275,69,54,0,0,352,0,96.43835616438356,12,3.4090909090909087,19.5,COPD,5.9,False
27021,Cass Lake,Cass,MN,Minnesota,46.9517447,-94.3337048,2021,30639,352,103,237,7,4,1,0,275,69,54,0,0,352,0,96.43835616438356,12,3.4090909090909087,19.5,Current Asthma,10.0,False
27035,Brainerd,Crow Wing,MN,Minnesota,46.4916528,-94.0707182,2021,67270,357,289,63,2,2,1,0,246,61,36,0,179,178,0,97.80821917808218,5,1.400560224089636,17.5,COPD,5.4,True
27035,Brainerd,Crow Wing,MN,Minnesota,46.4916528,-94.0707182,2021,67270,357,289,63,2,2,1,0,246,61,36,0,179,178,0,97.80821917808218,5,1.400560224089636,17.5,Current Asthma,9.8,True
27037,Rosemount,Dakota,MN,Minnesota,44.670893,-93.0624813,2021,442038,365,252,110,1,2,0,0,157,63,39,16,0,349,0,100.0,3,0.821917808219178,13.0,COPD,4.0,True
27037,Rosemount,Dakota,MN,Minnesota,44.670893,-93.0624813,2021,442038,365,252,110,1,2,0,0,157,63,39,16,0,349,0,100.0,3,0.821917808219178,13.0,Current Asthma,9.1,True
27049,Red Wing,Goodhue,MN,Minnesota,44.4061779,-92.7160003,2021,47968,212,189,23,0,0,0,0,90,58,39,0,212,0,0,58.082191780821915,0,0.0,16.6,COPD,5.1,True
27049,Red Wing,Goodhue,MN,Minnesota,44.4061779,-92.7160003,2021,47968,212,189,23,0,0,0,0,90,58,39,0,212,0,0,58.082191780821915,0,0.0,16.6,Current Asthma,9.6,True
27053,Minneapolis,Hennepin,MN,Minnesota,45.0061209,-93.4752279,2021,1267416,365,213,149,0,3,0,0,157,66,45,18,92,219,36,100.0,3,0.821917808219178,12.2,COPD,3.9,True
27053,Minneapolis,Hennepin,MN,Minnesota,45.0061209,-93.4752279,2021,1267416,365,213,149,0,3,0,0,157,66,45,18,92,219,36,100.0,3,0.821917808219178,12.2,Current Asthma,9.3,True
27075,Silver Bay,Lake,MN,Minnesota,47.5171114,-91.4117038,2021,10986,362,315,43,3,1,0,0,160,54,31,0,183,179,0,99.17808219178083,4,1.1049723756906076,17.1,COPD,5.1,True
27075,Silver Bay,Lake,MN,Minnesota,47.5171114,-91.4117038,2021,10986,362,315,43,3,1,0,0,160,54,31,0,183,179,0,99.17808219178083,4,1.1049723756906076,17.1,Current Asthma,9.4,True
27083,Marshall,Lyon,MN,Minnesota,44.4091953,-95.8472678,2021,25231,359,263,91,3,2,0,0,187,64,39,0,159,200,0,98.35616438356163,5,1.392757660167131,17.6,COPD,5.4,True
27083,Marshall,Lyon,MN,Minnesota,44.4091953,-95.8472678,2021,25231,359,263,91,3,2,0,0,187,64,39,0,159,200,0,98.35616438356163,5,1.392757660167131,17.6,Current Asthma,9.5,True
27095,Onamia,Mille Lacs,MN,Minnesota,45.9290434,-93.6329964,2021,26867,245,232,13,0,0,0,0,71,47,36,0,245,0,0,67.12328767123287,0,0.0,20.8,COPD,6.1,False
27095,Onamia,Mille Lacs,MN,Minnesota,45.9290434,-93.6329964,2021,26867,245,232,13,0,0,0,0,71,47,36,0,245,0,0,67.12328767123287,0,0.0,20.8,Current Asthma,10.1,False
27109,Rochester,Olmsted,MN,Minnesota,43.9994993,-92.4100977,2021,163436,361,275,84,2,0,0,0,125,61,39,0,201,160,0,98.9041095890411,2,0.554016620498615,13.6,COPD,4.2,True
27109,Rochester,Olmsted,MN,Minnesota,43.9994993,-92.4100977,2021,163436,361,275,84,2,0,0,0,125,61,39,0,201,160,0,98.9041095890411,2,0.554016620498615,13.6,Current Asthma,9.3,True
27123,St. Paul,Ramsey,MN,Minnesota,45.0152037,-93.0999648,2021,543257,365,252,110,3,0,0,0,148,65,39,0,0,344,21,100.0,3,0.821917808219178,14.6,COPD,4.5,True
27123,St. Paul,Ramsey,MN,Minnesota,45.0152037,-93.0999648,2021,543257,365,252,110,3,0,0,0,148,65,39,0,0,344,21,100.0,3,0.821917808219178,14.6,Current Asthma,9.4,True
27139,Shakopee,Scott,MN,Minnesota,44.651805,-93.5337311,2021,153268,351,263,88,0,0,0,0,98,61,39,0,209,142,0,96.16438356164385,0,0.0,12.4,COPD,3.9,True
27139,Shakopee,Scott,MN,Minnesota,44.651805,-93.5337311,2021,153268,351,263,88,0,0,0,0,98,61,39,0,209,142,0,96.16438356164385,0,0.0,12.4,Current Asthma,9.1,True
27145,St. Cloud,Stearns,MN,Minnesota,45.5552345,-94.6104822,2021,158947,362,261,95,3,2,1,0,252,68,40,0,132,230,0,99.17808219178083,6,1.6574585635359116,17.0,COPD,5.4,True
27145,St. Cloud,Stearns,MN,Minnesota,45.5552345,-94.6104822,2021,158947,362,261,95,3,2,1,0,252,68,40,0,132,230,0,99.17808219178083,6,1.6574585635359116,17.0,Current Asthma,9.5,True
27163,St. Paul Park,Washington,MN,Minnesota,45.037929,-92.890117,2021,272256,227,205,21,1,0,0,0,119,49,35,0,227,0,0,62.19178082191781,1,0.4405286343612335,12.5,COPD,3.8,True
27163,St. Paul Park,Washington,MN,Minnesota,45.037929,-92.890117,2021,272256,227,205,21,1,0,0,0,119,49,35,0,227,0,0,62.19178082191781,1,0.4405286343612335,12.5,Current Asthma,8.7,True
27171,Monticello,Wright,MN,Minnesota,45.1750914,-93.9663964,2021,144845,357,233,119,3,2,0,0,193,71,43,0,148,209,0,97.80821917808218,5,1.400560224089636,15.4,COPD,4.5,True
27171,Monticello,Wright,MN,Minnesota,45.1750914,-93.9663964,2021,144845,357,233,119,3,2,0,0,193,71,43,0,148,209,0,97.80821917808218,5,1.400560224089636,15.4,Current Asthma,9.1,True
28011,Cleveland,Bolivar,MS,Mississippi,33.7991391,-90.8841199,2021,30308,360,236,124,0,0,0,0,90,60,44,0,94,266,0,98.63013698630137,0,0.0,23.3,COPD,8.9,True
28011,Cleveland,Bolivar,MS,Mississippi,33.7991391,-90.8841199,2021,30308,360,236,124,0,0,0,0,90,60,44,0,94,266,0,98.63013698630137,0,0.0,23.3,Current Asthma,11.8,True
28033,Hernando,DeSoto,MS,Mississippi,34.8749217,-89.9912114,2021,188633,364,228,135,1,0,0,0,136,62,46,0,85,279,0,99.72602739726028,1,0.27472527472527475,16.0,COPD,5.9,True
28033,Hernando,DeSoto,MS,Mississippi,34.8749217,-89.9912114,2021,188633,364,228,135,1,0,0,0,136,62,46,0,85,279,0,99.72602739726028,1,0.27472527472527475,16.0,Current Asthma,9.8,True
28035,Hattiesburg,Forrest,MS,Mississippi,31.1885802,-89.2594467,2021,77875,363,178,185,0,0,0,0,93,60,51,0,0,363,0,99.45205479452055,0,0.0,19.0,COPD,7.5,True
28035,Hattiesburg,Forrest,MS,Mississippi,31.1885802,-89.2594467,2021,77875,363,178,185,0,0,0,0,93,60,51,0,0,363,0,99.45205479452055,0,0.0,19.0,Current Asthma,10.7,True
28045,Waveland,Hancock,MS,Mississippi,30.3916415,-89.4827905,2021,46055,360,225,135,0,0,0,0,97,60,45,0,62,298,0,98.63013698630137,0,0.0,18.5,COPD,7.1,True
28045,Waveland,Hancock,MS,Mississippi,30.3916415,-89.4827905,2021,46055,360,225,135,0,0,0,0,97,60,45,0,62,298,0,98.63013698630137,0,0.0,18.5,Current Asthma,9.8,True
28047,Gulfport,Harrison,MS,Mississippi,30.4165357,-89.0833762,2021,209396,359,221,138,0,0,0,0,87,58,45,0,61,298,0,98.35616438356163,0,0.0,20.0,COPD,7.0,True
28047,Gulfport,Harrison,MS,Mississippi,30.4165357,-89.0833762,2021,209396,359,221,138,0,0,0,0,87,58,45,0,61,298,0,98.35616438356163,0,0.0,20.0,Current Asthma,10.0,True
28049,Jackson,Hinds,MS,Mississippi,32.2677879,-90.4660171,2021,222679,365,144,221,0,0,0,0,88,64,52,0,30,335,0,100.0,0,0.0,18.7,COPD,6.7,True
28049,Jackson,Hinds,MS,Mississippi,32.2677879,-90.4660171,2021,222679,365,144,221,0,0,0,0,88,64,52,0,30,335,0,100.0,0,0.0,18.7,Current Asthma,11.1,True
28059,Pascagoula,Jackson,MS,Mississippi,30.4560045,-88.6251005,2021,143987,359,242,117,0,0,0,0,84,57,44,0,108,251,0,98.35616438356163,0,0.0,17.7,COPD,6.7,True
28059,Pascagoula,Jackson,MS,Mississippi,30.4560045,-88.6251005,2021,143987,359,242,117,0,0,0,0,84,57,44,0,108,251,0,98.35616438356163,0,0.0,17.7,Current Asthma,9.9,True
28075,Meridian,Lauderdale,MS,Mississippi,32.4039981,-88.6604487,2021,72088,245,244,1,0,0,0,0,54,42,31,0,245,0,0,67.12328767123287,0,0.0,21.1,COPD,7.8,True
28075,Meridian,Lauderdale,MS,Mississippi,32.4039981,-88.6604487,2021,72088,245,244,1,0,0,0,0,54,42,31,0,245,0,0,67.12328767123287,0,0.0,21.1,Current Asthma,10.7,True
28081,Tupelo,Lee,MS,Mississippi,34.2923703,-88.6824388,2021,82883,242,232,10,0,0,0,0,64,46,36,0,242,0,0,66.3013698630137,0,0.0,17.7,COPD,6.5,True
28081,Tupelo,Lee,MS,Mississippi,34.2923703,-88.6824388,2021,82883,242,232,10,0,0,0,0,64,46,36,0,242,0,0,66.3013698630137,0,0.0,17.7,Current Asthma,10.2,True
29019,Columbia,Boone,MO,Missouri,38.9898614,-92.3102022,2021,185840,245,233,12,0,0,0,0,77,47,37,0,245,0,0,67.12328767123287,0,0.0,15.8,COPD,6.4,True
29019,Columbia,Boone,MO,Missouri,38.9898614,-92.3102022,2021,185840,245,233,12,0,0,0,0,77,47,37,0,245,0,0,67.12328767123287,0,0.0,15.8,Current Asthma,9.7,True
29021,St. Joseph,Buchanan,MO,Missouri,39.6603695,-94.8081728,2021,83853,365,235,127,3,0,0,0,109,59,44,0,0,310,55,100.0,3,0.821917808219178,22.4,COPD,8.5,True
29021,St. Joseph,Buchanan,MO,Missouri,39.6603695,-94.8081728,2021,83853,365,235,127,3,0,0,0,109,59,44,0,0,310,55,100.0,3,0.821917808219178,22.4,Current Asthma,10.0,True
29027,Fulton,Callaway,MO,Missouri,38.835547,-91.9234458,2021,44638,245,229,16,0,0,0,0,80,47,39,0,245,0,0,67.12328767123287,0,0.0,20.3,COPD,7.4,True
29027,Fulton,Callaway,MO,Missouri,38.835547,-91.9234458,2021,44638,245,229,16,0,0,0,0,80,47,39,0,245,0,0,67.12328767123287,0,0.0,20.3,Current Asthma,9.7,True
29037,Kansas City,Cass,MO,Missouri,38.6464737,-94.3545467,2021,109638,365,267,97,1,0,0,0,108,59,42,0,156,209,0,100.0,1,0.273972602739726,18.2,COPD,6.7,True
29037,Kansas City,Cass,MO,Missouri,38.6464737,-94.3545467,2021,109638,365,267,97,1,0,0,0,108,59,42,0,156,209,0,100.0,1,0.273972602739726,18.2,Current Asthma,9.6,True
29047,Kansas City,Clay,MO,Missouri,39.3155512,-94.4215024,2021,255518,350,270,76,4,0,0,0,129,64,41,0,206,144,0,95.8904109589041,4,1.1428571428571428,16.1,COPD,6.1,True
29047,Kansas City,Clay,MO,Missouri,39.3155512,-94.4215024,2021,255518,350,270,76,4,0,0,0,129,64,41,0,206,144,0,95.8904109589041,4,1.1428571428571428,16.1,Current Asthma,9.5,True
29049,Trimble,Clinton,MO,Missouri,39.6087233,-94.3958028,2021,21287,245,221,24,0,0,0,0,97,50,38,0,245,0,0,67.12328767123287,0,0.0,20.5,COPD,7.5,True
29049,Trimble,Clinton,MO,Missouri,39.6087233,-94.3958028,2021,21287,245,221,24,0,0,0,0,97,50,38,0,245,0,0,67.12328767123287,0,0.0,20.5,Current Asthma,9.5,True
29077,Springfield,Greene,MO,Missouri,37.2581957,-93.3406409,2021,300865,365,300,65,0,0,0,0,84,55,38,0,188,135,42,100.0,0,0.0,18.5,COPD,7.5,True
29077,Springfield,Greene,MO,Missouri,37.2581957,-93.3406409,2021,300865,365,300,65,0,0,0,0,84,55,38,0,188,135,42,100.0,0,0.0,18.5,Current Asthma,9.8,True
29095,Kansas City,Jackson,MO,Missouri,39.005364,-94.3432105,2021,716862,365,132,228,5,0,0,0,147,68,53,5,0,319,41,100.0,5,1.36986301369863,17.9,COPD,6.8,True
29095,Kansas City,Jackson,MO,Missouri,39.005364,-94.3432105,2021,716862,365,132,228,5,0,0,0,147,68,53,5,0,319,41,100.0,5,1.36986301369863,17.9,Current Asthma,10.1,True
29097,Joplin,Jasper,MO,Missouri,37.2051967,-94.3372594,2021,123155,360,298,62,0,0,0,0,93,58,38,0,218,0,142,98.63013698630137,0,0.0,21.8,COPD,8.7,True
29097,Joplin,Jasper,MO,Missouri,37.2051967,-94.3372594,2021,123155,360,298,62,0,0,0,0,93,58,38,0,218,0,142,98.63013698630137,0,0.0,21.8,Current Asthma,10.5,True
29099,Herculaneum,Jefferson,MO,Missouri,38.2576296,-90.5436807,2021,227771,365,244,116,4,1,0,0,164,62,44,0,145,210,10,100.0,5,1.36986301369863,19.5,COPD,7.1,True
29099,Herculaneum,Jefferson,MO,Missouri,38.2576296,-90.5436807,2021,227771,365,244,116,4,1,0,0,164,62,44,0,145,210,10,100.0,5,1.36986301369863,19.5,Current Asthma,9.4,True
29113,Foley,Lincoln,MO,Missouri,39.0622547,-90.9629165,2021,61586,244,225,19,0,0,0,0,93,49,39,0,244,0,0,66.84931506849315,0,0.0,19.9,COPD,7.4,True
29113,Foley,Lincoln,MO,Missouri,39.0622547,-90.9629165,2021,61586,244,225,19,0,0,0,0,93,49,39,0,244,0,0,66.84931506849315,0,0.0,19.9,Current Asthma,9.7,True
29510,St. Louis,St. Louis City,MO,Missouri,38.6356988,-90.2445816,2021,293310,365,114,244,6,1,0,0,187,71,55,1,50,305,9,100.0,7,1.9178082191780823,20.3,COPD,7.3,False
29510,St. Louis,St. Louis City,MO,Missouri,38.6356988,-90.2445816,2021,293310,365,114,244,6,1,0,0,187,71,55,1,50,305,9,100.0,7,1.9178082191780823,20.3,Current Asthma,10.4,False
30013,Great Falls,Cascade,MT,Montana,47.3165751,-111.3502622,2021,84511,365,296,58,9,2,0,0,160,62,27,0,0,365,0,100.0,11,3.0136986301369864,18.1,COPD,6.2,True
30013,Great Falls,Cascade,MT,Montana,47.3165751,-111.3502622,2021,84511,365,296,58,9,2,0,0,160,62,27,0,0,365,0,100.0,11,3.0136986301369864,18.1,Current Asthma,10.4,True
30027,Lewistown,Fergus,MT,Montana,47.2218156,-109.2329562,2021,11617,365,288,62,14,1,0,0,156,77,41,0,296,68,1,100.0,15,4.10958904109589,17.4,COPD,6.1,True
30027,Lewistown,Fergus,MT,Montana,47.2218156,-109.2329562,2021,11617,365,288,62,14,1,0,0,156,77,41,0,296,68,1,100.0,15,4.10958904109589,17.4,Current Asthma,10.1,True
30029,Kalispell,Flathead,MT,Montana,48.2954221,-114.0520587,2021,108454,365,268,88,8,1,0,0,155,66,39,0,181,144,40,100.0,9,2.4657534246575343,15.1,COPD,5.5,True
30029,Kalispell,Flathead,MT,Montana,48.2954221,-114.0520587,2021,108454,365,268,88,8,1,0,0,155,66,39,0,181,144,40,100.0,9,2.4657534246575343,15.1,Current Asthma,10.2,True
30031,Bozeman,Gallatin,MT,Montana,45.5180536,-111.1639214,2021,122713,365,243,108,13,1,0,0,158,78,41,5,0,358,0,100.0,14,3.8356164383561646,12.1,COPD,4.6,True
30031,Bozeman,Gallatin,MT,Montana,45.5180536,-111.1639214,2021,122713,365,243,108,13,1,0,0,158,78,41,5,0,358,0,100.0,14,3.8356164383561646,12.1,Current Asthma,9.6,True
30049,East Helena,Lewis and Clark,MT,Montana,47.1320133,-112.3733673,2021,72223,365,249,99,14,3,0,0,156,77,44,0,218,147,0,100.0,17,4.657534246575342,13.3,COPD,5.0,True
30049,East Helena,Lewis and Clark,MT,Montana,47.1320133,-112.3733673,2021,72223,365,249,99,14,3,0,0,156,77,44,0,218,147,0,100.0,17,4.657534246575342,13.3,Current Asthma,9.8,True
30053,Libby,Lincoln,MT,Montana,48.5523847,-115.4631849,2021,20525,365,125,223,11,6,0,0,177,79,56,0,0,362,3,100.0,17,4.657534246575342,20.4,COPD,7.3,True
30053,Libby,Lincoln,MT,Montana,48.5523847,-115.4631849,2021,20525,365,125,223,11,6,0,0,177,79,56,0,0,362,3,100.0,17,4.657534246575342,20.4,Current Asthma,10.7,True
30081,Hamilton,Ravalli,MT,Montana,46.0777441,-114.105795,2021,45959,358,268,67,18,5,0,0,159,76,28,0,0,358,0,98.08219178082192,23,6.424581005586592,16.6,COPD,5.8,False
30081,Hamilton,Ravalli,MT,Montana,46.0777441,-114.105795,2021,45959,358,268,67,18,5,0,0,159,76,28,0,0,358,0,98.08219178082192,23,6.424581005586592,16.6,Current Asthma,9.9,False
30083,Sidney,Richland,MT,Montana,47.785633,-104.5634082,2021,11283,351,284,63,4,0,0,0,147,71,38,0,273,75,3,96.16438356164385,4,1.1396011396011396,16.6,COPD,5.6,True
30083,Sidney,Richland,MT,Montana,47.785633,-104.5634082,2021,11283,351,284,63,4,0,0,0,147,71,38,0,273,75,3,96.16438356164385,4,1.1396011396011396,16.6,Current Asthma,9.9,True
30087,Forsyth,Rosebud,MT,Montana,46.1732061,-106.6667917,2021,8124,363,266,83,12,2,0,0,155,74,38,6,171,113,73,99.45205479452055,14,3.8567493112947657,23.7,COPD,7.5,False
30087,Forsyth,Rosebud,MT,Montana,46.1732061,-106.6667917,2021,8124,363,266,83,12,2,0,0,155,74,38,6,171,113,73,99.45205479452055,14,3.8567493112947657,23.7,Current Asthma,11.8,False
30089,Thompson Falls,Sanders,MT,Montana,47.7564968,-115.1803062,2021,12959,356,232,104,8,11,1,0,207,84,42,0,0,350,6,97.53424657534246,20,5.617977528089887,21.3,COPD,7.5,True
30089,Thompson Falls,Sanders,MT,Montana,47.7564968,-115.1803062,2021,12959,356,232,104,8,11,1,0,207,84,42,0,0,350,6,97.53424657534246,20,5.617977528089887,21.3,Current Asthma,10.7,True
30093,Butte-Silver Bow (Remainder),Silver Bow,MT,Montana,45.8962319,-112.6600714,2021,35411,365,256,89,14,6,0,0,163,80,33,0,0,325,40,100.0,20,5.47945205479452,17.8,COPD,6.5,True
30093,Butte-Silver Bow (Remainder),Silver Bow,MT,Montana,45.8962319,-112.6600714,2021,35411,365,256,89,14,6,0,0,163,80,33,0,0,325,40,100.0,20,5.47945205479452,17.8,Current Asthma,10.3,True
30111,Billings,Yellowstone,MT,Montana,45.9369867,-108.2766564,2021,167146,340,212,118,9,1,0,0,167,70,40,0,0,340,0,93.15068493150685,10,2.941176470588235,15.5,COPD,5.6,True
30111,Billings,Yellowstone,MT,Montana,45.9369867,-108.2766564,2021,167146,340,212,118,9,1,0,0,167,70,40,0,0,340,0,93.15068493150685,10,2.941176470588235,15.5,Current Asthma,10.3,True
31055,Omaha,Douglas,NE,Nebraska,41.2970908,-96.1540664,2021,585008,365,244,116,5,0,0,0,150,64,43,0,165,189,11,100.0,5,1.36986301369863,13.9,COPD,5.1,True
31055,Omaha,Douglas,NE,Nebraska,41.2970908,-96.1540664,2021,585008,365,244,116,5,0,0,0,150,64,43,0,165,189,11,100.0,5,1.36986301369863,13.9,Current Asthma,8.8,True
31067,Beatrice,Gage,NE,Nebraska,40.2552337,-96.6834528,2021,21616,184,49,134,1,0,0,0,115,66,55,0,0,184,0,50.41095890410959,1,0.5434782608695652,18.0,COPD,6.4,False
31067,Beatrice,Gage,NE,Nebraska,40.2552337,-96.6834528,2021,21616,184,49,134,1,0,0,0,115,66,55,0,0,184,0,50.41095890410959,1,0.5434782608695652,18.0,Current Asthma,8.8,False
31079,Grand Island,Hall,NE,Nebraska,40.8660265,-98.5026645,2021,61979,357,268,87,2,0,0,0,134,58,34,0,0,357,0,97.80821917808218,2,0.5602240896358543,15.9,COPD,5.7,False
31079,Grand Island,Hall,NE,Nebraska,40.8660265,-98.5026645,2021,61979,357,268,87,2,0,0,0,134,58,34,0,0,357,0,97.80821917808218,2,0.5602240896358543,15.9,Current Asthma,8.6,False
31109,Lincoln,Lancaster,NE,Nebraska,40.7835474,-96.6886584,2021,324514,276,246,30,0,0,0,0,84,53,37,0,201,75,0,75.61643835616438,0,0.0,13.9,COPD,5.0,True
31109,Lincoln,Lancaster,NE,Nebraska,40.7835474,-96.6886584,2021,324514,276,246,30,0,0,0,0,84,53,37,0,201,75,0,75.61643835616438,0,0.0,13.9,Current Asthma,8.6,True
31153,Bellevue,Sarpy,NE,Nebraska,41.1150635,-96.1091254,2021,193418,336,226,108,2,0,0,0,120,61,41,0,0,336,0,92.05479452054794,2,0.5952380952380952,12.3,COPD,4.3,True
31153,Bellevue,Sarpy,NE,Nebraska,41.1150635,-96.1091254,2021,193418,336,226,108,2,0,0,0,120,61,41,0,0,336,0,92.05479452054794,2,0.5952380952380952,12.3,Current Asthma,8.0,True
31157,Scottsbluff,Scotts Bluff,NE,Nebraska,41.8503306,-103.7015494,2021,35745,332,294,38,0,0,0,0,82,53,21,0,0,332,0,90.95890410958904,0,0.0,16.5,COPD,5.5,False
31157,Scottsbluff,Scotts Bluff,NE,Nebraska,41.8503306,-103.7015494,2021,35745,332,294,38,0,0,0,0,82,53,21,0,0,332,0,90.95890410958904,0,0.0,16.5,Current Asthma,8.7,False
32510,Carson City,Carson City,NV,Nevada,39.1530598,-119.7473681,2021,58993,365,273,64,9,12,6,1,304,84,42,0,266,99,0,100.0,28,7.671232876712329,16.7,COPD,6.4,True
32510,Carson City,Carson City,NV,Nevada,39.1530598,-119.7473681,2021,58993,365,273,64,9,12,6,1,304,84,42,0,266,99,0,100.0,28,7.671232876712329,16.7,Current Asthma,9.9,True
32001,Fallon,Churchill,NV,Nevada,39.5377097,-118.2641661,2021,25723,362,271,81,9,1,0,0,159,74,44,0,362,0,0,99.17808219178083,10,2.7624309392265194,17.1,COPD,6.7,True
32001,Fallon,Churchill,NV,Nevada,39.5377097,-118.2641661,2021,25723,362,271,81,9,1,0,0,159,74,44,0,362,0,0,99.17808219178083,10,2.7624309392265194,17.1,Current Asthma,10.2,True
32007,Elko,Elko,NV,Nevada,41.1411327,-115.3514239,2021,53915,365,282,73,9,1,0,0,156,71,42,0,186,13,166,100.0,10,2.73972602739726,18.0,COPD,6.9,False
32007,Elko,Elko,NV,Nevada,41.1411327,-115.3514239,2021,53915,365,282,73,9,1,0,0,156,71,42,0,186,13,166,100.0,10,2.73972602739726,18.0,Current Asthma,10.1,False
32019,Churchill,Lyon,NV,Nevada,39.0222125,-119.1974246,2021,60903,270,196,67,7,0,0,0,133,74,41,0,270,0,0,73.97260273972603,7,2.5925925925925926,18.8,COPD,7.0,True
32019,Churchill,Lyon,NV,Nevada,39.0222125,-119.1974246,2021,60903,270,196,67,7,0,0,0,133,74,41,0,270,0,0,73.97260273972603,7,2.5925925925925926,18.8,Current Asthma,10.1,True
32023,Pahrump,Nye,NV,Nevada,37.9658636,-116.4590107,2021,53450,365,336,28,1,0,0,0,105,44,23,0,0,0,365,100.0,1,0.273972602739726,21.7,COPD,7.8,False
32023,Pahrump,Nye,NV,Nevada,37.9658636,-116.4590107,2021,53450,365,336,28,1,0,0,0,105,44,23,0,0,0,365,100.0,1,0.273972602739726,21.7,Current Asthma,10.4,False
32033,Lehman Caves National Monument,White Pine,NV,Nevada,39.4181759,-114.9005649,2021,9182,364,280,82,2,0,0,0,133,61,44,0,356,8,0,99.72602739726028,2,0.5494505494505495,19.0,COPD,6.9,True
32033,Lehman Caves National Monument,White Pine,NV,Nevada,39.4181759,-114.9005649,2021,9182,364,280,82,2,0,0,0,133,61,44,0,356,8,0,99.72602739726028,2,0.5494505494505495,19.0,Current Asthma,9.6,True
33001,Laconia,Belknap,NH,New Hampshire,43.5191091,-71.4253661,2021,64460,365,340,24,1,0,0,0,110,47,31,0,160,205,0,100.0,1,0.273972602739726,15.0,COPD,6.0,True
33001,Laconia,Belknap,NH,New Hampshire,43.5191091,-71.4253661,2021,64460,365,340,24,1,0,0,0,110,47,31,0,160,205,0,100.0,1,0.273972602739726,15.0,Current Asthma,11.2,True
33005,Keene,Cheshire,NH,New Hampshire,42.9254596,-72.2481828,2021,77329,364,263,100,1,0,0,0,127,59,40,0,127,237,0,99.72602739726028,1,0.27472527472527475,14.6,COPD,6.2,True
33005,Keene,Cheshire,NH,New Hampshire,42.9254596,-72.2481828,2021,77329,364,263,100,1,0,0,0,127,59,40,0,127,237,0,99.72602739726028,1,0.27472527472527475,14.6,Current Asthma,11.4,True
33007,Berlin,Coos,NH,New Hampshire,44.6525477,-71.2894309,2021,31289,360,325,33,2,0,0,0,133,50,42,0,355,5,0,98.63013698630137,2,0.5555555555555556,18.6,COPD,7.5,True
33007,Berlin,Coos,NH,New Hampshire,44.6525477,-71.2894309,2021,31289,360,325,33,2,0,0,0,133,50,42,0,355,5,0,98.63013698630137,2,0.5555555555555556,18.6,Current Asthma,11.4,True
33009,Lebanon,Grafton,NH,New Hampshire,43.9264391,-71.8424242,2021,92201,365,313,51,1,0,0,0,106,53,36,0,201,164,0,100.0,1,0.273972602739726,14.0,COPD,5.8,True
33009,Lebanon,Grafton,NH,New Hampshire,43.9264391,-71.8424242,2021,92201,365,313,51,1,0,0,0,106,53,36,0,201,164,0,100.0,1,0.273972602739726,14.0,Current Asthma,10.7,True
33011,Manchester,Hillsborough,NH,New Hampshire,42.9115317,-71.7230554,2021,424079,365,328,35,2,0,0,0,144,51,37,0,317,48,0,100.0,2,0.547945205479452,13.7,COPD,5.5,True
33011,Manchester,Hillsborough,NH,New Hampshire,42.9115317,-71.7230554,2021,424079,365,328,35,2,0,0,0,144,51,37,0,317,48,0,100.0,2,0.547945205479452,13.7,Current Asthma,11.6,True
33013,Concord,Merrimack,NH,New Hampshire,43.2995786,-71.6800412,2021,155238,214,200,13,1,0,0,0,101,47,36,0,214,0,0,58.63013698630137,1,0.46728971962616817,14.1,COPD,5.9,True
33013,Concord,Merrimack,NH,New Hampshire,43.2995786,-71.6800412,2021,155238,214,200,13,1,0,0,0,101,47,36,0,214,0,0,58.63013698630137,1,0.46728971962616817,14.1,Current Asthma,11.4,True
33015,Portsmouth,Rockingham,NH,New Hampshire,42.9886636,-71.0990801,2021,316947,365,285,76,4,0,0,0,147,58,40,0,199,165,1,100.0,4,1.095890410958904,12.9,COPD,5.2,True
33015,Portsmouth,Rockingham,NH,New Hampshire,42.9886636,-71.0990801,2021,316947,365,285,76,4,0,0,0,147,58,40,0,199,165,1,100.0,4,1.095890410958904,12.9,Current Asthma,10.2,True
34001,Atlantic City,Atlantic,NJ,New Jersey,39.4693555,-74.6337591,2021,274966,362,290,72,0,0,0,0,96,56,37,0,202,160,0,99.17808219178083,0,0.0,16.0,COPD,5.9,False
34001,Atlantic City,Atlantic,NJ,New Jersey,39.4693555,-74.6337591,2021,274966,362,290,72,0,0,0,0,96,56,37,0,202,160,0,99.17808219178083,0,0.0,16.0,Current Asthma,10.0,False
34003,Fort Lee,Bergen,NJ,New Jersey,40.9596985,-74.0747272,2021,953819,365,230,126,9,0,0,0,147,65,43,54,104,207,0,100.0,9,2.4657534246575343,10.7,COPD,3.9,False
34003,Fort Lee,Bergen,NJ,New Jersey,40.9596985,-74.0747272,2021,953819,365,230,126,9,0,0,0,147,65,43,54,104,207,0,100.0,9,2.4657534246575343,10.7,Current Asthma,8.2,False
34007,Camden,Camden,NJ,New Jersey,39.8024071,-74.9612493,2021,523771,365,188,173,4,0,0,0,120,67,49,9,138,218,0,100.0,4,1.095890410958904,15.4,COPD,5.6,False
34007,Camden,Camden,NJ,New Jersey,39.8024071,-74.9612493,2021,523771,365,188,173,4,0,0,0,120,67,49,9,138,218,0,100.0,4,1.095890410958904,15.4,Current Asthma,10.2,False
34011,Bridgeton,Cumberland,NJ,New Jersey,39.3284336,-75.1216277,2021,153627,364,291,71,2,0,0,0,112,55,39,4,231,129,0,99.72602739726028,2,0.5494505494505495,19.0,COPD,7.2,False
34011,Bridgeton,Cumberland,NJ,New Jersey,39.3284336,-75.1216277,2021,153627,364,291,71,2,0,0,0,112,55,39,4,231,129,0,99.72602739726028,2,0.5494505494505495,19.0,Current Asthma,10.5,False
34013,Newark,Essex,NJ,New Jersey,40.7874003,-74.2462919,2021,854917,365,214,148,3,0,0,0,125,63,46,26,97,242,0,100.0,3,0.821917808219178,13.4,COPD,5.5,False
34013,Newark,Essex,NJ,New Jersey,40.7874003,-74.2462919,2021,854917,365,214,148,3,0,0,0,125,63,46,26,97,242,0,100.0,3,0.821917808219178,13.4,Current Asthma,10.0,False
34015,Paulsboro,Gloucester,NJ,New Jersey,39.7228745,-75.1456793,2021,304477,297,238,57,2,0,0,0,101,59,40,0,226,71,0,81.36986301369863,2,0.6734006734006733,13.9,COPD,5.2,False
34015,Paulsboro,Gloucester,NJ,New Jersey,39.7228745,-75.1456793,2021,304477,297,238,57,2,0,0,0,101,59,40,0,226,71,0,81.36986301369863,2,0.6734006734006733,13.9,Current Asthma,9.9,False
34017,Jersey City,Hudson,NJ,New Jersey,40.7313751,-74.0786014,2021,702463,365,216,146,3,0,0,0,126,64,44,46,98,221,0,100.0,3,0.821917808219178,11.9,COPD,4.4,False
34017,Jersey City,Hudson,NJ,New Jersey,40.7313751,-74.0786014,2021,702463,365,216,146,3,0,0,0,126,64,44,46,98,221,0,100.0,3,0.821917808219178,11.9,Current Asthma,9.0,False
34019,Flemington,Hunterdon,NJ,New Jersey,40.5652832,-74.9119695,2021,129924,364,249,115,0,0,0,0,97,61,43,0,159,205,0,99.72602739726028,0,0.0,10.5,COPD,4.2,False
34019,Flemington,Hunterdon,NJ,New Jersey,40.5652832,-74.9119695,2021,129924,364,249,115,0,0,0,0,97,61,43,0,159,205,0,99.72602739726028,0,0.0,10.5,Current Asthma,8.9,False
34021,Trenton,Mercer,NJ,New Jersey,40.2825026,-74.703724,2021,385898,365,193,165,7,0,0,0,130,67,48,0,139,226,0,100.0,7,1.9178082191780823,13.5,COPD,4.8,False
34021,Trenton,Mercer,NJ,New Jersey,40.2825026,-74.703724,2021,385898,365,193,165,7,0,0,0,130,67,48,0,139,226,0,100.0,7,1.9178082191780823,13.5,Current Asthma,9.4,False
34023,Perth Amboy,Middlesex,NJ,New Jersey,40.4396214,-74.4074303,2021,860807,364,233,126,5,0,0,0,129,64,44,4,142,218,0,99.72602739726028,5,1.3736263736263736,11.0,COPD,4.2,False
34023,Perth Amboy,Middlesex,NJ,New Jersey,40.4396214,-74.4074303,2021,860807,364,233,126,5,0,0,0,129,64,44,4,142,218,0,99.72602739726028,5,1.3736263736263736,11.0,Current Asthma,8.7,False
34025,Asbury Park,Monmouth,NJ,New Jersey,40.2870481,-74.1524456,2021,645354,255,227,24,3,1,0,0,154,54,36,0,255,0,0,69.86301369863014,4,1.5686274509803921,11.8,COPD,4.5,False
34025,Asbury Park,Monmouth,NJ,New Jersey,40.2870481,-74.1524456,2021,645354,255,227,24,3,1,0,0,154,54,36,0,255,0,0,69.86301369863014,4,1.5686274509803921,11.8,Current Asthma,9.2,False
34027,Morristown,Morris,NJ,New Jersey,40.8588961,-74.5472917,2021,510981,363,327,36,0,0,0,0,97,49,36,8,317,38,0,99.45205479452055,0,0.0,10.5,COPD,4.0,False
34027,Morristown,Morris,NJ,New Jersey,40.8588961,-74.5472917,2021,510981,363,327,36,0,0,0,0,97,49,36,8,317,38,0,99.45205479452055,0,0.0,10.5,Current Asthma,8.7,False
34029,Toms River,Ocean,NJ,New Jersey,39.865669,-74.2588636,2021,648998,357,253,100,4,0,0,0,126,60,42,0,154,203,0,97.80821917808218,4,1.1204481792717087,14.2,COPD,5.8,False
34029,Toms River,Ocean,NJ,New Jersey,39.865669,-74.2588636,2021,648998,357,253,100,4,0,0,0,126,60,42,0,154,203,0,97.80821917808218,4,1.1204481792717087,14.2,Current Asthma,9.8,False
34031,Paterson,Passaic,NJ,New Jersey,41.0366554,-74.2994078,2021,518117,261,243,18,0,0,0,0,80,48,37,0,261,0,0,71.5068493150685,0,0.0,13.1,COPD,5.5,False
34031,Paterson,Passaic,NJ,New Jersey,41.0366554,-74.2994078,2021,518117,261,243,18,0,0,0,0,80,48,37,0,261,0,0,71.5068493150685,0,0.0,13.1,Current Asthma,9.4,False
34039,Elizabeth,Union,NJ,New Jersey,40.6598707,-74.3086957,2021,572114,365,157,207,1,0,0,0,139,66,52,34,0,331,0,100.0,1,0.273972602739726,12.5,COPD,4.7,False
34039,Elizabeth,Union,NJ,New Jersey,40.6598707,-74.3086957,2021,572114,365,157,207,1,0,0,0,139,66,52,34,0,331,0,100.0,1,0.273972602739726,12.5,Current Asthma,9.2,False
34041,Phillipsburg,Warren,NJ,New Jersey,40.8534914,-75.0094978,2021,110731,358,237,120,1,0,0,0,136,61,42,12,112,234,0,98.08219178082192,1,0.27932960893854747,13.9,COPD,5.2,False
34041,Phillipsburg,Warren,NJ,New Jersey,40.8534914,-75.0094978,2021,110731,358,237,120,1,0,0,0,136,61,42,12,112,234,0,98.08219178082192,1,0.27932960893854747,13.9,Current Asthma,9.5,False
35025,Hobbs,Lea,NM,New Mexico,32.7956865,-103.4132707,2021,73004,365,257,105,2,1,0,0,151,64,44,2,264,99,0,100.0,3,0.821917808219178,16.4,COPD,6.2,True
35025,Hobbs,Lea,NM,New Mexico,32.7956865,-103.4132707,2021,73004,365,257,105,2,1,0,0,151,64,44,2,264,99,0,100.0,3,0.821917808219178,16.4,Current Asthma,10.5,True
35039,Espanola,Rio Arriba,NM,New Mexico,36.5096687,-106.6939829,2021,40179,363,276,86,1,0,0,0,143,64,44,0,360,3,0,99.45205479452055,1,0.27548209366391185,16.6,COPD,5.4,True
35039,Espanola,Rio Arriba,NM,New Mexico,36.5096687,-106.6939829,2021,40179,363,276,86,1,0,0,0,143,64,44,0,360,3,0,99.45205479452055,1,0.27548209366391185,16.6,Current Asthma,10.5,True
35045,Farmington,San Juan,NM,New Mexico,36.5116245,-108.3245778,2021,120993,365,237,120,8,0,0,0,126,77,46,1,360,0,4,100.0,8,2.191780821917808,21.8,COPD,7.9,False
35045,Farmington,San Juan,NM,New Mexico,36.5116245,-108.3245778,2021,120993,365,237,120,8,0,0,0,126,77,46,1,360,0,4,100.0,8,2.191780821917808,21.8,Current Asthma,12.7,False
35043,Rio Rancho Estates,Sandoval,NM,New Mexico,35.6850913,-106.8831191,2021,151369,357,271,83,3,0,0,0,119,67,44,0,357,0,0,97.80821917808218,3,0.8403361344537815,13.5,COPD,5.0,True
35043,Rio Rancho Estates,Sandoval,NM,New Mexico,35.6850913,-106.8831191,2021,151369,357,271,83,3,0,0,0,119,67,44,0,357,0,0,97.80821917808218,3,0.8403361344537815,13.5,Current Asthma,10.3,True
35049,Santa Fe,Santa Fe,NM,New Mexico,35.5145309,-105.9639718,2021,155201,364,275,87,2,0,0,0,113,64,44,0,324,40,0,99.72602739726028,2,0.5494505494505495,11.7,COPD,4.6,True
35049,Santa Fe,Santa Fe,NM,New Mexico,35.5145309,-105.9639718,2021,155201,364,275,87,2,0,0,0,113,64,44,0,324,40,0,99.72602739726028,2,0.5494505494505495,11.7,Current Asthma,10.0,True
35055,Taos,Taos,NM,New Mexico,36.5771832,-105.6388781,2021,34623,323,290,32,1,0,0,0,108,51,28,0,0,323,0,88.4931506849315,1,0.30959752321981426,13.6,COPD,5.2,False
35055,Taos,Taos,NM,New Mexico,36.5771832,-105.6388781,2021,34623,323,290,32,1,0,0,0,108,51,28,0,0,323,0,88.4931506849315,1,0.30959752321981426,13.6,Current Asthma,10.1,False
35061,Belen,Valencia,NM,New Mexico,34.7168404,-106.8065821,2021,77190,356,295,59,2,0,0,0,136,58,43,0,356,0,0,97.53424657534246,2,0.5617977528089888,15.4,COPD,5.6,True
35061,Belen,Valencia,NM,New Mexico,34.7168404,-106.8065821,2021,77190,356,295,59,2,0,0,0,136,58,43,0,356,0,0,97.53424657534246,2,0.5617977528089888,15.4,Current Asthma,10.6,True
36001,Albany,Albany,NY,New York,42.5882401,-73.9740095,2021,313743,365,254,109,2,0,0,0,118,60,39,0,147,218,0,100.0,2,0.547945205479452,15.3,COPD,5.9,True
36001,Albany,Albany,NY,New York,42.5882401,-73.9740095,2021,313743,365,254,109,2,0,0,0,118,60,39,0,147,218,0,100.0,2,0.547945205479452,15.3,Current Asthma,11.2,True
36005,New York,Bronx,NY,New York,40.8487111,-73.852939,2021,1424948,365,214,143,7,1,0,0,156,68,47,17,109,239,0,100.0,8,2.191780821917808,16.6,COPD,6.6,True
36005,New York,Bronx,NY,New York,40.8487111,-73.852939,2021,1424948,365,214,143,7,1,0,0,156,68,47,17,109,239,0,100.0,8,2.191780821917808,16.6,Current Asthma,12.1,True
36013,Jamestown,Chautauqua,NY,New York,42.3042159,-79.4075949,2021,126807,361,300,60,1,0,0,0,105,57,38,0,318,43,0,98.9041095890411,1,0.2770083102493075,22.0,COPD,8.1,True
36013,Jamestown,Chautauqua,NY,New York,42.3042159,-79.4075949,2021,126807,361,300,60,1,0,0,0,105,57,38,0,318,43,0,98.9041095890411,1,0.2770083102493075,22.0,Current Asthma,12.0,True
36027,Poughkeepsie,Dutchess,NY,New York,41.7547699,-73.7400411,2021,297112,341,323,17,1,0,0,0,129,46,34,0,341,0,0,93.42465753424658,1,0.2932551319648094,16.0,COPD,5.7,True
36027,Poughkeepsie,Dutchess,NY,New York,41.7547699,-73.7400411,2021,297112,341,323,17,1,0,0,0,129,46,34,0,341,0,0,93.42465753424658,1,0.2932551319648094,16.0,Current Asthma,10.9,True
36029,Buffalo,Erie,NY,New York,42.752759,-78.7781922,2021,950683,365,225,139,1,0,0,0,101,64,46,3,104,258,0,100.0,1,0.273972602739726,17.6,COPD,6.5,True
36029,Buffalo,Erie,NY,New York,42.752759,-78.7781922,2021,950683,365,225,139,1,0,0,0,101,64,46,3,104,258,0,100.0,1,0.273972602739726,17.6,Current Asthma,11.8,True
36031,Lake Placid,Essex,NY,New York,44.1096005,-73.7784307,2021,37268,365,310,54,1,0,0,0,101,58,40,0,337,28,0,100.0,1,0.273972602739726,18.3,COPD,6.7,True
36031,Lake Placid,Essex,NY,New York,44.1096005,-73.7784307,2021,37268,365,310,54,1,0,0,0,101,58,40,0,337,28,0,100.0,1,0.273972602739726,18.3,Current Asthma,11.4,True
36045,Carthage,Jefferson,NY,New York,43.996389,-76.0529678,2021,116295,351,332,19,0,0,0,0,97,46,32,0,351,0,0,96.16438356164385,0,0.0,19.9,COPD,7.3,True
36045,Carthage,Jefferson,NY,New York,43.996389,-76.0529678,2021,116295,351,332,19,0,0,0,0,97,46,32,0,351,0,0,96.16438356164385,0,0.0,19.9,Current Asthma,11.4,True
36047,New York,Kings,NY,New York,40.6350451,-73.9506398,2021,2641052,365,233,131,0,1,0,0,154,61,42,0,0,365,0,100.0,1,0.273972602739726,13.9,COPD,5.5,True
36047,New York,Kings,NY,New York,40.6350451,-73.9506398,2021,2641052,365,233,131,0,1,0,0,154,61,42,0,0,365,0,100.0,1,0.273972602739726,13.9,Current Asthma,10.5,True
36055,Rochester,Monroe,NY,New York,43.2503466,-77.7005177,2021,755160,365,239,126,0,0,0,0,100,61,43,0,131,234,0,100.0,0,0.0,16.7,COPD,6.0,True
36055,Rochester,Monroe,NY,New York,43.2503466,-77.7005177,2021,755160,365,239,126,0,0,0,0,100,61,43,0,131,234,0,100.0,0,0.0,16.7,Current Asthma,12.0,True
36059,Freeport,Nassau,NY,New York,40.7296118,-73.5894144,2021,1390907,360,291,68,1,0,0,0,118,54,32,0,0,360,0,98.63013698630137,1,0.2777777777777778,11.1,COPD,4.3,True
36059,Freeport,Nassau,NY,New York,40.7296118,-73.5894144,2021,1390907,360,291,68,1,0,0,0,118,54,32,0,0,360,0,98.63013698630137,1,0.2777777777777778,11.1,Current Asthma,9.4,True
36061,New York,New York,NY,New York,40.7766419,-73.9701871,2021,1576876,365,245,113,6,1,0,0,155,63,43,0,148,217,0,100.0,7,1.9178082191780823,11.2,COPD,4.4,True
36061,New York,New York,NY,New York,40.7766419,-73.9701871,2021,1576876,365,245,113,6,1,0,0,155,63,43,0,148,217,0,100.0,7,1.9178082191780823,11.2,Current Asthma,10.2,True
36063,Niagara Falls,Niagara,NY,New York,43.2726719,-78.8129431,2021,211653,357,330,26,1,0,0,0,108,48,34,0,357,0,0,97.80821917808218,1,0.2801120448179272,20.3,COPD,7.3,True
36063,Niagara Falls,Niagara,NY,New York,43.2726719,-78.8129431,2021,211653,357,330,26,1,0,0,0,108,48,34,0,357,0,0,97.80821917808218,1,0.2801120448179272,20.3,Current Asthma,12.1,True
36065,Utica,Oneida,NY,New York,43.2427273,-75.4342824,2021,230274,347,311,35,1,0,0,0,107,51,25,0,0,347,0,95.06849315068493,1,0.2881844380403458,21.2,COPD,7.5,True
36065,Utica,Oneida,NY,New York,43.2427273,-75.4342824,2021,230274,347,311,35,1,0,0,0,107,51,25,0,0,347,0,95.06849315068493,1,0.2881844380403458,21.2,Current Asthma,11.3,True
36067,Syracuse,Onondaga,NY,New York,43.0065163,-76.1961336,2021,473236,365,279,85,1,0,0,0,113,58,39,0,187,178,0,100.0,1,0.273972602739726,19.4,COPD,6.6,True
36067,Syracuse,Onondaga,NY,New York,43.0065163,-76.1961336,2021,473236,365,279,85,1,0,0,0,113,58,39,0,187,178,0,100.0,1,0.273972602739726,19.4,Current Asthma,11.5,True
36071,Newburgh,Orange,NY,New York,41.4024096,-74.3062522,2021,404525,364,294,69,1,0,0,0,149,56,37,0,207,157,0,99.72602739726028,1,0.27472527472527475,15.7,COPD,6.3,True
36071,Newburgh,Orange,NY,New York,41.4024096,-74.3062522,2021,404525,364,294,69,1,0,0,0,149,56,37,0,207,157,0,99.72602739726028,1,0.27472527472527475,15.7,Current Asthma,11.1,True
36075,Fulton,Oswego,NY,New York,43.4614431,-76.2092618,2021,117387,360,337,23,0,0,0,0,97,46,34,0,360,0,0,98.63013698630137,0,0.0,20.7,COPD,8.0,True
36075,Fulton,Oswego,NY,New York,43.4614431,-76.2092618,2021,117387,360,337,23,0,0,0,0,97,46,34,0,360,0,0,98.63013698630137,0,0.0,20.7,Current Asthma,12.0,True
36079,Brewster,Putnam,NY,New York,41.4279067,-73.7438608,2021,97936,353,334,18,1,0,0,0,112,47,35,0,353,0,0,96.7123287671233,1,0.28328611898017,13.4,COPD,5.0,True
36079,Brewster,Putnam,NY,New York,41.4279067,-73.7438608,2021,97936,353,334,18,1,0,0,0,112,47,35,0,353,0,0,96.7123287671233,1,0.28328611898017,13.4,Current Asthma,10.1,True
36081,New York,Queens,NY,New York,40.6546581,-73.8412089,2021,2331143,365,215,141,8,1,0,0,154,67,47,13,112,240,0,100.0,9,2.4657534246575343,12.5,COPD,4.7,True
36081,New York,Queens,NY,New York,40.6546581,-73.8412089,2021,2331143,365,215,141,8,1,0,0,154,67,47,13,112,240,0,100.0,9,2.4657534246575343,12.5,Current Asthma,9.1,True
36085,New York,Richmond,NY,New York,40.5612628,-74.1398995,2021,493494,364,264,94,6,0,0,0,149,61,42,0,159,205,0,99.72602739726028,6,1.6483516483516485,16.0,COPD,5.7,True
36085,New York,Richmond,NY,New York,40.5612628,-74.1398995,2021,493494,364,264,94,6,0,0,0,149,61,42,0,159,205,0,99.72602739726028,6,1.6483516483516485,16.0,Current Asthma,10.2,True
36087,Suffern,Rockland,NY,New York,41.1546276,-74.0246616,2021,339227,362,314,47,0,1,0,0,155,53,37,0,240,122,0,99.17808219178083,1,0.2762430939226519,14.9,COPD,5.9,True
36087,Suffern,Rockland,NY,New York,41.1546276,-74.0246616,2021,339227,362,314,47,0,1,0,0,155,53,37,0,240,122,0,99.17808219178083,1,0.2762430939226519,14.9,Current Asthma,10.5,True
36091,Corinth,Saratoga,NY,New York,43.1061353,-73.8553872,2021,237359,354,339,15,0,0,0,0,93,45,31,0,354,0,0,96.98630136986301,0,0.0,15.3,COPD,5.5,True
36091,Corinth,Saratoga,NY,New York,43.1061353,-73.8553872,2021,237359,354,339,15,0,0,0,0,93,45,31,0,354,0,0,96.98630136986301,0,0.0,15.3,Current Asthma,10.6,True
36101,Hornell,Steuben,NY,New York,42.2667252,-77.3855253,2021,92948,365,285,79,1,0,0,0,124,59,38,0,187,178,0,100.0,1,0.273972602739726,19.9,COPD,7.3,True
36101,Hornell,Steuben,NY,New York,42.2667252,-77.3855253,2021,92948,365,285,79,1,0,0,0,124,59,38,0,187,178,0,100.0,1,0.273972602739726,19.9,Current Asthma,11.6,True
36103,Port Jefferson,Suffolk,NY,New York,40.943554,-72.6922183,2021,1526344,365,281,73,10,1,0,0,154,58,42,0,247,118,0,100.0,11,3.0136986301369864,12.5,COPD,5.1,True
36103,Port Jefferson,Suffolk,NY,New York,40.943554,-72.6922183,2021,1526344,365,281,73,10,1,0,0,154,58,42,0,247,118,0,100.0,11,3.0136986301369864,12.5,Current Asthma,9.9,True
36109,Ithaca,Tompkins,NY,New York,42.4530063,-76.4734835,2021,105162,360,334,25,1,0,0,0,105,48,35,0,360,0,0,98.63013698630137,1,0.2777777777777778,14.3,COPD,5.8,True
36109,Ithaca,Tompkins,NY,New York,42.4530063,-76.4734835,2021,105162,360,334,25,1,0,0,0,105,48,35,0,360,0,0,98.63013698630137,1,0.2777777777777778,14.3,Current Asthma,11.3,True
36117,Newark,Wayne,NY,New York,43.2181139,-77.0494024,2021,90923,354,333,21,0,0,0,0,100,47,33,0,354,0,0,96.98630136986301,0,0.0,19.7,COPD,6.7,True
36117,Newark,Wayne,NY,New York,43.2181139,-77.0494024,2021,90923,354,333,21,0,0,0,0,100,47,33,0,354,0,0,96.98630136986301,0,0.0,19.7,Current Asthma,11.3,True
36119,Yonkers,Westchester,NY,New York,41.1526862,-73.7457526,2021,997895,365,307,52,6,0,0,0,143,56,38,0,258,107,0,100.0,6,1.643835616438356,10.9,COPD,4.5,True
36119,Yonkers,Westchester,NY,New York,41.1526862,-73.7457526,2021,997895,365,307,52,6,0,0,0,143,56,38,0,258,107,0,100.0,6,1.643835616438356,10.9,Current Asthma,9.9,True
37003,Taylorsville,Alexander,NC,North Carolina,35.9209506,-81.1774668,2021,36644,245,212,33,0,0,0,0,80,54,41,0,245,0,0,67.12328767123287,0,0.0,18.4,COPD,7.2,True
37003,Taylorsville,Alexander,NC,North Carolina,35.9209506,-81.1774668,2021,36644,245,212,33,0,0,0,0,80,54,41,0,245,0,0,67.12328767123287,0,0.0,18.4,Current Asthma,9.7,True
37021,Asheville,Buncombe,NC,North Carolina,35.6093706,-82.5304234,2021,271534,365,278,87,0,0,0,0,81,57,41,0,123,242,0,100.0,0,0.0,14.4,COPD,5.9,True
37021,Asheville,Buncombe,NC,North Carolina,35.6093706,-82.5304234,2021,271534,365,278,87,0,0,0,0,81,57,41,0,123,242,0,100.0,0,0.0,14.4,Current Asthma,9.4,True
37027,Lenoir,Caldwell,NC,North Carolina,35.9663959,-81.5125404,2021,80463,243,219,24,0,0,0,0,77,50,40,0,243,0,0,66.57534246575342,0,0.0,19.5,COPD,7.9,True
37027,Lenoir,Caldwell,NC,North Carolina,35.9663959,-81.5125404,2021,80463,243,219,24,0,0,0,0,77,50,40,0,243,0,0,66.57534246575342,0,0.0,19.5,Current Asthma,10.1,True
37031,Morehead City,Carteret,NC,North Carolina,34.8583428,-76.5358602,2021,68541,352,337,15,0,0,0,0,97,47,35,0,352,0,0,96.43835616438356,0,0.0,15.7,COPD,6.2,True
37031,Morehead City,Carteret,NC,North Carolina,34.8583428,-76.5358602,2021,68541,352,337,15,0,0,0,0,97,47,35,0,352,0,0,96.43835616438356,0,0.0,15.7,Current Asthma,9.4,True
37035,Hickory,Catawba,NC,North Carolina,35.6618826,-81.2149057,2021,161723,344,197,147,0,0,0,0,94,61,46,0,0,344,0,94.24657534246576,0,0.0,17.3,COPD,6.8,True
37035,Hickory,Catawba,NC,North Carolina,35.6618826,-81.2149057,2021,161723,344,197,147,0,0,0,0,94,61,46,0,0,344,0,94.24657534246576,0,0.0,17.3,Current Asthma,9.7,True
37051,Fayetteville,Cumberland,NC,North Carolina,35.0501921,-78.8287187,2021,335508,365,227,137,1,0,0,0,107,64,44,0,124,241,0,100.0,1,0.273972602739726,17.0,COPD,6.6,True
37051,Fayetteville,Cumberland,NC,North Carolina,35.0501921,-78.8287187,2021,335508,365,227,137,1,0,0,0,107,64,44,0,124,241,0,100.0,1,0.273972602739726,17.0,Current Asthma,10.5,True
37057,Lexington,Davidson,NC,North Carolina,35.7951312,-80.207107,2021,170637,343,190,153,0,0,0,0,97,62,47,0,0,343,0,93.97260273972603,0,0.0,18.6,COPD,7.3,True
37057,Lexington,Davidson,NC,North Carolina,35.7951312,-80.207107,2021,170637,343,190,153,0,0,0,0,97,62,47,0,0,343,0,93.97260273972603,0,0.0,18.6,Current Asthma,10.1,True
37063,Durham,Durham,NC,North Carolina,36.0338282,-78.8781246,2021,326126,365,238,127,0,0,0,0,90,59,44,0,116,249,0,100.0,0,0.0,13.2,COPD,5.2,True
37063,Durham,Durham,NC,North Carolina,36.0338282,-78.8781246,2021,326126,365,238,127,0,0,0,0,90,59,44,0,116,249,0,100.0,0,0.0,13.2,Current Asthma,9.7,True
37065,Rocky Mount,Edgecombe,NC,North Carolina,35.9170773,-77.6027422,2021,48359,363,292,71,0,0,0,0,90,55,38,0,171,192,0,99.45205479452055,0,0.0,21.3,COPD,8.1,True
37065,Rocky Mount,Edgecombe,NC,North Carolina,35.9170773,-77.6027422,2021,48359,363,292,71,0,0,0,0,90,55,38,0,171,192,0,99.45205479452055,0,0.0,21.3,Current Asthma,11.5,True
37067,Winston-Salem,Forsyth,NC,North Carolina,36.1324661,-80.2569608,2021,385523,365,201,161,3,0,0,0,124,66,48,0,131,234,0,100.0,3,0.821917808219178,16.3,COPD,6.3,True
37067,Winston-Salem,Forsyth,NC,North Carolina,36.1324661,-80.2569608,2021,385523,365,201,161,3,0,0,0,124,66,48,0,131,234,0,100.0,3,0.821917808219178,16.3,Current Asthma,10.0,True
37077,Oxford,Granville,NC,North Carolina,36.299884,-78.6576338,2021,61986,242,237,5,0,0,0,0,67,46,38,0,242,0,0,66.3013698630137,0,0.0,18.2,COPD,6.9,True
37077,Oxford,Granville,NC,North Carolina,36.299884,-78.6576338,2021,61986,242,237,5,0,0,0,0,67,46,38,0,242,0,0,66.3013698630137,0,0.0,18.2,Current Asthma,10.2,True
37081,Greensboro,Guilford,NC,North Carolina,36.079065,-79.7886652,2021,542410,365,245,120,0,0,0,0,100,62,44,0,154,209,2,100.0,0,0.0,14.5,COPD,5.9,True
37081,Greensboro,Guilford,NC,North Carolina,36.079065,-79.7886652,2021,542410,365,245,120,0,0,0,0,100,62,44,0,154,209,2,100.0,0,0.0,14.5,Current Asthma,9.8,True
37087,Waynesville,Haywood,NC,North Carolina,35.5588823,-82.9813074,2021,62476,283,229,54,0,0,0,0,93,61,43,0,240,43,0,77.53424657534246,0,0.0,17.2,COPD,6.9,True
37087,Waynesville,Haywood,NC,North Carolina,35.5588823,-82.9813074,2021,62476,283,229,54,0,0,0,0,93,61,43,0,240,43,0,77.53424657534246,0,0.0,17.2,Current Asthma,9.8,True
37101,Smithfield,Johnston,NC,North Carolina,35.5134188,-78.3673482,2021,226504,365,240,125,0,0,0,0,97,60,44,0,104,261,0,100.0,0,0.0,16.5,COPD,6.5,True
37101,Smithfield,Johnston,NC,North Carolina,35.5134188,-78.3673482,2021,226504,365,240,125,0,0,0,0,97,60,44,0,104,261,0,100.0,0,0.0,16.5,Current Asthma,9.7,True
37107,Kinston,Lenoir,NC,North Carolina,35.2400662,-77.6355141,2021,54706,306,284,22,0,0,0,0,97,49,34,0,241,0,65,83.83561643835617,0,0.0,22.7,COPD,8.6,True
37107,Kinston,Lenoir,NC,North Carolina,35.2400662,-77.6355141,2021,54706,306,284,22,0,0,0,0,97,49,34,0,241,0,65,83.83561643835617,0,0.0,22.7,Current Asthma,11.2,True
37109,Lincolnton,Lincoln,NC,North Carolina,35.4884909,-81.2268928,2021,89670,243,205,38,0,0,0,0,97,58,42,0,243,0,0,66.57534246575342,0,0.0,16.4,COPD,6.5,True
37109,Lincolnton,Lincoln,NC,North Carolina,35.4884909,-81.2268928,2021,89670,243,205,38,0,0,0,0,97,58,42,0,243,0,0,66.57534246575342,0,0.0,16.4,Current Asthma,9.5,True
37117,Jamesville,Martin,NC,North Carolina,35.8473006,-77.1196022,2021,21754,296,291,5,0,0,0,0,74,46,32,0,238,0,58,81.0958904109589,0,0.0,21.4,COPD,8.1,True
37117,Jamesville,Martin,NC,North Carolina,35.8473006,-77.1196022,2021,21754,296,291,5,0,0,0,0,74,46,32,0,238,0,58,81.0958904109589,0,0.0,21.4,Current Asthma,11.2,True
37119,Charlotte,Mecklenburg,NC,North Carolina,35.2468623,-80.8338317,2021,1122276,365,188,175,2,0,0,0,128,67,49,0,108,257,0,100.0,2,0.547945205479452,12.6,COPD,5.1,True
37119,Charlotte,Mecklenburg,NC,North Carolina,35.2468623,-80.8338317,2021,1122276,365,188,175,2,0,0,0,128,67,49,0,108,257,0,100.0,2,0.547945205479452,12.6,Current Asthma,9.4,True
37121,Spruce Pine,Mitchell,NC,North Carolina,36.013102,-82.1635541,2021,14963,356,296,60,0,0,0,0,82,53,31,0,0,356,0,97.53424657534246,0,0.0,17.6,COPD,7.1,True
37121,Spruce Pine,Mitchell,NC,North Carolina,36.013102,-82.1635541,2021,14963,356,296,60,0,0,0,0,82,53,31,0,0,356,0,97.53424657534246,0,0.0,17.6,Current Asthma,9.7,True
37123,Candor,Montgomery,NC,North Carolina,35.3275482,-79.9107517,2021,25798,365,257,108,0,0,0,0,80,58,43,0,139,226,0,100.0,0,0.0,19.2,COPD,7.7,True
37123,Candor,Montgomery,NC,North Carolina,35.3275482,-79.9107517,2021,25798,365,257,108,0,0,0,0,80,58,43,0,139,226,0,100.0,0,0.0,19.2,Current Asthma,10.3,True
37129,Wilmington,New Hanover,NC,North Carolina,34.1834455,-77.8642043,2021,229018,360,286,74,0,0,0,0,93,55,40,0,105,255,0,98.63013698630137,0,0.0,14.3,COPD,5.8,True
37129,Wilmington,New Hanover,NC,North Carolina,34.1834455,-77.8642043,2021,229018,360,286,74,0,0,0,0,93,55,40,0,105,255,0,98.63013698630137,0,0.0,14.3,Current Asthma,9.6,True
37131,Gaston,Northampton,NC,North Carolina,36.4217739,-77.3983518,2021,17129,363,270,93,0,0,0,0,94,57,34,4,0,359,0,99.45205479452055,0,0.0,22.0,COPD,8.2,False
37131,Gaston,Northampton,NC,North Carolina,36.4217739,-77.3983518,2021,17129,363,270,93,0,0,0,0,94,57,34,4,0,359,0,99.45205479452055,0,0.0,22.0,Current Asthma,11.3,False
37147,Greenville,Pitt,NC,North Carolina,35.5924897,-77.3727387,2021,172169,360,288,72,0,0,0,0,81,55,39,0,137,223,0,98.63013698630137,0,0.0,16.7,COPD,6.6,True
37147,Greenville,Pitt,NC,North Carolina,35.5924897,-77.3727387,2021,172169,360,288,72,0,0,0,0,81,55,39,0,137,223,0,98.63013698630137,0,0.0,16.7,Current Asthma,10.3,True
37157,Eden,Rockingham,NC,North Carolina,36.3818062,-79.7827539,2021,91266,239,200,39,0,0,0,0,90,58,43,0,239,0,0,65.47945205479452,0,0.0,20.0,COPD,7.9,True
37157,Eden,Rockingham,NC,North Carolina,36.3818062,-79.7827539,2021,91266,239,200,39,0,0,0,0,90,58,43,0,239,0,0,65.47945205479452,0,0.0,20.0,Current Asthma,10.5,True
37159,Salisbury,Rowan,NC,North Carolina,35.641355,-80.5217214,2021,148150,364,244,120,0,0,0,0,87,63,44,0,181,183,0,99.72602739726028,0,0.0,19.3,COPD,7.4,True
37159,Salisbury,Rowan,NC,North Carolina,35.641355,-80.5217214,2021,148150,364,244,120,0,0,0,0,87,63,44,0,181,183,0,99.72602739726028,0,0.0,19.3,Current Asthma,10.1,True
37173,Bryson City (RR name Bryson),Swain,NC,North Carolina,35.5688491,-83.4656136,2021,14136,354,261,92,1,0,0,0,147,58,40,0,200,154,0,96.98630136986301,1,0.2824858757062147,22.6,COPD,8.4,True
37173,Bryson City (RR name Bryson),Swain,NC,North Carolina,35.5688491,-83.4656136,2021,14136,354,261,92,1,0,0,0,147,58,40,0,200,154,0,96.98630136986301,1,0.2824858757062147,22.6,Current Asthma,11.1,True
37179,Monroe,Union,NC,North Carolina,34.9918204,-80.5304264,2021,243648,244,209,34,1,0,0,0,101,58,42,0,244,0,0,66.84931506849315,1,0.4098360655737705,13.6,COPD,5.4,True
37179,Monroe,Union,NC,North Carolina,34.9918204,-80.5304264,2021,243648,244,209,34,1,0,0,0,101,58,42,0,244,0,0,66.84931506849315,1,0.4098360655737705,13.6,Current Asthma,9.1,True
37183,Raleigh,Wake,NC,North Carolina,35.7898464,-78.650624,2021,1150204,365,199,166,0,0,0,0,96,65,48,1,109,255,0,100.0,0,0.0,10.5,COPD,4.5,True
37183,Raleigh,Wake,NC,North Carolina,35.7898464,-78.650624,2021,1150204,365,199,166,0,0,0,0,96,65,48,1,109,255,0,100.0,0,0.0,10.5,Current Asthma,8.9,True
37199,Burnsville,Yancey,NC,North Carolina,35.8893259,-82.3039535,2021,18757,240,186,54,0,0,0,0,90,61,44,0,240,0,0,65.75342465753424,0,0.0,18.7,COPD,7.5,True
37199,Burnsville,Yancey,NC,North Carolina,35.8893259,-82.3039535,2021,18757,240,186,54,0,0,0,0,90,61,44,0,240,0,0,65.75342465753424,0,0.0,18.7,Current Asthma,9.8,True
38013,Lignite,Burke,ND,North Dakota,48.7864534,-102.5200874,2021,2158,365,283,73,7,2,0,0,183,67,38,0,222,141,2,100.0,9,2.4657534246575343,15.4,COPD,5.1,True
38013,Lignite,Burke,ND,North Dakota,48.7864534,-102.5200874,2021,2158,365,283,73,7,2,0,0,183,67,38,0,222,141,2,100.0,9,2.4657534246575343,15.4,Current Asthma,8.7,True
38015,Bismarck,Burleigh,ND,North Dakota,46.9788291,-100.4695326,2021,98933,365,265,83,12,5,0,0,183,70,38,3,124,235,3,100.0,17,4.657534246575342,14.7,COPD,4.7,True
38015,Bismarck,Burleigh,ND,North Dakota,46.9788291,-100.4695326,2021,98933,365,265,83,12,5,0,0,183,70,38,3,124,235,3,100.0,17,4.657534246575342,14.7,Current Asthma,8.9,True
38017,Fargo,Cass,ND,North Dakota,46.9270033,-97.2523747,2021,186562,363,227,119,8,8,1,0,211,74,42,0,132,231,0,99.45205479452055,17,4.683195592286501,13.2,COPD,4.6,True
38017,Fargo,Cass,ND,North Dakota,46.9270033,-97.2523747,2021,186562,363,227,119,8,8,1,0,211,74,42,0,132,231,0,99.45205479452055,17,4.683195592286501,13.2,Current Asthma,8.7,True
38025,Dunn Center,Dunn,ND,North Dakota,47.3545572,-102.6123216,2021,4035,365,277,78,7,3,0,0,184,68,39,0,238,125,2,100.0,10,2.73972602739726,17.0,COPD,5.5,True
38025,Dunn Center,Dunn,ND,North Dakota,47.3545572,-102.6123216,2021,4035,365,277,78,7,3,0,0,184,68,39,0,238,125,2,100.0,10,2.73972602739726,17.0,Current Asthma,8.9,True
38053,Mandaree,McKenzie,ND,North Dakota,47.7424751,-103.4032148,2021,13819,356,286,62,6,2,0,0,183,72,36,0,237,116,3,97.53424657534246,8,2.247191011235955,17.5,COPD,5.8,True
38053,Mandaree,McKenzie,ND,North Dakota,47.7424751,-103.4032148,2021,13819,356,286,62,6,2,0,0,183,72,36,0,237,116,3,97.53424657534246,8,2.247191011235955,17.5,Current Asthma,9.1,True
38057,Beulah,Mercer,ND,North Dakota,47.3071473,-101.8333279,2021,8323,365,279,77,5,4,0,0,174,68,38,2,218,145,0,100.0,9,2.4657534246575343,17.5,COPD,5.8,True
38057,Beulah,Mercer,ND,North Dakota,47.3071473,-101.8333279,2021,8323,365,279,77,5,4,0,0,174,68,38,2,218,145,0,100.0,9,2.4657534246575343,17.5,Current Asthma,9.0,True
38101,Minot,Ward,ND,North Dakota,48.2166858,-101.5405369,2021,69071,360,284,62,10,4,0,0,173,67,37,1,180,179,0,98.63013698630137,14,3.888888888888889,15.6,COPD,5.2,True
38101,Minot,Ward,ND,North Dakota,48.2166858,-101.5405369,2021,69071,360,284,62,10,4,0,0,173,67,37,1,180,179,0,98.63013698630137,14,3.888888888888889,15.6,Current Asthma,8.7,True
39003,Lima,Allen,OH,Ohio,40.7716274,-84.1061032,2021,101670,365,260,105,0,0,0,0,87,61,42,0,178,187,0,100.0,0,0.0,21.9,COPD,8.0,True
39003,Lima,Allen,OH,Ohio,40.7716274,-84.1061032,2021,101670,365,260,105,0,0,0,0,87,61,42,0,178,187,0,100.0,0,0.0,21.9,Current Asthma,10.6,True
39007,Conneaut,Ashtabula,OH,Ohio,41.9066369,-80.7455916,2021,97337,243,213,28,2,0,0,0,112,58,38,0,243,0,0,66.57534246575342,2,0.823045267489712,26.8,COPD,10.0,True
39007,Conneaut,Ashtabula,OH,Ohio,41.9066369,-80.7455916,2021,97337,243,213,28,2,0,0,0,112,58,38,0,243,0,0,66.57534246575342,2,0.823045267489712,26.8,Current Asthma,10.9,True
39017,Middletown,Butler,OH,Ohio,39.4397469,-84.5657341,2021,390234,365,128,232,5,0,0,0,116,75,55,0,64,289,12,100.0,5,1.36986301369863,18.1,COPD,7.1,True
39017,Middletown,Butler,OH,Ohio,39.4397469,-84.5657341,2021,390234,365,128,232,5,0,0,0,116,75,55,0,64,289,12,100.0,5,1.36986301369863,18.1,Current Asthma,10.3,True
39023,Springfield,Clark,OH,Ohio,39.9170315,-83.783676,2021,135633,365,169,196,0,0,0,0,100,68,52,0,78,287,0,100.0,0,0.0,21.9,COPD,8.6,True
39023,Springfield,Clark,OH,Ohio,39.9170315,-83.783676,2021,135633,365,169,196,0,0,0,0,100,68,52,0,78,287,0,100.0,0,0.0,21.9,Current Asthma,10.9,True
39025,Batavia,Clermont,OH,Ohio,39.0520537,-84.1494847,2021,209642,364,263,101,0,0,0,0,97,58,42,0,171,193,0,99.72602739726028,0,0.0,19.7,COPD,7.2,True
39025,Batavia,Clermont,OH,Ohio,39.0520537,-84.1494847,2021,209642,364,263,101,0,0,0,0,97,58,42,0,171,193,0,99.72602739726028,0,0.0,19.7,Current Asthma,10.1,True
39027,Wilmington,Clinton,OH,Ohio,39.4166813,-83.8045826,2021,42004,240,209,31,0,0,0,0,84,54,39,0,240,0,0,65.75342465753424,0,0.0,21.9,COPD,8.4,True
39027,Wilmington,Clinton,OH,Ohio,39.4166813,-83.8045826,2021,42004,240,209,31,0,0,0,0,84,54,39,0,240,0,0,65.75342465753424,0,0.0,21.9,Current Asthma,10.7,True
39035,Cleveland,Cuyahoga,OH,Ohio,41.555037,-81.6049566,2021,1249387,365,100,261,4,0,0,0,115,77,57,0,75,284,6,100.0,4,1.095890410958904,18.7,COPD,7.4,True
39035,Cleveland,Cuyahoga,OH,Ohio,41.555037,-81.6049566,2021,1249387,365,100,261,4,0,0,0,115,77,57,0,75,284,6,100.0,4,1.095890410958904,18.7,Current Asthma,10.7,True
39041,Delaware,Delaware,OH,Ohio,40.2789411,-83.0074622,2021,220740,240,222,18,0,0,0,0,77,49,38,0,240,0,0,65.75342465753424,0,0.0,11.1,COPD,4.7,True
39041,Delaware,Delaware,OH,Ohio,40.2789411,-83.0074622,2021,220740,240,222,18,0,0,0,0,77,49,38,0,240,0,0,65.75342465753424,0,0.0,11.1,Current Asthma,9.0,True
39049,Columbus,Franklin,OH,Ohio,39.9698749,-83.0090858,2021,1321414,365,170,195,0,0,0,0,100,70,52,1,88,276,0,100.0,0,0.0,17.0,COPD,6.7,True
39049,Columbus,Franklin,OH,Ohio,39.9698749,-83.0090858,2021,1321414,365,170,195,0,0,0,0,100,70,52,1,88,276,0,100.0,0,0.0,17.0,Current Asthma,10.2,True
39055,Bainbridge,Geauga,OH,Ohio,41.4993217,-81.1735054,2021,95565,216,176,40,0,0,0,0,97,71,41,0,216,0,0,59.178082191780824,0,0.0,16.4,COPD,6.5,True
39055,Bainbridge,Geauga,OH,Ohio,41.4993217,-81.1735054,2021,95565,216,176,40,0,0,0,0,97,71,41,0,216,0,0,59.178082191780824,0,0.0,16.4,Current Asthma,9.9,True
39057,Fairborn,Greene,OH,Ohio,39.6874785,-83.8948943,2021,168412,244,221,23,0,0,0,0,97,50,39,0,244,0,0,66.84931506849315,0,0.0,15.9,COPD,6.4,True
39057,Fairborn,Greene,OH,Ohio,39.6874785,-83.8948943,2021,168412,244,221,23,0,0,0,0,97,50,39,0,244,0,0,66.84931506849315,0,0.0,15.9,Current Asthma,10.1,True
39061,Cincinnati,Hamilton,OH,Ohio,39.1969272,-84.5441868,2021,826139,365,109,251,5,0,0,0,140,77,56,6,58,301,0,100.0,5,1.36986301369863,17.2,COPD,6.5,True
39061,Cincinnati,Hamilton,OH,Ohio,39.1969272,-84.5441868,2021,826139,365,109,251,5,0,0,0,140,77,56,6,58,301,0,100.0,5,1.36986301369863,17.2,Current Asthma,10.5,True
39081,Steubenville,Jefferson,OH,Ohio,40.3993836,-80.7635272,2021,64789,358,123,232,2,1,0,0,157,74,55,0,49,309,0,98.08219178082192,3,0.8379888268156425,24.1,COPD,9.0,True
39081,Steubenville,Jefferson,OH,Ohio,40.3993836,-80.7635272,2021,64789,358,123,232,2,1,0,0,157,74,55,0,49,309,0,98.08219178082192,3,0.8379888268156425,24.1,Current Asthma,10.9,True
39083,Centerburg,Knox,OH,Ohio,40.4036198,-82.4223929,2021,62897,245,225,20,0,0,0,0,97,49,38,0,245,0,0,67.12328767123287,0,0.0,20.5,COPD,8.1,True
39083,Centerburg,Knox,OH,Ohio,40.4036198,-82.4223929,2021,62897,245,225,20,0,0,0,0,97,49,38,0,245,0,0,67.12328767123287,0,0.0,20.5,Current Asthma,10.5,True
39085,Painesville,Lake,OH,Ohio,41.7781416,-81.1973297,2021,232023,365,251,107,7,0,0,0,122,66,41,0,148,216,1,100.0,7,1.9178082191780823,17.2,COPD,6.7,True
39085,Painesville,Lake,OH,Ohio,41.7781416,-81.1973297,2021,232023,365,251,107,7,0,0,0,122,66,41,0,148,216,1,100.0,7,1.9178082191780823,17.2,Current Asthma,9.9,True
39087,Ironton,Lawrence,OH,Ohio,38.6038659,-82.5171856,2021,57445,365,210,155,0,0,0,0,99,62,46,0,85,280,0,100.0,0,0.0,24.1,COPD,9.6,True
39087,Ironton,Lawrence,OH,Ohio,38.6038659,-82.5171856,2021,57445,365,210,155,0,0,0,0,99,62,46,0,85,280,0,100.0,0,0.0,24.1,Current Asthma,11.2,True
39089,Newark,Licking,OH,Ohio,40.0915047,-82.4834352,2021,180401,245,227,18,0,0,0,0,87,49,38,0,245,0,0,67.12328767123287,0,0.0,17.8,COPD,7.0,True
39089,Newark,Licking,OH,Ohio,40.0915047,-82.4834352,2021,180401,245,227,18,0,0,0,0,87,49,38,0,245,0,0,67.12328767123287,0,0.0,17.8,Current Asthma,10.1,True
39093,Lorain,Lorain,OH,Ohio,41.4388045,-82.179722,2021,315595,304,208,96,0,0,0,0,90,59,41,0,150,154,0,83.28767123287672,0,0.0,19.4,COPD,7.4,True
39093,Lorain,Lorain,OH,Ohio,41.4388045,-82.179722,2021,315595,304,208,96,0,0,0,0,90,59,41,0,150,154,0,83.28767123287672,0,0.0,19.4,Current Asthma,10.6,True
39095,Toledo,Lucas,OH,Ohio,41.6823213,-83.4689033,2021,429191,364,221,138,5,0,0,0,122,69,46,0,120,244,0,99.72602739726028,5,1.3736263736263736,19.7,COPD,7.9,True
39095,Toledo,Lucas,OH,Ohio,41.6823213,-83.4689033,2021,429191,364,221,138,5,0,0,0,122,69,46,0,120,244,0,99.72602739726028,5,1.3736263736263736,19.7,Current Asthma,11.2,True
39097,London,Madison,OH,Ohio,39.8966074,-83.4008847,2021,44386,229,212,17,0,0,0,0,84,50,39,0,229,0,0,62.73972602739726,0,0.0,20.8,COPD,7.6,True
39097,London,Madison,OH,Ohio,39.8966074,-83.4008847,2021,44386,229,212,17,0,0,0,0,84,50,39,0,229,0,0,62.73972602739726,0,0.0,20.8,Current Asthma,9.9,True
39099,Youngstown,Mahoning,OH,Ohio,41.0108798,-80.7703956,2021,226762,365,205,159,1,0,0,0,110,66,47,0,86,279,0,100.0,1,0.273972602739726,21.4,COPD,8.2,True
39099,Youngstown,Mahoning,OH,Ohio,41.0108798,-80.7703956,2021,226762,365,205,159,1,0,0,0,110,66,47,0,86,279,0,100.0,1,0.273972602739726,21.4,Current Asthma,10.6,True
39103,Medina,Medina,OH,Ohio,41.1161742,-81.8997641,2021,183092,363,250,113,0,0,0,0,93,62,42,0,169,194,0,99.45205479452055,0,0.0,16.1,COPD,6.1,True
39103,Medina,Medina,OH,Ohio,41.1161742,-81.8997641,2021,183092,363,250,113,0,0,0,0,93,62,42,0,169,194,0,99.45205479452055,0,0.0,16.1,Current Asthma,9.7,True
39109,Piqua,Miami,OH,Ohio,40.0533257,-84.2284135,2021,109264,245,215,30,0,0,0,0,87,54,40,0,245,0,0,67.12328767123287,0,0.0,18.3,COPD,7.0,True
39109,Piqua,Miami,OH,Ohio,40.0533257,-84.2284135,2021,109264,245,215,30,0,0,0,0,87,54,40,0,245,0,0,67.12328767123287,0,0.0,18.3,Current Asthma,10.0,True
39113,Dayton,Montgomery,OH,Ohio,39.7537357,-84.2905915,2021,535840,357,157,199,1,0,0,0,101,71,53,0,91,266,0,97.80821917808218,1,0.2801120448179272,18.7,COPD,7.8,True
39113,Dayton,Montgomery,OH,Ohio,39.7537357,-84.2905915,2021,535840,357,157,199,1,0,0,0,101,71,53,0,91,266,0,97.80821917808218,1,0.2801120448179272,18.7,Current Asthma,11.0,True
39133,Ravenna,Portage,OH,Ohio,41.1689703,-81.1969618,2021,162382,263,205,57,1,0,0,0,108,60,40,0,217,46,0,72.05479452054794,1,0.38022813688212925,19.0,COPD,7.2,True
39133,Ravenna,Portage,OH,Ohio,41.1689703,-81.1969618,2021,162382,263,205,57,1,0,0,0,108,60,40,0,217,46,0,72.05479452054794,1,0.38022813688212925,19.0,Current Asthma,10.4,True
39135,Eaton,Preble,OH,Ohio,39.7388104,-84.6447584,2021,40867,365,205,160,0,0,0,0,97,66,47,0,108,257,0,100.0,0,0.0,20.6,COPD,7.6,True
39135,Eaton,Preble,OH,Ohio,39.7388104,-84.6447584,2021,40867,365,205,160,0,0,0,0,97,66,47,0,108,257,0,100.0,0,0.0,20.6,Current Asthma,10.2,True
39151,Canton,Stark,OH,Ohio,40.8141314,-81.3656673,2021,373834,365,154,208,3,0,0,0,127,74,53,0,90,275,0,100.0,3,0.821917808219178,21.3,COPD,7.9,True
39151,Canton,Stark,OH,Ohio,40.8141314,-81.3656673,2021,373834,365,154,208,3,0,0,0,127,74,53,0,90,275,0,100.0,3,0.821917808219178,21.3,Current Asthma,10.5,True
39153,Akron,Summit,OH,Ohio,41.1218471,-81.5349279,2021,537633,356,223,130,3,0,0,0,105,67,45,0,128,228,0,97.53424657534246,3,0.8426966292134831,19.3,COPD,7.1,True
39153,Akron,Summit,OH,Ohio,41.1218471,-81.5349279,2021,537633,356,223,130,3,0,0,0,105,67,45,0,128,228,0,97.53424657534246,3,0.8426966292134831,19.3,Current Asthma,10.5,True
39155,Warren,Trumbull,OH,Ohio,41.3063744,-80.7703998,2021,201335,363,219,141,3,0,0,0,147,67,45,0,114,249,0,99.45205479452055,3,0.8264462809917356,22.6,COPD,8.8,True
39155,Warren,Trumbull,OH,Ohio,41.3063744,-80.7703998,2021,201335,363,219,141,3,0,0,0,147,67,45,0,114,249,0,99.45205479452055,3,0.8264462809917356,22.6,Current Asthma,10.9,True
39165,Franklin,Warren,OH,Ohio,39.4256625,-84.1699402,2021,246553,360,230,128,2,0,0,0,119,65,44,0,146,214,0,98.63013698630137,2,0.5555555555555556,14.4,COPD,5.6,True
39165,Franklin,Warren,OH,Ohio,39.4256625,-84.1699402,2021,246553,360,230,128,2,0,0,0,119,65,44,0,146,214,0,98.63013698630137,2,0.5555555555555556,14.4,Current Asthma,9.3,True
39167,Marietta,Washington,OH,Ohio,39.4506764,-81.4906359,2021,59423,245,222,23,0,0,0,0,87,50,39,0,245,0,0,67.12328767123287,0,0.0,23.2,COPD,8.7,True
39167,Marietta,Washington,OH,Ohio,39.4506764,-81.4906359,2021,59423,245,222,23,0,0,0,0,87,50,39,0,245,0,0,67.12328767123287,0,0.0,23.2,Current Asthma,10.5,True
39173,Bowling Green,Wood,OH,Ohio,41.3601834,-83.6226821,2021,132472,245,216,29,0,0,0,0,90,51,39,0,245,0,0,67.12328767123287,0,0.0,16.6,COPD,6.8,True
39173,Bowling Green,Wood,OH,Ohio,41.3601834,-83.6226821,2021,132472,245,216,29,0,0,0,0,90,51,39,0,245,0,0,67.12328767123287,0,0.0,16.6,Current Asthma,10.2,True
40017,Yukon,Canadian,OK,Oklahoma,35.5433544,-97.9798891,2021,161737,333,292,38,3,0,0,0,126,54,37,0,333,0,0,91.23287671232877,3,0.9009009009009009,15.3,COPD,5.8,True
40017,Yukon,Canadian,OK,Oklahoma,35.5433544,-97.9798891,2021,161737,333,292,38,3,0,0,0,126,54,37,0,333,0,0,91.23287671232877,3,0.9009009009009009,15.3,Current Asthma,10.9,True
40019,Ardmore,Carter,OK,Oklahoma,34.2518484,-97.2879273,2021,48291,316,186,129,1,0,0,0,118,61,46,0,0,316,0,86.57534246575342,1,0.31645569620253167,20.7,COPD,7.8,True
40019,Ardmore,Carter,OK,Oklahoma,34.2518484,-97.2879273,2021,48291,316,186,129,1,0,0,0,118,61,46,0,0,316,0,86.57534246575342,1,0.31645569620253167,20.7,Current Asthma,11.5,True
40027,Moore,Cleveland,OK,Oklahoma,35.2063756,-97.3230884,2021,297597,362,144,215,3,0,0,0,129,68,53,0,83,279,0,99.17808219178083,3,0.8287292817679558,16.4,COPD,6.2,True
40027,Moore,Cleveland,OK,Oklahoma,35.2063756,-97.3230884,2021,297597,362,144,215,3,0,0,0,129,68,53,0,83,279,0,99.17808219178083,3,0.8287292817679558,16.4,Current Asthma,10.8,True
40031,Lawton,Comanche,OK,Oklahoma,34.6626252,-98.4765859,2021,122063,364,223,139,2,0,0,0,124,63,47,0,145,219,0,99.72602739726028,2,0.5494505494505495,20.0,COPD,7.2,True
40031,Lawton,Comanche,OK,Oklahoma,34.6626252,-98.4765859,2021,122063,364,223,139,2,0,0,0,124,63,47,0,145,219,0,99.72602739726028,2,0.5494505494505495,20.0,Current Asthma,11.5,True
40037,Sapulpa,Creek,OK,Oklahoma,35.9073976,-96.3801769,2021,72029,343,305,37,1,0,0,0,126,51,37,0,343,0,0,93.97260273972603,1,0.2915451895043732,21.7,COPD,7.8,True
40037,Sapulpa,Creek,OK,Oklahoma,35.9073976,-96.3801769,2021,72029,343,305,37,1,0,0,0,126,51,37,0,343,0,0,93.97260273972603,1,0.2915451895043732,21.7,Current Asthma,11.3,True
40043,Seiling,Dewey,OK,Oklahoma,35.9779598,-99.014385,2021,4417,365,261,103,1,0,0,0,116,61,44,0,196,169,0,100.0,1,0.273972602739726,20.3,COPD,7.7,True
40043,Seiling,Dewey,OK,Oklahoma,35.9779598,-99.014385,2021,4417,365,261,103,1,0,0,0,116,61,44,0,196,169,0,100.0,1,0.273972602739726,20.3,Current Asthma,11.2,True
40071,Ponca City,Kay,OK,Oklahoma,36.8148851,-97.1438616,2021,43732,354,167,178,8,1,0,0,168,72,52,0,0,354,0,96.98630136986301,9,2.5423728813559325,22.0,COPD,8.4,True
40071,Ponca City,Kay,OK,Oklahoma,36.8148851,-97.1438616,2021,43732,354,167,178,8,1,0,0,168,72,52,0,0,354,0,96.98630136986301,9,2.5423728813559325,22.0,Current Asthma,11.7,True
40075,Hobart,Kiowa,OK,Oklahoma,34.9214893,-98.9816168,2021,8410,283,221,62,0,0,0,0,100,67,43,0,283,0,0,77.53424657534246,0,0.0,22.2,COPD,8.7,False
40075,Hobart,Kiowa,OK,Oklahoma,34.9214893,-98.9816168,2021,8410,283,221,62,0,0,0,0,100,67,43,0,283,0,0,77.53424657534246,0,0.0,22.2,Current Asthma,11.8,False
40097,Pryor (corporate name Pryor Creek),Mayes,OK,Oklahoma,36.303804,-95.2356382,2021,39159,248,228,20,0,0,0,0,100,49,37,0,248,0,0,67.94520547945206,0,0.0,23.6,COPD,8.6,True
40097,Pryor (corporate name Pryor Creek),Mayes,OK,Oklahoma,36.303804,-95.2356382,2021,39159,248,228,20,0,0,0,0,100,49,37,0,248,0,0,67.94520547945206,0,0.0,23.6,Current Asthma,12.1,True
40087,Purcell,McClain,OK,Oklahoma,35.0164359,-97.4498032,2021,43516,208,168,39,1,0,0,0,101,61,40,0,208,0,0,56.986301369863014,1,0.4807692307692308,17.3,COPD,6.5,False
40087,Purcell,McClain,OK,Oklahoma,35.0164359,-97.4498032,2021,43516,208,168,39,1,0,0,0,101,61,40,0,208,0,0,56.986301369863014,1,0.4807692307692308,17.3,Current Asthma,10.8,False
40109,Oklahoma City,Oklahoma,OK,Oklahoma,35.5546109,-97.4094007,2021,798575,365,125,234,6,0,0,0,140,74,54,5,83,276,1,100.0,6,1.643835616438356,16.7,COPD,6.5,True
40109,Oklahoma City,Oklahoma,OK,Oklahoma,35.5546109,-97.4094007,2021,798575,365,125,234,6,0,0,0,140,74,54,5,83,276,1,100.0,6,1.643835616438356,16.7,Current Asthma,10.8,True
40113,Pawhuska,Osage,OK,Oklahoma,36.6242995,-96.408112,2021,45772,327,278,49,0,0,0,0,100,58,39,0,327,0,0,89.58904109589041,0,0.0,20.8,COPD,7.6,True
40113,Pawhuska,Osage,OK,Oklahoma,36.6242995,-96.408112,2021,45772,327,278,49,0,0,0,0,100,58,39,0,327,0,0,89.58904109589041,0,0.0,20.8,Current Asthma,11.6,True
40121,McAlester,Pittsburg,OK,Oklahoma,34.9255401,-95.7481302,2021,43633,360,176,180,4,0,0,0,117,66,51,0,107,253,0,98.63013698630137,4,1.1111111111111112,22.2,COPD,8.3,True
40121,McAlester,Pittsburg,OK,Oklahoma,34.9255401,-95.7481302,2021,43633,360,176,180,4,0,0,0,117,66,51,0,107,253,0,98.63013698630137,4,1.1111111111111112,22.2,Current Asthma,11.7,True
40135,Marble City Community,Sequoyah,OK,Oklahoma,35.5024345,-94.7507569,2021,39508,360,250,108,2,0,0,0,122,59,41,0,125,235,0,98.63013698630137,2,0.5555555555555556,25.4,COPD,9.7,False
40135,Marble City Community,Sequoyah,OK,Oklahoma,35.5024345,-94.7507569,2021,39508,360,250,108,2,0,0,0,122,59,41,0,125,235,0,98.63013698630137,2,0.5555555555555556,25.4,Current Asthma,12.5,False
40143,Tulsa,Tulsa,OK,Oklahoma,36.1203177,-95.9418132,2021,672858,365,143,212,8,2,0,0,168,74,53,0,104,259,2,100.0,10,2.73972602739726,16.6,COPD,6.5,True
40143,Tulsa,Tulsa,OK,Oklahoma,36.1203177,-95.9418132,2021,672858,365,143,212,8,2,0,0,168,74,53,0,104,259,2,100.0,10,2.73972602739726,16.6,Current Asthma,11.1,True
40147,Bartlesville,Washington,OK,Oklahoma,36.704403,-95.9062525,2021,52772,345,168,170,7,0,0,0,139,67,51,0,128,217,0,94.52054794520548,7,2.0289855072463765,19.4,COPD,7.4,False
40147,Bartlesville,Washington,OK,Oklahoma,36.704403,-95.9062525,2021,52772,345,168,170,7,0,0,0,139,67,51,0,128,217,0,94.52054794520548,7,2.0289855072463765,19.4,Current Asthma,11.5,False
41001,Baker City,Baker,OR,Oregon,44.7034268,-117.6919334,2021,16847,364,271,88,1,4,0,0,155,60,29,0,0,364,0,99.72602739726028,5,1.3736263736263736,16.6,COPD,6.9,True
41001,Baker City,Baker,OR,Oregon,44.7034268,-117.6919334,2021,16847,364,271,88,1,4,0,0,155,60,29,0,0,364,0,99.72602739726028,5,1.3736263736263736,16.6,Current Asthma,11.2,True
41003,Corvallis,Benton,OR,Oregon,44.4938816,-123.4246641,2021,96017,365,345,20,0,0,0,0,69,45,22,0,0,365,0,100.0,0,0.0,12.4,COPD,5.5,True
41003,Corvallis,Benton,OR,Oregon,44.4938816,-123.4246641,2021,96017,365,345,20,0,0,0,0,69,45,22,0,0,365,0,100.0,0,0.0,12.4,Current Asthma,10.5,True
41005,Milwaukie,Clackamas,OR,Oregon,45.1604934,-122.1951274,2021,422537,354,320,33,0,1,0,0,161,50,31,0,134,220,0,96.98630136986301,1,0.2824858757062147,12.3,COPD,5.0,True
41005,Milwaukie,Clackamas,OR,Oregon,45.1604934,-122.1951274,2021,422537,354,320,33,0,1,0,0,161,50,31,0,134,220,0,96.98630136986301,1,0.2824858757062147,12.3,Current Asthma,10.7,True
41009,St. Helens,Columbia,OR,Oregon,45.941932,-123.081079,2021,53074,345,319,26,0,0,0,0,66,47,29,0,119,226,0,94.52054794520548,0,0.0,16.0,COPD,6.5,True
41009,St. Helens,Columbia,OR,Oregon,45.941932,-123.081079,2021,53074,345,319,26,0,0,0,0,66,47,29,0,119,226,0,94.52054794520548,0,0.0,16.0,Current Asthma,11.1,True
41013,Prineville,Crook,OR,Oregon,44.1630537,-120.3715849,2021,25739,365,281,75,6,3,0,0,190,62,28,0,0,365,0,100.0,9,2.4657534246575343,16.0,COPD,6.5,True
41013,Prineville,Crook,OR,Oregon,44.1630537,-120.3715849,2021,25739,365,281,75,6,3,0,0,190,62,28,0,0,365,0,100.0,9,2.4657534246575343,16.0,Current Asthma,11.1,True
41017,Bend,Deschutes,OR,Oregon,43.9151181,-121.2255751,2021,204801,365,298,47,10,7,2,1,403,61,25,0,0,365,0,100.0,20,5.47945205479452,12.6,COPD,5.4,True
41017,Bend,Deschutes,OR,Oregon,43.9151181,-121.2255751,2021,204801,365,298,47,10,7,2,1,403,61,25,0,0,365,0,100.0,20,5.47945205479452,12.6,Current Asthma,10.7,True
41019,Roseburg,Douglas,OR,Oregon,43.2863277,-123.154476,2021,111978,365,304,56,3,2,0,0,186,54,29,0,0,365,0,100.0,5,1.36986301369863,17.5,COPD,7.0,False
41019,Roseburg,Douglas,OR,Oregon,43.2863277,-123.154476,2021,111978,365,304,56,3,2,0,0,186,54,29,0,0,365,0,100.0,5,1.36986301369863,17.5,Current Asthma,11.3,False
41023,John Day,Grant,OR,Oregon,44.4963261,-119.0140572,2021,7272,365,178,177,5,5,0,0,175,74,51,0,0,365,0,100.0,10,2.73972602739726,17.8,COPD,7.2,True
41023,John Day,Grant,OR,Oregon,44.4963261,-119.0140572,2021,7272,365,178,177,5,5,0,0,175,74,51,0,0,365,0,100.0,10,2.73972602739726,17.8,Current Asthma,11.4,True
41025,Burns,Harney,OR,Oregon,43.0644492,-118.9871695,2021,7575,365,191,165,5,4,0,0,185,71,48,0,0,365,0,100.0,9,2.4657534246575343,18.9,COPD,7.8,True
41025,Burns,Harney,OR,Oregon,43.0644492,-118.9871695,2021,7575,365,191,165,5,4,0,0,185,71,48,0,0,365,0,100.0,9,2.4657534246575343,18.9,Current Asthma,11.6,True
41031,Madras,Jefferson,OR,Oregon,44.6451505,-121.1786315,2021,25068,365,282,77,4,2,0,0,173,61,28,0,0,365,0,100.0,6,1.643835616438356,17.3,COPD,6.8,True
41031,Madras,Jefferson,OR,Oregon,44.6451505,-121.1786315,2021,25068,365,282,77,4,2,0,0,173,61,28,0,0,365,0,100.0,6,1.643835616438356,17.3,Current Asthma,11.3,True
41033,Grants Pass,Josephine,OR,Oregon,42.3869829,-123.5716197,2021,88346,365,240,106,10,9,0,0,188,75,36,0,0,365,0,100.0,19,5.205479452054795,19.0,COPD,7.6,True
41033,Grants Pass,Josephine,OR,Oregon,42.3869829,-123.5716197,2021,88346,365,240,106,10,9,0,0,188,75,36,0,0,365,0,100.0,19,5.205479452054795,19.0,Current Asthma,11.6,True
41037,Lakeview,Lake,OR,Oregon,42.7884009,-120.3897896,2021,8276,365,240,102,17,6,0,0,188,85,28,0,0,365,0,100.0,23,6.301369863013699,19.3,COPD,7.8,True
41037,Lakeview,Lake,OR,Oregon,42.7884009,-120.3897896,2021,8276,365,240,102,17,6,0,0,188,85,28,0,0,365,0,100.0,23,6.301369863013699,19.3,Current Asthma,11.3,True
41039,Eugene,Lane,OR,Oregon,43.9283337,-122.8975806,2021,383189,365,214,131,6,13,1,0,230,74,44,0,75,289,1,100.0,20,5.47945205479452,14.4,COPD,6.4,False
41039,Eugene,Lane,OR,Oregon,43.9283337,-122.8975806,2021,383189,365,214,131,6,13,1,0,230,74,44,0,75,289,1,100.0,20,5.47945205479452,14.4,Current Asthma,11.6,False
41043,Albany,Linn,OR,Oregon,44.4888982,-122.5372084,2021,129839,365,268,96,1,0,0,0,136,61,34,0,0,365,0,100.0,1,0.273972602739726,15.5,COPD,6.7,True
41043,Albany,Linn,OR,Oregon,44.4888982,-122.5372084,2021,129839,365,268,96,1,0,0,0,136,61,34,0,0,365,0,100.0,1,0.273972602739726,15.5,Current Asthma,11.3,True
41047,Salem,Marion,OR,Oregon,44.9008984,-122.5762602,2021,347119,363,280,83,0,0,0,0,93,60,36,0,124,239,0,99.45205479452055,0,0.0,16.3,COPD,6.6,True
41047,Salem,Marion,OR,Oregon,44.9008984,-122.5762602,2021,347119,363,280,83,0,0,0,0,93,60,36,0,124,239,0,99.45205479452055,0,0.0,16.3,Current Asthma,11.5,True
41051,Portland,Multnomah,OR,Oregon,45.5477107,-122.4173625,2021,803377,365,294,70,1,0,0,0,105,57,36,1,188,176,0,100.0,1,0.273972602739726,13.1,COPD,5.2,True
41051,Portland,Multnomah,OR,Oregon,45.5477107,-122.4173625,2021,803377,365,294,70,1,0,0,0,105,57,36,1,188,176,0,100.0,1,0.273972602739726,13.1,Current Asthma,10.9,True
41059,Pendleton,Umatilla,OR,Oregon,45.5911997,-118.7338795,2021,79988,365,265,92,6,2,0,0,169,64,38,0,114,251,0,100.0,8,2.191780821917808,17.6,COPD,7.0,True
41059,Pendleton,Umatilla,OR,Oregon,45.5911997,-118.7338795,2021,79988,365,265,92,6,2,0,0,169,64,38,0,114,251,0,100.0,8,2.191780821917808,17.6,Current Asthma,11.0,True
41061,La Grande,Union,OR,Oregon,45.3040809,-117.9991488,2021,26212,360,304,49,5,2,0,0,170,61,27,0,0,358,2,98.63013698630137,7,1.9444444444444444,17.0,COPD,6.8,True
41061,La Grande,Union,OR,Oregon,45.3040809,-117.9991488,2021,26212,360,304,49,5,2,0,0,170,61,27,0,0,358,2,98.63013698630137,7,1.9444444444444444,17.0,Current Asthma,11.2,True
41063,Enterprise,Wallowa,OR,Oregon,45.593753,-117.1855796,2021,7545,365,280,75,6,4,0,0,162,63,26,0,0,365,0,100.0,10,2.73972602739726,14.3,COPD,5.9,True
41063,Enterprise,Wallowa,OR,Oregon,45.593753,-117.1855796,2021,7545,365,280,75,6,4,0,0,162,63,26,0,0,365,0,100.0,10,2.73972602739726,14.3,Current Asthma,11.0,True
41065,City of The Dalles,Wasco,OR,Oregon,45.1645359,-121.1650693,2021,26726,319,287,30,1,1,0,0,163,51,22,0,0,319,0,87.3972602739726,2,0.6269592476489028,16.0,COPD,6.7,False
41065,City of The Dalles,Wasco,OR,Oregon,45.1645359,-121.1650693,2021,26726,319,287,30,1,1,0,0,163,51,22,0,0,319,0,87.3972602739726,2,0.6269592476489028,16.0,Current Asthma,11.1,False
41067,Hillsboro,Washington,OR,Oregon,45.5535419,-123.0976146,2021,600811,365,276,89,0,0,0,0,100,58,36,4,139,222,0,100.0,0,0.0,10.4,COPD,4.5,True
41067,Hillsboro,Washington,OR,Oregon,45.5535419,-123.0976146,2021,600811,365,276,89,0,0,0,0,100,58,36,4,139,222,0,100.0,0,0.0,10.4,Current Asthma,10.0,True
42001,Biglerville,Adams,PA,Pennsylvania,39.8694707,-77.2177296,2021,104127,364,206,155,3,0,0,0,129,67,47,0,145,219,0,99.72602739726028,3,0.8241758241758242,17.5,COPD,6.2,False
42001,Biglerville,Adams,PA,Pennsylvania,39.8694707,-77.2177296,2021,104127,364,206,155,3,0,0,0,129,67,47,0,145,219,0,99.72602739726028,3,0.8241758241758242,17.5,Current Asthma,10.5,False
42003,Pittsburgh,Allegheny,PA,Pennsylvania,40.4697574,-79.9804515,2021,1238090,365,118,240,6,1,0,0,154,84,57,0,63,302,0,100.0,7,1.9178082191780823,16.0,COPD,5.4,False
42003,Pittsburgh,Allegheny,PA,Pennsylvania,40.4697574,-79.9804515,2021,1238090,365,118,240,6,1,0,0,154,84,57,0,63,302,0,100.0,7,1.9178082191780823,16.0,Current Asthma,10.6,False
42005,Kittanning,Armstrong,PA,Pennsylvania,40.8123805,-79.4641285,2021,65093,350,184,165,1,0,0,0,108,70,48,0,122,228,0,95.8904109589041,1,0.2857142857142857,20.1,COPD,7.0,False
42005,Kittanning,Armstrong,PA,Pennsylvania,40.8123805,-79.4641285,2021,65093,350,184,165,1,0,0,0,108,70,48,0,122,228,0,95.8904109589041,1,0.2857142857142857,20.1,Current Asthma,10.7,False
42007,Baden,Beaver,PA,Pennsylvania,40.6841401,-80.3507209,2021,166624,365,170,192,3,0,0,0,125,67,52,0,95,270,0,100.0,3,0.821917808219178,19.0,COPD,6.4,False
42007,Baden,Beaver,PA,Pennsylvania,40.6841401,-80.3507209,2021,166624,365,170,192,3,0,0,0,125,67,52,0,95,270,0,100.0,3,0.821917808219178,19.0,Current Asthma,10.7,False
42011,Laureldale,Berks,PA,Pennsylvania,40.4139565,-75.9268598,2021,429342,365,198,162,5,0,0,0,133,71,48,0,133,232,0,100.0,5,1.36986301369863,18.4,COPD,6.4,False
42011,Laureldale,Berks,PA,Pennsylvania,40.4139565,-75.9268598,2021,429342,365,198,162,5,0,0,0,133,71,48,0,133,232,0,100.0,5,1.36986301369863,18.4,Current Asthma,10.5,False
42013,Altoona,Blair,PA,Pennsylvania,40.4986828,-78.309597,2021,121767,336,206,128,2,0,0,0,120,64,45,0,79,257,0,92.05479452054794,2,0.5952380952380952,20.8,COPD,7.0,False
42013,Altoona,Blair,PA,Pennsylvania,40.4986828,-78.309597,2021,121767,336,206,128,2,0,0,0,120,64,45,0,79,257,0,92.05479452054794,2,0.5952380952380952,20.8,Current Asthma,10.9,False
42015,Towanda,Bradford,PA,Pennsylvania,41.7915044,-76.5021231,2021,59892,356,242,113,1,0,0,0,116,61,42,0,110,246,0,97.53424657534246,1,0.2808988764044944,21.2,COPD,7.4,False
42015,Towanda,Bradford,PA,Pennsylvania,41.7915044,-76.5021231,2021,59892,356,242,113,1,0,0,0,116,61,42,0,110,246,0,97.53424657534246,1,0.2808988764044944,21.2,Current Asthma,10.9,False
42017,Bristol,Bucks,PA,Pennsylvania,40.3368872,-75.10706,2021,646098,283,239,34,10,0,0,0,143,64,37,0,283,0,0,77.53424657534246,10,3.53356890459364,14.5,COPD,4.9,False
42017,Bristol,Bucks,PA,Pennsylvania,40.3368872,-75.10706,2021,646098,283,239,34,10,0,0,0,143,64,37,0,283,0,0,77.53424657534246,10,3.53356890459364,14.5,Current Asthma,10.0,False
42021,Johnstown,Cambria,PA,Pennsylvania,40.5102268,-78.7104774,2021,132167,353,169,183,1,0,0,0,130,65,51,0,63,287,0,96.7123287671233,1,0.28328611898017,20.4,COPD,7.0,False
42021,Johnstown,Cambria,PA,Pennsylvania,40.5102268,-78.7104774,2021,132167,353,169,183,1,0,0,0,130,65,51,0,63,287,0,96.7123287671233,1,0.28328611898017,20.4,Current Asthma,10.9,False
42027,State College,Centre,PA,Pennsylvania,40.9091275,-77.8478769,2021,157527,365,241,123,1,0,0,0,114,64,43,0,162,203,0,100.0,1,0.273972602739726,16.9,COPD,6.1,False
42027,State College,Centre,PA,Pennsylvania,40.9091275,-77.8478769,2021,157527,365,241,123,1,0,0,0,114,64,43,0,162,203,0,100.0,1,0.273972602739726,16.9,Current Asthma,10.2,False
42029,Downingtown,Chester,PA,Pennsylvania,39.9740287,-75.7497512,2021,538649,347,215,130,2,0,0,0,138,63,45,0,105,242,0,95.06849315068493,2,0.5763688760806917,12.1,COPD,4.5,False
42029,Downingtown,Chester,PA,Pennsylvania,39.9740287,-75.7497512,2021,538649,347,215,130,2,0,0,0,138,63,45,0,105,242,0,95.06849315068493,2,0.5763688760806917,12.1,Current Asthma,9.7,False
42041,Carlisle,Cumberland,PA,Pennsylvania,40.1648047,-77.2634419,2021,262919,365,209,155,1,0,0,0,114,63,47,0,0,365,0,100.0,1,0.273972602739726,14.9,COPD,5.3,False
42041,Carlisle,Cumberland,PA,Pennsylvania,40.1648047,-77.2634419,2021,262919,365,209,155,1,0,0,0,114,63,47,0,0,365,0,100.0,1,0.273972602739726,14.9,Current Asthma,10.1,False
42043,Harrisburg,Dauphin,PA,Pennsylvania,40.4125646,-76.7926343,2021,287400,359,155,202,2,0,0,0,127,71,52,0,78,281,0,98.35616438356163,2,0.5571030640668524,16.9,COPD,6.0,False
42043,Harrisburg,Dauphin,PA,Pennsylvania,40.4125646,-76.7926343,2021,287400,359,155,202,2,0,0,0,127,71,52,0,78,281,0,98.35616438356163,2,0.5571030640668524,16.9,Current Asthma,10.7,False
42045,Chester,Delaware,PA,Pennsylvania,39.9166853,-75.3988178,2021,573849,365,182,180,3,0,0,0,142,67,51,3,92,270,0,100.0,3,0.821917808219178,15.7,COPD,5.4,False
42045,Chester,Delaware,PA,Pennsylvania,39.9166853,-75.3988178,2021,573849,365,182,180,3,0,0,0,142,67,51,3,92,270,0,100.0,3,0.821917808219178,15.7,Current Asthma,10.3,False
42049,Erie,Erie,PA,Pennsylvania,42.1179519,-80.0963858,2021,269011,329,255,74,0,0,0,0,92,57,38,18,137,163,9,90.13698630136986,0,0.0,19.7,COPD,6.9,False
42049,Erie,Erie,PA,Pennsylvania,42.1179519,-80.0963858,2021,269011,329,255,74,0,0,0,0,92,57,38,18,137,163,9,90.13698630136986,0,0.0,19.7,Current Asthma,11.1,False
42051,Brownsville,Fayette,PA,Pennsylvania,39.9189072,-79.6401194,2021,126931,354,227,126,1,0,0,0,113,60,43,0,83,271,0,96.98630136986301,1,0.2824858757062147,22.4,COPD,7.8,False
42051,Brownsville,Fayette,PA,Pennsylvania,39.9189072,-79.6401194,2021,126931,354,227,126,1,0,0,0,113,60,43,0,83,271,0,96.98630136986301,1,0.2824858757062147,22.4,Current Asthma,11.1,False
42055,Chambersburg,Franklin,PA,Pennsylvania,39.9267722,-77.7245208,2021,156289,288,274,14,0,0,0,0,77,47,35,0,288,0,0,78.9041095890411,0,0.0,18.7,COPD,6.6,False
42055,Chambersburg,Franklin,PA,Pennsylvania,39.9267722,-77.7245208,2021,156289,288,274,14,0,0,0,0,77,47,35,0,288,0,0,78.9041095890411,0,0.0,18.7,Current Asthma,10.6,False
42059,Morrisville,Greene,PA,Pennsylvania,39.8477067,-80.2256552,2021,35369,340,232,107,1,0,0,0,113,62,42,0,107,233,0,93.15068493150685,1,0.29411764705882354,21.0,COPD,7.3,False
42059,Morrisville,Greene,PA,Pennsylvania,39.8477067,-80.2256552,2021,35369,340,232,107,1,0,0,0,113,62,42,0,107,233,0,93.15068493150685,1,0.29411764705882354,21.0,Current Asthma,10.7,False
42063,Indiana,Indiana,PA,Pennsylvania,40.6514319,-79.0875451,2021,82886,348,218,128,2,0,0,0,122,63,44,0,103,245,0,95.34246575342465,2,0.5747126436781609,20.0,COPD,7.2,False
42063,Indiana,Indiana,PA,Pennsylvania,40.6514319,-79.0875451,2021,82886,348,218,128,2,0,0,0,122,63,44,0,103,245,0,95.34246575342465,2,0.5747126436781609,20.0,Current Asthma,10.9,False
42069,Scranton,Lackawanna,PA,Pennsylvania,41.4402841,-75.6096661,2021,215663,353,252,100,1,0,0,0,137,60,40,17,132,202,0,96.7123287671233,1,0.28328611898017,18.6,COPD,6.5,False
42069,Scranton,Lackawanna,PA,Pennsylvania,41.4402841,-75.6096661,2021,215663,353,252,100,1,0,0,0,137,60,40,17,132,202,0,96.7123287671233,1,0.28328611898017,18.6,Current Asthma,10.6,False
42071,Lancaster,Lancaster,PA,Pennsylvania,40.0419921,-76.250198,2021,553652,365,100,257,7,1,0,0,156,82,56,0,60,303,2,100.0,8,2.191780821917808,16.7,COPD,6.1,False
42071,Lancaster,Lancaster,PA,Pennsylvania,40.0419921,-76.250198,2021,553652,365,100,257,7,1,0,0,156,82,56,0,60,303,2,100.0,8,2.191780821917808,16.7,Current Asthma,10.6,False
42073,Bessemer (RR name Walford),Lawrence,PA,Pennsylvania,40.9927352,-80.3344455,2021,85497,278,259,19,0,0,0,0,87,47,31,0,278,0,0,76.16438356164383,0,0.0,20.3,COPD,7.2,False
42073,Bessemer (RR name Walford),Lawrence,PA,Pennsylvania,40.9927352,-80.3344455,2021,85497,278,259,19,0,0,0,0,87,47,31,0,278,0,0,76.16438356164383,0,0.0,20.3,Current Asthma,11.0,False
42075,Lebanon,Lebanon,PA,Pennsylvania,40.3714482,-76.4648185,2021,143493,365,197,166,2,0,0,0,117,69,49,0,92,273,0,100.0,2,0.547945205479452,18.5,COPD,6.6,False
42075,Lebanon,Lebanon,PA,Pennsylvania,40.3714482,-76.4648185,2021,143493,365,197,166,2,0,0,0,117,69,49,0,92,273,0,100.0,2,0.547945205479452,18.5,Current Asthma,10.5,False
42077,Allentown,Lehigh,PA,Pennsylvania,40.6142409,-75.5906269,2021,375539,353,198,154,0,1,0,0,154,66,47,0,83,262,8,96.7123287671233,1,0.28328611898017,16.8,COPD,6.0,False
42077,Allentown,Lehigh,PA,Pennsylvania,40.6142409,-75.5906269,2021,375539,353,198,154,0,1,0,0,154,66,47,0,83,262,8,96.7123287671233,1,0.28328611898017,16.8,Current Asthma,10.5,False
42079,Nanticoke,Luzerne,PA,Pennsylvania,41.1730778,-75.9760533,2021,326053,287,270,17,0,0,0,0,90,48,34,0,257,0,30,78.63013698630137,0,0.0,19.6,COPD,7.1,False
42079,Nanticoke,Luzerne,PA,Pennsylvania,41.1730778,-75.9760533,2021,326053,287,270,17,0,0,0,0,90,48,34,0,257,0,30,78.63013698630137,0,0.0,19.6,Current Asthma,10.5,False
42081,Williamsport,Lycoming,PA,Pennsylvania,41.3438824,-77.0552624,2021,113605,354,221,132,1,0,0,0,111,61,44,0,103,251,0,96.98630136986301,1,0.2824858757062147,19.0,COPD,6.9,False
42081,Williamsport,Lycoming,PA,Pennsylvania,41.3438824,-77.0552624,2021,113605,354,221,132,1,0,0,0,111,61,44,0,103,251,0,96.98630136986301,1,0.2824858757062147,19.0,Current Asthma,11.1,False
42085,Farrell,Mercer,PA,Pennsylvania,41.3000142,-80.2527863,2021,109972,363,277,85,1,0,0,0,112,61,40,0,223,140,0,99.45205479452055,1,0.27548209366391185,20.1,COPD,7.2,False
42085,Farrell,Mercer,PA,Pennsylvania,41.3000142,-80.2527863,2021,109972,363,277,85,1,0,0,0,112,61,40,0,223,140,0,99.45205479452055,1,0.27548209366391185,20.1,Current Asthma,10.8,False
42091,Collegeville,Montgomery,PA,Pennsylvania,40.2099992,-75.3702011,2021,860578,356,202,148,6,0,0,0,150,67,47,0,114,242,0,97.53424657534246,6,1.6853932584269662,12.6,COPD,4.6,False
42091,Collegeville,Montgomery,PA,Pennsylvania,40.2099992,-75.3702011,2021,860578,356,202,148,6,0,0,0,150,67,47,0,114,242,0,97.53424657534246,6,1.6853932584269662,12.6,Current Asthma,9.8,False
42095,Bethlehem,Northampton,PA,Pennsylvania,40.7527913,-75.3074468,2021,313628,365,214,147,4,0,0,0,148,67,45,3,132,230,0,100.0,4,1.095890410958904,15.9,COPD,5.6,False
42095,Bethlehem,Northampton,PA,Pennsylvania,40.7527913,-75.3074468,2021,313628,365,214,147,4,0,0,0,148,67,45,3,132,230,0,100.0,4,1.095890410958904,15.9,Current Asthma,10.2,False
42101,Philadelphia,Philadelphia,PA,Pennsylvania,40.0093755,-75.1333459,2021,1576251,365,137,217,9,2,0,0,153,77,54,10,92,263,0,100.0,11,3.0136986301369864,18.9,COPD,6.6,False
42101,Philadelphia,Philadelphia,PA,Pennsylvania,40.0093755,-75.1333459,2021,1576251,365,137,217,9,2,0,0,153,77,54,10,92,263,0,100.0,11,3.0136986301369864,18.9,Current Asthma,11.8,False
42115,New Milford,Susquehanna,PA,Pennsylvania,41.8196651,-75.8009686,2021,38389,334,252,80,2,0,0,0,133,57,35,0,0,334,0,91.5068493150685,2,0.5988023952095809,20.5,COPD,7.2,False
42115,New Milford,Susquehanna,PA,Pennsylvania,41.8196651,-75.8009686,2021,38389,334,252,80,2,0,0,0,133,57,35,0,0,334,0,91.5068493150685,2,0.5988023952095809,20.5,Current Asthma,10.7,False
42125,Monongahela,Washington,PA,Pennsylvania,40.2000054,-80.2521319,2021,209470,365,187,177,1,0,0,0,123,67,49,0,98,267,0,100.0,1,0.273972602739726,17.1,COPD,6.0,False
42125,Monongahela,Washington,PA,Pennsylvania,40.2000054,-80.2521319,2021,209470,365,187,177,1,0,0,0,123,67,49,0,98,267,0,100.0,1,0.273972602739726,17.1,Current Asthma,10.4,False
42129,Monessen,Westmoreland,PA,Pennsylvania,40.3110682,-79.4666879,2021,353057,354,196,157,1,0,0,0,124,63,47,0,28,326,0,96.98630136986301,1,0.2824858757062147,16.4,COPD,6.0,False
42129,Monessen,Westmoreland,PA,Pennsylvania,40.3110682,-79.4666879,2021,353057,354,196,157,1,0,0,0,124,63,47,0,28,326,0,96.98630136986301,1,0.2824858757062147,16.4,Current Asthma,10.5,False
42131,Tunkhannock,Wyoming,PA,Pennsylvania,41.5251726,-76.008731,2021,26034,336,254,81,1,0,0,0,127,56,34,0,0,336,0,92.05479452054794,1,0.2976190476190476,19.2,COPD,6.6,False
42131,Tunkhannock,Wyoming,PA,Pennsylvania,41.5251726,-76.008731,2021,26034,336,254,81,1,0,0,0,127,56,34,0,0,336,0,92.05479452054794,1,0.2976190476190476,19.2,Current Asthma,10.6,False
42133,York,York,PA,Pennsylvania,39.9217514,-76.7288887,2021,458696,357,168,187,2,0,0,0,148,71,51,3,91,263,0,97.80821917808218,2,0.5602240896358543,16.4,COPD,6.2,False
42133,York,York,PA,Pennsylvania,39.9217514,-76.7288887,2021,458696,357,168,187,2,0,0,0,148,71,51,3,91,263,0,97.80821917808218,2,0.5602240896358543,16.4,Current Asthma,10.6,False
44003,Warwick (RR name Apponaug),Kent,RI,Rhode Island,41.675118,-71.5802819,2021,170715,358,313,42,3,0,0,0,140,54,34,0,163,195,0,98.08219178082192,3,0.8379888268156425,14.9,COPD,5.4,True
44003,Warwick (RR name Apponaug),Kent,RI,Rhode Island,41.675118,-71.5802819,2021,170715,358,313,42,3,0,0,0,140,54,34,0,163,195,0,98.08219178082192,3,0.8379888268156425,14.9,Current Asthma,11.4,True
44007,Providence,Providence,RI,Rhode Island,41.8697678,-71.5786246,2021,658221,365,219,142,4,0,0,0,136,62,45,4,117,244,0,100.0,4,1.095890410958904,14.8,COPD,5.6,True
44007,Providence,Providence,RI,Rhode Island,41.8697678,-71.5786246,2021,658221,365,219,142,4,0,0,0,136,62,45,4,117,244,0,100.0,4,1.095890410958904,14.8,Current Asthma,12.2,True
44009,Westerly (census name Westerly Center),Washington,RI,Rhode Island,41.396792,-71.620282,2021,130592,358,306,50,2,0,0,0,143,52,36,0,173,185,0,98.08219178082192,2,0.5586592178770949,11.9,COPD,5.0,True
44009,Westerly (census name Westerly Center),Washington,RI,Rhode Island,41.396792,-71.620282,2021,130592,358,306,50,2,0,0,0,143,52,36,0,173,185,0,98.08219178082192,2,0.5586592178770949,11.9,Current Asthma,11.5,True
45003,Aiken,Aiken,SC,South Carolina,33.5500134,-81.632983,2021,170776,282,259,23,0,0,0,0,84,49,36,0,282,0,0,77.26027397260275,0,0.0,17.1,COPD,6.4,False
45003,Aiken,Aiken,SC,South Carolina,33.5500134,-81.632983,2021,170776,282,259,23,0,0,0,0,84,49,36,0,282,0,0,77.26027397260275,0,0.0,17.1,Current Asthma,9.7,False
45007,Anderson,Anderson,SC,South Carolina,34.521235,-82.6386029,2021,206908,263,240,23,0,0,0,0,87,50,38,0,263,0,0,72.05479452054794,0,0.0,18.8,COPD,7.0,False
45007,Anderson,Anderson,SC,South Carolina,34.521235,-82.6386029,2021,206908,263,240,23,0,0,0,0,87,50,38,0,263,0,0,72.05479452054794,0,0.0,18.8,Current Asthma,9.7,False
45015,Moncks Corner,Berkeley,SC,South Carolina,33.2077,-79.9536554,2021,236701,258,250,8,0,0,0,0,80,47,34,0,258,0,0,70.68493150684931,0,0.0,16.3,COPD,6.1,False
45015,Moncks Corner,Berkeley,SC,South Carolina,33.2077,-79.9536554,2021,236701,258,250,8,0,0,0,0,80,47,34,0,258,0,0,70.68493150684931,0,0.0,16.3,Current Asthma,9.3,False
45019,North Charleston,Charleston,SC,South Carolina,32.8004582,-79.94248,2021,413024,365,197,168,0,0,0,0,93,62,48,0,46,319,0,100.0,0,0.0,13.6,COPD,5.1,True
45019,North Charleston,Charleston,SC,South Carolina,32.8004582,-79.94248,2021,413024,365,197,168,0,0,0,0,93,62,48,0,46,319,0,100.0,0,0.0,13.6,Current Asthma,9.0,True
45031,Darlington,Darlington,SC,South Carolina,34.3321854,-79.9621155,2021,62755,275,257,18,0,0,0,0,74,48,35,0,275,0,0,75.34246575342466,0,0.0,22.0,COPD,7.7,False
45031,Darlington,Darlington,SC,South Carolina,34.3321854,-79.9621155,2021,62755,275,257,18,0,0,0,0,74,48,35,0,275,0,0,75.34246575342466,0,0.0,22.0,Current Asthma,10.4,False
45041,Florence,Florence,SC,South Carolina,34.0285346,-79.7102329,2021,136504,337,251,86,0,0,0,0,86,58,39,0,0,337,0,92.32876712328768,0,0.0,19.1,COPD,7.0,True
45041,Florence,Florence,SC,South Carolina,34.0285346,-79.7102329,2021,136504,337,251,86,0,0,0,0,86,58,39,0,0,337,0,92.32876712328768,0,0.0,19.1,Current Asthma,9.9,True
45045,Greenville,Greenville,SC,South Carolina,34.8926452,-82.3720772,2021,533834,365,180,184,1,0,0,0,101,70,51,3,114,248,0,100.0,1,0.273972602739726,14.6,COPD,5.6,True
45045,Greenville,Greenville,SC,South Carolina,34.8926452,-82.3720772,2021,533834,365,180,184,1,0,0,0,101,70,51,3,114,248,0,100.0,1,0.273972602739726,14.6,Current Asthma,9.0,True
45051,Conway,Horry,SC,South Carolina,33.9092694,-78.9766749,2021,365579,264,238,26,0,0,0,0,90,50,38,0,264,0,0,72.32876712328768,0,0.0,18.6,COPD,6.6,False
45051,Conway,Horry,SC,South Carolina,33.9092694,-78.9766749,2021,365579,264,238,26,0,0,0,0,90,50,38,0,264,0,0,72.32876712328768,0,0.0,18.6,Current Asthma,9.5,False
45063,Cayce,Lexington,SC,South Carolina,33.8992461,-81.2661183,2021,300137,358,199,158,1,0,0,0,102,63,46,0,0,346,12,98.08219178082192,1,0.27932960893854747,17.1,COPD,6.1,True
45063,Cayce,Lexington,SC,South Carolina,33.8992461,-81.2661183,2021,300137,358,199,158,1,0,0,0,102,63,46,0,0,346,12,98.08219178082192,1,0.27932960893854747,17.1,Current Asthma,9.2,True
45079,Columbia,Richland,SC,South Carolina,34.0290952,-80.8980371,2021,418307,365,268,96,1,0,0,0,101,60,42,0,213,152,0,100.0,1,0.273972602739726,15.6,COPD,5.7,True
45079,Columbia,Richland,SC,South Carolina,34.0290952,-80.8980371,2021,418307,365,268,96,1,0,0,0,101,60,42,0,213,152,0,100.0,1,0.273972602739726,15.6,Current Asthma,10.0,True
45083,Spartanburg,Spartanburg,SC,South Carolina,34.9320145,-81.9916236,2021,335864,354,201,152,1,0,0,0,119,64,46,0,112,242,0,96.98630136986301,1,0.2824858757062147,17.9,COPD,6.8,True
45083,Spartanburg,Spartanburg,SC,South Carolina,34.9320145,-81.9916236,2021,335864,354,201,152,1,0,0,0,119,64,46,0,112,242,0,96.98630136986301,1,0.2824858757062147,17.9,Current Asthma,10.0,True
45091,Rock Hill,York,SC,South Carolina,34.9701875,-81.1831873,2021,288595,360,257,103,0,0,0,0,97,61,44,0,181,179,0,98.63013698630137,0,0.0,14.0,COPD,5.5,True
45091,Rock Hill,York,SC,South Carolina,34.9701875,-81.1831873,2021,288595,360,257,103,0,0,0,0,97,61,44,0,181,179,0,98.63013698630137,0,0.0,14.0,Current Asthma,9.1,True
46011,Brookings,Brookings,SD,South Dakota,44.3766745,-96.7977971,2021,34639,365,270,87,6,1,1,0,236,67,39,0,236,103,26,100.0,8,2.191780821917808,13.7,COPD,4.9,True
46011,Brookings,Brookings,SD,South Dakota,44.3766745,-96.7977971,2021,34639,365,270,87,6,1,1,0,236,67,39,0,236,103,26,100.0,8,2.191780821917808,13.7,Current Asthma,8.9,True
46013,Aberdeen,Brown,SD,South Dakota,45.5892542,-98.3521746,2021,38101,356,301,52,0,2,1,0,208,58,26,0,0,210,146,97.53424657534246,3,0.8426966292134831,15.2,COPD,5.2,False
46013,Aberdeen,Brown,SD,South Dakota,45.5892542,-98.3521746,2021,38101,356,301,52,0,2,1,0,208,58,26,0,0,210,146,97.53424657534246,3,0.8426966292134831,15.2,Current Asthma,8.4,False
46029,Watertown,Codington,SD,South Dakota,44.9662852,-97.1988375,2021,28427,365,246,113,3,2,1,0,271,69,43,0,136,197,32,100.0,6,1.643835616438356,18.0,COPD,5.8,True
46029,Watertown,Codington,SD,South Dakota,44.9662852,-97.1988375,2021,28427,365,246,113,3,2,1,0,271,69,43,0,136,197,32,100.0,6,1.643835616438356,18.0,Current Asthma,8.9,True
46099,Sioux Falls,Minnehaha,SD,South Dakota,43.6674723,-96.7957261,2021,199685,349,266,78,3,2,0,0,193,61,39,12,193,126,18,95.61643835616438,5,1.4326647564469914,15.2,COPD,5.0,True
46099,Sioux Falls,Minnehaha,SD,South Dakota,43.6674723,-96.7957261,2021,199685,349,266,78,3,2,0,0,193,61,39,12,193,126,18,95.61643835616438,5,1.4326647564469914,15.2,Current Asthma,8.8,True
46103,Rapid City,Pennington,SD,South Dakota,44.0023492,-102.8238015,2021,111806,365,244,114,5,1,1,0,202,73,39,16,0,197,152,100.0,7,1.9178082191780823,16.5,COPD,5.2,True
46103,Rapid City,Pennington,SD,South Dakota,44.0023492,-102.8238015,2021,111806,365,244,114,5,1,1,0,202,73,39,16,0,197,152,100.0,7,1.9178082191780823,16.5,Current Asthma,8.7,True
47001,Oak Ridge,Anderson,TN,Tennessee,36.1167307,-84.1954177,2021,77576,235,219,16,0,0,0,0,87,49,38,0,235,0,0,64.38356164383562,0,0.0,21.1,COPD,8.1,True
47001,Oak Ridge,Anderson,TN,Tennessee,36.1167307,-84.1954177,2021,77576,235,219,16,0,0,0,0,87,49,38,0,235,0,0,64.38356164383562,0,0.0,21.1,Current Asthma,10.5,True
47009,Alcoa,Blount,TN,Tennessee,35.6881849,-83.9229731,2021,137605,365,231,132,2,0,0,0,107,61,44,0,168,197,0,100.0,2,0.547945205479452,19.6,COPD,7.6,True
47009,Alcoa,Blount,TN,Tennessee,35.6881849,-83.9229731,2021,137605,365,231,132,2,0,0,0,107,61,44,0,168,197,0,100.0,2,0.547945205479452,19.6,Current Asthma,10.2,True
47037,Nashville,Davidson,TN,Tennessee,36.1691287,-86.7847898,2021,703953,365,152,209,4,0,0,0,116,70,52,6,47,312,0,100.0,4,1.095890410958904,17.3,COPD,6.4,True
47037,Nashville,Davidson,TN,Tennessee,36.1691287,-86.7847898,2021,703953,365,152,209,4,0,0,0,116,70,52,6,47,312,0,100.0,4,1.095890410958904,17.3,Current Asthma,10.5,True
47045,Dyersburg,Dyer,TN,Tennessee,36.054196,-89.3983058,2021,36615,350,242,107,1,0,0,0,105,60,39,0,0,350,0,95.8904109589041,1,0.2857142857142857,22.4,COPD,8.7,True
47045,Dyersburg,Dyer,TN,Tennessee,36.054196,-89.3983058,2021,36615,350,242,107,1,0,0,0,105,60,39,0,0,350,0,95.8904109589041,1,0.2857142857142857,22.4,Current Asthma,10.9,True
47065,Chattanooga,Hamilton,TN,Tennessee,35.163472,-85.2018432,2021,369135,351,191,159,1,0,0,0,101,64,48,0,116,235,0,96.16438356164385,1,0.2849002849002849,16.8,COPD,7.0,True
47065,Chattanooga,Hamilton,TN,Tennessee,35.163472,-85.2018432,2021,369135,351,191,159,1,0,0,0,101,64,48,0,116,235,0,96.16438356164385,1,0.2849002849002849,16.8,Current Asthma,10.7,True
47089,New Market,Jefferson,TN,Tennessee,36.0483379,-83.4411426,2021,55624,235,199,36,0,0,0,0,100,58,41,0,235,0,0,64.38356164383562,0,0.0,22.0,COPD,8.5,True
47089,New Market,Jefferson,TN,Tennessee,36.0483379,-83.4411426,2021,55624,235,199,36,0,0,0,0,100,58,41,0,235,0,0,64.38356164383562,0,0.0,22.0,Current Asthma,10.6,True
47093,Knoxville,Knox,TN,Tennessee,35.9927265,-83.9377209,2021,486677,365,153,207,5,0,0,0,150,69,52,0,51,314,0,100.0,5,1.36986301369863,17.3,COPD,7.0,True
47093,Knoxville,Knox,TN,Tennessee,35.9927265,-83.9377209,2021,486677,365,153,207,5,0,0,0,150,69,52,0,51,314,0,100.0,5,1.36986301369863,17.3,Current Asthma,10.1,True
47099,Loretto,Lawrence,TN,Tennessee,35.2204764,-87.396546,2021,44828,357,274,83,0,0,0,0,98,57,34,0,0,357,0,97.80821917808218,0,0.0,24.6,COPD,9.8,True
47099,Loretto,Lawrence,TN,Tennessee,35.2204764,-87.396546,2021,44828,357,274,83,0,0,0,0,98,57,34,0,0,357,0,97.80821917808218,0,0.0,24.6,Current Asthma,10.9,True
47105,Loudon,Loudon,TN,Tennessee,35.7350854,-84.3140848,2021,56690,365,259,106,0,0,0,0,90,59,42,0,134,231,0,100.0,0,0.0,18.7,COPD,7.4,True
47105,Loudon,Loudon,TN,Tennessee,35.7350854,-84.3140848,2021,56690,365,259,106,0,0,0,0,90,59,42,0,134,231,0,100.0,0,0.0,18.7,Current Asthma,10.2,True
47113,Jackson,Madison,TN,Tennessee,35.6060563,-88.8334238,2021,98775,356,249,106,1,0,0,0,106,60,38,0,0,356,0,97.53424657534246,1,0.2808988764044944,20.8,COPD,8.1,True
47113,Jackson,Madison,TN,Tennessee,35.6060563,-88.8334238,2021,98775,356,249,106,1,0,0,0,106,60,38,0,0,356,0,97.53424657534246,1,0.2808988764044944,20.8,Current Asthma,11.1,True
47119,Columbia,Maury,TN,Tennessee,35.6156963,-87.0777632,2021,104760,349,252,96,1,0,0,0,109,60,35,0,0,349,0,95.61643835616438,1,0.28653295128939826,18.8,COPD,7.2,True
47119,Columbia,Maury,TN,Tennessee,35.6156963,-87.0777632,2021,104760,349,252,96,1,0,0,0,109,60,35,0,0,349,0,95.61643835616438,1,0.28653295128939826,18.8,Current Asthma,10.3,True
47107,Athens,McMinn,TN,Tennessee,35.4244722,-84.6199488,2021,54059,360,250,110,0,0,0,0,90,59,37,0,0,360,0,98.63013698630137,0,0.0,23.5,COPD,9.0,True
47107,Athens,McMinn,TN,Tennessee,35.4244722,-84.6199488,2021,54059,360,250,110,0,0,0,0,90,59,37,0,0,360,0,98.63013698630137,0,0.0,23.5,Current Asthma,10.8,True
47125,Clarksville,Montgomery,TN,Tennessee,36.5003535,-87.3808865,2021,227900,359,279,79,1,0,0,0,138,59,33,0,0,359,0,98.35616438356163,1,0.2785515320334262,18.4,COPD,6.8,True
47125,Clarksville,Montgomery,TN,Tennessee,36.5003535,-87.3808865,2021,227900,359,279,79,1,0,0,0,138,59,33,0,0,359,0,98.35616438356163,1,0.2785515320334262,18.4,Current Asthma,10.3,True
47141,Cookeville,Putnam,TN,Tennessee,36.1409404,-85.4961801,2021,81188,356,268,88,0,0,0,0,91,58,36,0,0,356,0,97.53424657534246,0,0.0,21.9,COPD,8.6,True
47141,Cookeville,Putnam,TN,Tennessee,36.1409404,-85.4961801,2021,81188,356,268,88,0,0,0,0,91,58,36,0,0,356,0,97.53424657534246,0,0.0,21.9,Current Asthma,10.7,True
47145,Rockwood,Roane,TN,Tennessee,35.8472504,-84.5239292,2021,53992,357,256,101,0,0,0,0,89,57,37,0,0,357,0,97.80821917808218,0,0.0,21.0,COPD,8.0,True
47145,Rockwood,Roane,TN,Tennessee,35.8472504,-84.5239292,2021,53992,357,256,101,0,0,0,0,89,57,37,0,0,357,0,97.80821917808218,0,0.0,21.0,Current Asthma,10.4,True
47155,Pigeon Forge,Sevier,TN,Tennessee,35.7878224,-83.5249005,2021,99517,363,310,53,0,0,0,0,93,54,42,0,363,0,0,99.45205479452055,0,0.0,21.9,COPD,8.5,True
47155,Pigeon Forge,Sevier,TN,Tennessee,35.7878224,-83.5249005,2021,99517,363,310,53,0,0,0,0,93,54,42,0,363,0,0,99.45205479452055,0,0.0,21.9,Current Asthma,10.6,True
47157,Memphis,Shelby,TN,Tennessee,35.1845529,-89.8946125,2021,924454,365,209,152,4,0,0,0,150,67,48,0,127,238,0,100.0,4,1.095890410958904,19.2,COPD,7.4,True
47157,Memphis,Shelby,TN,Tennessee,35.1845529,-89.8946125,2021,924454,365,209,152,4,0,0,0,150,67,48,0,127,238,0,100.0,4,1.095890410958904,19.2,Current Asthma,11.0,True
47163,Kingsport,Sullivan,TN,Tennessee,36.5096806,-82.3013363,2021,159265,365,273,92,0,0,0,0,100,59,41,0,153,212,0,100.0,0,0.0,20.7,COPD,8.5,True
47163,Kingsport,Sullivan,TN,Tennessee,36.5096806,-82.3013363,2021,159265,365,273,92,0,0,0,0,100,59,41,0,153,212,0,100.0,0,0.0,20.7,Current Asthma,10.8,True
47165,Gallatin,Sumner,TN,Tennessee,36.4724225,-86.4584051,2021,200557,357,236,119,2,0,0,0,133,62,44,0,109,248,0,97.80821917808218,2,0.5602240896358543,17.9,COPD,7.0,True
47165,Gallatin,Sumner,TN,Tennessee,36.4724225,-86.4584051,2021,200557,357,236,119,2,0,0,0,133,62,44,0,109,248,0,97.80821917808218,2,0.5602240896358543,17.9,Current Asthma,10.4,True
47187,Franklin,Williamson,TN,Tennessee,35.8948075,-86.8980679,2021,255735,243,225,18,0,0,0,0,67,50,39,0,243,0,0,66.57534246575342,0,0.0,11.2,COPD,4.6,True
47187,Franklin,Williamson,TN,Tennessee,35.8948075,-86.8980679,2021,255735,243,225,18,0,0,0,0,67,50,39,0,243,0,0,66.57534246575342,0,0.0,11.2,Current Asthma,9.2,True
47189,Lebanon,Wilson,TN,Tennessee,36.149527,-86.2912423,2021,151917,243,221,22,0,0,0,0,74,48,37,0,243,0,0,66.57534246575342,0,0.0,16.8,COPD,6.4,True
47189,Lebanon,Wilson,TN,Tennessee,36.149527,-86.2912423,2021,151917,243,221,22,0,0,0,0,74,48,37,0,243,0,0,66.57534246575342,0,0.0,16.8,Current Asthma,9.9,True
48013,Lytle,Atascosa,TX,Texas,28.8914775,-98.535381,2021,49939,356,213,143,0,0,0,0,87,63,43,0,0,356,0,97.53424657534246,0,0.0,15.6,COPD,6.1,False
48013,Lytle,Atascosa,TX,Texas,28.8914775,-98.535381,2021,49939,356,213,143,0,0,0,0,87,63,43,0,0,356,0,97.53424657534246,0,0.0,15.6,Current Asthma,9.2,False
48027,Temple,Bell,TX,Texas,31.0427497,-97.4812684,2021,379617,365,240,122,3,0,0,0,122,69,44,0,230,135,0,100.0,3,0.821917808219178,17.3,COPD,6.5,True
48027,Temple,Bell,TX,Texas,31.0427497,-97.4812684,2021,379617,365,240,122,3,0,0,0,122,69,44,0,230,135,0,100.0,3,0.821917808219178,17.3,Current Asthma,10.0,True
48029,San Antonio,Bexar,TX,Texas,29.4486708,-98.5201465,2021,2028236,365,113,240,12,0,0,0,147,80,55,0,94,269,2,100.0,12,3.287671232876712,13.2,COPD,5.7,True
48029,San Antonio,Bexar,TX,Texas,29.4486708,-98.5201465,2021,2028236,365,113,240,12,0,0,0,147,80,55,0,94,269,2,100.0,12,3.287671232876712,13.2,Current Asthma,9.3,True
48037,Texarkana,Bowie,TX,Texas,33.4460648,-94.422393,2021,92581,357,163,193,1,0,0,0,106,64,52,0,0,357,0,97.80821917808218,1,0.2801120448179272,18.9,COPD,7.6,True
48037,Texarkana,Bowie,TX,Texas,33.4460648,-94.422393,2021,92581,357,163,193,1,0,0,0,106,64,52,0,0,357,0,97.80821917808218,1,0.2801120448179272,18.9,Current Asthma,10.3,True
48039,Clute (corporate name for Clute City),Brazoria,TX,Texas,29.1678175,-95.434647,2021,379689,365,331,22,11,1,0,0,159,50,34,10,355,0,0,100.0,12,3.287671232876712,13.8,COPD,5.4,True
48039,Clute (corporate name for Clute City),Brazoria,TX,Texas,29.1678175,-95.434647,2021,379689,365,331,22,11,1,0,0,159,50,34,10,355,0,0,100.0,12,3.287671232876712,13.8,Current Asthma,8.9,True
48041,Bryan,Brazos,TX,Texas,30.6567132,-96.3023935,2021,237032,356,248,108,0,0,0,0,85,58,40,0,0,356,0,97.53424657534246,0,0.0,16.0,COPD,6.7,False
48041,Bryan,Brazos,TX,Texas,30.6567132,-96.3023935,2021,237032,356,248,108,0,0,0,0,85,58,40,0,0,356,0,97.53424657534246,0,0.0,16.0,Current Asthma,9.8,False
48043,Alpine,Brewster,TX,Texas,29.8089965,-103.2524579,2021,9450,356,287,68,1,0,0,0,105,57,42,0,276,80,0,97.53424657534246,1,0.2808988764044944,12.3,COPD,5.3,True
48043,Alpine,Brewster,TX,Texas,29.8089965,-103.2524579,2021,9450,356,287,68,1,0,0,0,105,57,42,0,276,80,0,97.53424657534246,1,0.2808988764044944,12.3,Current Asthma,8.8,True
48061,Brownsville,Cameron,TX,Texas,26.1029227,-97.4789584,2021,423029,365,162,203,0,0,0,0,99,70,52,0,67,298,0,100.0,0,0.0,15.4,COPD,6.5,True
48061,Brownsville,Cameron,TX,Texas,26.1029227,-97.4789584,2021,423029,365,162,203,0,0,0,0,99,70,52,0,67,298,0,100.0,0,0.0,15.4,Current Asthma,9.1,True
48085,Frisco,Collin,TX,Texas,33.1944942,-96.579428,2021,1109462,357,294,55,7,1,0,0,154,64,37,0,357,0,0,97.80821917808218,8,2.2408963585434174,10.5,COPD,4.4,True
48085,Frisco,Collin,TX,Texas,33.1944942,-96.579428,2021,1109462,357,294,55,7,1,0,0,154,64,37,0,357,0,0,97.80821917808218,8,2.2408963585434174,10.5,Current Asthma,8.5,True
48113,Dallas,Dallas,TX,Texas,32.7669866,-96.7784238,2021,2586050,365,210,145,9,1,0,0,174,71,47,12,180,172,1,100.0,10,2.73972602739726,15.8,COPD,6.0,True
48113,Dallas,Dallas,TX,Texas,32.7669866,-96.7784238,2021,2586050,365,210,145,9,1,0,0,174,71,47,12,180,172,1,100.0,10,2.73972602739726,15.8,Current Asthma,9.9,True
48121,Denton,Denton,TX,Texas,33.205132,-97.1211403,2021,941647,365,222,122,18,3,0,0,179,77,45,0,226,139,0,100.0,21,5.7534246575342465,11.5,COPD,4.8,False
48121,Denton,Denton,TX,Texas,33.205132,-97.1211403,2021,941647,365,222,122,18,3,0,0,179,77,45,0,226,139,0,100.0,21,5.7534246575342465,11.5,Current Asthma,8.8,False
48135,Odessa,Ector,TX,Texas,31.8653008,-102.5425068,2021,161091,349,269,80,0,0,0,0,91,56,35,0,0,349,0,95.61643835616438,0,0.0,16.3,COPD,6.5,True
48135,Odessa,Ector,TX,Texas,31.8653008,-102.5425068,2021,161091,349,269,80,0,0,0,0,91,56,35,0,0,349,0,95.61643835616438,0,0.0,16.3,Current Asthma,9.3,True
48141,El Paso,El Paso,TX,Texas,31.7664803,-106.2414234,2021,867947,365,91,255,19,0,0,0,150,84,59,7,141,207,10,100.0,19,5.205479452054795,14.7,COPD,5.4,False
48141,El Paso,El Paso,TX,Texas,31.7664803,-106.2414234,2021,867947,365,91,255,19,0,0,0,150,84,59,7,141,207,10,100.0,19,5.205479452054795,14.7,Current Asthma,8.8,False
48139,Midlothian,Ellis,TX,Texas,32.3468783,-96.7969403,2021,202678,363,262,100,1,0,0,0,105,60,43,5,184,174,0,99.45205479452055,1,0.27548209366391185,15.0,COPD,6.0,True
48139,Midlothian,Ellis,TX,Texas,32.3468783,-96.7969403,2021,202678,363,262,100,1,0,0,0,105,60,43,5,184,174,0,99.45205479452055,1,0.27548209366391185,15.0,Current Asthma,9.5,True
48167,Texas City,Galveston,TX,Texas,29.233453,-94.8884558,2021,355062,361,259,99,3,0,0,0,122,63,43,1,194,163,3,98.9041095890411,3,0.8310249307479225,14.1,COPD,5.9,True
48167,Texas City,Galveston,TX,Texas,29.233453,-94.8884558,2021,355062,361,259,99,3,0,0,0,122,63,43,1,194,163,3,98.9041095890411,3,0.8310249307479225,14.1,Current Asthma,9.4,True
48183,Longview,Gregg,TX,Texas,32.4864014,-94.8162768,2021,124201,365,336,29,0,0,0,0,93,48,33,7,358,0,0,100.0,0,0.0,18.8,COPD,7.6,True
48183,Longview,Gregg,TX,Texas,32.4864014,-94.8162768,2021,124201,365,336,29,0,0,0,0,93,48,33,7,358,0,0,100.0,0,0.0,18.8,Current Asthma,10.4,True
48203,Hallsville,Harrison,TX,Texas,32.5479914,-94.3744344,2021,69150,362,205,153,3,1,0,0,161,64,47,0,89,273,0,99.17808219178083,4,1.1049723756906076,18.6,COPD,7.5,True
48203,Hallsville,Harrison,TX,Texas,32.5479914,-94.3744344,2021,69150,362,205,153,3,1,0,0,161,64,47,0,89,273,0,99.17808219178083,4,1.1049723756906076,18.6,Current Asthma,10.3,True
48215,McAllen,Hidalgo,TX,Texas,26.3963839,-98.18099,2021,880356,363,169,192,2,0,0,0,108,74,52,0,85,278,0,99.45205479452055,2,0.5509641873278237,15.5,COPD,6.9,True
48215,McAllen,Hidalgo,TX,Texas,26.3963839,-98.18099,2021,880356,363,169,192,2,0,0,0,108,74,52,0,85,278,0,99.45205479452055,2,0.5509641873278237,15.5,Current Asthma,9.5,True
48221,Granbury,Hood,TX,Texas,32.430149,-97.8316766,2021,64222,357,331,25,1,0,0,0,122,49,35,0,357,0,0,97.80821917808218,1,0.2801120448179272,15.5,COPD,6.2,True
48221,Granbury,Hood,TX,Texas,32.430149,-97.8316766,2021,64222,357,331,25,1,0,0,0,122,49,35,0,357,0,0,97.80821917808218,1,0.2801120448179272,15.5,Current Asthma,9.4,True
48231,Greenville,Hunt,TX,Texas,33.1233077,-96.0842298,2021,103394,362,343,19,0,0,0,0,93,46,33,5,357,0,0,99.17808219178083,0,0.0,17.9,COPD,7.4,True
48231,Greenville,Hunt,TX,Texas,33.1233077,-96.0842298,2021,103394,362,343,19,0,0,0,0,93,46,33,5,357,0,0,99.17808219178083,0,0.0,17.9,Current Asthma,10.0,True
48245,Port Arthur,Jefferson,TX,Texas,29.8539997,-94.1493306,2021,253704,365,231,131,3,0,0,0,115,62,44,0,147,218,0,100.0,3,0.821917808219178,19.2,COPD,7.5,True
48245,Port Arthur,Jefferson,TX,Texas,29.8539997,-94.1493306,2021,253704,365,231,131,3,0,0,0,115,62,44,0,147,218,0,100.0,3,0.821917808219178,19.2,Current Asthma,10.3,True
48251,Cleburne,Johnson,TX,Texas,32.3798207,-97.3649587,2021,187280,363,311,46,6,0,0,0,136,61,37,0,363,0,0,99.45205479452055,6,1.6528925619834711,16.8,COPD,6.9,True
48251,Cleburne,Johnson,TX,Texas,32.3798207,-97.3649587,2021,187280,363,311,46,6,0,0,0,136,61,37,0,363,0,0,99.45205479452055,6,1.6528925619834711,16.8,Current Asthma,9.6,True
48257,Terrell,Kaufman,TX,Texas,32.5989442,-96.2883773,2021,157768,365,269,96,0,0,0,0,84,58,40,3,153,209,0,100.0,0,0.0,16.1,COPD,6.6,True
48257,Terrell,Kaufman,TX,Texas,32.5989442,-96.2883773,2021,157768,365,269,96,0,0,0,0,84,58,40,3,153,209,0,100.0,0,0.0,16.1,Current Asthma,9.8,True
48273,Corpus Christi,Kleberg,TX,Texas,27.4387348,-97.6606203,2021,30635,348,185,162,1,0,0,0,109,68,48,0,0,348,0,95.34246575342465,1,0.28735632183908044,15.7,COPD,6.2,True
48273,Corpus Christi,Kleberg,TX,Texas,27.4387348,-97.6606203,2021,30635,348,185,162,1,0,0,0,109,68,48,0,0,348,0,95.34246575342465,1,0.28735632183908044,15.7,Current Asthma,9.3,True
48303,Lubbock,Lubbock,TX,Texas,33.6114688,-101.8199438,2021,314451,347,278,69,0,0,0,0,85,55,31,0,0,347,0,95.06849315068493,0,0.0,16.3,COPD,6.5,True
48303,Lubbock,Lubbock,TX,Texas,33.6114688,-101.8199438,2021,314451,347,278,69,0,0,0,0,85,55,31,0,0,347,0,95.06849315068493,0,0.0,16.3,Current Asthma,9.9,True
48323,Eagle Pass,Maverick,TX,Texas,28.7297873,-100.316678,2021,58056,353,239,114,0,0,0,0,88,61,37,0,0,353,0,96.7123287671233,0,0.0,17.1,COPD,6.4,True
48323,Eagle Pass,Maverick,TX,Texas,28.7297873,-100.316678,2021,58056,353,239,114,0,0,0,0,88,61,37,0,0,353,0,96.7123287671233,0,0.0,17.1,Current Asthma,9.6,True
48309,Waco,McLennan,TX,Texas,31.5495958,-97.2015108,2021,263115,364,280,84,0,0,0,0,100,59,39,0,216,146,0,99.72602739726028,0,0.0,17.2,COPD,7.3,True
48309,Waco,McLennan,TX,Texas,31.5495958,-97.2015108,2021,263115,364,280,84,0,0,0,0,100,59,39,0,216,146,0,99.72602739726028,0,0.0,17.2,Current Asthma,10.1,True
48339,Conroe,Montgomery,TX,Texas,30.2988009,-95.50295,2021,648886,359,204,152,2,1,0,0,151,66,47,0,148,211,0,98.35616438356163,3,0.8356545961002786,14.2,COPD,5.8,True
48339,Conroe,Montgomery,TX,Texas,30.2988009,-95.50295,2021,648886,359,204,152,2,1,0,0,151,66,47,0,148,211,0,98.35616438356163,3,0.8356545961002786,14.2,Current Asthma,9.3,True
48349,Corsicana,Navarro,TX,Texas,32.048448,-96.4769087,2021,53591,365,266,99,0,0,0,0,100,61,41,1,183,181,0,100.0,0,0.0,19.4,COPD,8.0,True
48349,Corsicana,Navarro,TX,Texas,32.048448,-96.4769087,2021,53591,365,266,99,0,0,0,0,100,61,41,1,183,181,0,100.0,0,0.0,19.4,Current Asthma,10.2,True
48355,Corpus Christi,Nueces,TX,Texas,27.7400315,-97.5162143,2021,353079,364,200,162,2,0,0,0,113,67,47,0,127,236,1,99.72602739726028,2,0.5494505494505495,15.3,COPD,6.1,True
48355,Corpus Christi,Nueces,TX,Texas,27.7400315,-97.5162143,2021,353079,364,200,162,2,0,0,0,113,67,47,0,127,236,1,99.72602739726028,2,0.5494505494505495,15.3,Current Asthma,9.3,True
48361,Orange,Orange,TX,Texas,30.1223229,-93.8940999,2021,84742,364,262,102,0,0,0,0,80,57,41,3,111,250,0,99.72602739726028,0,0.0,19.4,COPD,7.5,True
48361,Orange,Orange,TX,Texas,30.1223229,-93.8940999,2021,84742,364,262,102,0,0,0,0,80,57,41,3,111,250,0,99.72602739726028,0,0.0,19.4,Current Asthma,10.0,True
48367,Weatherford,Parker,TX,Texas,32.7770964,-97.8059049,2021,156764,354,312,41,1,0,0,0,136,54,36,0,354,0,0,96.98630136986301,1,0.2824858757062147,15.8,COPD,6.3,True
48367,Weatherford,Parker,TX,Texas,32.7770964,-97.8059049,2021,156764,354,312,41,1,0,0,0,136,54,36,0,354,0,0,96.98630136986301,1,0.2824858757062147,15.8,Current Asthma,9.5,True
48375,Amarillo,Potter,TX,Texas,35.3986751,-101.893804,2021,116547,354,293,61,0,0,0,0,83,54,31,0,0,354,0,96.98630136986301,0,0.0,20.4,COPD,8.4,True
48375,Amarillo,Potter,TX,Texas,35.3986751,-101.893804,2021,116547,354,293,61,0,0,0,0,83,54,31,0,0,354,0,96.98630136986301,0,0.0,20.4,Current Asthma,10.1,True
48397,Rockwall,Rockwall,TX,Texas,32.8998859,-96.4120504,2021,116381,360,343,17,0,0,0,0,87,45,31,0,360,0,0,98.63013698630137,0,0.0,11.6,COPD,4.8,True
48397,Rockwall,Rockwall,TX,Texas,32.8998859,-96.4120504,2021,116381,360,343,17,0,0,0,0,87,45,31,0,360,0,0,98.63013698630137,0,0.0,11.6,Current Asthma,9.0,True
48423,Tyler,Smith,TX,Texas,32.3770156,-95.2700409,2021,237186,361,333,28,0,0,0,0,100,48,35,8,353,0,0,98.9041095890411,0,0.0,16.7,COPD,6.9,True
48423,Tyler,Smith,TX,Texas,32.3770156,-95.2700409,2021,237186,361,333,28,0,0,0,0,100,48,35,8,353,0,0,98.9041095890411,0,0.0,16.7,Current Asthma,10.3,True
48439,Fort Worth,Tarrant,TX,Texas,32.7721191,-97.2912241,2021,2126477,365,161,190,12,1,1,0,209,79,52,6,137,222,0,100.0,14,3.8356164383561646,14.6,COPD,6.1,False
48439,Fort Worth,Tarrant,TX,Texas,32.7721191,-97.2912241,2021,2126477,365,161,190,12,1,1,0,209,79,52,6,137,222,0,100.0,14,3.8356164383561646,14.6,Current Asthma,9.6,False
48453,Austin,Travis,TX,Texas,30.2395128,-97.6912697,2021,1305154,365,182,182,1,0,0,0,101,67,51,3,111,248,3,100.0,1,0.273972602739726,10.7,COPD,4.7,True
48453,Austin,Travis,TX,Texas,30.2395128,-97.6912697,2021,1305154,365,182,182,1,0,0,0,101,67,51,3,111,248,3,100.0,1,0.273972602739726,10.7,Current Asthma,8.4,True
48469,Victoria,Victoria,TX,Texas,28.7963699,-96.9711977,2021,90964,364,347,17,0,0,0,0,97,46,32,0,364,0,0,99.72602739726028,0,0.0,16.8,COPD,6.8,True
48469,Victoria,Victoria,TX,Texas,28.7963699,-96.9711977,2021,90964,364,347,17,0,0,0,0,97,46,32,0,364,0,0,99.72602739726028,0,0.0,16.8,Current Asthma,9.5,True
48479,Laredo,Webb,TX,Texas,27.7607987,-99.3407518,2021,267945,365,197,168,0,0,0,0,97,69,48,0,60,303,2,100.0,0,0.0,15.8,COPD,6.0,True
48479,Laredo,Webb,TX,Texas,27.7607987,-99.3407518,2021,267945,365,197,168,0,0,0,0,97,69,48,0,60,303,2,100.0,0,0.0,15.8,Current Asthma,9.4,True
49003,Brigham City,Box Elder,UT,Utah,41.6226233,-113.060252,2021,59688,363,281,78,4,0,0,0,119,67,42,2,361,0,0,99.45205479452055,4,1.1019283746556474,11.2,COPD,5.5,True
49003,Brigham City,Box Elder,UT,Utah,41.6226233,-113.060252,2021,59688,363,281,78,4,0,0,0,119,67,42,2,361,0,0,99.45205479452055,4,1.1019283746556474,11.2,Current Asthma,10.2,True
49005,Logan,Cache,UT,Utah,41.7341174,-111.7453987,2021,137417,365,213,142,10,0,0,0,129,82,45,0,229,124,12,100.0,10,2.73972602739726,10.0,COPD,5.4,True
49005,Logan,Cache,UT,Utah,41.7341174,-111.7453987,2021,137417,365,213,142,10,0,0,0,129,82,45,0,229,124,12,100.0,10,2.73972602739726,10.0,Current Asthma,10.3,True
49007,Price,Carbon,UT,Utah,39.673284,-110.5884845,2021,20372,365,265,88,10,2,0,0,155,74,44,0,323,42,0,100.0,12,3.287671232876712,13.6,COPD,6.5,True
49007,Price,Carbon,UT,Utah,39.673284,-110.5884845,2021,20372,365,265,88,10,2,0,0,155,74,44,0,323,42,0,100.0,12,3.287671232876712,13.6,Current Asthma,11.0,True
49013,Roosevelt,Duchesne,UT,Utah,40.2893927,-110.4295838,2021,19790,365,220,137,7,1,0,0,155,77,48,0,296,69,0,100.0,8,2.191780821917808,13.4,COPD,6.6,True
49013,Roosevelt,Duchesne,UT,Utah,40.2893927,-110.4295838,2021,19790,365,220,137,7,1,0,0,155,77,48,0,296,69,0,100.0,8,2.191780821917808,13.4,Current Asthma,10.8,True
49017,Escalante,Garfield,UT,Utah,37.8316645,-111.4509076,2021,5129,362,273,87,2,0,0,0,115,64,45,0,359,3,0,99.17808219178083,2,0.5524861878453038,12.1,COPD,5.9,True
49017,Escalante,Garfield,UT,Utah,37.8316645,-111.4509076,2021,5129,362,273,87,2,0,0,0,115,64,45,0,359,3,0,99.17808219178083,2,0.5524861878453038,12.1,Current Asthma,10.3,True
49021,Cedar City,Iron,UT,Utah,37.9093044,-113.3067405,2021,60519,365,286,75,3,1,0,0,176,62,40,11,268,86,0,100.0,4,1.095890410958904,12.4,COPD,6.3,True
49021,Cedar City,Iron,UT,Utah,37.9093044,-113.3067405,2021,60519,365,286,75,3,1,0,0,176,62,40,11,268,86,0,100.0,4,1.095890410958904,12.4,Current Asthma,10.7,True
49037,White Mesa,San Juan,UT,Utah,37.6026332,-109.7915742,2021,14489,364,276,86,2,0,0,0,115,67,44,0,360,4,0,99.72602739726028,2,0.5494505494505495,16.2,COPD,7.3,True
49037,White Mesa,San Juan,UT,Utah,37.6026332,-109.7915742,2021,14489,364,276,86,2,0,0,0,115,67,44,0,360,4,0,99.72602739726028,2,0.5494505494505495,16.2,Current Asthma,11.9,True
49045,Tooele,Tooele,UT,Utah,40.4677525,-113.1239786,2021,76640,365,229,120,14,2,0,0,157,77,43,1,241,123,0,100.0,16,4.383561643835616,10.6,COPD,5.1,True
49045,Tooele,Tooele,UT,Utah,40.4677525,-113.1239786,2021,76640,365,229,120,14,2,0,0,157,77,43,1,241,123,0,100.0,16,4.383561643835616,10.6,Current Asthma,10.2,True
49053,St. George,Washington,UT,Utah,37.2625308,-113.4878003,2021,191226,365,256,106,2,1,0,0,163,64,45,0,340,25,0,100.0,3,0.821917808219178,9.4,COPD,5.2,True
49053,St. George,Washington,UT,Utah,37.2625308,-113.4878003,2021,191226,365,256,106,2,1,0,0,163,64,45,0,340,25,0,100.0,3,0.821917808219178,9.4,Current Asthma,10.0,True
49057,Ogden,Weber,UT,Utah,41.2703252,-111.876883,2021,267066,364,221,126,17,0,0,0,140,83,46,12,220,120,10,99.72602739726028,17,4.670329670329671,11.1,COPD,5.3,True
49057,Ogden,Weber,UT,Utah,41.2703252,-111.876883,2021,267066,364,221,126,17,0,0,0,140,83,46,12,220,120,10,99.72602739726028,17,4.670329670329671,11.1,Current Asthma,10.3,True
50003,Bennington,Bennington,VT,Vermont,43.0353254,-73.1114603,2021,37312,365,307,57,1,0,0,0,115,55,37,0,221,144,0,100.0,1,0.273972602739726,16.3,COPD,5.7,True
50003,Bennington,Bennington,VT,Vermont,43.0353254,-73.1114603,2021,37312,365,307,57,1,0,0,0,115,55,37,0,221,144,0,100.0,1,0.273972602739726,16.3,Current Asthma,11.1,True
50007,Burlington,Chittenden,VT,Vermont,44.4633289,-73.0694099,2021,168865,365,288,76,1,0,0,0,129,57,40,0,175,190,0,100.0,1,0.273972602739726,11.9,COPD,4.8,True
50007,Burlington,Chittenden,VT,Vermont,44.4633289,-73.0694099,2021,168865,365,288,76,1,0,0,0,129,57,40,0,175,190,0,100.0,1,0.273972602739726,11.9,Current Asthma,10.7,True
50021,Rutland,Rutland,VT,Vermont,43.5808577,-73.0382023,2021,60591,365,265,99,1,0,0,0,114,60,40,0,145,220,0,100.0,1,0.273972602739726,16.7,COPD,5.8,True
50021,Rutland,Rutland,VT,Vermont,43.5808577,-73.0382023,2021,60591,365,265,99,1,0,0,0,114,60,40,0,145,220,0,100.0,1,0.273972602739726,16.7,Current Asthma,11.1,True
51013,Arlington,Arlington,VA,Virginia,38.8783374,-77.1007034,2021,232965,365,306,56,3,0,0,0,115,55,38,37,267,61,0,100.0,3,0.821917808219178,7.9,COPD,3.6,True
51013,Arlington,Arlington,VA,Virginia,38.8783374,-77.1007034,2021,232965,365,306,56,3,0,0,0,115,55,38,37,267,61,0,100.0,3,0.821917808219178,7.9,Current Asthma,9.1,True
51041,Bensley,Chesterfield,VA,Virginia,37.3784338,-77.5858474,2021,370688,283,243,39,1,0,0,0,101,52,38,0,203,80,0,77.53424657534246,1,0.35335689045936397,13.2,COPD,5.3,True
51041,Bensley,Chesterfield,VA,Virginia,37.3784338,-77.5858474,2021,370688,283,243,39,1,0,0,0,101,52,38,0,203,80,0,77.53424657534246,1,0.35335689045936397,13.2,Current Asthma,10.3,True
51059,Annandale,Fairfax,VA,Virginia,38.8295203,-77.2732524,2021,1139720,365,208,153,4,0,0,0,129,65,47,10,101,254,0,100.0,4,1.095890410958904,8.3,COPD,3.8,False
51059,Annandale,Fairfax,VA,Virginia,38.8295203,-77.2732524,2021,1139720,365,208,153,4,0,0,0,129,65,47,10,101,254,0,100.0,4,1.095890410958904,8.3,Current Asthma,9.0,False
51071,Pearisburg,Giles,VA,Virginia,37.3180719,-80.698321,2021,16562,358,331,27,0,0,0,0,74,49,38,0,358,0,0,98.08219178082192,0,0.0,19.0,COPD,7.5,True
51071,Pearisburg,Giles,VA,Virginia,37.3180719,-80.698321,2021,16562,358,331,27,0,0,0,0,74,49,38,0,358,0,0,98.08219178082192,0,0.0,19.0,Current Asthma,10.6,True
51087,East Highland Park,Henrico,VA,Virginia,37.4375205,-77.300333,2021,333554,363,221,141,1,0,0,0,112,61,44,1,111,250,0,99.45205479452055,1,0.27548209366391185,13.2,COPD,5.0,True
51087,East Highland Park,Henrico,VA,Virginia,37.4375205,-77.300333,2021,333554,363,221,141,1,0,0,0,112,61,44,1,111,250,0,99.45205479452055,1,0.27548209366391185,13.2,Current Asthma,10.3,True
51107,Leesburg,Loudoun,VA,Virginia,39.0812,-77.6388976,2021,427592,364,308,55,1,0,0,0,122,54,37,10,298,56,0,99.72602739726028,1,0.27472527472527475,8.6,COPD,3.7,True
51107,Leesburg,Loudoun,VA,Virginia,39.0812,-77.6388976,2021,427592,364,308,55,1,0,0,0,122,54,37,10,298,56,0,99.72602739726028,1,0.27472527472527475,8.6,Current Asthma,8.7,True
51147,Farmville,Prince Edward,VA,Virginia,37.2248813,-78.4329574,2021,21932,356,343,13,0,0,0,0,80,45,33,0,356,0,0,97.53424657534246,0,0.0,19.9,COPD,8.0,True
51147,Farmville,Prince Edward,VA,Virginia,37.2248813,-78.4329574,2021,21932,356,343,13,0,0,0,0,80,45,33,0,356,0,0,97.53424657534246,0,0.0,19.9,Current Asthma,11.5,True
51153,Woodbridge,Prince William,VA,Virginia,38.7011187,-77.4795791,2021,484472,359,333,25,1,0,0,0,119,49,35,10,349,0,0,98.35616438356163,1,0.2785515320334262,11.6,COPD,4.8,True
51153,Woodbridge,Prince William,VA,Virginia,38.7011187,-77.4795791,2021,484472,359,333,25,1,0,0,0,119,49,35,10,349,0,0,98.35616438356163,1,0.2785515320334262,11.6,Current Asthma,9.7,True
51760,Richmond,Richmond City,VA,Virginia,37.531399,-77.4760085,2021,226604,363,238,124,1,0,0,0,101,58,41,55,0,306,0,99.45205479452055,1,0.27548209366391185,16.3,COPD,6.5,False
51760,Richmond,Richmond City,VA,Virginia,37.531399,-77.4760085,2021,226604,363,238,124,1,0,0,0,101,58,41,55,0,306,0,99.45205479452055,1,0.27548209366391185,16.3,Current Asthma,11.2,False
51161,Vinton,Roanoke,VA,Virginia,37.330792,-80.1912371,2021,96589,365,246,118,1,0,0,0,106,61,43,1,114,249,0,100.0,1,0.273972602739726,14.3,COPD,5.8,False
51161,Vinton,Roanoke,VA,Virginia,37.330792,-80.1912371,2021,96589,365,246,118,1,0,0,0,106,61,43,1,114,249,0,100.0,1,0.273972602739726,14.3,Current Asthma,10.0,False
51179,Aquia Harbour,Stafford,VA,Virginia,38.4230836,-77.4580475,2021,160877,358,337,20,1,0,0,0,115,47,35,0,357,0,1,98.08219178082192,1,0.27932960893854747,11.8,COPD,4.9,True
51179,Aquia Harbour,Stafford,VA,Virginia,38.4230836,-77.4580475,2021,160877,358,337,20,1,0,0,0,115,47,35,0,357,0,1,98.08219178082192,1,0.27932960893854747,11.8,Current Asthma,9.9,True
51197,Fort Chiswell,Wythe,VA,Virginia,36.8998674,-81.0830007,2021,28178,242,228,14,0,0,0,0,71,49,39,0,242,0,0,66.3013698630137,0,0.0,19.3,COPD,8.0,True
51197,Fort Chiswell,Wythe,VA,Virginia,36.8998674,-81.0830007,2021,28178,242,228,14,0,0,0,0,71,49,39,0,242,0,0,66.3013698630137,0,0.0,19.3,Current Asthma,10.9,True
53003,Clarkston,Asotin,WA,Washington,46.1818612,-117.2277813,2021,22397,335,176,140,14,4,1,0,233,83,48,0,0,335,0,91.78082191780823,19,5.6716417910447765,16.4,COPD,6.7,True
53003,Clarkston,Asotin,WA,Washington,46.1818612,-117.2277813,2021,22397,335,176,140,14,4,1,0,233,83,48,0,0,335,0,91.78082191780823,19,5.6716417910447765,16.4,Current Asthma,12.0,True
53005,Kennewick,Benton,WA,Washington,46.2281252,-119.5166594,2021,210025,365,283,73,6,3,0,0,180,63,36,0,126,187,52,100.0,9,2.4657534246575343,13.2,COPD,5.3,True
53005,Kennewick,Benton,WA,Washington,46.2281252,-119.5166594,2021,210025,365,283,73,6,3,0,0,180,63,36,0,126,187,52,100.0,9,2.4657534246575343,13.2,Current Asthma,10.7,True
53007,Wenatchee,Chelan,WA,Washington,47.8609739,-120.619041,2021,79646,365,279,81,2,3,0,0,195,58,31,0,0,365,0,100.0,5,1.36986301369863,14.2,COPD,5.8,True
53007,Wenatchee,Chelan,WA,Washington,47.8609739,-120.619041,2021,79646,365,279,81,2,3,0,0,195,58,31,0,0,365,0,100.0,5,1.36986301369863,14.2,Current Asthma,10.9,True
53009,Port Angeles,Clallam,WA,Washington,48.1109034,-123.8898599,2021,78209,365,298,67,0,0,0,0,81,53,37,0,207,158,0,100.0,0,0.0,14.6,COPD,5.9,True
53009,Port Angeles,Clallam,WA,Washington,48.1109034,-123.8898599,2021,78209,365,298,67,0,0,0,0,81,53,37,0,207,158,0,100.0,0,0.0,14.6,Current Asthma,11.4,True
53011,Vancouver,Clark,WA,Washington,45.7717295,-122.4859533,2021,511404,365,308,57,0,0,0,0,98,55,34,0,136,229,0,100.0,0,0.0,13.0,COPD,5.4,True
53011,Vancouver,Clark,WA,Washington,45.7717295,-122.4859533,2021,511404,365,308,57,0,0,0,0,98,55,34,0,136,229,0,100.0,0,0.0,13.0,Current Asthma,10.9,True
53013,Dayton,Columbia,WA,Washington,46.2928505,-117.9116345,2021,4042,365,304,53,3,5,0,0,172,58,39,0,258,107,0,100.0,8,2.191780821917808,14.4,COPD,5.8,True
53013,Dayton,Columbia,WA,Washington,46.2928505,-117.9116345,2021,4042,365,304,53,3,5,0,0,172,58,39,0,258,107,0,100.0,8,2.191780821917808,14.4,Current Asthma,11.3,True
53015,Longview,Cowlitz,WA,Washington,46.1967854,-122.6784596,2021,111524,365,355,10,0,0,0,0,64,38,21,0,0,365,0,100.0,0,0.0,17.2,COPD,6.5,True
53015,Longview,Cowlitz,WA,Washington,46.1967854,-122.6784596,2021,111524,365,355,10,0,0,0,0,64,38,21,0,0,365,0,100.0,0,0.0,17.2,Current Asthma,12.1,True
53021,Mesa,Franklin,WA,Washington,46.5375019,-118.9038912,2021,98268,320,297,23,0,0,0,0,84,45,21,0,0,320,0,87.67123287671232,0,0.0,15.1,COPD,6.1,False
53021,Mesa,Franklin,WA,Washington,46.5375019,-118.9038912,2021,98268,320,297,23,0,0,0,0,84,45,21,0,0,320,0,87.67123287671232,0,0.0,15.1,Current Asthma,10.8,False
53025,Moses Lake,Grant,WA,Washington,47.2136328,-119.467788,2021,100297,365,310,49,1,4,1,0,202,54,25,0,0,365,0,100.0,6,1.643835616438356,15.9,COPD,6.4,True
53025,Moses Lake,Grant,WA,Washington,47.2136328,-119.467788,2021,100297,365,310,49,1,4,1,0,202,54,25,0,0,365,0,100.0,6,1.643835616438356,15.9,Current Asthma,11.4,True
53027,Aberdeen,Grays Harbor,WA,Washington,47.1137324,-123.8267349,2021,76841,365,347,18,0,0,0,0,82,42,26,0,0,365,0,100.0,0,0.0,18.2,COPD,7.0,True
53027,Aberdeen,Grays Harbor,WA,Washington,47.1137324,-123.8267349,2021,76841,365,347,18,0,0,0,0,82,42,26,0,0,365,0,100.0,0,0.0,18.2,Current Asthma,11.9,True
53031,Port Townsend,Jefferson,WA,Washington,47.8057075,-123.5270572,2021,33605,358,352,6,0,0,0,0,79,32,20,0,0,358,0,98.08219178082192,0,0.0,12.9,COPD,5.3,True
53031,Port Townsend,Jefferson,WA,Washington,47.8057075,-123.5270572,2021,33605,358,352,6,0,0,0,0,79,32,20,0,0,358,0,98.08219178082192,0,0.0,12.9,Current Asthma,11.0,True
53033,Seattle,King,WA,Washington,47.4905518,-121.8339765,2021,2252305,365,248,112,3,2,0,0,177,60,43,14,111,240,0,100.0,5,1.36986301369863,9.0,COPD,3.8,True
53033,Seattle,King,WA,Washington,47.4905518,-121.8339765,2021,2252305,365,248,112,3,2,0,0,177,60,43,14,111,240,0,100.0,5,1.36986301369863,9.0,Current Asthma,9.7,True
53035,Bremerton,Kitsap,WA,Washington,47.6395948,-122.6496339,2021,274314,359,342,16,1,0,0,0,113,44,26,0,0,359,0,98.35616438356163,1,0.2785515320334262,13.0,COPD,5.0,True
53035,Bremerton,Kitsap,WA,Washington,47.6395948,-122.6496339,2021,274314,359,342,16,1,0,0,0,113,44,26,0,0,359,0,98.35616438356163,1,0.2785515320334262,13.0,Current Asthma,10.8,True
53037,Ellensburg,Kittitas,WA,Washington,47.1244411,-120.6767092,2021,45499,365,303,57,3,2,0,0,173,55,28,0,0,365,0,100.0,5,1.36986301369863,15.0,COPD,6.0,True
53037,Ellensburg,Kittitas,WA,Washington,47.1244411,-120.6767092,2021,45499,365,303,57,3,2,0,0,173,55,28,0,0,365,0,100.0,5,1.36986301369863,15.0,Current Asthma,11.0,True
53041,Chehalis,Lewis,WA,Washington,46.5800714,-122.3774443,2021,84398,350,328,22,0,0,0,0,71,46,23,0,0,350,0,95.8904109589041,0,0.0,17.7,COPD,6.8,True
53041,Chehalis,Lewis,WA,Washington,46.5800714,-122.3774443,2021,84398,350,328,22,0,0,0,0,71,46,23,0,0,350,0,95.8904109589041,0,0.0,17.7,Current Asthma,11.7,True
53045,Shelton,Mason,WA,Washington,47.3508322,-123.1731033,2021,67615,361,339,22,0,0,0,0,70,43,22,0,0,361,0,98.9041095890411,0,0.0,17.1,COPD,6.4,True
53045,Shelton,Mason,WA,Washington,47.3508322,-123.1731033,2021,67615,361,339,22,0,0,0,0,70,43,22,0,0,361,0,98.9041095890411,0,0.0,17.1,Current Asthma,11.2,True
53051,Newport,Pend Oreille,WA,Washington,48.5438247,-117.2321913,2021,13886,360,255,96,3,6,0,0,196,59,35,0,0,360,0,98.63013698630137,9,2.5,16.6,COPD,6.2,False
53051,Newport,Pend Oreille,WA,Washington,48.5438247,-117.2321913,2021,13886,360,255,96,3,6,0,0,196,59,35,0,0,360,0,98.63013698630137,9,2.5,16.6,Current Asthma,11.3,False
53053,Tacoma,Pierce,WA,Washington,47.0514128,-122.1532402,2021,925708,365,269,96,0,0,0,0,94,61,42,2,200,163,0,100.0,0,0.0,14.2,COPD,5.5,True
53053,Tacoma,Pierce,WA,Washington,47.0514128,-122.1532402,2021,925708,365,269,96,0,0,0,0,94,61,42,2,200,163,0,100.0,0,0.0,14.2,Current Asthma,10.9,True
53057,Anacortes,Skagit,WA,Washington,48.4932917,-121.8157703,2021,130696,314,296,17,1,0,0,0,101,46,28,0,60,254,0,86.02739726027397,1,0.3184713375796179,13.7,COPD,5.5,True
53057,Anacortes,Skagit,WA,Washington,48.4932917,-121.8157703,2021,130696,314,296,17,1,0,0,0,101,46,28,0,60,254,0,86.02739726027397,1,0.3184713375796179,13.7,Current Asthma,11.0,True
53061,Everett,Snohomish,WA,Washington,48.054913,-121.7650375,2021,833540,365,248,114,3,0,0,0,137,63,35,0,0,365,0,100.0,3,0.821917808219178,11.6,COPD,4.7,True
53061,Everett,Snohomish,WA,Washington,48.054913,-121.7650375,2021,833540,365,248,114,3,0,0,0,137,63,35,0,0,365,0,100.0,3,0.821917808219178,11.6,Current Asthma,10.2,True
53063,Spokane,Spokane,WA,Washington,47.6203752,-117.4033714,2021,546040,365,242,114,3,6,0,0,195,67,43,0,125,236,4,100.0,9,2.4657534246575343,14.2,COPD,5.9,True
53063,Spokane,Spokane,WA,Washington,47.6203752,-117.4033714,2021,546040,365,242,114,3,6,0,0,195,67,43,0,125,236,4,100.0,9,2.4657534246575343,14.2,Current Asthma,11.6,True
53065,Colville,Stevens,WA,Washington,48.3887277,-117.8544548,2021,47426,365,203,146,6,8,2,0,223,74,44,0,0,338,27,100.0,16,4.383561643835616,16.6,COPD,6.7,True
53065,Colville,Stevens,WA,Washington,48.3887277,-117.8544548,2021,47426,365,203,146,6,8,2,0,223,74,44,0,0,338,27,100.0,16,4.383561643835616,16.6,Current Asthma,11.6,True
53071,Walla Walla,Walla Walla,WA,Washington,46.2546057,-118.4803697,2021,62682,365,309,51,3,2,0,0,172,55,24,0,0,220,145,100.0,5,1.36986301369863,14.1,COPD,5.8,True
53071,Walla Walla,Walla Walla,WA,Washington,46.2546057,-118.4803697,2021,62682,365,309,51,3,2,0,0,172,55,24,0,0,220,145,100.0,5,1.36986301369863,14.1,Current Asthma,11.1,True
53073,Bellingham,Whatcom,WA,Washington,48.8426531,-121.8364325,2021,228831,332,323,7,2,0,0,0,129,42,28,0,155,177,0,90.95890410958904,2,0.6024096385542169,13.9,COPD,5.6,True
53073,Bellingham,Whatcom,WA,Washington,48.8426531,-121.8364325,2021,228831,332,323,7,2,0,0,0,129,42,28,0,155,177,0,90.95890410958904,2,0.6024096385542169,13.9,Current Asthma,10.9,True
53075,Colfax,Whitman,WA,Washington,46.9059441,-117.5353898,2021,47873,365,310,45,5,4,1,0,218,58,22,0,0,365,0,100.0,10,2.73972602739726,14.0,COPD,6.5,False
53075,Colfax,Whitman,WA,Washington,46.9059441,-117.5353898,2021,47873,365,310,45,5,4,1,0,218,58,22,0,0,365,0,100.0,10,2.73972602739726,14.0,Current Asthma,11.6,False
54003,Martinsburg,Berkeley,WV,West Virginia,39.4479382,-78.0377535,2021,126069,273,214,59,0,0,0,0,93,60,40,0,189,84,0,74.79452054794521,0,0.0,19.6,COPD,8.3,True
54003,Martinsburg,Berkeley,WV,West Virginia,39.4479382,-78.0377535,2021,126069,273,214,59,0,0,0,0,93,60,40,0,189,84,0,74.79452054794521,0,0.0,19.6,Current Asthma,11.6,True
54009,Follansbee,Brooke,WV,West Virginia,40.2726454,-80.578691,2021,22140,362,295,67,0,0,0,0,83,56,21,0,0,122,240,99.17808219178083,0,0.0,20.2,COPD,8.5,False
54009,Follansbee,Brooke,WV,West Virginia,40.2726454,-80.578691,2021,22140,362,295,67,0,0,0,0,83,56,21,0,0,122,240,99.17808219178083,0,0.0,20.2,Current Asthma,11.4,False
54011,Huntington,Cabell,WV,West Virginia,38.4195778,-82.2433966,2021,93418,283,232,51,0,0,0,0,87,55,38,0,193,90,0,77.53424657534246,0,0.0,21.5,COPD,10.0,True
54011,Huntington,Cabell,WV,West Virginia,38.4195778,-82.2433966,2021,93418,283,232,51,0,0,0,0,87,55,38,0,193,90,0,77.53424657534246,0,0.0,21.5,Current Asthma,12.3,True
54029,Weirton,Hancock,WV,West Virginia,40.5169584,-80.5701643,2021,28656,364,286,78,0,0,0,0,93,61,38,0,194,81,89,99.72602739726028,0,0.0,20.6,COPD,8.9,True
54029,Weirton,Hancock,WV,West Virginia,40.5169584,-80.5701643,2021,28656,364,286,78,0,0,0,0,93,61,38,0,194,81,89,99.72602739726028,0,0.0,20.6,Current Asthma,11.6,True
54039,Charleston,Kanawha,WV,West Virginia,38.3280675,-81.5235156,2021,177952,365,239,126,0,0,0,0,97,64,44,0,116,249,0,100.0,0,0.0,20.5,COPD,9.0,True
54039,Charleston,Kanawha,WV,West Virginia,38.3280675,-81.5235156,2021,177952,365,239,126,0,0,0,0,97,64,44,0,116,249,0,100.0,0,0.0,20.5,Current Asthma,11.5,True
54051,Moundsville,Marshall,WV,West Virginia,39.8544259,-80.6717944,2021,30115,353,140,212,1,0,0,0,121,74,53,0,0,353,0,96.7123287671233,1,0.28328611898017,21.3,COPD,9.1,False
54051,Moundsville,Marshall,WV,West Virginia,39.8544259,-80.6717944,2021,30115,353,140,212,1,0,0,0,121,74,53,0,0,353,0,96.7123287671233,1,0.28328611898017,21.3,Current Asthma,11.3,False
54061,Morgantown,Monongalia,WV,West Virginia,39.6336448,-80.0590736,2021,106387,282,225,57,0,0,0,0,80,58,39,0,200,82,0,77.26027397260275,0,0.0,16.2,COPD,7.5,True
54061,Morgantown,Monongalia,WV,West Virginia,39.6336448,-80.0590736,2021,106387,282,225,57,0,0,0,0,80,58,39,0,200,82,0,77.26027397260275,0,0.0,16.2,Current Asthma,11.0,True
54069,Wheeling,Ohio,WV,West Virginia,40.100323,-80.6199004,2021,41776,285,223,62,0,0,0,0,78,58,39,0,196,89,0,78.08219178082192,0,0.0,19.4,COPD,8.2,True
54069,Wheeling,Ohio,WV,West Virginia,40.100323,-80.6199004,2021,41776,285,223,62,0,0,0,0,78,58,39,0,196,89,0,78.08219178082192,0,0.0,19.4,Current Asthma,11.4,True
54107,Parkersburg,Wood,WV,West Virginia,39.2116023,-81.516234,2021,83624,271,221,50,0,0,0,0,76,54,38,0,182,89,0,74.24657534246575,0,0.0,20.9,COPD,9.6,True
54107,Parkersburg,Wood,WV,West Virginia,39.2116023,-81.516234,2021,83624,271,221,50,0,0,0,0,76,54,38,0,182,89,0,74.24657534246575,0,0.0,20.9,Current Asthma,12.1,True
55003,Ashland,Ashland,WI,Wisconsin,46.5444245,-90.6796907,2021,16107,365,282,79,3,1,0,0,160,58,37,0,214,151,0,100.0,4,1.095890410958904,19.6,COPD,6.5,True
55003,Ashland,Ashland,WI,Wisconsin,46.5444245,-90.6796907,2021,16107,365,282,79,3,1,0,0,160,58,37,0,214,151,0,100.0,4,1.095890410958904,19.6,Current Asthma,11.2,True
55009,Green Bay,Brown,WI,Wisconsin,44.4740244,-87.9961303,2021,269591,365,231,131,3,0,0,0,125,67,43,0,107,258,0,100.0,3,0.821917808219178,14.1,COPD,5.0,True
55009,Green Bay,Brown,WI,Wisconsin,44.4740244,-87.9961303,2021,269591,365,231,131,3,0,0,0,125,67,43,0,107,258,0,100.0,3,0.821917808219178,14.1,Current Asthma,10.0,True
55021,Cambria,Columbia,WI,Wisconsin,43.4718818,-89.3304721,2021,58488,208,181,27,0,0,0,0,100,54,40,0,208,0,0,56.986301369863014,0,0.0,15.7,COPD,5.1,True
55021,Cambria,Columbia,WI,Wisconsin,43.4718818,-89.3304721,2021,58488,208,181,27,0,0,0,0,100,54,40,0,208,0,0,56.986301369863014,0,0.0,15.7,Current Asthma,10.0,True
55025,Madison,Dane,WI,Wisconsin,43.0674684,-89.4178523,2021,563951,365,199,165,1,0,0,0,101,68,48,0,98,267,0,100.0,1,0.273972602739726,11.7,COPD,4.1,True
55025,Madison,Dane,WI,Wisconsin,43.0674684,-89.4178523,2021,563951,365,199,165,1,0,0,0,101,68,48,0,98,267,0,100.0,1,0.273972602739726,11.7,Current Asthma,10.0,True
55027,Kekoskee,Dodge,WI,Wisconsin,43.4296276,-88.7019394,2021,89313,365,216,149,0,0,0,0,99,68,46,0,171,194,0,100.0,0,0.0,16.4,COPD,5.5,True
55027,Kekoskee,Dodge,WI,Wisconsin,43.4296276,-88.7019394,2021,89313,365,216,149,0,0,0,0,99,68,46,0,171,194,0,100.0,0,0.0,16.4,Current Asthma,10.2,True
55029,Fish Creek,Door,WI,Wisconsin,45.0934165,-87.0486828,2021,30369,206,173,30,3,0,0,0,126,61,39,0,206,0,0,56.43835616438356,3,1.4563106796116505,14.1,COPD,4.9,True
55029,Fish Creek,Door,WI,Wisconsin,45.0934165,-87.0486828,2021,30369,206,173,30,3,0,0,0,126,61,39,0,206,0,0,56.43835616438356,3,1.4563106796116505,14.1,Current Asthma,10.1,True
55035,Eau Claire,Eau Claire,WI,Wisconsin,44.7263547,-91.2864137,2021,106452,362,212,145,4,1,0,0,154,67,44,0,98,263,1,99.17808219178083,5,1.3812154696132597,14.7,COPD,5.2,True
55035,Eau Claire,Eau Claire,WI,Wisconsin,44.7263547,-91.2864137,2021,106452,362,212,145,4,1,0,0,154,67,44,0,98,263,1,99.17808219178083,5,1.3812154696132597,14.7,Current Asthma,10.2,True
55039,Fond du Lac,Fond du Lac,WI,Wisconsin,43.7547219,-88.493284,2021,104362,208,178,30,0,0,0,0,90,54,39,0,208,0,0,56.986301369863014,0,0.0,15.4,COPD,5.3,True
55039,Fond du Lac,Fond du Lac,WI,Wisconsin,43.7547219,-88.493284,2021,104362,208,178,30,0,0,0,0,90,54,39,0,208,0,0,56.986301369863014,0,0.0,15.4,Current Asthma,10.3,True
55041,Crandon,Forest,WI,Wisconsin,45.6668806,-88.7733265,2021,9258,361,282,75,3,1,0,0,165,59,38,0,221,140,0,98.9041095890411,4,1.10803324099723,19.9,COPD,6.7,True
55041,Crandon,Forest,WI,Wisconsin,45.6668806,-88.7733265,2021,9258,361,282,75,3,1,0,0,165,59,38,0,221,140,0,98.9041095890411,4,1.10803324099723,19.9,Current Asthma,11.2,True
55043,Cassville,Grant,WI,Wisconsin,42.8700275,-90.6942288,2021,52110,355,200,155,0,0,0,0,96,64,46,0,0,355,0,97.26027397260275,0,0.0,17.1,COPD,6.1,True
55043,Cassville,Grant,WI,Wisconsin,42.8700275,-90.6942288,2021,52110,355,200,155,0,0,0,0,96,64,46,0,0,355,0,97.26027397260275,0,0.0,17.1,Current Asthma,10.6,True
55053,Black River Falls,Jackson,WI,Wisconsin,44.3245897,-90.7995104,2021,21121,237,187,50,0,0,0,0,97,57,31,0,0,237,0,64.93150684931507,0,0.0,18.9,COPD,6.3,False
55053,Black River Falls,Jackson,WI,Wisconsin,44.3245897,-90.7995104,2021,21121,237,187,50,0,0,0,0,97,57,31,0,0,237,0,64.93150684931507,0,0.0,18.9,Current Asthma,10.6,False
55055,Jefferson,Jefferson,WI,Wisconsin,43.0138045,-88.7739847,2021,84943,208,178,29,1,0,0,0,101,61,40,0,208,0,0,56.986301369863014,1,0.4807692307692308,14.4,COPD,5.1,True
55055,Jefferson,Jefferson,WI,Wisconsin,43.0138045,-88.7739847,2021,84943,208,178,29,1,0,0,0,101,61,40,0,208,0,0,56.986301369863014,1,0.4807692307692308,14.4,Current Asthma,10.3,True
55059,Kenosha,Kenosha,WI,Wisconsin,42.5858816,-87.8763984,2021,168732,344,197,136,11,0,0,0,136,74,47,0,168,176,0,94.24657534246576,11,3.1976744186046515,15.2,COPD,5.2,True
55059,Kenosha,Kenosha,WI,Wisconsin,42.5858816,-87.8763984,2021,168732,344,197,136,11,0,0,0,136,74,47,0,168,176,0,94.24657534246576,11,3.1976744186046515,15.2,Current Asthma,10.2,True
55061,Kewaunee,Kewaunee,WI,Wisconsin,44.6056771,-87.4480081,2021,20543,207,170,35,2,0,0,0,108,61,40,0,207,0,0,56.71232876712329,2,0.966183574879227,15.6,COPD,5.3,True
55061,Kewaunee,Kewaunee,WI,Wisconsin,44.6056771,-87.4480081,2021,20543,207,170,35,2,0,0,0,108,61,40,0,207,0,0,56.71232876712329,2,0.966183574879227,15.6,Current Asthma,10.2,True
55063,La Crosse,La Crosse,WI,Wisconsin,43.9082222,-91.1117584,2021,120433,365,240,124,1,0,0,0,110,64,43,0,115,250,0,100.0,1,0.273972602739726,14.7,COPD,5.1,True
55063,La Crosse,La Crosse,WI,Wisconsin,43.9082222,-91.1117584,2021,120433,365,240,124,1,0,0,0,110,64,43,0,115,250,0,100.0,1,0.273972602739726,14.7,Current Asthma,10.5,True
55071,Manitowoc,Manitowoc,WI,Wisconsin,44.156137,-87.5773525,2021,81505,207,174,30,3,0,0,0,119,64,39,0,207,0,0,56.71232876712329,3,1.4492753623188406,15.9,COPD,5.6,True
55071,Manitowoc,Manitowoc,WI,Wisconsin,44.156137,-87.5773525,2021,81505,207,174,30,3,0,0,0,119,64,39,0,207,0,0,56.71232876712329,3,1.4492753623188406,15.9,Current Asthma,10.4,True
55073,Brokaw,Marathon,WI,Wisconsin,44.8980363,-89.757823,2021,137648,200,191,9,0,0,0,0,87,49,36,0,200,0,0,54.794520547945204,0,0.0,15.5,COPD,5.1,True
55073,Brokaw,Marathon,WI,Wisconsin,44.8980363,-89.757823,2021,137648,200,191,9,0,0,0,0,87,49,36,0,200,0,0,54.794520547945204,0,0.0,15.5,Current Asthma,10.0,True
55079,Milwaukee,Milwaukee,WI,Wisconsin,42.9126431,-87.8623115,2021,928059,365,162,196,7,0,0,0,129,72,52,3,118,241,3,100.0,7,1.9178082191780823,17.1,COPD,5.8,True
55079,Milwaukee,Milwaukee,WI,Wisconsin,42.9126431,-87.8623115,2021,928059,365,162,196,7,0,0,0,129,72,52,3,118,241,3,100.0,7,1.9178082191780823,17.1,Current Asthma,11.5,True
55081,Tomah,Monroe,WI,Wisconsin,43.9451751,-90.6199687,2021,46193,265,216,49,0,0,0,0,94,56,32,0,0,265,0,72.6027397260274,0,0.0,17.1,COPD,6.0,False
55081,Tomah,Monroe,WI,Wisconsin,43.9451751,-90.6199687,2021,46193,265,216,49,0,0,0,0,94,56,32,0,0,265,0,72.6027397260274,0,0.0,17.1,Current Asthma,10.6,False
55087,Appleton,Outagamie,WI,Wisconsin,44.4182258,-88.4649883,2021,191545,363,226,134,3,0,0,0,139,66,44,0,100,263,0,99.45205479452055,3,0.8264462809917356,14.0,COPD,4.8,True
55087,Appleton,Outagamie,WI,Wisconsin,44.4182258,-88.4649883,2021,191545,363,226,134,3,0,0,0,139,66,44,0,100,263,0,99.45205479452055,3,0.8264462809917356,14.0,Current Asthma,10.3,True
55089,Port Washington,Ozaukee,WI,Wisconsin,43.5018446,-87.8475669,2021,92497,364,241,116,7,0,0,0,129,67,43,0,160,204,0,99.72602739726028,7,1.9230769230769231,11.1,COPD,4.0,True
55089,Port Washington,Ozaukee,WI,Wisconsin,43.5018446,-87.8475669,2021,92497,364,241,116,7,0,0,0,129,67,43,0,160,204,0,99.72602739726028,7,1.9230769230769231,11.1,Current Asthma,9.8,True
55101,Racine,Racine,WI,Wisconsin,42.7803923,-87.7715988,2021,196896,210,149,53,8,0,0,0,126,80,43,0,210,0,0,57.534246575342465,8,3.8095238095238098,14.9,COPD,5.4,True
55101,Racine,Racine,WI,Wisconsin,42.7803923,-87.7715988,2021,196896,210,149,53,8,0,0,0,126,80,43,0,210,0,0,57.534246575342465,8,3.8095238095238098,14.9,Current Asthma,10.6,True
55105,Beloit,Rock,WI,Wisconsin,42.6698802,-89.0752844,2021,164381,205,173,32,0,0,0,0,100,61,41,0,205,0,0,56.16438356164384,0,0.0,15.7,COPD,5.5,True
55105,Beloit,Rock,WI,Wisconsin,42.6698802,-89.0752844,2021,164381,205,173,32,0,0,0,0,100,61,41,0,205,0,0,56.16438356164384,0,0.0,15.7,Current Asthma,10.6,True
55111,Rock Springs,Sauk,WI,Wisconsin,43.428001,-89.9433184,2021,65697,365,236,129,0,0,0,0,96,65,44,0,110,255,0,100.0,0,0.0,15.4,COPD,5.5,True
55111,Rock Springs,Sauk,WI,Wisconsin,43.428001,-89.9433184,2021,65697,365,236,129,0,0,0,0,96,65,44,0,110,255,0,100.0,0,0.0,15.4,Current Asthma,10.4,True
55117,Sheboygan,Sheboygan,WI,Wisconsin,43.741232,-87.7315164,2021,117747,208,164,39,5,0,0,0,126,74,41,0,208,0,0,56.986301369863014,5,2.403846153846154,14.8,COPD,5.1,True
55117,Sheboygan,Sheboygan,WI,Wisconsin,43.741232,-87.7315164,2021,117747,208,164,39,5,0,0,0,126,74,41,0,208,0,0,56.986301369863014,5,2.403846153846154,14.8,Current Asthma,9.9,True
55125,Manitowish Waters,Vilas,WI,Wisconsin,46.049848,-89.501254,2021,23520,363,297,63,3,0,0,0,148,57,34,0,158,205,0,99.45205479452055,3,0.8264462809917356,16.4,COPD,5.4,True
55125,Manitowish Waters,Vilas,WI,Wisconsin,46.049848,-89.501254,2021,23520,363,297,63,3,0,0,0,148,57,34,0,158,205,0,99.45205479452055,3,0.8264462809917356,16.4,Current Asthma,10.7,True
55127,Delavan,Walworth,WI,Wisconsin,42.6681095,-88.5417306,2021,106799,221,184,36,1,0,0,0,101,61,41,0,221,0,0,60.54794520547945,1,0.4524886877828055,14.4,COPD,5.2,True
55127,Delavan,Walworth,WI,Wisconsin,42.6681095,-88.5417306,2021,106799,221,184,36,1,0,0,0,101,61,41,0,221,0,0,60.54794520547945,1,0.4524886877828055,14.4,Current Asthma,10.2,True
55133,Waukesha,Waukesha,WI,Wisconsin,43.0183677,-88.3042404,2021,408756,365,177,184,4,0,0,0,108,71,51,0,89,275,1,100.0,4,1.095890410958904,11.6,COPD,4.0,True
55133,Waukesha,Waukesha,WI,Wisconsin,43.0183677,-88.3042404,2021,408756,365,177,184,4,0,0,0,108,71,51,0,89,275,1,100.0,4,1.095890410958904,11.6,Current Asthma,9.8,True
56001,Laramie,Albany,WY,Wyoming,41.6655141,-105.7218826,2021,37608,365,193,158,13,0,0,1,312,84,50,3,277,18,67,100.0,14,3.8356164383561646,14.9,COPD,6.0,True
56001,Laramie,Albany,WY,Wyoming,41.6655141,-105.7218826,2021,37608,365,193,158,13,0,0,1,312,84,50,3,277,18,67,100.0,14,3.8356164383561646,14.9,Current Asthma,9.8,True
56003,Lovell,Big Horn,WY,Wyoming,44.5251167,-107.9948477,2021,11632,364,324,39,1,0,0,0,101,51,39,0,364,0,0,99.72602739726028,1,0.27472527472527475,18.4,COPD,6.7,True
56003,Lovell,Big Horn,WY,Wyoming,44.5251167,-107.9948477,2021,11632,364,324,39,1,0,0,0,101,51,39,0,364,0,0,99.72602739726028,1,0.27472527472527475,18.4,Current Asthma,10.0,True
56009,Douglas,Converse,WY,Wyoming,42.9846234,-105.5247521,2021,13672,365,274,87,4,0,0,0,119,70,42,0,310,0,55,100.0,4,1.095890410958904,17.0,COPD,6.4,True
56009,Douglas,Converse,WY,Wyoming,42.9846234,-105.5247521,2021,13672,365,274,87,4,0,0,0,119,70,42,0,310,0,55,100.0,4,1.095890410958904,17.0,Current Asthma,9.7,True
56013,Riverton,Fremont,WY,Wyoming,43.054831,-108.6089349,2021,39336,365,240,117,8,0,0,0,141,77,46,0,289,73,3,100.0,8,2.191780821917808,19.7,COPD,7.1,True
56013,Riverton,Fremont,WY,Wyoming,43.054831,-108.6089349,2021,39336,365,240,117,8,0,0,0,141,77,46,0,289,73,3,100.0,8,2.191780821917808,19.7,Current Asthma,10.6,True
56019,Kaycee,Johnson,WY,Wyoming,44.0440477,-106.5885406,2021,8623,365,304,54,7,0,0,0,126,64,40,2,358,0,5,100.0,7,1.9178082191780823,16.4,COPD,6.4,True
56019,Kaycee,Johnson,WY,Wyoming,44.0440477,-106.5885406,2021,8623,365,304,54,7,0,0,0,126,64,40,2,358,0,5,100.0,7,1.9178082191780823,16.4,Current Asthma,9.8,True
56021,Cheyenne,Laramie,WY,Wyoming,41.2928302,-104.660395,2021,100863,364,261,92,11,0,0,0,126,77,44,2,320,40,0,99.72602739726028,11,3.021978021978022,14.8,COPD,6.0,True
56021,Cheyenne,Laramie,WY,Wyoming,41.2928302,-104.660395,2021,100863,364,261,92,11,0,0,0,126,77,44,2,320,40,0,99.72602739726028,11,3.021978021978022,14.8,Current Asthma,9.7,True
56023,Diamondville,Lincoln,WY,Wyoming,42.2299932,-110.6829614,2021,20153,365,297,62,6,0,0,0,126,67,30,5,126,31,203,100.0,6,1.643835616438356,16.2,COPD,5.9,False
56023,Diamondville,Lincoln,WY,Wyoming,42.2299932,-110.6829614,2021,20153,365,297,62,6,0,0,0,126,67,30,5,126,31,203,100.0,6,1.643835616438356,16.2,Current Asthma,9.5,False
56025,Casper,Natrona,WY,Wyoming,42.9776447,-106.7682192,2021,79555,365,282,77,6,0,0,0,125,71,42,2,333,30,0,100.0,6,1.643835616438356,17.2,COPD,6.3,True
56025,Casper,Natrona,WY,Wyoming,42.9776447,-106.7682192,2021,79555,365,282,77,6,0,0,0,125,71,42,2,333,30,0,100.0,6,1.643835616438356,17.2,Current Asthma,9.9,True
56033,Sheridan,Sheridan,WY,Wyoming,44.7813692,-106.8812114,2021,31646,364,302,55,7,0,0,0,115,67,40,0,299,45,20,99.72602739726028,7,1.9230769230769231,16.5,COPD,5.7,True
56033,Sheridan,Sheridan,WY,Wyoming,44.7813692,-106.8812114,2021,31646,364,302,55,7,0,0,0,115,67,40,0,299,45,20,99.72602739726028,7,1.9230769230769231,16.5,Current Asthma,9.4,True
56035,Pinedale,Sublette,WY,Wyoming,42.7679284,-109.9161701,2021,8697,365,253,105,7,0,0,0,133,77,46,0,342,23,0,100.0,7,1.9178082191780823,15.9,COPD,5.7,True
56035,Pinedale,Sublette,WY,Wyoming,42.7679284,-109.9161701,2021,8697,365,253,105,7,0,0,0,133,77,46,0,342,23,0,100.0,7,1.9178082191780823,15.9,Current Asthma,9.1,True
56037,Green River,Sweetwater,WY,Wyoming,41.6603282,-108.8756774,2021,41614,365,238,117,9,1,0,0,195,83,45,2,286,24,53,100.0,10,2.73972602739726,17.8,COPD,6.3,True
56037,Green River,Sweetwater,WY,Wyoming,41.6603282,-108.8756774,2021,41614,365,238,117,9,1,0,0,195,83,45,2,286,24,53,100.0,10,2.73972602739726,17.8,Current Asthma,9.5,True
56039,Jackson,Teton,WY,Wyoming,44.048662,-110.426087,2021,23575,365,277,78,10,0,0,0,131,72,44,0,318,45,2,100.0,10,2.73972602739726,11.1,COPD,4.4,True
56039,Jackson,Teton,WY,Wyoming,44.048662,-110.426087,2021,23575,365,277,78,10,0,0,0,131,72,44,0,318,45,2,100.0,10,2.73972602739726,11.1,Current Asthma,8.7,True
56045,Newcastle,Weston,WY,Wyoming,43.8462133,-104.5700202,2021,6745,343,282,61,0,0,0,0,100,64,41,0,343,0,0,93.97260273972603,0,0.0,19.7,COPD,6.9,True
56045,Newcastle,Weston,WY,Wyoming,43.8462133,-104.5700202,2021,6745,343,282,61,0,0,0,0,100,64,41,0,343,0,0,93.97260273972603,0,0.0,19.7,Current Asthma,9.7,True
1003,Fairhope,Baldwin,AL,Alabama,30.7277455824565,-87.7226204578951,2022,253507,281,237,44,0,0,0,0,97,52,39,0,201,80,0,76.98630136986301,0,0.0,13.3,COPD,6.0,True
1003,Fairhope,Baldwin,AL,Alabama,30.7277455824565,-87.7226204578951,2022,253507,281,237,44,0,0,0,0,97,52,39,0,201,80,0,76.98630136986301,0,0.0,13.3,Current Asthma,9.4,True
1049,Fort Payne,DeKalb,AL,Alabama,34.4598606858773,-85.8039693236418,2022,72569,364,323,41,0,0,0,0,97,52,38,0,305,59,0,99.72602739726028,0,0.0,19.9,COPD,9.2,True
1049,Fort Payne,DeKalb,AL,Alabama,34.4598606858773,-85.8039693236418,2022,72569,364,323,41,0,0,0,0,97,52,38,0,305,59,0,99.72602739726028,0,0.0,19.9,Current Asthma,10.1,True
1051,Wetumpka,Elmore,AL,Alabama,32.5970686891064,-86.1484340236509,2022,90441,240,232,8,0,0,0,0,74,44,33,0,240,0,0,65.75342465753424,0,0.0,15.1,COPD,6.6,True
1051,Wetumpka,Elmore,AL,Alabama,32.5970686891064,-86.1484340236509,2022,90441,240,232,8,0,0,0,0,74,44,33,0,240,0,0,65.75342465753424,0,0.0,15.1,Current Asthma,10.0,True
1055,Gadsden,Etowah,AL,Alabama,34.0451449448922,-86.0349319631417,2022,103241,359,224,135,0,0,0,0,93,60,46,0,93,266,0,98.35616438356163,0,0.0,18.1,COPD,8.2,True
1055,Gadsden,Etowah,AL,Alabama,34.0451449448922,-86.0349319631417,2022,103241,359,224,135,0,0,0,0,93,60,46,0,93,266,0,98.35616438356163,0,0.0,18.1,Current Asthma,10.3,True
1073,Birmingham,Jefferson,AL,Alabama,33.554557948471,-86.896632302754,2022,662895,365,128,235,2,0,0,0,105,71,54,0,66,299,0,100.0,2,0.547945205479452,14.1,COPD,6.2,True
1073,Birmingham,Jefferson,AL,Alabama,33.554557948471,-86.896632302754,2022,662895,365,128,235,2,0,0,0,105,71,54,0,66,299,0,100.0,2,0.547945205479452,14.1,Current Asthma,9.9,True
1089,Huntsville,Madison,AL,Alabama,34.7630088775779,-86.550355969647,2022,412600,365,201,164,0,0,0,0,97,61,48,0,68,293,4,100.0,0,0.0,12.0,COPD,5.2,True
1089,Huntsville,Madison,AL,Alabama,34.7630088775779,-86.550355969647,2022,412600,365,201,164,0,0,0,0,97,61,48,0,68,293,4,100.0,0,0.0,12.0,Current Asthma,9.4,True
1097,Mobile,Mobile,AL,Alabama,30.7791692937068,-88.20640909701,2022,411640,363,235,128,0,0,0,0,93,58,44,0,99,264,0,99.45205479452055,0,0.0,15.7,COPD,6.9,True
1097,Mobile,Mobile,AL,Alabama,30.7791692937068,-88.20640909701,2022,411640,363,235,128,0,0,0,0,93,58,44,0,99,264,0,99.45205479452055,0,0.0,15.7,Current Asthma,9.8,True
1101,Montgomery,Montgomery,AL,Alabama,32.220703470576,-86.2076996333806,2022,224980,363,269,94,0,0,0,0,96,57,41,0,163,200,0,99.45205479452055,0,0.0,14.8,COPD,6.7,True
1101,Montgomery,Montgomery,AL,Alabama,32.220703470576,-86.2076996333806,2022,224980,363,269,94,0,0,0,0,96,57,41,0,163,200,0,99.45205479452055,0,0.0,14.8,Current Asthma,10.8,True
1103,Decatur,Morgan,AL,Alabama,34.453569812448,-86.8530296512976,2022,125133,365,208,156,1,0,0,0,111,63,47,0,82,283,0,100.0,1,0.273972602739726,16.3,COPD,7.2,True
1103,Decatur,Morgan,AL,Alabama,34.453569812448,-86.8530296512976,2022,125133,365,208,156,1,0,0,0,111,63,47,0,82,283,0,100.0,1,0.273972602739726,16.3,Current Asthma,9.9,True
1113,Phenix City,Russell,AL,Alabama,32.2882099895674,-85.1846581812352,2022,58744,364,208,156,0,0,0,0,97,61,46,0,69,295,0,99.72602739726028,0,0.0,18.1,COPD,8.0,True
1113,Phenix City,Russell,AL,Alabama,32.2882099895674,-85.1846581812352,2022,58744,364,208,156,0,0,0,0,97,61,46,0,69,295,0,99.72602739726028,0,0.0,18.1,Current Asthma,11.1,True
1117,Pelham,Shelby,AL,Alabama,33.2645243865867,-86.6608662882591,2022,233000,245,225,19,1,0,0,0,105,50,37,0,245,0,0,67.12328767123287,1,0.40816326530612246,10.6,COPD,4.8,True
1117,Pelham,Shelby,AL,Alabama,33.2645243865867,-86.6608662882591,2022,233000,245,225,19,1,0,0,0,105,50,37,0,245,0,0,67.12328767123287,1,0.40816326530612246,10.6,Current Asthma,9.4,True
1125,Tuscaloosa,Tuscaloosa,AL,Alabama,33.2894088277374,-87.5254019048087,2022,237373,280,240,40,0,0,0,0,87,54,37,0,195,85,0,76.71232876712328,0,0.0,15.0,COPD,6.7,True
1125,Tuscaloosa,Tuscaloosa,AL,Alabama,33.2894088277374,-87.5254019048087,2022,237373,280,240,40,0,0,0,0,87,54,37,0,195,85,0,76.71232876712328,0,0.0,15.0,Current Asthma,10.2,True
2020,Anchorage,Anchorage,AK,Alaska,61.150482370682,-149.112545841578,2022,286075,365,302,62,1,0,0,0,125,56,24,0,0,200,158,100.0,1,0.273972602739726,14.1,COPD,5.2,True
2020,Anchorage,Anchorage,AK,Alaska,61.150482370682,-149.112545841578,2022,286075,365,302,62,1,0,0,0,125,56,24,0,0,200,158,100.0,1,0.273972602739726,14.1,Current Asthma,10.6,True
2110,Juneau,Juneau,AK,Alaska,58.4491350384727,-134.172902838081,2022,31555,342,291,51,0,0,0,0,95,56,21,0,0,342,0,93.69863013698631,0,0.0,13.8,COPD,5.2,False
2110,Juneau,Juneau,AK,Alaska,58.4491350384727,-134.172902838081,2022,31555,342,291,51,0,0,0,0,95,56,21,0,0,342,0,93.69863013698631,0,0.0,13.8,Current Asthma,10.2,False
4003,Douglas,Cochise,AZ,Arizona,31.8794588523568,-109.751384831901,2022,124640,365,291,73,1,0,0,0,101,61,44,0,331,2,32,100.0,1,0.273972602739726,13.4,COPD,6.4,True
4003,Douglas,Cochise,AZ,Arizona,31.8794588523568,-109.751384831901,2022,124640,365,291,73,1,0,0,0,101,61,44,0,331,2,32,100.0,1,0.273972602739726,13.4,Current Asthma,10.5,True
4005,Flagstaff,Coconino,AZ,Arizona,35.8387928971913,-111.770577149727,2022,144472,365,279,85,1,0,0,0,101,64,44,0,358,7,0,100.0,1,0.273972602739726,12.9,COPD,6.4,True
4005,Flagstaff,Coconino,AZ,Arizona,35.8387928971913,-111.770577149727,2022,144472,365,279,85,1,0,0,0,101,64,44,0,358,7,0,100.0,1,0.273972602739726,12.9,Current Asthma,11.7,True
4007,Miami,Gila,AZ,Arizona,33.7999645115514,-110.812096582079,2022,54003,365,245,102,16,2,0,0,177,84,45,0,339,2,24,100.0,18,4.931506849315069,16.7,COPD,7.4,False
4007,Miami,Gila,AZ,Arizona,33.7999645115514,-110.812096582079,2022,54003,365,245,102,16,2,0,0,177,84,45,0,339,2,24,100.0,18,4.931506849315069,16.7,Current Asthma,11.6,False
4012,Parker,La Paz,AZ,Arizona,33.7292571142703,-113.98153747073,2022,16710,359,275,83,1,0,0,0,130,64,44,0,337,12,10,98.35616438356163,1,0.2785515320334262,16.7,COPD,7.6,True
4012,Parker,La Paz,AZ,Arizona,33.7292571142703,-113.98153747073,2022,16710,359,275,83,1,0,0,0,130,64,44,0,337,12,10,98.35616438356163,1,0.2785515320334262,16.7,Current Asthma,11.4,True
4017,Holbrook,Navajo,AZ,Arizona,35.3997521187229,-110.321421073074,2022,109175,364,307,57,0,0,0,0,93,58,44,0,356,5,3,99.72602739726028,0,0.0,19.5,COPD,9.0,True
4017,Holbrook,Navajo,AZ,Arizona,35.3997521187229,-110.321421073074,2022,109175,364,307,57,0,0,0,0,93,58,44,0,356,5,3,99.72602739726028,0,0.0,19.5,Current Asthma,13.8,True
4019,Tucson,Pima,AZ,Arizona,32.0975237350697,-111.790179841763,2022,1063162,365,147,205,13,0,0,0,142,81,53,0,196,94,75,100.0,13,3.5616438356164384,11.3,COPD,5.7,True
4019,Tucson,Pima,AZ,Arizona,32.0975237350697,-111.790179841763,2022,1063162,365,147,205,13,0,0,0,142,81,53,0,196,94,75,100.0,13,3.5616438356164384,11.3,Current Asthma,11.0,True
4023,Nogales,Santa Cruz,AZ,Arizona,31.525984062461,-110.846572235272,2022,49158,357,220,136,1,0,0,0,138,69,43,0,0,328,29,97.80821917808218,1,0.2801120448179272,12.0,COPD,5.6,True
4023,Nogales,Santa Cruz,AZ,Arizona,31.525984062461,-110.846572235272,2022,49158,357,220,136,1,0,0,0,138,69,43,0,0,328,29,97.80821917808218,1,0.2801120448179272,12.0,Current Asthma,9.5,True
4025,Prescott,Yavapai,AZ,Arizona,34.5996977529402,-112.553640853115,2022,249081,365,341,24,0,0,0,0,87,48,40,0,365,0,0,100.0,0,0.0,12.9,COPD,6.2,True
4025,Prescott,Yavapai,AZ,Arizona,34.5996977529402,-112.553640853115,2022,249081,365,341,24,0,0,0,0,87,48,40,0,365,0,0,100.0,0,0.0,12.9,Current Asthma,11.0,True
4027,Yuma,Yuma,AZ,Arizona,32.7694427722845,-113.905997385394,2022,213221,365,228,128,9,0,0,0,142,73,46,0,199,98,68,100.0,9,2.4657534246575343,13.7,COPD,6.2,True
4027,Yuma,Yuma,AZ,Arizona,32.7694427722845,-113.905997385394,2022,213221,365,228,128,9,0,0,0,142,73,46,0,199,98,68,100.0,9,2.4657534246575343,13.7,Current Asthma,9.8,True
5019,Arkadelphia,Clark,AR,Arkansas,34.0510757211807,-93.1767308539705,2022,21274,363,350,13,0,0,0,0,90,46,35,0,363,0,0,99.45205479452055,0,0.0,17.4,COPD,8.0,True
5019,Arkadelphia,Clark,AR,Arkansas,34.0510757211807,-93.1767308539705,2022,21274,363,350,13,0,0,0,0,90,46,35,0,363,0,0,99.45205479452055,0,0.0,17.4,Current Asthma,10.9,True
5035,West Memphis,Crittenden,AR,Arkansas,35.2054090351377,-90.3082216649023,2022,47139,365,215,146,3,1,0,0,156,64,46,3,103,259,0,100.0,4,1.095890410958904,18.8,COPD,8.3,True
5035,West Memphis,Crittenden,AR,Arkansas,35.2054090351377,-90.3082216649023,2022,47139,365,215,146,3,1,0,0,156,64,46,3,103,259,0,100.0,4,1.095890410958904,18.8,Current Asthma,11.6,True
5113,Mena,Polk,AR,Arkansas,34.4858592435429,-94.2282210393227,2022,19436,350,308,40,2,0,0,0,105,52,34,0,268,82,0,95.8904109589041,2,0.5714285714285714,19.4,COPD,8.9,True
5113,Mena,Polk,AR,Arkansas,34.4858592435429,-94.2282210393227,2022,19436,350,308,40,2,0,0,0,105,52,34,0,268,82,0,95.8904109589041,2,0.5714285714285714,19.4,Current Asthma,10.6,True
5119,Little Rock,Pulaski,AR,Arkansas,34.7700394452014,-92.3119548341849,2022,400009,365,153,211,1,0,0,0,115,67,52,0,68,297,0,100.0,1,0.273972602739726,13.6,COPD,6.4,True
5119,Little Rock,Pulaski,AR,Arkansas,34.7700394452014,-92.3119548341849,2022,400009,365,153,211,1,0,0,0,115,67,52,0,68,297,0,100.0,1,0.273972602739726,13.6,Current Asthma,10.3,True
5143,Fayetteville,Washington,AR,Arkansas,35.9788480792297,-94.2156793425187,2022,261549,365,214,148,3,0,0,0,119,61,47,0,149,216,0,100.0,3,0.821917808219178,14.2,COPD,6.8,True
5143,Fayetteville,Washington,AR,Arkansas,35.9788480792297,-94.2156793425187,2022,261549,365,214,148,3,0,0,0,119,61,47,0,149,216,0,100.0,3,0.821917808219178,14.2,Current Asthma,10.2,True
6001,Oakland,Alameda,CA,California,37.6463311425304,-121.888566503138,2022,1622188,365,185,175,5,0,0,0,122,70,49,2,108,255,0,100.0,5,1.36986301369863,9.2,COPD,3.8,True
6001,Oakland,Alameda,CA,California,37.6463311425304,-121.888566503138,2022,1622188,365,185,175,5,0,0,0,122,70,49,2,108,255,0,100.0,5,1.36986301369863,9.2,Current Asthma,8.8,True
6005,Jackson,Amador,CA,California,38.4464297028895,-120.650760892534,2022,41811,364,333,30,1,0,0,0,112,50,36,0,364,0,0,99.72602739726028,1,0.27472527472527475,12.4,COPD,5.2,True
6005,Jackson,Amador,CA,California,38.4464297028895,-120.650760892534,2022,41811,364,333,30,1,0,0,0,112,50,36,0,364,0,0,99.72602739726028,1,0.27472527472527475,12.4,Current Asthma,10.1,True
6007,Chico,Butte,CA,California,39.6663795928272,-121.60115169224,2022,207172,365,191,171,3,0,0,0,119,77,50,0,239,126,0,100.0,3,0.821917808219178,13.9,COPD,6.2,False
6007,Chico,Butte,CA,California,39.6663795928272,-121.60115169224,2022,207172,365,191,171,3,0,0,0,119,77,50,0,239,126,0,100.0,3,0.821917808219178,13.9,Current Asthma,10.5,False
6009,San Andreas,Calaveras,CA,California,38.2047708244318,-120.554047814815,2022,46565,364,286,77,1,0,0,0,115,58,41,0,237,126,1,99.72602739726028,1,0.27472527472527475,13.9,COPD,5.9,True
6009,San Andreas,Calaveras,CA,California,38.2047708244318,-120.554047814815,2022,46565,364,286,77,1,0,0,0,115,58,41,0,237,126,1,99.72602739726028,1,0.27472527472527475,13.9,Current Asthma,10.5,True
6011,Colusa,Colusa,CA,California,39.1776793679318,-122.238126872813,2022,22037,363,240,122,1,0,0,0,105,59,44,0,185,171,7,99.45205479452055,1,0.27548209366391185,13.5,COPD,5.7,False
6011,Colusa,Colusa,CA,California,39.1776793679318,-122.238126872813,2022,22037,363,240,122,1,0,0,0,105,59,44,0,185,171,7,99.45205479452055,1,0.27548209366391185,13.5,Current Asthma,9.8,False
6013,Richmond,Contra Costa,CA,California,37.9192010440958,-121.927326815652,2022,1155025,365,175,188,2,0,0,0,129,67,51,0,102,263,0,100.0,2,0.547945205479452,9.3,COPD,4.0,True
6013,Richmond,Contra Costa,CA,California,37.9192010440958,-121.927326815652,2022,1155025,365,175,188,2,0,0,0,129,67,51,0,102,263,0,100.0,2,0.547945205479452,9.3,Current Asthma,9.4,True
6015,Crescent City,Del Norte,CA,California,41.7431608613822,-123.897120966337,2022,26589,344,299,45,0,0,0,0,74,52,29,0,0,344,0,94.24657534246576,0,0.0,15.1,COPD,6.6,True
6015,Crescent City,Del Norte,CA,California,41.7431608613822,-123.897120966337,2022,26589,344,299,45,0,0,0,0,74,52,29,0,0,344,0,94.24657534246576,0,0.0,15.1,Current Asthma,10.8,True
6017,South Lake Tahoe,El Dorado,CA,California,38.7786875121222,-120.524584137234,2022,192215,365,258,93,12,2,0,0,186,77,43,0,353,8,4,100.0,14,3.8356164383561646,10.6,COPD,4.6,False
6017,South Lake Tahoe,El Dorado,CA,California,38.7786875121222,-120.524584137234,2022,192215,365,258,93,12,2,0,0,186,77,43,0,353,8,4,100.0,14,3.8356164383561646,10.6,Current Asthma,9.9,False
6021,Willows,Glenn,CA,California,39.5983868407646,-122.392432829407,2022,28129,360,264,95,1,0,0,0,104,61,42,0,255,98,7,98.63013698630137,1,0.2777777777777778,14.2,COPD,6.1,True
6021,Willows,Glenn,CA,California,39.5983868407646,-122.392432829407,2022,28129,360,264,95,1,0,0,0,104,61,42,0,255,98,7,98.63013698630137,1,0.2777777777777778,14.2,Current Asthma,10.1,True
6023,Eureka,Humboldt,CA,California,40.6992051844633,-123.875674190259,2022,133985,365,340,25,0,0,0,0,74,42,24,0,217,84,63,100.0,0,0.0,15.0,COPD,6.7,True
6023,Eureka,Humboldt,CA,California,40.6992051844633,-123.875674190259,2022,133985,365,340,25,0,0,0,0,74,42,24,0,217,84,63,100.0,0,0.0,15.0,Current Asthma,11.0,True
6033,Lakeport,Lake,CA,California,39.0999886976907,-122.753413599125,2022,67878,363,359,4,0,0,0,0,76,43,32,0,350,13,0,99.45205479452055,0,0.0,15.6,COPD,6.9,True
6033,Lakeport,Lake,CA,California,39.0999886976907,-122.753413599125,2022,67878,363,359,4,0,0,0,0,76,43,32,0,350,13,0,99.45205479452055,0,0.0,15.6,Current Asthma,10.9,True
6041,Lagunitas-Forest Knolls,Marin,CA,California,38.0735138436081,-122.72355494043,2022,254407,365,275,90,0,0,0,0,91,57,37,2,151,212,0,100.0,0,0.0,8.4,COPD,3.9,True
6041,Lagunitas-Forest Knolls,Marin,CA,California,38.0735138436081,-122.72355494043,2022,254407,365,275,90,0,0,0,0,91,57,37,2,151,212,0,100.0,0,0.0,8.4,Current Asthma,9.5,True
6045,Ukiah,Mendocino,CA,California,39.4403114811983,-123.391321827245,2022,89108,365,129,234,2,0,0,0,103,69,54,0,26,339,0,100.0,2,0.547945205479452,14.7,COPD,6.4,True
6045,Ukiah,Mendocino,CA,California,39.4403114811983,-123.391321827245,2022,89108,365,129,234,2,0,0,0,103,69,54,0,26,339,0,100.0,2,0.547945205479452,14.7,Current Asthma,10.7,True
6051,Mammoth Lakes,Mono,CA,California,37.9391655989695,-118.887441843869,2022,13066,365,276,61,5,7,1,15,8368,68,27,0,0,255,110,100.0,28,7.671232876712329,11.6,COPD,5.1,False
6051,Mammoth Lakes,Mono,CA,California,37.9391655989695,-118.887441843869,2022,13066,365,276,61,5,7,1,15,8368,68,27,0,0,255,110,100.0,28,7.671232876712329,11.6,Current Asthma,9.9,False
6053,Salinas,Monterey,CA,California,36.2170334850568,-121.238518915104,2022,430723,365,299,66,0,0,0,0,80,54,39,0,198,144,23,100.0,0,0.0,12.1,COPD,5.3,True
6053,Salinas,Monterey,CA,California,36.2170334850568,-121.238518915104,2022,430723,365,299,66,0,0,0,0,80,54,39,0,198,144,23,100.0,0,0.0,12.1,Current Asthma,9.6,True
6059,Anaheim,Orange,CA,California,33.702790446535,-117.761130979135,2022,3135755,365,143,215,5,2,0,0,156,71,53,9,133,217,6,100.0,7,1.9178082191780823,9.3,COPD,4.1,False
6059,Anaheim,Orange,CA,California,33.702790446535,-117.761130979135,2022,3135755,365,143,215,5,2,0,0,156,71,53,9,133,217,6,100.0,7,1.9178082191780823,9.3,Current Asthma,9.0,False
6069,Hollister,San Benito,CA,California,36.605429011687,-121.074673078268,2022,68175,365,297,68,0,0,0,0,97,57,42,0,299,65,1,100.0,0,0.0,10.8,COPD,4.4,True
6069,Hollister,San Benito,CA,California,36.605429011687,-121.074673078268,2022,68175,365,297,68,0,0,0,0,97,57,42,0,299,65,1,100.0,0,0.0,10.8,Current Asthma,9.1,True
6075,San Francisco,San Francisco,CA,California,37.7566838021847,-122.439681175401,2022,808988,364,260,104,0,0,0,0,88,59,36,18,152,192,0,99.72602739726028,0,0.0,8.8,COPD,3.6,True
6075,San Francisco,San Francisco,CA,California,37.7566838021847,-122.439681175401,2022,808988,364,260,104,0,0,0,0,88,59,36,18,152,192,0,99.72602739726028,0,0.0,8.8,Current Asthma,8.5,True
6079,Nipomo,San Luis Obispo,CA,California,35.387112949635,-120.404478346917,2022,281639,365,117,245,3,0,0,0,115,75,55,0,160,203,2,100.0,3,0.821917808219178,11.3,COPD,4.9,False
6079,Nipomo,San Luis Obispo,CA,California,35.387112949635,-120.404478346917,2022,281639,365,117,245,3,0,0,0,115,75,55,0,160,203,2,100.0,3,0.821917808219178,11.3,Current Asthma,10.0,False
6081,San Carlos,San Mateo,CA,California,37.4231955433243,-122.328756671313,2022,726353,365,267,98,0,0,0,0,85,60,36,7,179,179,0,100.0,0,0.0,8.0,COPD,3.5,True
6081,San Carlos,San Mateo,CA,California,37.4231955433243,-122.328756671313,2022,726353,365,267,98,0,0,0,0,85,60,36,7,179,179,0,100.0,0,0.0,8.0,Current Asthma,8.5,True
6083,Santa Maria,Santa Barbara,CA,California,34.6714050399297,-120.015341806806,2022,441257,365,198,167,0,0,0,0,93,60,48,0,138,223,4,100.0,0,0.0,11.6,COPD,5.2,True
6083,Santa Maria,Santa Barbara,CA,California,34.6714050399297,-120.015341806806,2022,441257,365,198,167,0,0,0,0,93,60,48,0,138,223,4,100.0,0,0.0,11.6,Current Asthma,9.7,True
6085,San Jose,Santa Clara,CA,California,37.2316875247769,-121.695251446392,2022,1877592,365,188,172,5,0,0,0,119,73,49,0,131,234,0,100.0,5,1.36986301369863,8.2,COPD,3.3,True
6085,San Jose,Santa Clara,CA,California,37.2316875247769,-121.695251446392,2022,1877592,365,188,172,5,0,0,0,119,73,49,0,131,234,0,100.0,5,1.36986301369863,8.2,Current Asthma,7.9,True
6087,Scotts Valley,Santa Cruz,CA,California,37.0558255524564,-122.001404413399,2022,261547,365,287,78,0,0,0,0,93,56,35,0,180,185,0,100.0,0,0.0,10.7,COPD,4.7,True
6087,Scotts Valley,Santa Cruz,CA,California,37.0558255524564,-122.001404413399,2022,261547,365,287,78,0,0,0,0,93,56,35,0,180,185,0,100.0,0,0.0,10.7,Current Asthma,9.8,True
6089,Redding,Shasta,CA,California,40.763787981335,-122.040246599392,2022,180366,365,253,106,6,0,0,0,119,71,45,0,303,62,0,100.0,6,1.643835616438356,14.1,COPD,6.1,False
6089,Redding,Shasta,CA,California,40.763787981335,-122.040246599392,2022,180366,365,253,106,6,0,0,0,119,71,45,0,303,62,0,100.0,6,1.643835616438356,14.1,Current Asthma,10.9,False
6093,Weed,Siskiyou,CA,California,41.5927246019871,-122.5405492735,2022,42905,362,269,86,2,4,0,1,454,62,41,0,203,159,0,99.17808219178083,7,1.9337016574585635,15.2,COPD,6.6,False
6093,Weed,Siskiyou,CA,California,41.5927246019871,-122.5405492735,2022,42905,362,269,86,2,4,0,1,454,62,41,0,203,159,0,99.17808219178083,7,1.9337016574585635,15.2,Current Asthma,11.2,False
6095,Vallejo,Solano,CA,California,38.2699375647315,-121.932781028652,2022,449218,365,235,130,0,0,0,0,93,67,43,0,197,168,0,100.0,0,0.0,11.3,COPD,4.6,True
6095,Vallejo,Solano,CA,California,38.2699375647315,-121.932781028652,2022,449218,365,235,130,0,0,0,0,93,67,43,0,197,168,0,100.0,0,0.0,11.3,Current Asthma,10.1,True
6097,Santa Rosa,Sonoma,CA,California,38.5287343227086,-122.887568125266,2022,481812,365,286,79,0,0,0,0,82,56,36,0,194,168,3,100.0,0,0.0,10.8,COPD,4.7,True
6097,Santa Rosa,Sonoma,CA,California,38.5287343227086,-122.887568125266,2022,481812,365,286,79,0,0,0,0,82,56,36,0,194,168,3,100.0,0,0.0,10.8,Current Asthma,9.8,True
6101,Yuba City,Sutter,CA,California,39.0344595609474,-121.694661656309,2022,97948,364,154,205,5,0,0,0,119,81,52,0,178,186,0,99.72602739726028,5,1.3736263736263736,14.1,COPD,6.1,False
6101,Yuba City,Sutter,CA,California,39.0344595609474,-121.694661656309,2022,97948,364,154,205,5,0,0,0,119,81,52,0,178,186,0,99.72602739726028,5,1.3736263736263736,14.1,Current Asthma,10.0,False
6103,Red Bluff,Tehama,CA,California,40.1257133258826,-122.233446855354,2022,64896,365,245,117,3,0,0,0,108,74,44,0,281,84,0,100.0,3,0.821917808219178,15.5,COPD,6.8,False
6103,Red Bluff,Tehama,CA,California,40.1257133258826,-122.233446855354,2022,64896,365,245,117,3,0,0,0,108,74,44,0,281,84,0,100.0,3,0.821917808219178,15.5,Current Asthma,10.7,False
6105,Weaverville,Trinity,CA,California,40.6509037984655,-123.11262600912,2022,15670,353,227,111,5,5,3,2,342,72,34,0,0,353,0,96.7123287671233,15,4.2492917847025495,17.7,COPD,7.8,False
6105,Weaverville,Trinity,CA,California,40.6509037984655,-123.11262600912,2022,15670,353,227,111,5,5,3,2,342,72,34,0,0,353,0,96.7123287671233,15,4.2492917847025495,17.7,Current Asthma,11.3,False
6109,Sonora,Tuolumne,CA,California,38.0275813878029,-119.955704805251,2022,54204,250,237,12,1,0,0,0,108,48,39,0,250,0,0,68.4931506849315,1,0.4,12.9,COPD,5.6,True
6109,Sonora,Tuolumne,CA,California,38.0275813878029,-119.955704805251,2022,54204,250,237,12,1,0,0,0,108,48,39,0,250,0,0,68.4931506849315,1,0.4,12.9,Current Asthma,10.5,True
6111,Ojai,Ventura,CA,California,34.4542154266373,-119.084850170138,2022,829590,365,171,183,11,0,0,0,140,80,52,1,242,122,0,100.0,11,3.0136986301369864,10.5,COPD,4.5,False
6111,Ojai,Ventura,CA,California,34.4542154266373,-119.084850170138,2022,829590,365,171,183,11,0,0,0,140,80,52,1,242,122,0,100.0,11,3.0136986301369864,10.5,Current Asthma,9.5,False
6113,Davis,Yolo,CA,California,38.6865918071174,-121.901158583093,2022,220544,365,283,80,2,0,0,0,101,64,42,0,278,87,0,100.0,2,0.547945205479452,11.1,COPD,5.0,False
6113,Davis,Yolo,CA,California,38.6865918071174,-121.901158583093,2022,220544,365,283,80,2,0,0,0,101,64,42,0,278,87,0,100.0,2,0.547945205479452,11.1,Current Asthma,9.8,False
8001,Commerce City,Adams,CO,Colorado,39.8735915076236,-104.338130186949,2022,533365,365,180,171,14,0,0,0,126,84,51,50,189,89,37,100.0,14,3.8356164383561646,13.2,COPD,5.2,False
8001,Commerce City,Adams,CO,Colorado,39.8735915076236,-104.338130186949,2022,533365,365,180,171,14,0,0,0,126,84,51,50,189,89,37,100.0,14,3.8356164383561646,13.2,Current Asthma,10.9,False
8005,Englewood,Arapahoe,CO,Colorado,39.6496572797677,-104.339237064517,2022,656061,365,237,116,12,0,0,0,129,84,46,0,355,10,0,100.0,12,3.287671232876712,10.4,COPD,4.6,False
8005,Englewood,Arapahoe,CO,Colorado,39.6496572797677,-104.339237064517,2022,656061,365,237,116,12,0,0,0,129,84,46,0,355,10,0,100.0,12,3.287671232876712,10.4,Current Asthma,10.5,False
8007,Pagosa Springs,Archuleta,CO,Colorado,37.1936639220311,-107.048213625503,2022,14189,365,313,48,3,0,1,0,227,56,42,0,329,0,36,100.0,4,1.095890410958904,12.1,COPD,5.4,True
8007,Pagosa Springs,Archuleta,CO,Colorado,37.1936639220311,-107.048213625503,2022,14189,365,313,48,3,0,1,0,227,56,42,0,329,0,36,100.0,4,1.095890410958904,12.1,Current Asthma,11.0,True
8013,Boulder,Boulder,CO,Colorado,40.0924397577047,-105.357934107429,2022,326831,365,224,134,7,0,0,0,129,77,47,0,260,105,0,100.0,7,1.9178082191780823,9.4,COPD,4.4,False
8013,Boulder,Boulder,CO,Colorado,40.0924397577047,-105.357934107429,2022,326831,365,224,134,7,0,0,0,129,77,47,0,260,105,0,100.0,7,1.9178082191780823,9.4,Current Asthma,10.3,False
8019,Idaho Springs,Clear Creek,CO,Colorado,39.6891749844255,-105.644012714121,2022,9147,359,244,110,5,0,0,0,126,74,47,0,359,0,0,98.35616438356163,5,1.392757660167131,9.9,COPD,4.4,False
8019,Idaho Springs,Clear Creek,CO,Colorado,39.6891749844255,-105.644012714121,2022,9147,359,244,110,5,0,0,0,126,74,47,0,359,0,0,98.35616438356163,5,1.392757660167131,9.9,Current Asthma,10.7,False
8031,Denver,Denver,CO,Colorado,39.7613507378355,-104.876829827118,2022,716577,365,161,197,7,0,0,0,112,77,52,88,156,120,1,100.0,7,1.9178082191780823,10.2,COPD,4.4,False
8031,Denver,Denver,CO,Colorado,39.7613507378355,-104.876829827118,2022,716577,365,161,197,7,0,0,0,112,77,52,88,156,120,1,100.0,7,1.9178082191780823,10.2,Current Asthma,10.2,False
8041,Colorado Springs,El Paso,CO,Colorado,38.8322231454807,-104.525624950703,2022,744215,365,249,114,2,0,0,0,115,74,46,0,330,35,0,100.0,2,0.547945205479452,10.9,COPD,5.0,False
8041,Colorado Springs,El Paso,CO,Colorado,38.8322231454807,-104.525624950703,2022,744215,365,249,114,2,0,0,0,115,74,46,0,330,35,0,100.0,2,0.547945205479452,10.9,Current Asthma,11.6,False
8045,Rifle,Garfield,CO,Colorado,39.5991303693962,-107.902832233474,2022,62707,365,221,142,2,0,0,0,108,67,49,0,365,0,0,100.0,2,0.547945205479452,12.0,COPD,5.3,False
8045,Rifle,Garfield,CO,Colorado,39.5991303693962,-107.902832233474,2022,62707,365,221,142,2,0,0,0,108,67,49,0,365,0,0,100.0,2,0.547945205479452,12.0,Current Asthma,10.7,False
8047,Black Hawk,Gilpin,CO,Colorado,39.8573476817029,-105.522991573347,2022,5926,365,286,75,4,0,0,0,112,64,45,0,365,0,0,100.0,4,1.095890410958904,10.7,COPD,4.8,False
8047,Black Hawk,Gilpin,CO,Colorado,39.8573476817029,-105.522991573347,2022,5926,365,286,75,4,0,0,0,112,64,45,0,365,0,0,100.0,4,1.095890410958904,10.7,Current Asthma,10.9,False
8051,Crested Butte,Gunnison,CO,Colorado,38.6668662172011,-107.03172655628,2022,17321,365,281,82,2,0,0,0,108,64,46,0,365,0,0,100.0,2,0.547945205479452,10.2,COPD,4.6,True
8051,Crested Butte,Gunnison,CO,Colorado,38.6668662172011,-107.03172655628,2022,17321,365,281,82,2,0,0,0,108,64,46,0,365,0,0,100.0,2,0.547945205479452,10.2,Current Asthma,10.7,True
8057,Walden,Jackson,CO,Colorado,40.6666752317322,-106.3432000444,2022,1309,236,216,20,0,0,0,0,71,49,40,0,165,70,1,64.65753424657534,0,0.0,16.8,COPD,7.7,False
8057,Walden,Jackson,CO,Colorado,40.6666752317322,-106.3432000444,2022,1309,236,216,20,0,0,0,0,71,49,40,0,165,70,1,64.65753424657534,0,0.0,16.8,Current Asthma,11.7,False
8067,Durango,La Plata,CO,Colorado,37.2866354863835,-107.843443917633,2022,56407,365,266,98,1,0,0,0,108,71,46,0,349,16,0,100.0,1,0.273972602739726,11.9,COPD,5.2,True
8067,Durango,La Plata,CO,Colorado,37.2866354863835,-107.843443917633,2022,56407,365,266,98,1,0,0,0,108,71,46,0,349,16,0,100.0,1,0.273972602739726,11.9,Current Asthma,11.2,True
8069,Fort Collins,Larimer,CO,Colorado,40.6664443621861,-105.461215856163,2022,370771,365,176,179,10,0,0,0,126,84,51,0,296,69,0,100.0,10,2.73972602739726,10.2,COPD,4.8,False
8069,Fort Collins,Larimer,CO,Colorado,40.6664443621861,-105.461215856163,2022,370771,365,176,179,10,0,0,0,126,84,51,0,296,69,0,100.0,10,2.73972602739726,10.2,Current Asthma,11.2,False
8077,Grand Junction,Mesa,CO,Colorado,39.0183551841305,-108.466537411781,2022,159681,365,282,82,1,0,0,0,108,58,44,0,293,70,2,100.0,1,0.273972602739726,13.2,COPD,5.8,True
8077,Grand Junction,Mesa,CO,Colorado,39.0183551841305,-108.466537411781,2022,159681,365,282,82,1,0,0,0,108,58,44,0,293,70,2,100.0,1,0.273972602739726,13.2,Current Asthma,11.5,True
8083,Mesa Verde National Park,Montezuma,CO,Colorado,37.3388455453748,-108.5965947187,2022,26531,365,300,65,0,0,0,0,87,61,44,0,358,7,0,100.0,0,0.0,15.2,COPD,6.3,True
8083,Mesa Verde National Park,Montezuma,CO,Colorado,37.3388455453748,-108.5965947187,2022,26531,365,300,65,0,0,0,0,87,61,44,0,358,7,0,100.0,0,0.0,15.2,Current Asthma,12.0,True
8101,Pueblo,Pueblo,CO,Colorado,38.1734469855067,-104.512455462804,2022,169422,349,317,29,3,0,0,0,121,48,21,0,0,107,242,95.61643835616438,3,0.8595988538681949,14.2,COPD,6.1,False
8101,Pueblo,Pueblo,CO,Colorado,38.1734469855067,-104.512455462804,2022,169422,349,317,29,3,0,0,0,121,48,21,0,0,107,242,95.61643835616438,3,0.8595988538681949,14.2,Current Asthma,11.2,False
8103,Rangely,Rio Blanco,CO,Colorado,39.979223167364,-108.217357090795,2022,6569,365,243,120,2,0,0,0,122,64,47,0,300,65,0,100.0,2,0.547945205479452,13.3,COPD,5.7,True
8103,Rangely,Rio Blanco,CO,Colorado,39.979223167364,-108.217357090795,2022,6569,365,243,120,2,0,0,0,122,64,47,0,300,65,0,100.0,2,0.547945205479452,13.3,Current Asthma,11.3,True
8113,Telluride,San Miguel,CO,Colorado,38.0040513912484,-108.405860202785,2022,7868,255,194,60,1,0,0,0,108,64,45,0,198,0,57,69.86301369863014,1,0.39215686274509803,9.4,COPD,4.5,True
8113,Telluride,San Miguel,CO,Colorado,38.0040513912484,-108.405860202785,2022,7868,255,194,60,1,0,0,0,108,64,45,0,198,0,57,69.86301369863014,1,0.39215686274509803,9.4,Current Asthma,10.5,True
10001,Dover,Kent,DE,Delaware,39.0863622587062,-75.5682629704417,2022,189789,364,277,87,0,0,0,0,84,58,42,0,177,187,0,99.72602739726028,0,0.0,14.0,COPD,6.6,True
10001,Dover,Kent,DE,Delaware,39.0863622587062,-75.5682629704417,2022,189789,364,277,87,0,0,0,0,84,58,42,0,177,187,0,99.72602739726028,0,0.0,14.0,Current Asthma,12.6,True
10003,Wilmington,New Castle,DE,Delaware,39.5816046675309,-75.647957543666,2022,578592,365,208,157,0,0,0,0,93,63,48,1,164,200,0,100.0,0,0.0,11.8,COPD,5.3,True
10003,Wilmington,New Castle,DE,Delaware,39.5816046675309,-75.647957543666,2022,578592,365,208,157,0,0,0,0,93,63,48,1,164,200,0,100.0,0,0.0,11.8,Current Asthma,10.4,True
10005,Seaford,Sussex,DE,Delaware,38.6607348167294,-75.3899993656017,2022,263509,365,274,91,0,0,0,0,87,58,43,0,225,140,0,100.0,0,0.0,14.6,COPD,6.3,True
10005,Seaford,Sussex,DE,Delaware,38.6607348167294,-75.3899993656017,2022,263509,365,274,91,0,0,0,0,87,58,43,0,225,140,0,100.0,0,0.0,14.6,Current Asthma,10.7,True
11001,Washington,District of Columbia,DC,District of Columbia,38.9047814917885,-77.0162965438829,2022,678972,365,198,163,4,0,0,0,128,63,49,14,125,226,0,100.0,4,1.095890410958904,9.5,COPD,4.2,True
11001,Washington,District of Columbia,DC,District of Columbia,38.9047814917885,-77.0162965438829,2022,678972,365,198,163,4,0,0,0,128,63,49,14,125,226,0,100.0,4,1.095890410958904,9.5,Current Asthma,10.2,True
12001,Gainesville,Alachua,FL,Florida,29.6751856950068,-82.3582005204153,2022,285994,362,292,70,0,0,0,0,84,54,41,0,131,231,0,99.17808219178083,0,0.0,12.7,COPD,6.3,False
12001,Gainesville,Alachua,FL,Florida,29.6751856950068,-82.3582005204153,2022,285994,362,292,70,0,0,0,0,84,54,41,0,131,231,0,99.17808219178083,0,0.0,12.7,Current Asthma,10.1,False
12005,Lynn Haven,Bay,FL,Florida,30.2651404769141,-85.6200626409611,2022,190769,365,218,147,0,0,0,0,99,59,46,0,101,264,0,100.0,0,0.0,14.7,COPD,6.7,False
12005,Lynn Haven,Bay,FL,Florida,30.2651404769141,-85.6200626409611,2022,190769,365,218,147,0,0,0,0,99,59,46,0,101,264,0,100.0,0,0.0,14.7,Current Asthma,10.0,False
12009,Melbourne,Brevard,FL,Florida,28.2934562139849,-80.7322290402972,2022,643979,365,288,77,0,0,0,0,80,54,43,0,179,186,0,100.0,0,0.0,13.0,COPD,5.9,False
12009,Melbourne,Brevard,FL,Florida,28.2934562139849,-80.7322290402972,2022,643979,365,288,77,0,0,0,0,80,54,43,0,179,186,0,100.0,0,0.0,13.0,Current Asthma,9.7,False
12011,Fort Lauderdale,Broward,FL,Florida,26.1523199539158,-80.4871790026649,2022,1962531,365,197,168,0,0,0,0,100,61,49,1,58,306,0,100.0,0,0.0,11.8,COPD,5.3,False
12011,Fort Lauderdale,Broward,FL,Florida,26.1523199539158,-80.4871790026649,2022,1962531,365,197,168,0,0,0,0,100,61,49,1,58,306,0,100.0,0,0.0,11.8,Current Asthma,9.2,False
12021,Naples,Collier,FL,Florida,26.1107666888152,-81.3476396087672,2022,404310,347,277,70,0,0,0,0,82,53,40,0,115,232,0,95.06849315068493,0,0.0,11.2,COPD,5.3,False
12021,Naples,Collier,FL,Florida,26.1107666888152,-81.3476396087672,2022,404310,347,277,70,0,0,0,0,82,53,40,0,115,232,0,95.06849315068493,0,0.0,11.2,Current Asthma,8.8,False
12023,Lake City,Columbia,FL,Florida,30.2248618580445,-82.6216338263004,2022,73063,363,234,129,0,0,0,0,91,60,45,0,101,262,0,99.45205479452055,0,0.0,18.6,COPD,8.4,False
12023,Lake City,Columbia,FL,Florida,30.2248618580445,-82.6216338263004,2022,73063,363,234,129,0,0,0,0,91,60,45,0,101,262,0,99.45205479452055,0,0.0,18.6,Current Asthma,10.4,False
12031,Jacksonville,Duval,FL,Florida,30.3318813634013,-81.6707360309589,2022,1030822,365,144,221,0,0,0,0,93,64,53,1,49,315,0,100.0,0,0.0,14.0,COPD,6.5,False
12031,Jacksonville,Duval,FL,Florida,30.3318813634013,-81.6707360309589,2022,1030822,365,144,221,0,0,0,0,93,64,53,1,49,315,0,100.0,0,0.0,14.0,Current Asthma,10.3,False
12033,Pensacola,Escambia,FL,Florida,30.6679205302184,-87.3627693924499,2022,326928,365,191,173,1,0,0,0,133,64,49,0,106,259,0,100.0,1,0.273972602739726,14.8,COPD,6.9,False
12033,Pensacola,Escambia,FL,Florida,30.6679205302184,-87.3627693924499,2022,326928,365,191,173,1,0,0,0,133,64,49,0,106,259,0,100.0,1,0.273972602739726,14.8,Current Asthma,10.6,False
12035,Bunnell,Flagler,FL,Florida,29.4615154544014,-81.3134845980192,2022,131439,361,352,9,0,0,0,0,100,44,34,0,361,0,0,98.9041095890411,0,0.0,13.0,COPD,6.0,False
12035,Bunnell,Flagler,FL,Florida,29.4615154544014,-81.3134845980192,2022,131439,361,352,9,0,0,0,0,100,44,34,0,361,0,0,98.9041095890411,0,0.0,13.0,Current Asthma,9.9,False
12047,White Springs,Hamilton,FL,Florida,30.4963440419861,-82.9479422377151,2022,13471,294,165,129,0,0,0,0,73,58,47,0,0,294,0,80.54794520547945,0,0.0,21.5,COPD,10.1,False
12047,White Springs,Hamilton,FL,Florida,30.4963440419861,-82.9479422377151,2022,13471,294,165,129,0,0,0,0,73,58,47,0,0,294,0,80.54794520547945,0,0.0,21.5,Current Asthma,11.0,False
12055,Sebring,Highlands,FL,Florida,27.3435764189607,-81.3412000386981,2022,107614,349,337,11,1,0,0,0,112,46,33,0,349,0,0,95.61643835616438,1,0.28653295128939826,15.9,COPD,7.3,False
12055,Sebring,Highlands,FL,Florida,27.3435764189607,-81.3412000386981,2022,107614,349,337,11,1,0,0,0,112,46,33,0,349,0,0,95.61643835616438,1,0.28653295128939826,15.9,Current Asthma,9.9,False
12057,Tampa,Hillsborough,FL,Florida,27.9292994635599,-82.3085859249529,2022,1535564,365,175,189,1,0,0,0,126,64,51,0,91,274,0,100.0,1,0.273972602739726,12.1,COPD,5.6,False
12057,Tampa,Hillsborough,FL,Florida,27.9292994635599,-82.3085859249529,2022,1535564,365,175,189,1,0,0,0,126,64,51,0,91,274,0,100.0,1,0.273972602739726,12.1,Current Asthma,9.4,False
12061,Vero Beach,Indian River,FL,Florida,27.6940949646955,-80.6056426514632,2022,169795,357,349,8,0,0,0,0,67,44,33,0,357,0,0,97.80821917808218,0,0.0,12.6,COPD,5.8,False
12061,Vero Beach,Indian River,FL,Florida,27.6940949646955,-80.6056426514632,2022,169795,357,349,8,0,0,0,0,67,44,33,0,357,0,0,97.80821917808218,0,0.0,12.6,Current Asthma,9.4,False
12069,Clermont,Lake,FL,Florida,28.7613760456976,-81.7115098698765,2022,424462,364,349,15,0,0,0,0,87,47,35,0,364,0,0,99.72602739726028,0,0.0,12.9,COPD,6.0,False
12069,Clermont,Lake,FL,Florida,28.7613760456976,-81.7115098698765,2022,424462,364,349,15,0,0,0,0,87,47,35,0,364,0,0,99.72602739726028,0,0.0,12.9,Current Asthma,9.8,False
12071,Fort Myers,Lee,FL,Florida,26.5781570199388,-81.8411895295692,2022,834573,302,238,64,0,0,0,0,80,55,42,0,138,164,0,82.73972602739727,0,0.0,12.6,COPD,5.9,False
12071,Fort Myers,Lee,FL,Florida,26.5781570199388,-81.8411895295692,2022,834573,302,238,64,0,0,0,0,80,55,42,0,138,164,0,82.73972602739727,0,0.0,12.6,Current Asthma,9.4,False
12073,Tallahassee,Leon,FL,Florida,30.4579959957893,-84.2782658595301,2022,296913,364,211,153,0,0,0,0,93,60,47,0,55,309,0,99.72602739726028,0,0.0,12.9,COPD,6.1,False
12073,Tallahassee,Leon,FL,Florida,30.4579959957893,-84.2782658595301,2022,296913,364,211,153,0,0,0,0,93,60,47,0,55,309,0,99.72602739726028,0,0.0,12.9,Current Asthma,10.4,False
12081,Bradenton,Manatee,FL,Florida,27.471886228068,-82.3157420786182,2022,441095,349,336,13,0,0,0,0,80,46,33,0,349,0,0,95.61643835616438,0,0.0,13.1,COPD,6.0,False
12081,Bradenton,Manatee,FL,Florida,27.471886228068,-82.3157420786182,2022,441095,349,336,13,0,0,0,0,80,46,33,0,349,0,0,95.61643835616438,0,0.0,13.1,Current Asthma,9.3,False
12083,Ocala,Marion,FL,Florida,29.210259767236,-82.0568004029667,2022,409959,363,259,104,0,0,0,0,93,55,44,0,128,235,0,99.45205479452055,0,0.0,15.7,COPD,7.2,False
12083,Ocala,Marion,FL,Florida,29.210259767236,-82.0568004029667,2022,409959,363,259,104,0,0,0,0,93,55,44,0,128,235,0,99.45205479452055,0,0.0,15.7,Current Asthma,10.0,False
12085,Stuart,Martin,FL,Florida,27.0775829017837,-80.4312703143614,2022,163315,356,280,75,1,0,0,0,108,54,42,0,95,261,0,97.53424657534246,1,0.2808988764044944,12.3,COPD,5.8,False
12085,Stuart,Martin,FL,Florida,27.0775829017837,-80.4312703143614,2022,163315,356,280,75,1,0,0,0,108,54,42,0,95,261,0,97.53424657534246,1,0.2808988764044944,12.3,Current Asthma,9.4,False
12086,Miami,Miami-Dade,FL,Florida,25.6148756117785,-80.5593051010929,2022,2686867,365,259,104,2,0,0,0,136,59,44,13,78,274,0,100.0,2,0.547945205479452,11.4,COPD,4.7,False
12086,Miami,Miami-Dade,FL,Florida,25.6148756117785,-80.5593051010929,2022,2686867,365,259,104,2,0,0,0,136,59,44,13,78,274,0,100.0,2,0.547945205479452,11.4,Current Asthma,8.6,False
12095,Orlando,Orange,FL,Florida,28.514472459873,-81.3236333626814,2022,1471416,365,317,48,0,0,0,0,97,52,39,0,305,60,0,100.0,0,0.0,11.9,COPD,5.4,False
12095,Orlando,Orange,FL,Florida,28.514472459873,-81.3236333626814,2022,1471416,365,317,48,0,0,0,0,97,52,39,0,305,60,0,100.0,0,0.0,11.9,Current Asthma,9.1,False
12097,Kissimmee,Osceola,FL,Florida,28.0624845887589,-81.1492983205034,2022,437784,364,348,16,0,0,0,0,80,46,34,0,364,0,0,99.72602739726028,0,0.0,11.7,COPD,5.2,False
12097,Kissimmee,Osceola,FL,Florida,28.0624845887589,-81.1492983205034,2022,437784,364,348,16,0,0,0,0,80,46,34,0,364,0,0,99.72602739726028,0,0.0,11.7,Current Asthma,8.9,False
12099,West Palm Beach,Palm Beach,FL,Florida,26.6476274123515,-80.4654629961577,2022,1533801,365,275,90,0,0,0,0,90,57,41,0,122,243,0,100.0,0,0.0,11.8,COPD,5.4,False
12099,West Palm Beach,Palm Beach,FL,Florida,26.6476274123515,-80.4654629961577,2022,1533801,365,275,90,0,0,0,0,90,57,41,0,122,243,0,100.0,0,0.0,11.8,Current Asthma,9.4,False
12101,Holiday,Pasco,FL,Florida,28.3087668412932,-82.3944848610698,2022,632996,361,332,29,0,0,0,0,87,50,37,0,361,0,0,98.9041095890411,0,0.0,13.7,COPD,6.3,False
12101,Holiday,Pasco,FL,Florida,28.3087668412932,-82.3944848610698,2022,632996,361,332,29,0,0,0,0,87,50,37,0,361,0,0,98.9041095890411,0,0.0,13.7,Current Asthma,9.8,False
12103,Saint Petersburg,Pinellas,FL,Florida,27.9264311887689,-82.7301572394225,2022,961596,365,226,139,0,0,0,0,87,58,46,1,112,249,3,100.0,0,0.0,12.7,COPD,6.1,False
12103,Saint Petersburg,Pinellas,FL,Florida,27.9264311887689,-82.7301572394225,2022,961596,365,226,139,0,0,0,0,87,58,46,1,112,249,3,100.0,0,0.0,12.7,Current Asthma,9.7,False
12105,Mulberry,Polk,FL,Florida,27.9488148549188,-81.6975411156457,2022,818330,363,264,99,0,0,0,0,87,56,44,0,141,222,0,99.45205479452055,0,0.0,14.8,COPD,6.9,False
12105,Mulberry,Polk,FL,Florida,27.9488148549188,-81.6975411156457,2022,818330,363,264,99,0,0,0,0,87,56,44,0,141,222,0,99.45205479452055,0,0.0,14.8,Current Asthma,10.1,False
12113,Gulf Breeze,Santa Rosa,FL,Florida,30.7003170541744,-87.0219379816929,2022,203162,365,239,125,1,0,0,0,109,60,44,0,123,242,0,100.0,1,0.273972602739726,13.2,COPD,5.9,False
12113,Gulf Breeze,Santa Rosa,FL,Florida,30.7003170541744,-87.0219379816929,2022,203162,365,239,125,1,0,0,0,109,60,44,0,123,242,0,100.0,1,0.273972602739726,13.2,Current Asthma,9.6,False
12115,Sarasota,Sarasota,FL,Florida,27.1844486961668,-82.3315474199739,2022,469013,358,234,124,0,0,0,0,100,59,45,0,110,248,0,98.08219178082192,0,0.0,11.7,COPD,5.5,False
12115,Sarasota,Sarasota,FL,Florida,27.1844486961668,-82.3315474199739,2022,469013,358,234,124,0,0,0,0,100,59,45,0,110,248,0,98.08219178082192,0,0.0,11.7,Current Asthma,9.5,False
12117,Sanford,Seminole,FL,Florida,28.7167421000311,-81.235632248437,2022,484271,363,288,75,0,0,0,0,87,54,42,0,158,205,0,99.45205479452055,0,0.0,10.8,COPD,5.0,False
12117,Sanford,Seminole,FL,Florida,28.7167421000311,-81.235632248437,2022,484271,363,288,75,0,0,0,0,87,54,42,0,158,205,0,99.45205479452055,0,0.0,10.8,Current Asthma,9.1,False
12111,Fort Pierce,St. Lucie,FL,Florida,27.3776983118629,-80.4710598919163,2022,373586,358,352,6,0,0,0,0,77,44,33,0,358,0,0,98.08219178082192,0,0.0,13.9,COPD,6.4,False
12111,Fort Pierce,St. Lucie,FL,Florida,27.3776983118629,-80.4710598919163,2022,373586,358,352,6,0,0,0,0,77,44,33,0,358,0,0,98.08219178082192,0,0.0,13.9,Current Asthma,10.1,False
12127,Daytona Beach,Volusia,FL,Florida,29.0587848982361,-81.1822347789539,2022,590357,365,242,123,0,0,0,0,93,57,45,0,103,262,0,100.0,0,0.0,14.3,COPD,6.4,False
12127,Daytona Beach,Volusia,FL,Florida,29.0587848982361,-81.1822347789539,2022,590357,365,242,123,0,0,0,0,93,57,45,0,103,262,0,100.0,0,0.0,14.3,Current Asthma,10.1,False
12129,Saint Marks,Wakulla,FL,Florida,30.167069730405,-84.4003829341659,2022,36449,365,279,86,0,0,0,0,97,56,41,0,110,255,0,100.0,0,0.0,15.0,COPD,6.7,False
12129,Saint Marks,Wakulla,FL,Florida,30.167069730405,-84.4003829341659,2022,36449,365,279,86,0,0,0,0,97,56,41,0,110,255,0,100.0,0,0.0,15.0,Current Asthma,10.0,False
13021,Macon,Bibb,GA,Georgia,32.8062871397584,-83.6968461851432,2022,156512,365,216,149,0,0,0,0,91,60,46,0,58,307,0,100.0,0,0.0,17.3,COPD,7.5,True
13021,Macon,Bibb,GA,Georgia,32.8062871397584,-83.6968461851432,2022,156512,365,216,149,0,0,0,0,91,60,46,0,58,307,0,100.0,0,0.0,17.3,Current Asthma,11.3,True
13051,Savannah,Chatham,GA,Georgia,32.0044135152861,-81.1324941916333,2022,303655,335,199,136,0,0,0,0,97,60,46,0,84,251,0,91.78082191780823,0,0.0,13.7,COPD,5.8,True
13051,Savannah,Chatham,GA,Georgia,32.0044135152861,-81.1324941916333,2022,303655,335,199,136,0,0,0,0,97,60,46,0,84,251,0,91.78082191780823,0,0.0,13.7,Current Asthma,10.3,True
13055,Summerville,Chattooga,GA,Georgia,34.4750251859624,-85.345236938921,2022,25222,245,236,9,0,0,0,0,77,47,35,0,245,0,0,67.12328767123287,0,0.0,21.6,COPD,9.6,True
13055,Summerville,Chattooga,GA,Georgia,34.4750251859624,-85.345236938921,2022,25222,245,236,9,0,0,0,0,77,47,35,0,245,0,0,67.12328767123287,0,0.0,21.6,Current Asthma,10.8,True
13059,Athens (corp name Athens-Clarke County),Clarke,GA,Georgia,33.9516744526006,-83.3666684734856,2022,129933,362,201,161,0,0,0,0,88,63,47,0,109,253,0,99.17808219178083,0,0.0,14.4,COPD,6.7,True
13059,Athens (corp name Athens-Clarke County),Clarke,GA,Georgia,33.9516744526006,-83.3666684734856,2022,129933,362,201,161,0,0,0,0,88,63,47,0,109,253,0,99.17808219178083,0,0.0,14.4,Current Asthma,10.5,True
13067,Kennesaw,Cobb,GA,Georgia,33.9414862314987,-84.5766180640985,2022,776743,285,231,53,1,0,0,0,105,57,40,0,193,92,0,78.08219178082192,1,0.3508771929824561,10.3,COPD,4.5,True
13067,Kennesaw,Cobb,GA,Georgia,33.9414862314987,-84.5766180640985,2022,776743,285,231,53,1,0,0,0,105,57,40,0,193,92,0,78.08219178082192,1,0.3508771929824561,10.3,Current Asthma,9.4,True
13073,Evans,Columbia,GA,Georgia,33.5442564470998,-82.2642138010573,2022,165162,245,238,7,0,0,0,0,71,45,34,0,245,0,0,67.12328767123287,0,0.0,11.8,COPD,5.0,True
13073,Evans,Columbia,GA,Georgia,33.5442564470998,-82.2642138010573,2022,165162,245,238,7,0,0,0,0,71,45,34,0,245,0,0,67.12328767123287,0,0.0,11.8,Current Asthma,9.6,True
13089,Atlanta,DeKalb,GA,Georgia,33.7713752418002,-84.2263845160089,2022,762992,365,177,186,2,0,0,0,147,65,51,18,63,283,0,100.0,2,0.547945205479452,11.4,COPD,4.9,True
13089,Atlanta,DeKalb,GA,Georgia,33.7713752418002,-84.2263845160089,2022,762992,365,177,186,2,0,0,0,147,65,51,18,63,283,0,100.0,2,0.547945205479452,11.4,Current Asthma,10.3,True
13095,Albany,Dougherty,GA,Georgia,31.5334783335968,-84.2166430665433,2022,82645,358,180,173,4,1,0,0,151,64,50,0,0,358,0,98.08219178082192,5,1.3966480446927374,18.5,COPD,8.1,True
13095,Albany,Dougherty,GA,Georgia,31.5334783335968,-84.2166430665433,2022,82645,358,180,173,4,1,0,0,151,64,50,0,0,358,0,98.08219178082192,5,1.3966480446927374,18.5,Current Asthma,12.0,True
13097,Douglasville,Douglas,GA,Georgia,33.702130966663,-84.7678598130121,2022,149160,243,215,27,1,0,0,0,133,54,38,0,243,0,0,66.57534246575342,1,0.411522633744856,13.5,COPD,5.5,True
13097,Douglasville,Douglas,GA,Georgia,33.702130966663,-84.7678598130121,2022,149160,243,215,27,1,0,0,0,133,54,38,0,243,0,0,66.57534246575342,1,0.411522633744856,13.5,Current Asthma,10.7,True
13115,Rome,Floyd,GA,Georgia,34.263196511633,-85.213993756054,2022,100113,356,256,100,0,0,0,0,84,57,37,0,0,356,0,97.53424657534246,0,0.0,16.5,COPD,7.3,True
13115,Rome,Floyd,GA,Georgia,34.263196511633,-85.213993756054,2022,100113,356,256,100,0,0,0,0,84,57,37,0,0,356,0,97.53424657534246,0,0.0,16.5,Current Asthma,10.3,True
13121,Atlanta,Fulton,GA,Georgia,33.7900005623491,-84.4671331339505,2022,1079105,365,162,200,2,1,0,0,169,65,52,3,66,296,0,100.0,3,0.821917808219178,9.9,COPD,4.4,True
13121,Atlanta,Fulton,GA,Georgia,33.7900005623491,-84.4671331339505,2022,1079105,365,162,200,2,1,0,0,169,65,52,3,66,296,0,100.0,3,0.821917808219178,9.9,Current Asthma,9.4,True
13127,Brunswick,Glynn,GA,Georgia,31.2308510168338,-81.539531176268,2022,86172,356,221,134,1,0,0,0,106,62,45,0,59,297,0,97.53424657534246,1,0.2808988764044944,15.0,COPD,6.5,True
13127,Brunswick,Glynn,GA,Georgia,31.2308510168338,-81.539531176268,2022,86172,356,221,134,1,0,0,0,106,62,45,0,59,297,0,97.53424657534246,1,0.2808988764044944,15.0,Current Asthma,10.3,True
13135,Lawrenceville,Gwinnett,GA,Georgia,33.961661805784,-84.0237004394442,2022,983526,365,226,139,0,0,0,0,97,62,44,0,130,235,0,100.0,0,0.0,11.5,COPD,4.9,True
13135,Lawrenceville,Gwinnett,GA,Georgia,33.961661805784,-84.0237004394442,2022,983526,365,226,139,0,0,0,0,97,62,44,0,130,235,0,100.0,0,0.0,11.5,Current Asthma,9.1,True
13139,Gainesville,Hall,GA,Georgia,34.3169672815553,-83.8198972002444,2022,217267,364,217,147,0,0,0,0,79,60,46,0,0,364,0,99.72602739726028,0,0.0,14.2,COPD,6.2,True
13139,Gainesville,Hall,GA,Georgia,34.3169672815553,-83.8198972002444,2022,217267,364,217,147,0,0,0,0,79,60,46,0,0,364,0,99.72602739726028,0,0.0,14.2,Current Asthma,9.5,True
13151,McDonough,Henry,GA,Georgia,33.4525591081274,-84.1539379774032,2022,254613,351,262,86,3,0,0,0,105,60,40,0,147,204,0,96.16438356164385,3,0.8547008547008548,12.7,COPD,5.2,True
13151,McDonough,Henry,GA,Georgia,33.4525591081274,-84.1539379774032,2022,254613,351,262,86,3,0,0,0,105,60,40,0,147,204,0,96.16438356164385,3,0.8547008547008548,12.7,Current Asthma,10.5,True
13153,Warner Robins,Houston,GA,Georgia,32.4584163130638,-83.6661715185064,2022,171974,362,214,147,1,0,0,0,102,61,45,0,0,362,0,99.17808219178083,1,0.2762430939226519,13.0,COPD,5.5,True
13153,Warner Robins,Houston,GA,Georgia,32.4584163130638,-83.6661715185064,2022,171974,362,214,147,1,0,0,0,102,61,45,0,0,362,0,99.17808219178083,1,0.2762430939226519,13.0,Current Asthma,10.1,True
13185,Valdosta,Lowndes,GA,Georgia,30.8338264319898,-83.2675650668111,2022,120712,354,191,163,0,0,0,0,100,63,48,0,0,354,0,96.98630136986301,0,0.0,16.2,COPD,7.1,True
13185,Valdosta,Lowndes,GA,Georgia,30.8338264319898,-83.2675650668111,2022,120712,354,191,163,0,0,0,0,100,63,48,0,0,354,0,96.98630136986301,0,0.0,16.2,Current Asthma,10.7,True
13213,Chatsworth,Murray,GA,Georgia,34.7888618055535,-84.7475512679945,2022,41035,279,248,30,1,0,0,0,105,51,38,0,229,50,0,76.43835616438356,1,0.35842293906810035,17.0,COPD,7.4,True
13213,Chatsworth,Murray,GA,Georgia,34.7888618055535,-84.7475512679945,2022,41035,279,248,30,1,0,0,0,105,51,38,0,229,50,0,76.43835616438356,1,0.35842293906810035,17.0,Current Asthma,10.2,True
13215,Columbus,Muscogee,GA,Georgia,32.5102647759575,-84.8762682758584,2022,201877,365,214,149,2,0,0,0,149,62,45,0,73,292,0,100.0,2,0.547945205479452,15.4,COPD,6.6,True
13215,Columbus,Muscogee,GA,Georgia,32.5102647759575,-84.8762682758584,2022,201877,365,214,149,2,0,0,0,149,62,45,0,73,292,0,100.0,2,0.547945205479452,15.4,Current Asthma,11.0,True
13245,Augusta,Richmond,GA,Georgia,33.3599418331668,-82.0744462571572,2022,205414,365,195,170,0,0,0,0,99,62,49,0,64,301,0,100.0,0,0.0,16.8,COPD,7.0,True
13245,Augusta,Richmond,GA,Georgia,33.3599418331668,-82.0744462571572,2022,205414,365,195,170,0,0,0,0,99,62,49,0,64,301,0,100.0,0,0.0,16.8,Current Asthma,11.5,True
13247,Conyers,Rockdale,GA,Georgia,33.6543894732027,-84.0269604060342,2022,95987,243,214,29,0,0,0,0,90,54,39,0,243,0,0,66.57534246575342,0,0.0,14.2,COPD,5.9,True
13247,Conyers,Rockdale,GA,Georgia,33.6543894732027,-84.0269604060342,2022,95987,243,214,29,0,0,0,0,90,54,39,0,243,0,0,66.57534246575342,0,0.0,14.2,Current Asthma,11.1,True
13261,Americus,Sumter,GA,Georgia,32.0397994329016,-84.1964809541096,2022,28890,238,224,14,0,0,0,0,93,47,35,0,238,0,0,65.20547945205479,0,0.0,17.8,COPD,7.7,True
13261,Americus,Sumter,GA,Georgia,32.0397994329016,-84.1964809541096,2022,28890,238,224,14,0,0,0,0,93,47,35,0,238,0,0,65.20547945205479,0,0.0,17.8,Current Asthma,11.3,True
13295,Rossville,Walker,GA,Georgia,34.7354440057188,-85.3005481871168,2022,69489,352,136,216,0,0,0,0,89,68,53,0,0,352,0,96.43835616438356,0,0.0,17.0,COPD,7.4,False
13295,Rossville,Walker,GA,Georgia,34.7354440057188,-85.3005481871168,2022,69489,352,136,216,0,0,0,0,89,68,53,0,0,352,0,96.43835616438356,0,0.0,17.0,Current Asthma,10.3,False
13303,Sandersville,Washington,GA,Georgia,32.9694620969242,-82.7956807812309,2022,19820,362,142,217,3,0,0,0,112,68,52,0,0,362,0,99.17808219178083,3,0.8287292817679558,19.6,COPD,8.3,True
13303,Sandersville,Washington,GA,Georgia,32.9694620969242,-82.7956807812309,2022,19820,362,142,217,3,0,0,0,112,68,52,0,0,362,0,99.17808219178083,3,0.8287292817679558,19.6,Current Asthma,11.1,True
15001,Hawaii Volcanoes National Park,Hawaii,HI,Hawaii,19.6012350699632,-155.521167555468,2022,207615,365,328,37,0,0,0,0,71,51,33,0,0,365,0,100.0,0,0.0,15.0,COPD,5.6,True
15001,Hawaii Volcanoes National Park,Hawaii,HI,Hawaii,19.6012350699632,-155.521167555468,2022,207615,365,328,37,0,0,0,0,71,51,33,0,0,365,0,100.0,0,0.0,15.0,Current Asthma,11.4,True
15003,Honolulu,Honolulu,HI,Hawaii,21.4587970621318,-157.974693402227,2022,989408,365,356,9,0,0,0,0,57,40,29,2,177,185,1,100.0,0,0.0,10.3,COPD,4.1,True
15003,Honolulu,Honolulu,HI,Hawaii,21.4587970621318,-157.974693402227,2022,989408,365,356,9,0,0,0,0,57,40,29,2,177,185,1,100.0,0,0.0,10.3,Current Asthma,9.7,True
15009,Kihei,Maui,HI,Hawaii,20.8642990358875,-156.569577037122,2022,164183,361,357,4,0,0,0,0,58,34,21,0,0,361,0,98.9041095890411,0,0.0,13.4,COPD,4.8,True
15009,Kihei,Maui,HI,Hawaii,20.8642990358875,-156.569577037122,2022,164183,361,357,4,0,0,0,0,58,34,21,0,0,361,0,98.9041095890411,0,0.0,13.4,Current Asthma,10.5,True
16001,Boise (corporate name Boise City),Ada,ID,Idaho,43.450951919308,-116.241257443034,2022,524673,365,196,162,6,1,0,0,166,75,48,5,201,157,2,100.0,7,1.9178082191780823,10.5,COPD,4.8,True
16001,Boise (corporate name Boise City),Ada,ID,Idaho,43.450951919308,-116.241257443034,2022,524673,365,196,162,6,1,0,0,166,75,48,5,201,157,2,100.0,7,1.9178082191780823,10.5,Current Asthma,10.3,True
16005,Pocatello,Bannock,ID,Idaho,42.6685980174801,-112.224464654126,2022,90400,365,270,93,2,0,0,0,140,67,40,0,111,165,89,100.0,2,0.547945205479452,13.3,COPD,6.2,True
16005,Pocatello,Bannock,ID,Idaho,42.6685980174801,-112.224464654126,2022,90400,365,270,93,2,0,0,0,140,67,40,0,111,165,89,100.0,2,0.547945205479452,13.3,Current Asthma,11.2,True
16013,Ketchum,Blaine,ID,Idaho,43.4116034636535,-113.979666235261,2022,25041,355,321,29,2,3,0,0,182,49,23,0,0,355,0,97.26027397260275,5,1.4084507042253522,9.8,COPD,4.7,False
16013,Ketchum,Blaine,ID,Idaho,43.4116034636535,-113.979666235261,2022,25041,355,321,29,2,3,0,0,182,49,23,0,0,355,0,97.26027397260275,5,1.4084507042253522,9.8,Current Asthma,10.0,False
16017,Sandpoint,Bonner,ID,Idaho,48.3001156935128,-116.601256003773,2022,52547,364,259,97,5,2,1,0,216,66,35,0,0,332,32,99.72602739726028,8,2.197802197802198,13.2,COPD,6.2,True
16017,Sandpoint,Bonner,ID,Idaho,48.3001156935128,-116.601256003773,2022,52547,364,259,97,5,2,1,0,216,66,35,0,0,332,32,99.72602739726028,8,2.197802197802198,13.2,Current Asthma,10.9,True
16019,Idaho Falls,Bonneville,ID,Idaho,43.3878527716182,-111.614650145003,2022,131366,357,306,50,1,0,0,0,109,53,27,0,0,357,0,97.80821917808218,1,0.2801120448179272,11.6,COPD,5.7,True
16019,Idaho Falls,Bonneville,ID,Idaho,43.3878527716182,-111.614650145003,2022,131366,357,306,50,1,0,0,0,109,53,27,0,0,357,0,97.80821917808218,1,0.2801120448179272,11.6,Current Asthma,10.7,True
16021,Bonners Ferry,Boundary,ID,Idaho,48.7669357396543,-116.462854291271,2022,13557,332,273,51,4,3,1,0,205,66,23,0,0,332,0,90.95890410958904,8,2.4096385542168677,15.2,COPD,7.2,False
16021,Bonners Ferry,Boundary,ID,Idaho,48.7669357396543,-116.462854291271,2022,13557,332,273,51,4,3,1,0,205,66,23,0,0,332,0,90.95890410958904,8,2.4096385542168677,15.2,Current Asthma,11.4,False
16027,Nampa,Canyon,ID,Idaho,43.6247624853459,-116.708957811914,2022,257674,364,189,167,7,1,0,0,155,76,49,0,0,351,13,99.72602739726028,8,2.197802197802198,12.6,COPD,6.2,True
16027,Nampa,Canyon,ID,Idaho,43.6247624853459,-116.708957811914,2022,257674,364,189,167,7,1,0,0,155,76,49,0,0,351,13,99.72602739726028,8,2.197802197802198,12.6,Current Asthma,10.8,True
16041,Franklin,Franklin,ID,Idaho,42.1809525302421,-111.813247947913,2022,15494,365,310,54,1,0,0,0,103,56,23,0,0,365,0,100.0,1,0.273972602739726,13.2,COPD,6.1,True
16041,Franklin,Franklin,ID,Idaho,42.1809525302421,-111.813247947913,2022,15494,365,310,54,1,0,0,0,103,56,23,0,0,365,0,100.0,1,0.273972602739726,13.2,Current Asthma,10.7,True
16049,Grangeville,Idaho,ID,Idaho,45.8440696715495,-115.467318915313,2022,17890,365,242,113,4,4,2,0,263,64,41,0,155,210,0,100.0,10,2.73972602739726,14.0,COPD,6.5,True
16049,Grangeville,Idaho,ID,Idaho,45.8440696715495,-115.467318915313,2022,17890,365,242,113,4,4,2,0,263,64,41,0,155,210,0,100.0,10,2.73972602739726,14.0,Current Asthma,10.9,True
16055,Coeur d'Alene,Kootenai,ID,Idaho,47.6743233510996,-116.701842750137,2022,185010,359,264,88,4,3,0,0,186,62,29,0,0,359,0,98.35616438356163,7,1.9498607242339834,12.3,COPD,6.0,True
16055,Coeur d'Alene,Kootenai,ID,Idaho,47.6743233510996,-116.701842750137,2022,185010,359,264,88,4,3,0,0,186,62,29,0,0,359,0,98.35616438356163,7,1.9498607242339834,12.3,Current Asthma,10.8,True
16069,Lewiston,Nez Perce,ID,Idaho,46.3271022270792,-116.749939019682,2022,42987,365,252,107,2,4,0,0,195,63,34,0,0,365,0,100.0,6,1.643835616438356,14.1,COPD,6.5,True
16069,Lewiston,Nez Perce,ID,Idaho,46.3271022270792,-116.749939019682,2022,42987,365,252,107,2,4,0,0,195,63,34,0,0,365,0,100.0,6,1.643835616438356,14.1,Current Asthma,11.6,True
16079,Kellogg (Kellogg-Wardner),Shoshone,ID,Idaho,47.3530423358331,-115.892413057691,2022,14026,365,217,141,4,3,0,0,172,71,42,0,0,363,2,100.0,7,1.9178082191780823,16.3,COPD,7.8,True
16079,Kellogg (Kellogg-Wardner),Shoshone,ID,Idaho,47.3530423358331,-115.892413057691,2022,14026,365,217,141,4,3,0,0,172,71,42,0,0,363,2,100.0,7,1.9178082191780823,16.3,Current Asthma,11.5,True
16083,Twin Falls,Twin Falls,ID,Idaho,42.3560015617514,-114.668371045529,2022,95156,353,280,71,1,1,0,0,155,55,31,0,0,353,0,96.7123287671233,2,0.56657223796034,13.6,COPD,6.5,True
16083,Twin Falls,Twin Falls,ID,Idaho,42.3560015617514,-114.668371045529,2022,95156,353,280,71,1,1,0,0,155,55,31,0,0,353,0,96.7123287671233,2,0.56657223796034,13.6,Current Asthma,11.1,True
16085,McCall,Valley,ID,Idaho,44.7665648756136,-115.566555304962,2022,12644,351,241,102,6,2,0,0,168,69,37,0,0,351,0,96.16438356164385,8,2.2792022792022792,13.3,COPD,6.3,True
16085,McCall,Valley,ID,Idaho,44.7665648756136,-115.566555304962,2022,12644,351,241,102,6,2,0,0,168,69,37,0,0,351,0,96.16438356164385,8,2.2792022792022792,13.3,Current Asthma,10.9,True
17001,Quincy,Adams,IL,Illinois,39.9878121590876,-91.1885205349826,2022,64441,237,230,7,0,0,0,0,71,47,39,0,237,0,0,64.93150684931507,0,0.0,15.0,COPD,6.6,True
17001,Quincy,Adams,IL,Illinois,39.9878121590876,-91.1885205349826,2022,64441,237,230,7,0,0,0,0,71,47,39,0,237,0,0,64.93150684931507,0,0.0,15.0,Current Asthma,10.5,True
17019,Champaign,Champaign,IL,Illinois,40.1399616455591,-88.199247034004,2022,205644,365,223,141,1,0,0,0,126,62,44,0,152,213,0,100.0,1,0.273972602739726,12.9,COPD,6.0,True
17019,Champaign,Champaign,IL,Illinois,40.1399616455591,-88.199247034004,2022,205644,365,223,141,1,0,0,0,126,62,44,0,152,213,0,100.0,1,0.273972602739726,12.9,Current Asthma,10.2,True
17031,Chicago,Cook,IL,Illinois,41.8399157287328,-87.8168979519151,2022,5087072,365,117,240,7,1,0,0,151,76,54,7,68,270,20,100.0,8,2.191780821917808,11.2,COPD,5.2,False
17031,Chicago,Cook,IL,Illinois,41.8399157287328,-87.8168979519151,2022,5087072,365,117,240,7,1,0,0,151,76,54,7,68,270,20,100.0,8,2.191780821917808,11.2,Current Asthma,9.8,False
17043,Bensenville,DuPage,IL,Illinois,41.8520411795759,-88.0856542042862,2022,921213,365,199,165,1,0,0,0,129,67,47,0,100,265,0,100.0,1,0.273972602739726,9.5,COPD,4.3,True
17043,Bensenville,DuPage,IL,Illinois,41.8520411795759,-88.0856542042862,2022,921213,365,199,165,1,0,0,0,129,67,47,0,100,265,0,100.0,1,0.273972602739726,9.5,Current Asthma,8.9,True
17049,Effingham,Effingham,IL,Illinois,39.0597062853535,-88.5896155568299,2022,34331,239,215,24,0,0,0,0,100,51,38,0,239,0,0,65.47945205479452,0,0.0,14.3,COPD,6.4,False
17049,Effingham,Effingham,IL,Illinois,39.0597062853535,-88.5896155568299,2022,34331,239,215,24,0,0,0,0,100,51,38,0,239,0,0,65.47945205479452,0,0.0,14.3,Current Asthma,10.3,False
17083,Jerseyville,Jersey,IL,Illinois,39.0855866355985,-90.3562462972533,2022,21091,365,240,120,5,0,0,0,112,61,45,0,145,220,0,100.0,5,1.36986301369863,14.6,COPD,6.4,True
17083,Jerseyville,Jersey,IL,Illinois,39.0855866355985,-90.3562462972533,2022,21091,365,240,120,5,0,0,0,112,61,45,0,145,220,0,100.0,5,1.36986301369863,14.6,Current Asthma,10.5,True
17085,Galena,Jo Daviess,IL,Illinois,42.3657993803909,-90.2125669942826,2022,21756,343,328,15,0,0,0,0,84,46,34,0,343,0,0,93.97260273972603,0,0.0,13.9,COPD,6.1,True
17085,Galena,Jo Daviess,IL,Illinois,42.3657993803909,-90.2125669942826,2022,21756,343,328,15,0,0,0,0,84,46,34,0,343,0,0,93.97260273972603,0,0.0,13.9,Current Asthma,10.2,True
17089,Elgin,Kane,IL,Illinois,41.9388449043496,-88.4286530053985,2022,514982,285,189,93,3,0,0,0,129,67,42,0,176,109,0,78.08219178082192,3,1.0526315789473684,11.0,COPD,5.0,True
17089,Elgin,Kane,IL,Illinois,41.9388449043496,-88.4286530053985,2022,514982,285,189,93,3,0,0,0,129,67,42,0,176,109,0,78.08219178082192,3,1.0526315789473684,11.0,Current Asthma,9.3,True
17097,Waukegan,Lake,IL,Illinois,42.3231861408737,-88.003802278105,2022,708760,243,199,41,2,1,0,0,159,64,39,0,243,0,0,66.57534246575342,3,1.2345679012345678,10.5,COPD,4.7,True
17097,Waukegan,Lake,IL,Illinois,42.3231861408737,-88.003802278105,2022,708760,243,199,41,2,1,0,0,159,64,39,0,243,0,0,66.57534246575342,3,1.2345679012345678,10.5,Current Asthma,9.1,True
17115,Decatur,Macon,IL,Illinois,39.8598328489155,-88.9615923987339,2022,100591,365,209,154,2,0,0,0,115,62,46,0,111,254,0,100.0,2,0.547945205479452,15.7,COPD,7.0,True
17115,Decatur,Macon,IL,Illinois,39.8598328489155,-88.9615923987339,2022,100591,365,209,154,2,0,0,0,115,62,46,0,111,254,0,100.0,2,0.547945205479452,15.7,Current Asthma,11.0,True
17117,Nilwood,Macoupin,IL,Illinois,39.260888686793,-89.92462979625,2022,44018,363,352,9,2,0,0,0,108,45,33,122,241,0,0,99.45205479452055,2,0.5509641873278237,16.3,COPD,7.2,True
17117,Nilwood,Macoupin,IL,Illinois,39.260888686793,-89.92462979625,2022,44018,363,352,9,2,0,0,0,108,45,33,122,241,0,0,99.45205479452055,2,0.5509641873278237,16.3,Current Asthma,10.7,True
17119,Granite City,Madison,IL,Illinois,38.829741095185,-89.9049552313156,2022,262752,363,134,220,9,0,0,0,147,71,54,0,113,250,0,99.45205479452055,9,2.479338842975207,13.6,COPD,6.2,True
17119,Granite City,Madison,IL,Illinois,38.829741095185,-89.9049552313156,2022,262752,363,134,220,9,0,0,0,147,71,54,0,113,250,0,99.45205479452055,9,2.479338842975207,13.6,Current Asthma,10.6,True
17111,Cary,McHenry,IL,Illinois,42.3244326576623,-88.452330230929,2022,312800,365,199,163,3,0,0,0,126,66,47,0,112,253,0,100.0,3,0.821917808219178,11.4,COPD,5.0,True
17111,Cary,McHenry,IL,Illinois,42.3244326576623,-88.452330230929,2022,312800,365,199,163,3,0,0,0,126,66,47,0,112,253,0,100.0,3,0.821917808219178,11.4,Current Asthma,9.6,True
17113,Normal,McLean,IL,Illinois,40.4907543058628,-88.847471454861,2022,170441,365,207,156,2,0,0,0,129,63,47,0,119,246,0,100.0,2,0.547945205479452,12.2,COPD,5.5,True
17113,Normal,McLean,IL,Illinois,40.4907543058628,-88.847471454861,2022,170441,365,207,156,2,0,0,0,129,63,47,0,119,246,0,100.0,2,0.547945205479452,12.2,Current Asthma,10.2,True
17143,Peoria,Peoria,IL,Illinois,40.7880862751225,-89.7600231425467,2022,177513,319,181,138,0,0,0,0,100,65,48,0,102,217,0,87.3972602739726,0,0.0,14.3,COPD,6.5,True
17143,Peoria,Peoria,IL,Illinois,40.7880862751225,-89.7600231425467,2022,177513,319,181,138,0,0,0,0,100,65,48,0,102,217,0,87.3972602739726,0,0.0,14.3,Current Asthma,10.6,True
17161,Moline,Rock Island,IL,Illinois,41.4669850970518,-90.5677963774347,2022,141236,360,214,146,0,0,0,0,90,64,47,0,97,263,0,98.63013698630137,0,0.0,15.1,COPD,6.7,True
17161,Moline,Rock Island,IL,Illinois,41.4669850970518,-90.5677963774347,2022,141236,360,214,146,0,0,0,0,90,64,47,0,97,263,0,98.63013698630137,0,0.0,15.1,Current Asthma,10.6,True
17167,Springfield,Sangamon,IL,Illinois,39.7581951074678,-89.6587606853797,2022,193491,362,220,138,4,0,0,0,126,62,45,0,107,255,0,99.17808219178083,4,1.1049723756906076,13.5,COPD,6.1,True
17167,Springfield,Sangamon,IL,Illinois,39.7581951074678,-89.6587606853797,2022,193491,362,220,138,4,0,0,0,126,62,45,0,107,255,0,99.17808219178083,4,1.1049723756906076,13.5,Current Asthma,10.6,True
17197,Joliet,Will,IL,Illinois,41.4450082302229,-87.9785576453235,2022,700728,365,193,170,2,0,0,0,101,66,49,0,92,273,0,100.0,2,0.547945205479452,11.5,COPD,5.0,True
17197,Joliet,Will,IL,Illinois,41.4450082302229,-87.9785576453235,2022,700728,365,193,170,2,0,0,0,101,66,49,0,92,273,0,100.0,2,0.547945205479452,11.5,Current Asthma,9.7,True
17201,Rockford,Winnebago,IL,Illinois,42.3363195500472,-89.1608960279273,2022,280922,363,237,126,0,0,0,0,97,61,43,0,123,240,0,99.45205479452055,0,0.0,15.9,COPD,7.0,True
17201,Rockford,Winnebago,IL,Illinois,42.3363195500472,-89.1608960279273,2022,280922,363,237,126,0,0,0,0,97,61,43,0,123,240,0,99.45205479452055,0,0.0,15.9,Current Asthma,10.7,True
18003,Fort Wayne,Allen,IN,Indiana,41.0909025820574,-85.0665615439245,2022,394545,351,326,23,2,0,0,0,115,48,35,0,351,0,0,96.16438356164385,2,0.5698005698005698,14.7,COPD,6.9,True
18003,Fort Wayne,Allen,IN,Indiana,41.0909025820574,-85.0665615439245,2022,394545,351,326,23,2,0,0,0,115,48,35,0,351,0,0,96.16438356164385,2,0.5698005698005698,14.7,Current Asthma,11.3,True
18005,Columbus,Bartholomew,IN,Indiana,39.205842711807,-85.8974189966702,2022,84003,365,280,84,1,0,0,0,105,57,41,0,215,150,0,100.0,1,0.273972602739726,15.1,COPD,6.7,True
18005,Columbus,Bartholomew,IN,Indiana,39.205842711807,-85.8974189966702,2022,84003,365,280,84,1,0,0,0,105,57,41,0,215,150,0,100.0,1,0.273972602739726,15.1,Current Asthma,10.6,True
18019,Jeffersonville,Clark,IN,Indiana,38.4778377949688,-85.7070564153001,2022,125467,363,170,192,1,0,0,0,119,66,51,0,73,290,0,99.45205479452055,1,0.27548209366391185,16.5,COPD,7.1,True
18019,Jeffersonville,Clark,IN,Indiana,38.4778377949688,-85.7070564153001,2022,125467,363,170,192,1,0,0,0,119,66,51,0,73,290,0,99.45205479452055,1,0.27548209366391185,16.5,Current Asthma,11.4,True
18035,Muncie,Delaware,IN,Indiana,40.2275345893972,-85.3968769812267,2022,112321,359,303,55,1,0,0,0,115,54,38,0,308,51,0,98.35616438356163,1,0.2785515320334262,19.0,COPD,8.7,True
18035,Muncie,Delaware,IN,Indiana,40.2275345893972,-85.3968769812267,2022,112321,359,303,55,1,0,0,0,115,54,38,0,308,51,0,98.35616438356163,1,0.2785515320334262,19.0,Current Asthma,12.0,True
18039,Elkhart,Elkhart,IN,Indiana,41.5974196705107,-85.8587533733708,2022,206409,362,242,117,3,0,0,0,127,60,43,0,138,224,0,99.17808219178083,3,0.8287292817679558,17.4,COPD,7.9,True
18039,Elkhart,Elkhart,IN,Indiana,41.5974196705107,-85.8587533733708,2022,206409,362,242,117,3,0,0,0,127,60,43,0,138,224,0,99.17808219178083,3,0.8287292817679558,17.4,Current Asthma,11.3,True
18043,New Albany,Floyd,IN,Indiana,38.3191788839155,-85.9067422157132,2022,80809,354,337,17,0,0,0,0,87,45,33,0,354,0,0,96.98630136986301,0,0.0,15.1,COPD,6.8,True
18043,New Albany,Floyd,IN,Indiana,38.3191788839155,-85.9067422157132,2022,80809,354,337,17,0,0,0,0,87,45,33,0,354,0,0,96.98630136986301,0,0.0,15.1,Current Asthma,11.4,True
18057,Noblesville,Hamilton,IN,Indiana,40.0724731399412,-86.0519949848072,2022,371645,365,241,124,0,0,0,0,100,63,43,0,160,205,0,100.0,0,0.0,9.3,COPD,4.3,True
18057,Noblesville,Hamilton,IN,Indiana,40.0724731399412,-86.0519949848072,2022,371645,365,241,124,0,0,0,0,100,63,43,0,160,205,0,100.0,0,0.0,9.3,Current Asthma,10.2,True
18063,Avon,Hendricks,IN,Indiana,39.7695155217637,-86.5099930674506,2022,186387,352,338,14,0,0,0,0,87,46,34,0,352,0,0,96.43835616438356,0,0.0,12.6,COPD,5.5,True
18063,Avon,Hendricks,IN,Indiana,39.7695155217637,-86.5099930674506,2022,186387,352,338,14,0,0,0,0,87,46,34,0,352,0,0,96.43835616438356,0,0.0,12.6,Current Asthma,10.7,True
18067,Kokomo,Howard,IN,Indiana,40.4836015178062,-86.1168990827682,2022,83831,364,246,114,4,0,0,0,108,63,44,0,206,158,0,99.72602739726028,4,1.098901098901099,18.6,COPD,7.8,True
18067,Kokomo,Howard,IN,Indiana,40.4836015178062,-86.1168990827682,2022,83831,364,246,114,4,0,0,0,108,63,44,0,206,158,0,99.72602739726028,4,1.098901098901099,18.6,Current Asthma,11.8,True
18083,Vincennes,Knox,IN,Indiana,38.6897913410139,-87.4186758135076,2022,36070,344,321,23,0,0,0,0,87,48,36,0,344,0,0,94.24657534246576,0,0.0,18.5,COPD,8.1,True
18083,Vincennes,Knox,IN,Indiana,38.6897913410139,-87.4186758135076,2022,36070,344,321,23,0,0,0,0,87,48,36,0,344,0,0,94.24657534246576,0,0.0,18.5,Current Asthma,11.4,True
18091,Michigan City,LaPorte,IN,Indiana,41.5460206478626,-86.7401420264398,2022,111706,365,302,60,3,0,0,0,133,57,36,0,300,65,0,100.0,3,0.821917808219178,17.9,COPD,7.7,True
18091,Michigan City,LaPorte,IN,Indiana,41.5460206478626,-86.7401420264398,2022,111706,365,302,60,3,0,0,0,133,57,36,0,300,65,0,100.0,3,0.821917808219178,17.9,Current Asthma,11.0,True
18089,Gary,Lake,IN,Indiana,41.4171965042664,-87.3820486032242,2022,500598,365,152,208,5,0,0,0,143,69,52,3,82,275,5,100.0,5,1.36986301369863,17.2,COPD,7.2,True
18089,Gary,Lake,IN,Indiana,41.4171965042664,-87.3820486032242,2022,500598,365,152,208,5,0,0,0,143,69,52,3,82,275,5,100.0,5,1.36986301369863,17.2,Current Asthma,11.5,True
18095,Anderson,Madison,IN,Indiana,40.1617332769841,-85.7193168581081,2022,132504,365,224,137,4,0,0,0,133,66,45,0,157,208,0,100.0,4,1.095890410958904,18.8,COPD,7.8,True
18095,Anderson,Madison,IN,Indiana,40.1617332769841,-85.7193168581081,2022,132504,365,224,137,4,0,0,0,133,66,45,0,157,208,0,100.0,4,1.095890410958904,18.8,Current Asthma,11.5,True
18097,Indianapolis,Marion,IN,Indiana,39.7816993858149,-86.1384364601328,2022,968460,365,101,251,12,1,0,0,154,80,56,0,51,314,0,100.0,13,3.5616438356164384,15.2,COPD,7.1,True
18097,Indianapolis,Marion,IN,Indiana,39.7816993858149,-86.1384364601328,2022,968460,365,101,251,12,1,0,0,154,80,56,0,51,314,0,100.0,13,3.5616438356164384,15.2,Current Asthma,11.7,True
18105,Bloomington,Monroe,IN,Indiana,39.1608320398439,-86.523228001631,2022,139342,347,265,82,0,0,0,0,96,55,38,0,0,347,0,95.06849315068493,0,0.0,14.3,COPD,6.9,True
18105,Bloomington,Monroe,IN,Indiana,39.1608320398439,-86.523228001631,2022,139342,347,265,82,0,0,0,0,96,55,38,0,0,347,0,95.06849315068493,0,0.0,14.3,Current Asthma,11.0,True
18123,Tell City,Perry,IN,Indiana,38.079509981274,-86.6381199530206,2022,19209,365,344,20,1,0,0,0,119,48,36,0,365,0,0,100.0,1,0.273972602739726,18.6,COPD,7.8,True
18123,Tell City,Perry,IN,Indiana,38.079509981274,-86.6381199530206,2022,19209,365,344,20,1,0,0,0,119,48,36,0,365,0,0,100.0,1,0.273972602739726,18.6,Current Asthma,11.0,True
18127,Portage,Porter,IN,Indiana,41.4608374022855,-87.0674513182353,2022,175335,365,229,130,5,0,1,0,202,62,46,0,165,195,5,100.0,6,1.643835616438356,14.7,COPD,6.4,True
18127,Portage,Porter,IN,Indiana,41.4608374022855,-87.0674513182353,2022,175335,365,229,130,5,0,1,0,202,62,46,0,165,195,5,100.0,6,1.643835616438356,14.7,Current Asthma,11.0,True
18129,Mount Vernon,Posey,IN,Indiana,38.0219288739824,-87.8686531082596,2022,25040,364,349,15,0,0,0,0,97,45,33,0,364,0,0,99.72602739726028,0,0.0,15.6,COPD,6.8,True
18129,Mount Vernon,Posey,IN,Indiana,38.0219288739824,-87.8686531082596,2022,25040,364,349,15,0,0,0,0,97,45,33,0,364,0,0,99.72602739726028,0,0.0,15.6,Current Asthma,11.0,True
18141,South Bend,St. Joseph,IN,Indiana,41.6166137389104,-86.2899346956447,2022,272848,365,167,192,6,0,0,0,122,73,52,1,103,261,0,100.0,6,1.643835616438356,15.6,COPD,7.1,True
18141,South Bend,St. Joseph,IN,Indiana,41.6166137389104,-86.2899346956447,2022,272848,365,167,192,6,0,0,0,122,73,52,1,103,261,0,100.0,6,1.643835616438356,15.6,Current Asthma,11.2,True
18157,Lafayette,Tippecanoe,IN,Indiana,40.3886239103306,-86.8940552546538,2022,188792,350,268,82,0,0,0,0,96,56,36,0,0,350,0,95.8904109589041,0,0.0,15.2,COPD,7.2,True
18157,Lafayette,Tippecanoe,IN,Indiana,40.3886239103306,-86.8940552546538,2022,188792,350,268,82,0,0,0,0,96,56,36,0,0,350,0,95.8904109589041,0,0.0,15.2,Current Asthma,10.8,True
18163,Evansville,Vanderburgh,IN,Indiana,38.0253644973075,-87.5857564542311,2022,179810,365,172,193,0,0,0,0,100,66,51,0,94,271,0,100.0,0,0.0,16.8,COPD,7.6,True
18163,Evansville,Vanderburgh,IN,Indiana,38.0253644973075,-87.5857564542311,2022,179810,365,172,193,0,0,0,0,100,66,51,0,94,271,0,100.0,0,0.0,16.8,Current Asthma,11.6,True
18167,Terre Haute,Vigo,IN,Indiana,39.4308217583187,-87.3896586546696,2022,106153,365,203,160,2,0,0,0,115,63,47,0,109,256,0,100.0,2,0.547945205479452,19.1,COPD,8.9,True
18167,Terre Haute,Vigo,IN,Indiana,39.4308217583187,-87.3896586546696,2022,106153,365,203,160,2,0,0,0,115,63,47,0,109,256,0,100.0,2,0.547945205479452,19.1,Current Asthma,11.6,True
18173,Boonville,Warrick,IN,Indiana,38.0922447608573,-87.272022712185,2022,65867,365,326,38,1,0,0,0,101,51,37,0,365,0,0,100.0,1,0.273972602739726,13.1,COPD,5.7,True
18173,Boonville,Warrick,IN,Indiana,38.0922447608573,-87.272022712185,2022,65867,365,326,38,1,0,0,0,101,51,37,0,365,0,0,100.0,1,0.273972602739726,13.1,Current Asthma,10.7,True
19013,Waterloo,Black Hawk,IA,Iowa,42.4700913420814,-92.3087248490812,2022,130471,364,232,132,0,0,0,0,84,59,44,0,0,364,0,99.72602739726028,0,0.0,16.9,COPD,6.4,True
19013,Waterloo,Black Hawk,IA,Iowa,42.4700913420814,-92.3087248490812,2022,130471,364,232,132,0,0,0,0,84,59,44,0,0,364,0,99.72602739726028,0,0.0,16.9,Current Asthma,10.5,True
19017,Waverly,Bremer,IA,Iowa,42.7746111390875,-92.3180439106681,2022,25307,243,235,8,0,0,0,0,67,47,37,0,243,0,0,66.57534246575342,0,0.0,14.2,COPD,5.4,True
19017,Waverly,Bremer,IA,Iowa,42.7746111390875,-92.3180439106681,2022,25307,243,235,8,0,0,0,0,67,47,37,0,243,0,0,66.57534246575342,0,0.0,14.2,Current Asthma,9.8,True
19045,Clinton,Clinton,IA,Iowa,41.8979836891939,-90.5323392171646,2022,46158,364,165,198,1,0,0,0,107,67,52,0,74,290,0,99.72602739726028,1,0.27472527472527475,17.3,COPD,6.9,True
19045,Clinton,Clinton,IA,Iowa,41.8979836891939,-90.5323392171646,2022,46158,364,165,198,1,0,0,0,107,67,52,0,74,290,0,99.72602739726028,1,0.27472527472527475,17.3,Current Asthma,10.4,True
19085,Dunlap,Harrison,IA,Iowa,41.6829636707622,-95.8167226043331,2022,14670,237,210,27,0,0,0,0,84,51,40,0,237,0,0,64.93150684931507,0,0.0,16.1,COPD,6.2,True
19085,Dunlap,Harrison,IA,Iowa,41.6829636707622,-95.8167226043331,2022,14670,237,210,27,0,0,0,0,84,51,40,0,237,0,0,64.93150684931507,0,0.0,16.1,Current Asthma,10.1,True
19103,Iowa City,Johnson,IA,Iowa,41.6715310242667,-91.5877414061848,2022,157528,365,223,141,1,0,0,0,108,62,44,0,0,365,0,100.0,1,0.273972602739726,12.3,COPD,5.4,True
19103,Iowa City,Johnson,IA,Iowa,41.6715310242667,-91.5877414061848,2022,157528,365,223,141,1,0,0,0,108,62,44,0,0,365,0,100.0,1,0.273972602739726,12.3,Current Asthma,9.7,True
19113,Cedar Rapids,Linn,IA,Iowa,42.0789014925625,-91.5991322352261,2022,228972,365,197,168,0,0,0,0,81,61,48,0,90,274,1,100.0,0,0.0,13.9,COPD,5.7,True
19113,Cedar Rapids,Linn,IA,Iowa,42.0789014925625,-91.5991322352261,2022,228972,365,197,168,0,0,0,0,81,61,48,0,90,274,1,100.0,0,0.0,13.9,Current Asthma,10.4,True
19137,Red Oak,Montgomery,IA,Iowa,41.0301848465775,-95.1563922387492,2022,10139,363,305,58,0,0,0,0,79,54,39,0,169,194,0,99.45205479452055,0,0.0,17.2,COPD,6.8,True
19137,Red Oak,Montgomery,IA,Iowa,41.0301848465775,-95.1563922387492,2022,10139,363,305,58,0,0,0,0,79,54,39,0,169,194,0,99.45205479452055,0,0.0,17.2,Current Asthma,10.3,True
19139,Muscatine,Muscatine,IA,Iowa,41.4838849011589,-91.112774938867,2022,42218,365,235,130,0,0,0,0,89,58,42,0,0,363,2,100.0,0,0.0,16.2,COPD,6.2,True
19139,Muscatine,Muscatine,IA,Iowa,41.4838849011589,-91.112774938867,2022,42218,365,235,130,0,0,0,0,89,58,42,0,0,363,2,100.0,0,0.0,16.2,Current Asthma,9.8,True
19147,Emmetsburg,Palo Alto,IA,Iowa,43.0820387033705,-94.6782083305063,2022,8810,365,271,94,0,0,0,0,79,55,42,0,133,232,0,100.0,0,0.0,15.9,COPD,6.2,True
19147,Emmetsburg,Palo Alto,IA,Iowa,43.0820387033705,-94.6782083305063,2022,8810,365,271,94,0,0,0,0,79,55,42,0,133,232,0,100.0,0,0.0,15.9,Current Asthma,10.1,True
19153,Des Moines,Polk,IA,Iowa,41.6854989182508,-93.573526118271,2022,505255,365,273,92,0,0,0,0,89,57,41,4,136,224,1,100.0,0,0.0,13.3,COPD,5.5,True
19153,Des Moines,Polk,IA,Iowa,41.6854989182508,-93.573526118271,2022,505255,365,273,92,0,0,0,0,89,57,41,4,136,224,1,100.0,0,0.0,13.3,Current Asthma,9.8,True
19163,Davenport,Scott,IA,Iowa,41.6371214525029,-90.6229482200086,2022,174270,365,202,163,0,0,0,0,96,65,49,0,97,216,52,100.0,0,0.0,14.3,COPD,5.8,True
19163,Davenport,Scott,IA,Iowa,41.6371214525029,-90.6229482200086,2022,174270,365,202,163,0,0,0,0,96,65,49,0,97,216,52,100.0,0,0.0,14.3,Current Asthma,10.6,True
19177,Bonaparte,Van Buren,IA,Iowa,40.7532395200175,-91.9503055023498,2022,7266,365,271,93,1,0,0,0,102,55,43,1,123,241,0,100.0,1,0.273972602739726,19.2,COPD,7.6,True
19177,Bonaparte,Van Buren,IA,Iowa,40.7532395200175,-91.9503055023498,2022,7266,365,271,93,1,0,0,0,102,55,43,1,123,241,0,100.0,1,0.273972602739726,19.2,Current Asthma,10.6,True
20091,Overland Park,Johnson,KS,Kansas,38.8837274899277,-94.8224767307195,2022,622237,365,227,137,1,0,0,0,115,64,44,0,138,226,1,100.0,1,0.273972602739726,9.7,COPD,4.1,True
20091,Overland Park,Johnson,KS,Kansas,38.8837274899277,-94.8224767307195,2022,622237,365,227,137,1,0,0,0,115,64,44,0,138,226,1,100.0,1,0.273972602739726,9.7,Current Asthma,9.4,True
20103,Leavenworth,Leavenworth,KS,Kansas,39.1999862996613,-95.0382345190297,2022,83518,365,341,24,0,0,0,0,80,49,37,0,365,0,0,100.0,0,0.0,13.6,COPD,5.4,True
20103,Leavenworth,Leavenworth,KS,Kansas,39.1999862996613,-95.0382345190297,2022,83518,365,341,24,0,0,0,0,80,49,37,0,365,0,0,100.0,0,0.0,13.6,Current Asthma,10.0,True
20133,Chanute,Neosho,KS,Kansas,37.5584277161945,-95.3069948134966,2022,15420,360,201,159,0,0,0,0,94,66,48,1,144,208,7,98.63013698630137,0,0.0,17.4,COPD,7.3,True
20133,Chanute,Neosho,KS,Kansas,37.5584277161945,-95.3069948134966,2022,15420,360,201,159,0,0,0,0,94,66,48,1,144,208,7,98.63013698630137,0,0.0,17.4,Current Asthma,10.4,True
20173,Wichita,Sedgwick,KS,Kansas,37.6847025722059,-97.4610088651267,2022,528469,365,183,178,4,0,0,0,119,71,50,0,166,191,8,100.0,4,1.095890410958904,15.5,COPD,6.4,True
20173,Wichita,Sedgwick,KS,Kansas,37.6847025722059,-97.4610088651267,2022,528469,365,183,178,4,0,0,0,119,71,50,0,166,191,8,100.0,4,1.095890410958904,15.5,Current Asthma,10.0,True
20177,Topeka,Shawnee,KS,Kansas,39.0415011252388,-95.7561876629467,2022,177746,350,220,130,0,0,0,0,87,62,44,0,172,177,1,95.8904109589041,0,0.0,15.7,COPD,6.2,True
20177,Topeka,Shawnee,KS,Kansas,39.0415011252388,-95.7561876629467,2022,177746,350,220,130,0,0,0,0,87,62,44,0,172,177,1,95.8904109589041,0,0.0,15.7,Current Asthma,10.6,True
20191,Wellington,Sumner,KS,Kansas,37.2371328924638,-97.4769068758362,2022,22334,365,197,165,3,0,0,0,115,67,48,0,146,205,14,100.0,3,0.821917808219178,17.2,COPD,6.8,True
20191,Wellington,Sumner,KS,Kansas,37.2371328924638,-97.4769068758362,2022,22334,365,197,165,3,0,0,0,115,67,48,0,146,205,14,100.0,3,0.821917808219178,17.2,Current Asthma,10.2,True
20209,Kansas City,Wyandotte,KS,Kansas,39.1147931194662,-94.7650051303517,2022,165281,365,179,184,2,0,0,0,112,67,51,5,103,252,4,100.0,2,0.547945205479452,17.7,COPD,7.0,True
20209,Kansas City,Wyandotte,KS,Kansas,39.1147931194662,-94.7650051303517,2022,165281,365,179,184,2,0,0,0,112,67,51,5,103,252,4,100.0,2,0.547945205479452,17.7,Current Asthma,10.0,True
22005,Donaldsonville,Ascension,LA,Louisiana,30.2037735044567,-90.9107437898209,2022,131632,364,336,28,0,0,0,0,90,49,32,7,357,0,0,99.72602739726028,0,0.0,15.1,COPD,6.1,True
22005,Donaldsonville,Ascension,LA,Louisiana,30.2037735044567,-90.9107437898209,2022,131632,364,336,28,0,0,0,0,90,49,32,7,357,0,0,99.72602739726028,0,0.0,15.1,Current Asthma,9.7,True
22015,Shreveport,Bossier,LA,Louisiana,32.6782932763096,-93.6050039647376,2022,129795,358,162,196,0,0,0,0,99,64,52,0,55,299,4,98.08219178082192,0,0.0,16.3,COPD,6.9,True
22015,Shreveport,Bossier,LA,Louisiana,32.6782932763096,-93.6050039647376,2022,129795,358,162,196,0,0,0,0,99,64,52,0,55,299,4,98.08219178082192,0,0.0,16.3,Current Asthma,10.1,True
22017,Shreveport,Caddo,LA,Louisiana,32.5804242505209,-93.8827723839354,2022,226386,363,274,88,1,0,0,0,108,58,40,0,265,98,0,99.45205479452055,1,0.27548209366391185,18.6,COPD,8.0,True
22017,Shreveport,Caddo,LA,Louisiana,32.5804242505209,-93.8827723839354,2022,226386,363,274,88,1,0,0,0,108,58,40,0,265,98,0,99.45205479452055,1,0.27548209366391185,18.6,Current Asthma,10.9,True
22019,Lake Charles,Calcasieu,LA,Louisiana,30.2293955224679,-93.3580834138664,2022,203761,365,167,198,0,0,0,0,100,67,52,0,87,275,3,100.0,0,0.0,17.3,COPD,7.2,True
22019,Lake Charles,Calcasieu,LA,Louisiana,30.2293955224679,-93.3580834138664,2022,203761,365,167,198,0,0,0,0,100,67,52,0,87,275,3,100.0,0,0.0,17.3,Current Asthma,10.3,True
22033,Baton Rouge,East Baton Rouge,LA,Louisiana,30.538149093174,-91.0957544167344,2022,448467,365,205,157,3,0,0,0,141,65,48,0,95,270,0,100.0,3,0.821917808219178,15.0,COPD,6.6,True
22033,Baton Rouge,East Baton Rouge,LA,Louisiana,30.538149093174,-91.0957544167344,2022,448467,365,205,157,3,0,0,0,141,65,48,0,95,270,0,100.0,3,0.821917808219178,15.0,Current Asthma,10.3,True
22047,St. Gabriel,Iberville,LA,Louisiana,30.2581019680105,-91.348393128899,2022,29617,365,267,91,6,1,0,0,156,71,42,0,325,40,0,100.0,7,1.9178082191780823,19.1,COPD,7.8,True
22047,St. Gabriel,Iberville,LA,Louisiana,30.2581019680105,-91.348393128899,2022,29617,365,267,91,6,1,0,0,156,71,42,0,325,40,0,100.0,7,1.9178082191780823,19.1,Current Asthma,10.7,True
22051,Metairie,Jefferson,LA,Louisiana,29.7414209774776,-90.1129164801717,2022,421777,362,219,143,0,0,0,0,96,61,46,1,102,259,0,99.17808219178083,0,0.0,15.0,COPD,6.5,True
22051,Metairie,Jefferson,LA,Louisiana,29.7414209774776,-90.1129164801717,2022,421777,362,219,143,0,0,0,0,96,61,46,1,102,259,0,99.17808219178083,0,0.0,15.0,Current Asthma,9.8,True
22055,Lafayette,Lafayette,LA,Louisiana,30.2067507149975,-92.0633182918568,2022,249750,364,213,149,2,0,0,0,103,63,47,0,126,236,2,99.72602739726028,2,0.5494505494505495,15.9,COPD,6.7,True
22055,Lafayette,Lafayette,LA,Louisiana,30.2067507149975,-92.0633182918568,2022,249750,364,213,149,2,0,0,0,103,63,47,0,126,236,2,99.72602739726028,2,0.5494505494505495,15.9,Current Asthma,9.7,True
22057,Galliano,Lafourche,LA,Louisiana,29.5570625348837,-90.4179690905078,2022,95056,351,238,112,1,0,0,0,109,59,43,0,129,222,0,96.16438356164385,1,0.2849002849002849,19.4,COPD,8.3,True
22057,Galliano,Lafourche,LA,Louisiana,29.5570625348837,-90.4179690905078,2022,95056,351,238,112,1,0,0,0,109,59,43,0,129,222,0,96.16438356164385,1,0.2849002849002849,19.4,Current Asthma,10.2,True
22063,French Settlement,Livingston,LA,Louisiana,30.4403728498573,-90.7278404425873,2022,150145,361,177,181,3,0,0,0,117,66,51,1,112,248,0,98.9041095890411,3,0.8310249307479225,17.0,COPD,7.2,True
22063,French Settlement,Livingston,LA,Louisiana,30.4403728498573,-90.7278404425873,2022,150145,361,177,181,3,0,0,0,117,66,51,1,112,248,0,98.9041095890411,3,0.8310249307479225,17.0,Current Asthma,9.9,True
22071,New Orleans,Orleans,LA,Louisiana,30.0686363503874,-89.9282747570758,2022,364136,365,286,77,2,0,0,0,102,56,35,53,0,305,5,100.0,2,0.547945205479452,15.2,COPD,6.6,True
22071,New Orleans,Orleans,LA,Louisiana,30.0686363503874,-89.9282747570758,2022,364136,365,286,77,2,0,0,0,102,56,35,53,0,305,5,100.0,2,0.547945205479452,15.2,Current Asthma,10.6,True
22073,Monroe,Ouachita,LA,Louisiana,32.4781305546394,-92.1548534409084,2022,157568,359,309,49,1,0,0,0,105,53,38,0,298,61,0,98.35616438356163,1,0.2785515320334262,18.2,COPD,8.0,True
22073,Monroe,Ouachita,LA,Louisiana,32.4781305546394,-92.1548534409084,2022,157568,359,309,49,1,0,0,0,105,53,38,0,298,61,0,98.35616438356163,1,0.2785515320334262,18.2,Current Asthma,10.9,True
22077,New Roads,Pointe Coupee,LA,Louisiana,30.7090685105179,-91.6005179815157,2022,20000,346,323,22,1,0,0,0,112,48,34,0,346,0,0,94.79452054794521,1,0.2890173410404624,19.2,COPD,8.1,True
22077,New Roads,Pointe Coupee,LA,Louisiana,30.7090685105179,-91.6005179815157,2022,20000,346,323,22,1,0,0,0,112,48,34,0,346,0,0,94.79452054794521,1,0.2890173410404624,19.2,Current Asthma,10.8,True
22087,Chalmette,St. Bernard,LA,Louisiana,29.8750828954315,-89.5378053124974,2022,44463,365,209,155,1,0,0,0,108,61,47,0,144,221,0,100.0,1,0.273972602739726,19.7,COPD,8.5,True
22087,Chalmette,St. Bernard,LA,Louisiana,29.8750828954315,-89.5378053124974,2022,44463,365,209,155,1,0,0,0,108,61,47,0,144,221,0,100.0,1,0.273972602739726,19.7,Current Asthma,10.6,True
22093,Gramercy,St. James,LA,Louisiana,30.026880112286,-90.792998137832,2022,19191,361,345,16,0,0,0,0,93,46,32,0,361,0,0,98.9041095890411,0,0.0,16.8,COPD,6.8,True
22093,Gramercy,St. James,LA,Louisiana,30.026880112286,-90.792998137832,2022,19191,361,345,16,0,0,0,0,93,46,32,0,361,0,0,98.9041095890411,0,0.0,16.8,Current Asthma,10.7,True
22095,Laplace (La Place),St. John the Baptist,LA,Louisiana,30.1266220088096,-90.4711427584368,2022,39592,351,335,16,0,0,0,0,80,47,33,0,351,0,0,96.16438356164385,0,0.0,16.7,COPD,6.8,True
22095,Laplace (La Place),St. John the Baptist,LA,Louisiana,30.1266220088096,-90.4711427584368,2022,39592,351,335,16,0,0,0,0,80,47,33,0,351,0,0,96.16438356164385,0,0.0,16.7,Current Asthma,10.7,True
22099,St. Martinville,St. Martin,LA,Louisiana,30.1299027654542,-91.608304622551,2022,51057,338,296,42,0,0,0,0,97,54,34,0,338,0,0,92.6027397260274,0,0.0,19.7,COPD,8.3,True
22099,St. Martinville,St. Martin,LA,Louisiana,30.1299027654542,-91.608304622551,2022,51057,338,296,42,0,0,0,0,97,54,34,0,338,0,0,92.6027397260274,0,0.0,19.7,Current Asthma,10.6,True
22103,Slidell,St. Tammany,LA,Louisiana,30.4098994543095,-89.9574351817691,2022,275583,365,277,87,1,0,0,0,103,59,41,0,155,210,0,100.0,1,0.273972602739726,14.6,COPD,6.1,True
22103,Slidell,St. Tammany,LA,Louisiana,30.4098994543095,-89.9574351817691,2022,275583,365,277,87,1,0,0,0,103,59,41,0,155,210,0,100.0,1,0.273972602739726,14.6,Current Asthma,9.6,True
22121,Addis,West Baton Rouge,LA,Louisiana,30.4630295016015,-91.3130904166615,2022,28266,364,216,144,4,0,0,0,105,63,46,2,102,260,0,99.72602739726028,4,1.098901098901099,16.1,COPD,6.6,True
22121,Addis,West Baton Rouge,LA,Louisiana,30.4630295016015,-91.3130904166615,2022,28266,364,216,144,4,0,0,0,105,63,46,2,102,260,0,99.72602739726028,4,1.098901098901099,16.1,Current Asthma,10.4,True
23001,Lewiston,Androscoggin,ME,Maine,44.1654739027752,-70.2067586997966,2022,113765,358,327,31,0,0,0,0,97,48,32,0,197,159,2,98.08219178082192,0,0.0,16.9,COPD,7.6,True
23001,Lewiston,Androscoggin,ME,Maine,44.1654739027752,-70.2067586997966,2022,113765,358,327,31,0,0,0,0,97,48,32,0,197,159,2,98.08219178082192,0,0.0,16.9,Current Asthma,13.4,True
23003,Madawaska (census name for Madawaska Center),Aroostook,ME,Maine,46.6590579475164,-68.5987269232186,2022,67351,364,304,60,0,0,0,0,80,54,34,0,134,211,19,99.72602739726028,0,0.0,18.6,COPD,8.3,True
23003,Madawaska (census name for Madawaska Center),Aroostook,ME,Maine,46.6590579475164,-68.5987269232186,2022,67351,364,304,60,0,0,0,0,80,54,34,0,134,211,19,99.72602739726028,0,0.0,18.6,Current Asthma,13.6,True
23005,Portland,Cumberland,ME,Maine,43.838769691104,-70.3761250453607,2022,310230,362,323,36,3,0,0,0,109,51,36,5,273,82,2,99.17808219178083,3,0.8287292817679558,11.1,COPD,5.1,True
23005,Portland,Cumberland,ME,Maine,43.838769691104,-70.3761250453607,2022,310230,362,323,36,3,0,0,0,109,51,36,5,273,82,2,99.17808219178083,3,0.8287292817679558,11.1,Current Asthma,12.0,True
23009,Bucksport (census name for Bucksport Compact),Hancock,ME,Maine,44.6432336584807,-68.3588356549835,2022,56526,361,326,34,1,0,0,0,112,50,36,0,328,33,0,98.9041095890411,1,0.2770083102493075,13.9,COPD,6.2,True
23009,Bucksport (census name for Bucksport Compact),Hancock,ME,Maine,44.6432336584807,-68.3588356549835,2022,56526,361,326,34,1,0,0,0,112,50,36,0,328,33,0,98.9041095890411,1,0.2770083102493075,13.9,Current Asthma,12.3,True
23011,Augusta,Kennebec,ME,Maine,44.4089507036888,-69.7673372512067,2022,127259,203,194,9,0,0,0,0,84,46,30,0,165,36,2,55.61643835616439,0,0.0,15.8,COPD,7.3,True
23011,Augusta,Kennebec,ME,Maine,44.4089507036888,-69.7673372512067,2022,127259,203,194,9,0,0,0,0,84,46,30,0,165,36,2,55.61643835616439,0,0.0,15.8,Current Asthma,12.6,True
23013,Rockland,Knox,ME,Maine,44.1244743219944,-69.1529439629705,2022,40977,212,206,6,0,0,0,0,80,45,35,0,212,0,0,58.082191780821915,0,0.0,14.3,COPD,6.3,False
23013,Rockland,Knox,ME,Maine,44.1244743219944,-69.1529439629705,2022,40977,212,206,6,0,0,0,0,80,45,35,0,212,0,0,58.082191780821915,0,0.0,14.3,Current Asthma,12.1,False
23017,Mexico (census name for Mexico Center),Oxford,ME,Maine,44.4994517521229,-70.7565587032963,2022,59905,358,324,34,0,0,0,0,96,50,33,0,189,169,0,98.08219178082192,0,0.0,18.0,COPD,8.2,True
23017,Mexico (census name for Mexico Center),Oxford,ME,Maine,44.4994517521229,-70.7565587032963,2022,59905,358,324,34,0,0,0,0,96,50,33,0,189,169,0,98.08219178082192,0,0.0,18.0,Current Asthma,13.6,True
23019,Lincoln (census name for Lincoln Compact),Penobscot,ME,Maine,45.4002647066289,-68.6494418029542,2022,155312,361,324,37,0,0,0,0,87,51,33,0,176,185,0,98.9041095890411,0,0.0,16.2,COPD,7.3,True
23019,Lincoln (census name for Lincoln Compact),Penobscot,ME,Maine,45.4002647066289,-68.6494418029542,2022,155312,361,324,37,0,0,0,0,87,51,33,0,176,185,0,98.9041095890411,0,0.0,16.2,Current Asthma,13.4,True
23029,Calais,Washington,ME,Maine,45.021838234264,-67.6293632313936,2022,31555,364,355,9,0,0,0,0,58,44,34,0,336,28,0,99.72602739726028,0,0.0,19.2,COPD,8.4,True
23029,Calais,Washington,ME,Maine,45.021838234264,-67.6293632313936,2022,31555,364,355,9,0,0,0,0,58,44,34,0,336,28,0,99.72602739726028,0,0.0,19.2,Current Asthma,13.5,True
23031,Biddeford (RR name Biddeford-Saco),York,ME,Maine,43.4783427124924,-70.714261699275,2022,218586,246,230,14,2,0,0,0,126,49,38,0,246,0,0,67.3972602739726,2,0.8130081300813009,13.7,COPD,6.2,True
23031,Biddeford (RR name Biddeford-Saco),York,ME,Maine,43.4783427124924,-70.714261699275,2022,218586,246,230,14,2,0,0,0,126,49,38,0,246,0,0,67.3972602739726,2,0.8130081300813009,13.7,Current Asthma,12.8,True
24003,Riviera Beach,Anne Arundel,MD,Maryland,39.006058161178,-76.6037600852618,2022,594582,263,247,16,0,0,0,0,93,48,38,0,243,0,20,72.05479452054794,0,0.0,10.5,COPD,4.6,True
24003,Riviera Beach,Anne Arundel,MD,Maryland,39.006058161178,-76.6037600852618,2022,594582,263,247,16,0,0,0,0,93,48,38,0,243,0,20,72.05479452054794,0,0.0,10.5,Current Asthma,10.0,True
24009,Prince Frederick,Calvert,MD,Maryland,38.5440599982732,-76.569090863985,2022,94728,239,225,14,0,0,0,0,74,47,39,0,239,0,0,65.47945205479452,0,0.0,11.0,COPD,5.0,True
24009,Prince Frederick,Calvert,MD,Maryland,38.5440599982732,-76.569090863985,2022,94728,239,225,14,0,0,0,0,74,47,39,0,239,0,0,65.47945205479452,0,0.0,11.0,Current Asthma,10.5,True
24013,Westminster,Carroll,MD,Maryland,39.5629025323817,-77.0227635353375,2022,176639,243,210,32,1,0,0,0,112,54,42,0,243,0,0,66.57534246575342,1,0.411522633744856,11.0,COPD,5.0,True
24013,Westminster,Carroll,MD,Maryland,39.5629025323817,-77.0227635353375,2022,176639,243,210,32,1,0,0,0,112,54,42,0,243,0,0,66.57534246575342,1,0.411522633744856,11.0,Current Asthma,10.1,True
24015,Elkton,Cecil,MD,Maryland,39.5708313825973,-75.9413980896904,2022,105672,361,267,93,1,0,0,0,101,58,43,0,173,188,0,98.9041095890411,1,0.2770083102493075,15.4,COPD,6.6,True
24015,Elkton,Cecil,MD,Maryland,39.5708313825973,-75.9413980896904,2022,105672,361,267,93,1,0,0,0,101,58,43,0,173,188,0,98.9041095890411,1,0.2770083102493075,15.4,Current Asthma,10.5,True
24017,Hughesville,Charles,MD,Maryland,38.5069477200876,-76.9921815094734,2022,171973,245,225,20,0,0,0,0,87,50,41,0,245,0,0,67.12328767123287,0,0.0,11.3,COPD,5.0,True
24017,Hughesville,Charles,MD,Maryland,38.5069477200876,-76.9921815094734,2022,171973,245,225,20,0,0,0,0,87,50,41,0,245,0,0,67.12328767123287,0,0.0,11.3,Current Asthma,10.7,True
24019,Cambridge,Dorchester,MD,Maryland,38.4691256248242,-76.0234580060655,2022,32879,365,274,91,0,0,0,0,93,55,43,0,197,168,0,100.0,0,0.0,16.6,COPD,7.7,True
24019,Cambridge,Dorchester,MD,Maryland,38.4691256248242,-76.0234580060655,2022,32879,365,274,91,0,0,0,0,93,55,43,0,197,168,0,100.0,0,0.0,16.6,Current Asthma,11.7,True
24021,Frederick,Frederick,MD,Maryland,39.47221383853,-77.3976709371378,2022,293391,236,212,23,1,0,0,0,115,51,41,0,236,0,0,64.65753424657534,1,0.423728813559322,9.1,COPD,4.6,True
24021,Frederick,Frederick,MD,Maryland,39.47221383853,-77.3976709371378,2022,293391,236,212,23,1,0,0,0,115,51,41,0,236,0,0,64.65753424657534,1,0.423728813559322,9.1,Current Asthma,9.5,True
24023,Grantsville,Garrett,MD,Maryland,39.528754928503,-79.2728437491571,2022,28423,365,330,35,0,0,0,0,97,50,38,2,271,91,0,100.0,0,0.0,14.8,COPD,7.1,True
24023,Grantsville,Garrett,MD,Maryland,39.528754928503,-79.2728437491571,2022,28423,365,330,35,0,0,0,0,97,50,38,2,271,91,0,100.0,0,0.0,14.8,Current Asthma,11.3,True
24025,Bel Air,Harford,MD,Maryland,39.5614247093358,-76.3169029187153,2022,264644,360,262,98,0,0,0,0,97,64,43,0,208,152,0,98.63013698630137,0,0.0,10.9,COPD,5.2,True
24025,Bel Air,Harford,MD,Maryland,39.5614247093358,-76.3169029187153,2022,264644,360,262,98,0,0,0,0,97,64,43,0,208,152,0,98.63013698630137,0,0.0,10.9,Current Asthma,10.2,True
24027,Columbia,Howard,MD,Maryland,39.2502169624857,-76.9308970282026,2022,336001,365,290,75,0,0,0,0,70,54,37,71,0,293,0,100.0,0,0.0,7.3,COPD,3.5,True
24027,Columbia,Howard,MD,Maryland,39.2502169624857,-76.9308970282026,2022,336001,365,290,75,0,0,0,0,70,54,37,71,0,293,0,100.0,0,0.0,7.3,Current Asthma,9.1,True
24031,Silver Spring,Montgomery,MD,Maryland,39.1362604928732,-77.2047730488674,2022,1058474,355,241,113,1,0,0,0,119,59,43,0,168,187,0,97.26027397260275,1,0.28169014084507044,7.2,COPD,3.8,True
24031,Silver Spring,Montgomery,MD,Maryland,39.1362604928732,-77.2047730488674,2022,1058474,355,241,113,1,0,0,0,119,59,43,0,168,187,0,97.26027397260275,1,0.28169014084507044,7.2,Current Asthma,9.2,True
24033,Beltsville,Prince George's,MD,Maryland,38.8296511376687,-76.8475085634277,2022,947430,365,313,51,1,0,0,0,101,58,39,15,314,36,0,100.0,1,0.273972602739726,10.5,COPD,5.0,True
24033,Beltsville,Prince George's,MD,Maryland,38.8296511376687,-76.8475085634277,2022,947430,365,313,51,1,0,0,0,101,58,39,15,314,36,0,100.0,1,0.273972602739726,10.5,Current Asthma,11.5,True
24043,Hagerstown,Washington,MD,Maryland,39.6036026379681,-77.8132789094365,2022,155813,344,283,61,0,0,0,0,87,54,40,0,184,160,0,94.24657534246576,0,0.0,15.3,COPD,7.2,True
24043,Hagerstown,Washington,MD,Maryland,39.6036026379681,-77.8132789094365,2022,155813,344,283,61,0,0,0,0,87,54,40,0,184,160,0,94.24657534246576,0,0.0,15.3,Current Asthma,10.8,True
25001,Falmouth (census name for Falmouth Center),Barnstable,MA,Massachusetts,41.7233065590504,-70.2900437375163,2022,231735,360,341,19,0,0,0,0,93,46,36,0,351,9,0,98.63013698630137,0,0.0,11.4,COPD,4.9,True
25001,Falmouth (census name for Falmouth Center),Barnstable,MA,Massachusetts,41.7233065590504,-70.2900437375163,2022,231735,360,341,19,0,0,0,0,93,46,36,0,351,9,0,98.63013698630137,0,0.0,11.4,Current Asthma,11.8,True
25003,Pittsfield,Berkshire,MA,Massachusetts,42.3704857844323,-73.2062245902623,2022,126818,365,269,96,0,0,0,0,87,58,42,0,176,189,0,100.0,0,0.0,13.3,COPD,5.9,True
25003,Pittsfield,Berkshire,MA,Massachusetts,42.3704857844323,-73.2062245902623,2022,126818,365,269,96,0,0,0,0,87,58,42,0,176,189,0,100.0,0,0.0,13.3,Current Asthma,12.2,True
25005,Fall River,Bristol,MA,Massachusetts,41.7970686849921,-71.1142068476454,2022,581841,365,301,63,1,0,0,0,115,54,38,0,245,120,0,100.0,1,0.273972602739726,16.0,COPD,6.5,True
25005,Fall River,Bristol,MA,Massachusetts,41.7970686849921,-71.1142068476454,2022,581841,365,301,63,1,0,0,0,115,54,38,0,245,120,0,100.0,1,0.273972602739726,16.0,Current Asthma,12.7,True
25007,Aquinnah,Dukes,MA,Massachusetts,41.3979064331708,-70.6538263300096,2022,20819,359,338,20,1,0,0,0,126,47,37,0,346,13,0,98.35616438356163,1,0.2785515320334262,11.2,COPD,4.9,True
25007,Aquinnah,Dukes,MA,Massachusetts,41.3979064331708,-70.6538263300096,2022,20819,359,338,20,1,0,0,0,126,47,37,0,346,13,0,98.35616438356163,1,0.2785515320334262,11.2,Current Asthma,11.7,True
25009,Salem,Essex,MA,Massachusetts,42.6718608300579,-70.9515214537115,2022,810089,365,276,84,5,0,0,0,113,58,41,1,213,151,0,100.0,5,1.36986301369863,11.5,COPD,5.3,True
25009,Salem,Essex,MA,Massachusetts,42.6718608300579,-70.9515214537115,2022,810089,365,276,84,5,0,0,0,113,58,41,1,213,151,0,100.0,5,1.36986301369863,11.5,Current Asthma,11.5,True
25011,Colrain,Franklin,MA,Massachusetts,42.583226696317,-72.5917508209882,2022,70836,365,271,93,1,0,0,0,108,59,40,0,174,191,0,100.0,1,0.273972602739726,13.1,COPD,6.0,True
25011,Colrain,Franklin,MA,Massachusetts,42.583226696317,-72.5917508209882,2022,70836,365,271,93,1,0,0,0,108,59,40,0,174,191,0,100.0,1,0.273972602739726,13.1,Current Asthma,12.0,True
25013,Springfield,Hampden,MA,Massachusetts,42.1352566047193,-72.6315256129094,2022,460291,365,262,102,1,0,0,0,115,61,42,5,162,198,0,100.0,1,0.273972602739726,15.2,COPD,6.7,True
25013,Springfield,Hampden,MA,Massachusetts,42.1352566047193,-72.6315256129094,2022,460291,365,262,102,1,0,0,0,115,61,42,5,162,198,0,100.0,1,0.273972602739726,15.2,Current Asthma,12.8,True
25015,South Hadley,Hampshire,MA,Massachusetts,42.34025166646,-72.6630607344035,2022,162502,365,267,98,0,0,0,0,97,57,42,0,202,163,0,100.0,0,0.0,11.4,COPD,5.2,True
25015,South Hadley,Hampshire,MA,Massachusetts,42.34025166646,-72.6630607344035,2022,162502,365,267,98,0,0,0,0,97,57,42,0,202,163,0,100.0,0,0.0,11.4,Current Asthma,12.1,True
25017,Lowell,Middlesex,MA,Massachusetts,42.4853611024069,-71.3919058370361,2022,1623952,365,310,55,0,0,0,0,90,54,38,11,211,143,0,100.0,0,0.0,9.3,COPD,4.1,True
25017,Lowell,Middlesex,MA,Massachusetts,42.4853611024069,-71.3919058370361,2022,1623952,365,310,55,0,0,0,0,90,54,38,11,211,143,0,100.0,0,0.0,9.3,Current Asthma,11.1,True
25021,Quincy,Norfolk,MA,Massachusetts,42.1619857272555,-71.2079315371717,2022,727473,365,304,60,1,0,0,0,105,55,40,1,272,92,0,100.0,1,0.273972602739726,9.3,COPD,4.2,True
25021,Quincy,Norfolk,MA,Massachusetts,42.1619857272555,-71.2079315371717,2022,727473,365,304,60,1,0,0,0,105,55,40,1,272,92,0,100.0,1,0.273972602739726,9.3,Current Asthma,10.8,True
25023,Brockton,Plymouth,MA,Massachusetts,41.9537873793157,-70.8131463191532,2022,535308,360,235,125,0,0,0,0,93,57,45,0,87,273,0,98.63013698630137,0,0.0,12.1,COPD,5.3,True
25023,Brockton,Plymouth,MA,Massachusetts,41.9537873793157,-70.8131463191532,2022,535308,360,235,125,0,0,0,0,93,57,45,0,87,273,0,98.63013698630137,0,0.0,12.1,Current Asthma,12.1,True
25025,Boston,Suffolk,MA,Massachusetts,42.3340370910155,-71.0693454244262,2022,768425,365,261,102,2,0,0,0,112,60,41,17,117,231,0,100.0,2,0.547945205479452,11.6,COPD,5.3,True
25025,Boston,Suffolk,MA,Massachusetts,42.3340370910155,-71.0693454244262,2022,768425,365,261,102,2,0,0,0,112,60,41,17,117,231,0,100.0,2,0.547945205479452,11.6,Current Asthma,11.4,True
25027,Worcester,Worcester,MA,Massachusetts,42.3513441194523,-71.907721776532,2022,866866,365,228,137,0,0,0,0,100,59,45,4,104,257,0,100.0,0,0.0,12.5,COPD,5.5,True
25027,Worcester,Worcester,MA,Massachusetts,42.3513441194523,-71.907721776532,2022,866866,365,228,137,0,0,0,0,100,59,45,4,104,257,0,100.0,0,0.0,12.5,Current Asthma,12.1,True
26005,Holland,Allegan,MI,Michigan,42.5912929570167,-85.8884940961651,2022,121939,344,256,82,4,2,0,0,195,64,40,0,191,153,0,94.24657534246576,6,1.744186046511628,15.0,COPD,6.8,True
26005,Holland,Allegan,MI,Michigan,42.5912929570167,-85.8884940961651,2022,121939,344,256,82,4,2,0,0,195,64,40,0,191,153,0,94.24657534246576,6,1.744186046511628,15.0,Current Asthma,11.1,True
26017,Bay City,Bay,MI,Michigan,43.7075300134209,-83.9921481500955,2022,102500,354,287,67,0,0,0,0,85,55,32,0,0,354,0,96.98630136986301,0,0.0,16.2,COPD,7.5,True
26017,Bay City,Bay,MI,Michigan,43.7075300134209,-83.9921481500955,2022,102500,354,287,67,0,0,0,0,85,55,32,0,0,354,0,96.98630136986301,0,0.0,16.2,Current Asthma,11.6,True
26019,Benzonia,Benzie,MI,Michigan,44.6386451482556,-86.0152876094187,2022,18441,243,218,22,2,1,0,0,151,51,36,0,243,0,0,66.57534246575342,3,1.2345679012345678,14.1,COPD,6.5,True
26019,Benzonia,Benzie,MI,Michigan,44.6386451482556,-86.0152876094187,2022,18441,243,218,22,2,1,0,0,151,51,36,0,243,0,0,66.57534246575342,3,1.2345679012345678,14.1,Current Asthma,11.3,True
26021,Benton Harbor,Berrien,MI,Michigan,41.9547057695221,-86.4122165831664,2022,152261,232,197,30,4,1,0,0,156,61,39,0,232,0,0,63.561643835616444,5,2.1551724137931036,15.5,COPD,7.4,True
26021,Benton Harbor,Berrien,MI,Michigan,41.9547057695221,-86.4122165831664,2022,152261,232,197,30,4,1,0,0,156,61,39,0,232,0,0,63.561643835616444,5,2.1551724137931036,15.5,Current Asthma,11.9,True
26027,Cassopolis,Cass,MI,Michigan,41.9154206378426,-85.9935414758751,2022,51642,233,212,19,2,0,0,0,119,50,38,0,233,0,0,63.83561643835617,2,0.8583690987124464,16.8,COPD,7.6,True
26027,Cassopolis,Cass,MI,Michigan,41.9154206378426,-85.9935414758751,2022,51642,233,212,19,2,0,0,0,119,50,38,0,233,0,0,63.83561643835617,2,0.8583690987124464,16.8,Current Asthma,11.8,True
26037,Lansing,Clinton,MI,Michigan,42.9436867902177,-84.6015552625683,2022,79720,235,213,22,0,0,0,0,90,49,38,0,235,0,0,64.38356164383562,0,0.0,13.0,COPD,6.1,True
26037,Lansing,Clinton,MI,Michigan,42.9436867902177,-84.6015552625683,2022,79720,235,213,22,0,0,0,0,90,49,38,0,235,0,0,64.38356164383562,0,0.0,13.0,Current Asthma,11.3,True
26049,Flint,Genesee,MI,Michigan,43.0216917139979,-83.706686627752,2022,401522,364,237,125,2,0,0,0,112,62,44,0,139,225,0,99.72602739726028,2,0.5494505494505495,17.4,COPD,8.0,True
26049,Flint,Genesee,MI,Michigan,43.0216917139979,-83.706686627752,2022,401522,364,237,125,2,0,0,0,112,62,44,0,139,225,0,99.72602739726028,2,0.5494505494505495,17.4,Current Asthma,12.4,True
26063,Harbor Beach,Huron,MI,Michigan,43.8334172806921,-83.0196504596317,2022,30927,243,227,15,1,0,0,0,122,49,35,0,243,0,0,66.57534246575342,1,0.411522633744856,17.5,COPD,7.9,True
26063,Harbor Beach,Huron,MI,Michigan,43.8334172806921,-83.0196504596317,2022,30927,243,227,15,1,0,0,0,122,49,35,0,243,0,0,66.57534246575342,1,0.411522633744856,17.5,Current Asthma,11.7,True
26065,Lansing,Ingham,MI,Michigan,42.5970860473025,-84.3736006361756,2022,284637,360,236,124,0,0,0,0,93,60,43,3,135,222,0,98.63013698630137,0,0.0,14.6,COPD,6.7,True
26065,Lansing,Ingham,MI,Michigan,42.5970860473025,-84.3736006361756,2022,284637,360,236,124,0,0,0,0,93,60,43,3,135,222,0,98.63013698630137,0,0.0,14.6,Current Asthma,11.6,True
26077,Kalamazoo,Kalamazoo,MI,Michigan,42.2454777991442,-85.5312062397091,2022,262215,352,177,172,3,0,0,0,134,69,50,0,103,249,0,96.43835616438356,3,0.8522727272727272,14.0,COPD,6.6,True
26077,Kalamazoo,Kalamazoo,MI,Michigan,42.2454777991442,-85.5312062397091,2022,262215,352,177,172,3,0,0,0,134,69,50,0,103,249,0,96.43835616438356,3,0.8522727272727272,14.0,Current Asthma,11.5,True
26081,Grand Rapids,Kent,MI,Michigan,43.0321488100152,-85.5493053557881,2022,661354,365,209,152,4,0,0,0,136,68,47,2,130,231,2,100.0,4,1.095890410958904,13.2,COPD,6.0,True
26081,Grand Rapids,Kent,MI,Michigan,43.0321488100152,-85.5493053557881,2022,661354,365,209,152,4,0,0,0,136,68,47,2,130,231,2,100.0,4,1.095890410958904,13.2,Current Asthma,11.0,True
26091,Adrian,Lenawee,MI,Michigan,41.8951017478988,-84.0663547898499,2022,97520,365,250,115,0,0,0,0,97,65,43,0,149,216,0,100.0,0,0.0,16.0,COPD,7.2,True
26091,Adrian,Lenawee,MI,Michigan,41.8951017478988,-84.0663547898499,2022,97520,365,250,115,0,0,0,0,97,65,43,0,149,216,0,100.0,0,0.0,16.0,Current Asthma,11.4,True
26099,Sterling Heights,Macomb,MI,Michigan,42.695884588644,-82.9322750277033,2022,875101,365,223,140,2,0,0,0,126,70,44,0,145,220,0,100.0,2,0.547945205479452,15.4,COPD,6.9,True
26099,Sterling Heights,Macomb,MI,Michigan,42.695884588644,-82.9322750277033,2022,875101,365,223,140,2,0,0,0,126,70,44,0,145,220,0,100.0,2,0.547945205479452,15.4,Current Asthma,11.4,True
26101,Manistee,Manistee,MI,Michigan,44.3329667020985,-86.0569772132245,2022,25562,267,235,29,2,1,0,0,156,52,35,0,225,42,0,73.15068493150685,3,1.1235955056179776,16.6,COPD,7.6,False
26101,Manistee,Manistee,MI,Michigan,44.3329667020985,-86.0569772132245,2022,25562,267,235,29,2,1,0,0,156,52,35,0,225,42,0,73.15068493150685,3,1.1235955056179776,16.6,Current Asthma,11.6,False
26105,Ludington,Mason,MI,Michigan,43.99510197364,-86.2500362980391,2022,29159,236,219,15,1,1,0,0,161,49,36,0,236,0,0,64.65753424657534,2,0.847457627118644,16.3,COPD,7.6,True
26105,Ludington,Mason,MI,Michigan,43.99510197364,-86.2500362980391,2022,29159,236,219,15,1,1,0,0,161,49,36,0,236,0,0,64.65753424657534,2,0.847457627118644,16.3,Current Asthma,11.6,True
26121,Muskegon,Muskegon,MI,Michigan,43.2912349359125,-86.1520477255994,2022,176564,243,211,25,5,2,0,0,187,58,37,0,243,0,0,66.57534246575342,7,2.880658436213992,17.3,COPD,7.8,True
26121,Muskegon,Muskegon,MI,Michigan,43.2912349359125,-86.1520477255994,2022,176564,243,211,25,5,2,0,0,187,58,37,0,243,0,0,66.57534246575342,7,2.880658436213992,17.3,Current Asthma,12.2,True
26125,Pontiac,Oakland,MI,Michigan,42.6603841794277,-83.3857850852382,2022,1270426,282,236,46,0,0,0,0,100,56,39,0,223,59,0,77.26027397260275,0,0.0,10.9,COPD,5.0,True
26125,Pontiac,Oakland,MI,Michigan,42.6603841794277,-83.3857850852382,2022,1270426,282,236,46,0,0,0,0,100,56,39,0,223,59,0,77.26027397260275,0,0.0,10.9,Current Asthma,10.6,True
26139,Holland,Ottawa,MI,Michigan,42.9598343114753,-85.996165909642,2022,303372,332,194,134,2,2,0,0,164,67,46,0,101,231,0,90.95890410958904,4,1.2048192771084338,12.1,COPD,5.8,True
26139,Holland,Ottawa,MI,Michigan,42.9598343114753,-85.996165909642,2022,303372,332,194,134,2,2,0,0,164,67,46,0,101,231,0,90.95890410958904,4,1.2048192771084338,12.1,Current Asthma,11.0,True
26153,Manistique,Schoolcraft,MI,Michigan,46.1966612517026,-86.1998498718029,2022,8149,362,318,43,1,0,0,0,126,55,35,0,162,200,0,99.17808219178083,1,0.2762430939226519,19.0,COPD,8.5,True
26153,Manistique,Schoolcraft,MI,Michigan,46.1966612517026,-86.1998498718029,2022,8149,362,318,43,1,0,0,0,126,55,35,0,162,200,0,99.17808219178083,1,0.2762430939226519,19.0,Current Asthma,12.3,True
26147,Port Huron,St. Clair,MI,Michigan,42.9331233289215,-82.6804977947451,2022,159874,359,232,125,2,0,0,0,133,67,43,0,143,216,0,98.35616438356163,2,0.5571030640668524,16.6,COPD,7.4,True
26147,Port Huron,St. Clair,MI,Michigan,42.9331233289215,-82.6804977947451,2022,159874,359,232,125,2,0,0,0,133,67,43,0,143,216,0,98.35616438356163,2,0.5571030640668524,16.6,Current Asthma,11.7,True
26157,Vassar,Tuscola,MI,Michigan,43.4640720936156,-83.4168308866448,2022,52826,361,334,26,1,0,0,0,105,49,34,0,361,0,0,98.9041095890411,1,0.2770083102493075,17.7,COPD,8.1,True
26157,Vassar,Tuscola,MI,Michigan,43.4640720936156,-83.4168308866448,2022,52826,361,334,26,1,0,0,0,105,49,34,0,361,0,0,98.9041095890411,1,0.2770083102493075,17.7,Current Asthma,11.7,True
26161,Ann Arbor,Washtenaw,MI,Michigan,42.2532412476672,-83.8388014669744,2022,365536,365,222,142,1,0,0,0,101,68,46,0,152,213,0,100.0,1,0.273972602739726,10.8,COPD,5.3,True
26161,Ann Arbor,Washtenaw,MI,Michigan,42.2532412476672,-83.8388014669744,2022,365536,365,222,142,1,0,0,0,101,68,46,0,152,213,0,100.0,1,0.273972602739726,10.8,Current Asthma,10.7,True
26163,Detroit,Wayne,MI,Michigan,42.2817659645939,-83.2821975006382,2022,1751169,365,63,287,15,0,0,0,131,79,58,2,29,323,11,100.0,15,4.10958904109589,17.2,COPD,8.1,True
26163,Detroit,Wayne,MI,Michigan,42.2817659645939,-83.2821975006382,2022,1751169,365,63,287,15,0,0,0,131,79,58,2,29,323,11,100.0,15,4.10958904109589,17.2,Current Asthma,12.4,True
26165,Cadillac,Wexford,MI,Michigan,44.3383613375827,-85.5785690119737,2022,34122,359,331,24,4,0,0,0,136,49,35,0,359,0,0,98.35616438356163,4,1.1142061281337048,17.8,COPD,8.3,True
26165,Cadillac,Wexford,MI,Michigan,44.3383613375827,-85.5785690119737,2022,34122,359,331,24,4,0,0,0,136,49,35,0,359,0,0,98.35616438356163,4,1.1142061281337048,17.8,Current Asthma,11.9,True
27003,Anoka,Anoka,MN,Minnesota,45.2734016200054,-93.2464484376371,2022,372441,365,289,76,0,0,0,0,93,55,40,4,241,117,3,100.0,0,0.0,13.5,COPD,4.6,True
27003,Anoka,Anoka,MN,Minnesota,45.2734016200054,-93.2464484376371,2022,372441,365,289,76,0,0,0,0,93,55,40,4,241,117,3,100.0,0,0.0,13.5,Current Asthma,9.9,True
27005,Detroit Lakes,Becker,MN,Minnesota,46.9348310979902,-95.6740094489452,2022,35283,354,321,32,1,0,0,0,125,49,36,0,174,180,0,96.98630136986301,1,0.2824858757062147,16.0,COPD,5.6,True
27005,Detroit Lakes,Becker,MN,Minnesota,46.9348310979902,-95.6740094489452,2022,35283,354,321,32,1,0,0,0,125,49,36,0,174,180,0,96.98630136986301,1,0.2824858757062147,16.0,Current Asthma,10.3,True
27007,Bemidji,Beltrami,MN,Minnesota,47.9740071822672,-94.9384255652985,2022,46718,346,318,28,0,0,0,0,65,47,23,0,0,346,0,94.79452054794521,0,0.0,18.8,COPD,6.3,True
27007,Bemidji,Beltrami,MN,Minnesota,47.9740071822672,-94.9384255652985,2022,46718,346,318,28,0,0,0,0,65,47,23,0,0,346,0,94.79452054794521,0,0.0,18.8,Current Asthma,11.3,True
27017,Cloquet,Carlton,MN,Minnesota,46.592180259463,-92.6766788903511,2022,36825,355,351,4,0,0,0,0,57,41,25,0,186,169,0,97.26027397260275,0,0.0,16.2,COPD,5.4,True
27017,Cloquet,Carlton,MN,Minnesota,46.592180259463,-92.6766788903511,2022,36825,355,351,4,0,0,0,0,57,41,25,0,186,169,0,97.26027397260275,0,0.0,16.2,Current Asthma,10.6,True
27021,Cass Lake,Cass,MN,Minnesota,46.9492700481454,-94.3257868481831,2022,31446,348,309,39,0,0,0,0,64,52,32,0,0,348,0,95.34246575342465,0,0.0,17.8,COPD,5.9,False
27021,Cass Lake,Cass,MN,Minnesota,46.9492700481454,-94.3257868481831,2022,31446,348,309,39,0,0,0,0,64,52,32,0,0,348,0,95.34246575342465,0,0.0,17.8,Current Asthma,10.6,False
27035,Brainerd,Crow Wing,MN,Minnesota,46.4825194054653,-94.0706604090783,2022,68304,365,324,41,0,0,0,0,67,52,37,0,195,170,0,100.0,0,0.0,15.4,COPD,5.2,True
27035,Brainerd,Crow Wing,MN,Minnesota,46.4825194054653,-94.0706604090783,2022,68304,365,324,41,0,0,0,0,67,52,37,0,195,170,0,100.0,0,0.0,15.4,Current Asthma,10.5,True
27037,Rosemount,Dakota,MN,Minnesota,44.6719521040191,-93.0651627248134,2022,447440,365,286,79,0,0,0,0,82,55,34,72,0,293,0,100.0,0,0.0,11.3,COPD,4.0,True
27037,Rosemount,Dakota,MN,Minnesota,44.6719521040191,-93.0651627248134,2022,447440,365,286,79,0,0,0,0,82,55,34,72,0,293,0,100.0,0,0.0,11.3,Current Asthma,9.8,True
27049,Red Wing,Goodhue,MN,Minnesota,44.4096695563143,-92.7228678481718,2022,48035,220,210,10,0,0,0,0,71,47,38,0,220,0,0,60.273972602739725,0,0.0,14.9,COPD,5.1,True
27049,Red Wing,Goodhue,MN,Minnesota,44.4096695563143,-92.7228678481718,2022,48035,220,210,10,0,0,0,0,71,47,38,0,220,0,0,60.273972602739725,0,0.0,14.9,Current Asthma,10.1,True
27053,Minneapolis,Hennepin,MN,Minnesota,45.0046199706646,-93.4766332455537,2022,1258713,365,244,121,0,0,0,0,96,62,42,11,79,255,20,100.0,0,0.0,11.1,COPD,4.0,True
27053,Minneapolis,Hennepin,MN,Minnesota,45.0046199706646,-93.4766332455537,2022,1258713,365,244,121,0,0,0,0,96,62,42,11,79,255,20,100.0,0,0.0,11.1,Current Asthma,9.6,True
27075,Silver Bay,Lake,MN,Minnesota,47.6408235702132,-91.4460488116361,2022,10855,357,342,15,0,0,0,0,78,44,31,0,206,151,0,97.80821917808218,0,0.0,15.6,COPD,5.4,True
27075,Silver Bay,Lake,MN,Minnesota,47.6408235702132,-91.4460488116361,2022,10855,357,342,15,0,0,0,0,78,44,31,0,206,151,0,97.80821917808218,0,0.0,15.6,Current Asthma,10.1,True
27083,Marshall,Lyon,MN,Minnesota,44.4133857172343,-95.8390816477245,2022,25427,356,303,51,0,2,0,0,172,54,38,0,180,176,0,97.53424657534246,2,0.5617977528089888,15.2,COPD,5.3,True
27083,Marshall,Lyon,MN,Minnesota,44.4133857172343,-95.8390816477245,2022,25427,356,303,51,0,2,0,0,172,54,38,0,180,176,0,97.53424657534246,2,0.5617977528089888,15.2,Current Asthma,10.1,True
27109,Rochester,Olmsted,MN,Minnesota,44.00382802527,-92.4018922941946,2022,164784,359,280,78,1,0,0,0,110,58,41,0,133,226,0,98.35616438356163,1,0.2785515320334262,11.4,COPD,4.2,True
27109,Rochester,Olmsted,MN,Minnesota,44.00382802527,-92.4018922941946,2022,164784,359,280,78,1,0,0,0,110,58,41,0,133,226,0,98.35616438356163,1,0.2785515320334262,11.4,Current Asthma,9.8,True
27123,St. Paul,Ramsey,MN,Minnesota,45.0173290838967,-93.0995862796907,2022,536075,365,267,98,0,0,0,0,85,57,36,0,0,321,44,100.0,0,0.0,12.8,COPD,4.8,True
27123,St. Paul,Ramsey,MN,Minnesota,45.0173290838967,-93.0995862796907,2022,536075,365,267,98,0,0,0,0,85,57,36,0,0,321,44,100.0,0,0.0,12.8,Current Asthma,10.1,True
27139,Shakopee,Scott,MN,Minnesota,44.648473755763,-93.5357741352851,2022,155814,365,282,83,0,0,0,0,89,57,42,0,205,160,0,100.0,0,0.0,11.9,COPD,4.0,True
27139,Shakopee,Scott,MN,Minnesota,44.648473755763,-93.5357741352851,2022,155814,365,282,83,0,0,0,0,89,57,42,0,205,160,0,100.0,0,0.0,11.9,Current Asthma,9.5,True
27145,St. Cloud,Stearns,MN,Minnesota,45.5522658196664,-94.6136347770547,2022,160977,277,204,73,0,0,0,0,78,58,39,0,102,175,0,75.89041095890411,0,0.0,15.1,COPD,5.4,True
27145,St. Cloud,Stearns,MN,Minnesota,45.5522658196664,-94.6136347770547,2022,160977,277,204,73,0,0,0,0,78,58,39,0,102,175,0,75.89041095890411,0,0.0,15.1,Current Asthma,10.3,True
27163,St. Paul Park,Washington,MN,Minnesota,45.0391448489101,-92.883874636156,2022,278936,227,212,15,0,0,0,0,90,48,36,0,227,0,0,62.19178082191781,0,0.0,10.9,COPD,3.8,True
27163,St. Paul Park,Washington,MN,Minnesota,45.0391448489101,-92.883874636156,2022,278936,227,212,15,0,0,0,0,90,48,36,0,227,0,0,62.19178082191781,0,0.0,10.9,Current Asthma,9.3,True
27171,Monticello,Wright,MN,Minnesota,45.1740837983303,-93.9630860406499,2022,151150,356,278,78,0,0,0,0,90,56,41,0,181,175,0,97.53424657534246,0,0.0,12.5,COPD,4.4,True
27171,Monticello,Wright,MN,Minnesota,45.1740837983303,-93.9630860406499,2022,151150,356,278,78,0,0,0,0,90,56,41,0,181,175,0,97.53424657534246,0,0.0,12.5,Current Asthma,10.0,True
28011,Cleveland,Bolivar,MS,Mississippi,33.7970211269525,-90.8805163159369,2022,28968,365,234,131,0,0,0,0,93,61,44,0,87,278,0,100.0,0,0.0,20.4,COPD,9.4,True
28011,Cleveland,Bolivar,MS,Mississippi,33.7970211269525,-90.8805163159369,2022,28968,365,234,131,0,0,0,0,93,61,44,0,87,278,0,100.0,0,0.0,20.4,Current Asthma,11.2,True
28033,Hernando,DeSoto,MS,Mississippi,34.8754384568601,-89.9911841534087,2022,193247,365,211,148,6,0,0,0,133,63,48,0,86,279,0,100.0,6,1.643835616438356,13.8,COPD,5.8,True
28033,Hernando,DeSoto,MS,Mississippi,34.8754384568601,-89.9911841534087,2022,193247,365,211,148,6,0,0,0,133,63,48,0,86,279,0,100.0,6,1.643835616438356,13.8,Current Asthma,9.6,True
28035,Hattiesburg,Forrest,MS,Mississippi,31.1889394568747,-89.2578760599532,2022,78208,365,178,186,1,0,0,0,105,64,51,0,0,365,0,100.0,1,0.273972602739726,16.6,COPD,7.5,True
28035,Hattiesburg,Forrest,MS,Mississippi,31.1889394568747,-89.2578760599532,2022,78208,365,178,186,1,0,0,0,105,64,51,0,0,365,0,100.0,1,0.273972602739726,16.6,Current Asthma,10.0,True
28045,Waveland,Hancock,MS,Mississippi,30.4158062648013,-89.4885165898975,2022,46159,359,238,121,0,0,0,0,89,58,44,0,86,273,0,98.35616438356163,0,0.0,16.0,COPD,6.9,True
28045,Waveland,Hancock,MS,Mississippi,30.4158062648013,-89.4885165898975,2022,46159,359,238,121,0,0,0,0,89,58,44,0,86,273,0,98.35616438356163,0,0.0,16.0,Current Asthma,9.4,True
28047,Gulfport,Harrison,MS,Mississippi,30.5042780063233,-89.1114155491736,2022,210612,365,211,154,0,0,0,0,100,62,46,0,86,279,0,100.0,0,0.0,16.5,COPD,7.0,True
28047,Gulfport,Harrison,MS,Mississippi,30.5042780063233,-89.1114155491736,2022,210612,365,211,154,0,0,0,0,100,62,46,0,86,279,0,100.0,0,0.0,16.5,Current Asthma,9.7,True
28049,Jackson,Hinds,MS,Mississippi,32.2664742457034,-90.4426741235189,2022,214870,365,168,195,2,0,0,0,105,65,52,0,72,293,0,100.0,2,0.547945205479452,16.5,COPD,7.0,True
28049,Jackson,Hinds,MS,Mississippi,32.2664742457034,-90.4426741235189,2022,214870,365,168,195,2,0,0,0,105,65,52,0,72,293,0,100.0,2,0.547945205479452,16.5,Current Asthma,10.6,True
28059,Pascagoula,Jackson,MS,Mississippi,30.5346826794064,-88.6353343692766,2022,146389,365,243,121,1,0,0,0,101,60,44,1,125,239,0,100.0,1,0.273972602739726,15.5,COPD,6.7,True
28059,Pascagoula,Jackson,MS,Mississippi,30.5346826794064,-88.6353343692766,2022,146389,365,243,121,1,0,0,0,101,60,44,1,125,239,0,100.0,1,0.273972602739726,15.5,Current Asthma,9.5,True
28075,Meridian,Lauderdale,MS,Mississippi,32.4042972809531,-88.6624847523021,2022,70527,240,230,10,0,0,0,0,77,47,36,0,240,0,0,65.75342465753424,0,0.0,19.0,COPD,8.2,True
28075,Meridian,Lauderdale,MS,Mississippi,32.4042972809531,-88.6624847523021,2022,70527,240,230,10,0,0,0,0,77,47,36,0,240,0,0,65.75342465753424,0,0.0,19.0,Current Asthma,10.4,True
28081,Tupelo,Lee,MS,Mississippi,34.2898902056682,-88.6803890983401,2022,82799,244,225,19,0,0,0,0,100,49,40,0,244,0,0,66.84931506849315,0,0.0,15.5,COPD,6.6,True
28081,Tupelo,Lee,MS,Mississippi,34.2898902056682,-88.6803890983401,2022,82799,244,225,19,0,0,0,0,100,49,40,0,244,0,0,66.84931506849315,0,0.0,15.5,Current Asthma,9.8,True
29019,Columbia,Boone,MO,Missouri,38.9911551381179,-92.3097468744256,2022,189463,245,235,10,0,0,0,0,67,48,38,0,245,0,0,67.12328767123287,0,0.0,13.5,COPD,6.3,True
29019,Columbia,Boone,MO,Missouri,38.9911551381179,-92.3097468744256,2022,189463,245,235,10,0,0,0,0,67,48,38,0,245,0,0,67.12328767123287,0,0.0,13.5,Current Asthma,10.3,True
29021,St. Joseph,Buchanan,MO,Missouri,39.6597323205238,-94.8058879359466,2022,82956,365,237,126,2,0,0,0,106,58,42,0,0,301,64,100.0,2,0.547945205479452,19.1,COPD,8.2,True
29021,St. Joseph,Buchanan,MO,Missouri,39.6597323205238,-94.8058879359466,2022,82956,365,237,126,2,0,0,0,106,58,42,0,0,301,64,100.0,2,0.547945205479452,19.1,Current Asthma,10.9,True
29027,Fulton,Callaway,MO,Missouri,38.8352368273699,-91.925954260118,2022,44731,244,222,22,0,0,0,0,74,50,40,0,244,0,0,66.84931506849315,0,0.0,17.2,COPD,7.3,True
29027,Fulton,Callaway,MO,Missouri,38.8352368273699,-91.925954260118,2022,44731,244,222,22,0,0,0,0,74,50,40,0,244,0,0,66.84931506849315,0,0.0,17.2,Current Asthma,10.6,True
29037,Kansas City,Cass,MO,Missouri,38.6468597485466,-94.3549892185176,2022,111732,360,287,73,0,0,0,0,88,56,40,0,190,170,0,98.63013698630137,0,0.0,15.1,COPD,6.2,True
29037,Kansas City,Cass,MO,Missouri,38.6468597485466,-94.3549892185176,2022,111732,360,287,73,0,0,0,0,88,56,40,0,190,170,0,98.63013698630137,0,0.0,15.1,Current Asthma,10.2,True
29047,Kansas City,Clay,MO,Missouri,39.3107773132823,-94.4210331336803,2022,259772,365,286,75,4,0,0,0,112,61,41,0,213,152,0,100.0,4,1.095890410958904,14.1,COPD,5.8,True
29047,Kansas City,Clay,MO,Missouri,39.3107773132823,-94.4210331336803,2022,259772,365,286,75,4,0,0,0,112,61,41,0,213,152,0,100.0,4,1.095890410958904,14.1,Current Asthma,10.3,True
29049,Trimble,Clinton,MO,Missouri,39.601729021222,-94.4046286545338,2022,21548,245,211,33,1,0,0,0,101,58,41,0,245,0,0,67.12328767123287,1,0.40816326530612246,17.1,COPD,7.1,True
29049,Trimble,Clinton,MO,Missouri,39.601729021222,-94.4046286545338,2022,21548,245,211,33,1,0,0,0,101,58,41,0,245,0,0,67.12328767123287,1,0.40816326530612246,17.1,Current Asthma,10.5,True
29077,Springfield,Greene,MO,Missouri,37.2580255788825,-93.3419574712043,2022,304611,365,202,163,0,0,0,0,100,64,49,0,119,246,0,100.0,0,0.0,16.4,COPD,7.3,True
29077,Springfield,Greene,MO,Missouri,37.2580255788825,-93.3419574712043,2022,304611,365,202,163,0,0,0,0,100,64,49,0,119,246,0,100.0,0,0.0,16.4,Current Asthma,10.8,True
29095,Kansas City,Jackson,MO,Missouri,39.0085044688744,-94.3462755300452,2022,718560,365,160,205,0,0,0,0,93,63,52,9,0,326,30,100.0,0,0.0,16.0,COPD,6.7,True
29095,Kansas City,Jackson,MO,Missouri,39.0085044688744,-94.3462755300452,2022,718560,365,160,205,0,0,0,0,93,63,52,9,0,326,30,100.0,0,0.0,16.0,Current Asthma,10.5,True
29097,Joplin,Jasper,MO,Missouri,37.2035579992046,-94.3405683255221,2022,125056,363,283,79,1,0,0,0,108,68,41,0,206,0,157,99.45205479452055,1,0.27548209366391185,19.0,COPD,8.4,True
29097,Joplin,Jasper,MO,Missouri,37.2035579992046,-94.3405683255221,2022,125056,363,283,79,1,0,0,0,108,68,41,0,206,0,157,99.45205479452055,1,0.27548209366391185,19.0,Current Asthma,10.8,True
29099,Herculaneum,Jefferson,MO,Missouri,38.2609550920891,-90.5375806514016,2022,231230,360,236,121,3,0,0,0,108,65,44,0,151,185,24,98.63013698630137,3,0.8333333333333334,16.3,COPD,6.8,True
29099,Herculaneum,Jefferson,MO,Missouri,38.2609550920891,-90.5375806514016,2022,231230,360,236,121,3,0,0,0,108,65,44,0,151,185,24,98.63013698630137,3,0.8333333333333334,16.3,Current Asthma,10.5,True
29113,Foley,Lincoln,MO,Missouri,39.0579189378676,-90.9596887907671,2022,64699,245,214,30,1,0,0,0,112,54,41,0,245,0,0,67.12328767123287,1,0.40816326530612246,17.5,COPD,7.1,True
29113,Foley,Lincoln,MO,Missouri,39.0579189378676,-90.9596887907671,2022,64699,245,214,30,1,0,0,0,112,54,41,0,245,0,0,67.12328767123287,1,0.40816326530612246,17.5,Current Asthma,10.6,True
30013,Great Falls,Cascade,MT,Montana,47.3082216376503,-111.347179329406,2022,84900,359,323,34,2,0,0,0,128,51,23,0,0,359,0,98.35616438356163,2,0.5571030640668524,15.1,COPD,6.5,True
30013,Great Falls,Cascade,MT,Montana,47.3082216376503,-111.347179329406,2022,84900,359,323,34,2,0,0,0,128,51,23,0,0,359,0,98.35616438356163,2,0.5571030640668524,15.1,Current Asthma,12.4,True
30017,Miles City,Custer,MT,Montana,46.2526825162411,-105.571832087219,2022,11985,364,318,46,0,0,0,0,80,52,40,3,269,89,3,99.72602739726028,0,0.0,14.8,COPD,6.2,False
30017,Miles City,Custer,MT,Montana,46.2526825162411,-105.571832087219,2022,11985,364,318,46,0,0,0,0,80,52,40,3,269,89,3,99.72602739726028,0,0.0,14.8,Current Asthma,11.2,False
30027,Lewistown,Fergus,MT,Montana,47.2632833231955,-109.224360489992,2022,11772,365,341,22,2,0,0,0,122,49,40,0,323,42,0,100.0,2,0.547945205479452,15.1,COPD,6.5,True
30027,Lewistown,Fergus,MT,Montana,47.2632833231955,-109.224360489992,2022,11772,365,341,22,2,0,0,0,122,49,40,0,323,42,0,100.0,2,0.547945205479452,15.1,Current Asthma,11.3,True
30029,Kalispell,Flathead,MT,Montana,48.2950545655515,-114.049221286794,2022,113679,365,249,113,2,1,0,0,152,64,41,0,149,187,29,100.0,3,0.821917808219178,12.9,COPD,5.7,True
30029,Kalispell,Flathead,MT,Montana,48.2950545655515,-114.049221286794,2022,113679,365,249,113,2,1,0,0,152,64,41,0,149,187,29,100.0,3,0.821917808219178,12.9,Current Asthma,10.8,True
30031,Bozeman,Gallatin,MT,Montana,45.5418628228387,-111.170409745643,2022,126409,365,290,71,4,0,0,0,148,58,32,2,0,363,0,100.0,4,1.095890410958904,10.4,COPD,4.8,True
30031,Bozeman,Gallatin,MT,Montana,45.5418628228387,-111.170409745643,2022,126409,365,290,71,4,0,0,0,148,58,32,2,0,363,0,100.0,4,1.095890410958904,10.4,Current Asthma,10.7,True
30049,East Helena,Lewis and Clark,MT,Montana,47.1224620354911,-112.390254008373,2022,75011,365,239,119,4,3,0,0,167,63,45,0,167,198,0,100.0,7,1.9178082191780823,12.2,COPD,5.2,True
30049,East Helena,Lewis and Clark,MT,Montana,47.1224620354911,-112.390254008373,2022,75011,365,239,119,4,3,0,0,167,63,45,0,167,198,0,100.0,7,1.9178082191780823,12.2,Current Asthma,11.3,True
30053,Libby,Lincoln,MT,Montana,48.5424332413472,-115.40494946006,2022,21895,365,184,175,4,2,0,0,174,77,49,0,0,362,3,100.0,6,1.643835616438356,17.4,COPD,7.6,True
30053,Libby,Lincoln,MT,Montana,48.5424332413472,-115.40494946006,2022,21895,365,184,175,4,2,0,0,174,77,49,0,0,362,3,100.0,6,1.643835616438356,17.4,Current Asthma,11.8,True
30063,Missoula,Missoula,MT,Montana,47.0365296184617,-113.923598949426,2022,121849,365,149,201,11,4,0,0,190,81,54,0,87,278,0,100.0,15,4.10958904109589,12.1,COPD,5.2,False
30063,Missoula,Missoula,MT,Montana,47.0365296184617,-113.923598949426,2022,121849,365,149,201,11,4,0,0,190,81,54,0,87,278,0,100.0,15,4.10958904109589,12.1,Current Asthma,10.8,False
30081,Hamilton,Ravalli,MT,Montana,46.0815641954315,-114.120708621033,2022,47738,363,287,64,2,8,2,0,263,64,27,0,0,363,0,99.45205479452055,12,3.3057851239669422,13.2,COPD,5.6,False
30081,Hamilton,Ravalli,MT,Montana,46.0815641954315,-114.120708621033,2022,47738,363,287,64,2,8,2,0,263,64,27,0,0,363,0,99.45205479452055,12,3.3057851239669422,13.2,Current Asthma,10.7,False
30083,Sidney,Richland,MT,Montana,47.7879142999994,-104.561462330904,2022,11173,361,322,39,0,0,0,0,79,51,39,0,274,85,2,98.9041095890411,0,0.0,13.8,COPD,5.5,True
30083,Sidney,Richland,MT,Montana,47.7879142999994,-104.561462330904,2022,11173,361,322,39,0,0,0,0,79,51,39,0,274,85,2,98.9041095890411,0,0.0,13.8,Current Asthma,10.8,True
30089,Thompson Falls,Sanders,MT,Montana,47.67485749039,-115.133410637731,2022,13684,365,266,94,2,3,0,0,188,59,36,0,0,344,21,100.0,5,1.36986301369863,17.5,COPD,7.5,True
30089,Thompson Falls,Sanders,MT,Montana,47.67485749039,-115.133410637731,2022,13684,365,266,94,2,3,0,0,188,59,36,0,0,344,21,100.0,5,1.36986301369863,17.5,Current Asthma,11.4,True
30093,Butte-Silver Bow (Remainder),Silver Bow,MT,Montana,45.9025877326707,-112.656578039706,2022,36360,365,268,87,8,2,0,0,162,67,27,0,0,298,67,100.0,10,2.73972602739726,14.8,COPD,6.6,True
30093,Butte-Silver Bow (Remainder),Silver Bow,MT,Montana,45.9025877326707,-112.656578039706,2022,36360,365,268,87,8,2,0,0,162,67,27,0,0,298,67,100.0,10,2.73972602739726,14.8,Current Asthma,11.2,True
30111,Billings,Yellowstone,MT,Montana,45.9376630248443,-108.27428208867,2022,170843,365,307,56,1,1,0,0,155,54,32,0,0,365,0,100.0,2,0.547945205479452,14.2,COPD,5.6,True
30111,Billings,Yellowstone,MT,Montana,45.9376630248443,-108.27428208867,2022,170843,365,307,56,1,1,0,0,155,54,32,0,0,365,0,100.0,2,0.547945205479452,14.2,Current Asthma,10.8,True
31055,Omaha,Douglas,NE,Nebraska,41.2954415594743,-96.1549052296409,2022,589540,365,278,86,1,0,0,0,108,57,41,0,238,118,9,100.0,1,0.273972602739726,13.5,COPD,5.2,True
31055,Omaha,Douglas,NE,Nebraska,41.2954415594743,-96.1549052296409,2022,589540,365,278,86,1,0,0,0,108,57,41,0,238,118,9,100.0,1,0.273972602739726,13.5,Current Asthma,8.7,True
31067,Beatrice,Gage,NE,Nebraska,40.2618261049552,-96.6894103367667,2022,21634,278,252,26,0,0,0,0,81,49,23,0,0,278,0,76.16438356164383,0,0.0,16.2,COPD,6.4,False
31067,Beatrice,Gage,NE,Nebraska,40.2618261049552,-96.6894103367667,2022,21634,278,252,26,0,0,0,0,81,49,23,0,0,278,0,76.16438356164383,0,0.0,16.2,Current Asthma,9.6,False
31079,Grand Island,Hall,NE,Nebraska,40.872610586457,-98.5021800441463,2022,62197,350,301,49,0,0,0,0,84,53,27,0,0,350,0,95.8904109589041,0,0.0,14.7,COPD,6.1,False
31079,Grand Island,Hall,NE,Nebraska,40.872610586457,-98.5021800441463,2022,62197,350,301,49,0,0,0,0,84,53,27,0,0,350,0,95.8904109589041,0,0.0,14.7,Current Asthma,8.8,False
31109,Lincoln,Lancaster,NE,Nebraska,40.7841315891731,-96.6877342192377,2022,326716,277,258,19,0,0,0,0,64,47,37,0,209,68,0,75.89041095890411,0,0.0,12.6,COPD,5.3,True
31109,Lincoln,Lancaster,NE,Nebraska,40.7841315891731,-96.6877342192377,2022,326716,277,258,19,0,0,0,0,64,47,37,0,209,68,0,75.89041095890411,0,0.0,12.6,Current Asthma,9.2,True
31153,Bellevue,Sarpy,NE,Nebraska,41.1130904010973,-96.1117019228892,2022,199886,331,269,62,0,0,0,0,94,55,32,0,0,331,0,90.68493150684932,0,0.0,11.0,COPD,4.4,True
31153,Bellevue,Sarpy,NE,Nebraska,41.1130904010973,-96.1117019228892,2022,199886,331,269,62,0,0,0,0,94,55,32,0,0,331,0,90.68493150684932,0,0.0,11.0,Current Asthma,8.6,True
32510,Carson City,Carson City,NV,Nevada,39.1512170685108,-119.747365240119,2022,58036,364,290,65,5,2,2,0,227,58,44,0,290,74,0,99.72602739726028,9,2.4725274725274726,14.7,COPD,6.4,True
32510,Carson City,Carson City,NV,Nevada,39.1512170685108,-119.747365240119,2022,58036,364,290,65,5,2,2,0,227,58,44,0,290,74,0,99.72602739726028,9,2.4725274725274726,14.7,Current Asthma,10.5,True
32001,Fallon,Churchill,NV,Nevada,39.5807698508947,-118.335881546455,2022,25803,349,330,19,0,0,0,0,100,47,39,0,349,0,0,95.61643835616438,0,0.0,16.4,COPD,6.9,True
32001,Fallon,Churchill,NV,Nevada,39.5807698508947,-118.335881546455,2022,25803,349,330,19,0,0,0,0,100,47,39,0,349,0,0,95.61643835616438,0,0.0,16.4,Current Asthma,11.3,True
32005,Stateline,Douglas,NV,Nevada,38.9122785452806,-119.616132682878,2022,49545,356,295,55,1,5,0,0,195,57,20,0,0,356,0,97.53424657534246,6,1.6853932584269662,12.6,COPD,5.5,False
32005,Stateline,Douglas,NV,Nevada,38.9122785452806,-119.616132682878,2022,49545,356,295,55,1,5,0,0,195,57,20,0,0,356,0,97.53424657534246,6,1.6853932584269662,12.6,Current Asthma,10.3,False
32007,Elko,Elko,NV,Nevada,41.146014947299,-115.357816697339,2022,54293,365,321,42,2,0,0,0,149,51,38,0,159,10,196,100.0,2,0.547945205479452,16.9,COPD,6.9,False
32007,Elko,Elko,NV,Nevada,41.146014947299,-115.357816697339,2022,54293,365,321,42,2,0,0,0,149,51,38,0,159,10,196,100.0,2,0.547945205479452,16.9,Current Asthma,10.6,False
32019,Churchill,Lyon,NV,Nevada,39.0199185877151,-119.188399256538,2022,62583,355,329,25,1,0,0,0,105,49,39,0,355,0,0,97.26027397260275,1,0.28169014084507044,16.0,COPD,6.8,True
32019,Churchill,Lyon,NV,Nevada,39.0199185877151,-119.188399256538,2022,62583,355,329,25,1,0,0,0,105,49,39,0,355,0,0,97.26027397260275,1,0.28169014084507044,16.0,Current Asthma,10.9,True
32023,Pahrump,Nye,NV,Nevada,38.0419684455387,-116.471809599714,2022,55720,358,306,41,6,4,1,0,294,57,22,0,0,0,358,98.08219178082192,11,3.072625698324022,18.6,COPD,7.8,False
32023,Pahrump,Nye,NV,Nevada,38.0419684455387,-116.471809599714,2022,55720,358,306,41,6,4,1,0,294,57,22,0,0,0,358,98.08219178082192,11,3.072625698324022,18.6,Current Asthma,11.4,False
32031,Reno,Washoe,NV,Nevada,40.665709227723,-119.664334839723,2022,498022,365,180,176,1,4,4,0,259,74,51,1,218,140,6,100.0,9,2.4657534246575343,12.8,COPD,5.8,False
32031,Reno,Washoe,NV,Nevada,40.665709227723,-119.664334839723,2022,498022,365,180,176,1,4,4,0,259,74,51,1,218,140,6,100.0,9,2.4657534246575343,12.8,Current Asthma,10.4,False
32033,Lehman Caves National Monument,White Pine,NV,Nevada,39.4423250003683,-114.901647765037,2022,8522,346,287,59,0,0,0,0,87,54,44,0,333,13,0,94.79452054794521,0,0.0,17.8,COPD,7.4,True
32033,Lehman Caves National Monument,White Pine,NV,Nevada,39.4423250003683,-114.901647765037,2022,8522,346,287,59,0,0,0,0,87,54,44,0,333,13,0,94.79452054794521,0,0.0,17.8,Current Asthma,10.8,True
33001,Laconia,Belknap,NH,New Hampshire,43.5177681072851,-71.4222926773562,2022,65027,358,339,19,0,0,0,0,68,46,32,0,182,176,0,98.08219178082192,0,0.0,12.4,COPD,5.7,True
33001,Laconia,Belknap,NH,New Hampshire,43.5177681072851,-71.4222926773562,2022,65027,358,339,19,0,0,0,0,68,46,32,0,182,176,0,98.08219178082192,0,0.0,12.4,Current Asthma,10.4,True
33005,Keene,Cheshire,NH,New Hampshire,42.9195243861635,-72.2512079776632,2022,77703,365,304,61,0,0,0,0,84,55,37,0,230,135,0,100.0,0,0.0,12.4,COPD,5.7,True
33005,Keene,Cheshire,NH,New Hampshire,42.9195243861635,-72.2512079776632,2022,77703,365,304,61,0,0,0,0,84,55,37,0,230,135,0,100.0,0,0.0,12.4,Current Asthma,10.7,True
33007,Berlin,Coos,NH,New Hampshire,44.6896253528257,-71.305690701747,2022,31372,359,350,9,0,0,0,0,64,46,40,0,354,5,0,98.35616438356163,0,0.0,15.6,COPD,7.1,True
33007,Berlin,Coos,NH,New Hampshire,44.6896253528257,-71.305690701747,2022,31372,359,350,9,0,0,0,0,64,46,40,0,354,5,0,98.35616438356163,0,0.0,15.6,Current Asthma,11.6,True
33009,Lebanon,Grafton,NH,New Hampshire,43.9406928660321,-71.8207067350232,2022,93146,365,330,35,0,0,0,0,84,50,36,0,220,145,0,100.0,0,0.0,11.4,COPD,5.3,True
33009,Lebanon,Grafton,NH,New Hampshire,43.9406928660321,-71.8207067350232,2022,93146,365,330,35,0,0,0,0,84,50,36,0,220,145,0,100.0,0,0.0,11.4,Current Asthma,10.5,True
33011,Manchester,Hillsborough,NH,New Hampshire,42.9152741767087,-71.716084725208,2022,427354,365,329,36,0,0,0,0,100,50,39,0,337,26,0,100.0,0,0.0,10.7,COPD,4.9,True
33011,Manchester,Hillsborough,NH,New Hampshire,42.9152741767087,-71.716084725208,2022,427354,365,329,36,0,0,0,0,100,50,39,0,337,26,0,100.0,0,0.0,10.7,Current Asthma,10.6,True
33013,Concord,Merrimack,NH,New Hampshire,43.2974200794991,-71.6802740843707,2022,157103,212,205,7,0,0,0,0,84,46,36,0,212,0,0,58.082191780821915,0,0.0,10.9,COPD,5.3,True
33013,Concord,Merrimack,NH,New Hampshire,43.2974200794991,-71.6802740843707,2022,157103,212,205,7,0,0,0,0,84,46,36,0,212,0,0,58.082191780821915,0,0.0,10.9,Current Asthma,11.0,True
33015,Portsmouth,Rockingham,NH,New Hampshire,42.9875838743513,-71.1255643133012,2022,320689,365,292,71,2,0,0,0,122,55,40,0,232,133,0,100.0,2,0.547945205479452,9.9,COPD,4.6,True
33015,Portsmouth,Rockingham,NH,New Hampshire,42.9875838743513,-71.1255643133012,2022,320689,365,292,71,2,0,0,0,122,55,40,0,232,133,0,100.0,2,0.547945205479452,9.9,Current Asthma,10.1,True
34001,Atlantic City,Atlantic,NJ,New Jersey,39.4779411555213,-74.6614046747052,2022,275213,365,316,48,0,1,0,0,185,52,36,0,193,172,0,100.0,1,0.273972602739726,13.2,COPD,5.3,False
34001,Atlantic City,Atlantic,NJ,New Jersey,39.4779411555213,-74.6614046747052,2022,275213,365,316,48,0,1,0,0,185,52,36,0,193,172,0,100.0,1,0.273972602739726,13.2,Current Asthma,9.5,False
34003,Fort Lee,Bergen,NJ,New Jersey,40.959794755106,-74.0742715882702,2022,957736,365,259,106,0,0,0,0,90,60,42,61,142,162,0,100.0,0,0.0,8.4,COPD,3.6,False
34003,Fort Lee,Bergen,NJ,New Jersey,40.959794755106,-74.0742715882702,2022,957736,365,259,106,0,0,0,0,90,60,42,61,142,162,0,100.0,0,0.0,8.4,Current Asthma,8.0,False
34007,Camden,Camden,NJ,New Jersey,39.8036787801213,-74.9594885995399,2022,527196,365,197,167,1,0,0,0,108,63,48,4,120,241,0,100.0,1,0.273972602739726,13.1,COPD,5.0,False
34007,Camden,Camden,NJ,New Jersey,39.8036787801213,-74.9594885995399,2022,527196,365,197,167,1,0,0,0,108,63,48,4,120,241,0,100.0,1,0.273972602739726,13.1,Current Asthma,9.7,False
34011,Bridgeton,Cumberland,NJ,New Jersey,39.3732890063349,-75.1109810247216,2022,152326,362,308,54,0,0,0,0,84,53,38,5,239,118,0,99.17808219178083,0,0.0,16.6,COPD,6.6,False
34011,Bridgeton,Cumberland,NJ,New Jersey,39.3732890063349,-75.1109810247216,2022,152326,362,308,54,0,0,0,0,84,53,38,5,239,118,0,99.17808219178083,0,0.0,16.6,Current Asthma,9.7,False
34013,Newark,Essex,NJ,New Jersey,40.7873099971697,-74.2472201241648,2022,851117,269,177,92,0,0,0,0,97,61,44,32,109,127,0,73.6986301369863,0,0.0,12.3,COPD,5.1,False
34013,Newark,Essex,NJ,New Jersey,40.7873099971697,-74.2472201241648,2022,851117,269,177,92,0,0,0,0,97,61,44,32,109,127,0,73.6986301369863,0,0.0,12.3,Current Asthma,9.8,False
34015,Paulsboro,Gloucester,NJ,New Jersey,39.7171717201275,-75.1406938541165,2022,308423,288,217,68,3,0,0,0,126,61,42,0,231,57,0,78.9041095890411,3,1.0416666666666665,12.1,COPD,4.7,False
34015,Paulsboro,Gloucester,NJ,New Jersey,39.7171717201275,-75.1406938541165,2022,308423,288,217,68,3,0,0,0,126,61,42,0,231,57,0,78.9041095890411,3,1.0416666666666665,12.1,Current Asthma,9.8,False
34017,Jersey City,Hudson,NJ,New Jersey,40.7357102732875,-74.0775216353661,2022,705472,365,232,131,2,0,0,0,115,62,44,40,116,207,0,100.0,2,0.547945205479452,10.4,COPD,4.2,False
34017,Jersey City,Hudson,NJ,New Jersey,40.7357102732875,-74.0775216353661,2022,705472,365,232,131,2,0,0,0,115,62,44,40,116,207,0,100.0,2,0.547945205479452,10.4,Current Asthma,8.4,False
34019,Flemington,Hunterdon,NJ,New Jersey,40.5676465335377,-74.9124851360962,2022,130183,364,263,101,0,0,0,0,93,60,42,0,197,167,0,99.72602739726028,0,0.0,8.9,COPD,3.8,False
34019,Flemington,Hunterdon,NJ,New Jersey,40.5676465335377,-74.9124851360962,2022,130183,364,263,101,0,0,0,0,93,60,42,0,197,167,0,99.72602739726028,0,0.0,8.9,Current Asthma,8.8,False
34021,Trenton,Mercer,NJ,New Jersey,40.2835018364703,-74.7023323173661,2022,381671,365,227,135,3,0,0,0,119,61,46,0,156,209,0,100.0,3,0.821917808219178,10.7,COPD,4.4,False
34021,Trenton,Mercer,NJ,New Jersey,40.2835018364703,-74.7023323173661,2022,381671,365,227,135,3,0,0,0,119,61,46,0,156,209,0,100.0,3,0.821917808219178,10.7,Current Asthma,8.9,False
34023,Perth Amboy,Middlesex,NJ,New Jersey,40.4395642172698,-74.410830751515,2022,863623,365,261,103,1,0,0,0,101,59,42,10,164,191,0,100.0,1,0.273972602739726,10.1,COPD,3.9,False
34023,Perth Amboy,Middlesex,NJ,New Jersey,40.4395642172698,-74.410830751515,2022,863623,365,261,103,1,0,0,0,101,59,42,10,164,191,0,100.0,1,0.273972602739726,10.1,Current Asthma,8.3,False
34025,Asbury Park,Monmouth,NJ,New Jersey,40.2604596957946,-74.2208638905563,2022,642799,248,226,20,1,1,0,0,161,49,38,0,248,0,0,67.94520547945206,2,0.8064516129032258,9.8,COPD,4.0,False
34025,Asbury Park,Monmouth,NJ,New Jersey,40.2604596957946,-74.2208638905563,2022,642799,248,226,20,1,1,0,0,161,49,38,0,248,0,0,67.94520547945206,2,0.8064516129032258,9.8,Current Asthma,8.9,False
34027,Morristown,Morris,NJ,New Jersey,40.8621583671024,-74.5446997444167,2022,514423,360,320,40,0,0,0,0,84,52,36,6,326,28,0,98.63013698630137,0,0.0,8.5,COPD,3.5,False
34027,Morristown,Morris,NJ,New Jersey,40.8621583671024,-74.5446997444167,2022,514423,360,320,40,0,0,0,0,84,52,36,6,326,28,0,98.63013698630137,0,0.0,8.5,Current Asthma,8.4,False
34029,Toms River,Ocean,NJ,New Jersey,39.8853077787669,-74.2813321071752,2022,659197,358,287,68,3,0,0,0,105,58,40,0,195,163,0,98.08219178082192,3,0.8379888268156425,14.0,COPD,5.3,False
34029,Toms River,Ocean,NJ,New Jersey,39.8853077787669,-74.2813321071752,2022,659197,358,287,68,3,0,0,0,105,58,40,0,195,163,0,98.08219178082192,3,0.8379888268156425,14.0,Current Asthma,9.4,False
34031,Paterson,Passaic,NJ,New Jersey,41.0345539972896,-74.300886244069,2022,513395,304,251,53,0,0,0,0,90,54,38,0,186,118,0,83.28767123287672,0,0.0,12.5,COPD,5.2,False
34031,Paterson,Passaic,NJ,New Jersey,41.0345539972896,-74.300886244069,2022,513395,304,251,53,0,0,0,0,90,54,38,0,186,118,0,83.28767123287672,0,0.0,12.5,Current Asthma,8.9,False
34039,Elizabeth,Union,NJ,New Jersey,40.6599800636579,-74.3081933378035,2022,572726,365,191,174,0,0,0,0,82,65,49,29,0,336,0,100.0,0,0.0,11.3,COPD,4.5,False
34039,Elizabeth,Union,NJ,New Jersey,40.6599800636579,-74.3081933378035,2022,572726,365,191,174,0,0,0,0,82,65,49,29,0,336,0,100.0,0,0.0,11.3,Current Asthma,9.0,False
34041,Phillipsburg,Warren,NJ,New Jersey,40.8572932808304,-74.9973900793085,2022,111252,363,241,122,0,0,0,0,86,60,43,24,100,239,0,99.45205479452055,0,0.0,11.7,COPD,4.7,False
34041,Phillipsburg,Warren,NJ,New Jersey,40.8572932808304,-74.9973900793085,2022,111252,363,241,122,0,0,0,0,86,60,43,24,100,239,0,99.45205479452055,0,0.0,11.7,Current Asthma,9.3,False
35025,Hobbs,Lea,NM,New Mexico,32.7921657831422,-103.41236291919,2022,72101,365,237,123,5,0,0,0,126,74,44,2,259,104,0,100.0,5,1.36986301369863,15.1,COPD,6.3,True
35025,Hobbs,Lea,NM,New Mexico,32.7921657831422,-103.41236291919,2022,72101,365,237,123,5,0,0,0,126,74,44,2,259,104,0,100.0,5,1.36986301369863,15.1,Current Asthma,9.5,True
35039,Espanola,Rio Arriba,NM,New Mexico,36.5094888401674,-106.692981140881,2022,39876,331,304,26,1,0,0,0,105,49,40,0,317,14,0,90.68493150684932,1,0.3021148036253776,14.9,COPD,5.5,True
35039,Espanola,Rio Arriba,NM,New Mexico,36.5094888401674,-106.692981140881,2022,39876,331,304,26,1,0,0,0,105,49,40,0,317,14,0,90.68493150684932,1,0.3021148036253776,14.9,Current Asthma,10.1,True
35045,Farmington,San Juan,NM,New Mexico,36.5085003747434,-108.320491882717,2022,120675,365,238,116,9,1,1,0,220,77,45,2,342,0,21,100.0,11,3.0136986301369864,20.5,COPD,8.1,False
35045,Farmington,San Juan,NM,New Mexico,36.5085003747434,-108.320491882717,2022,120675,365,238,116,9,1,1,0,220,77,45,2,342,0,21,100.0,11,3.0136986301369864,20.5,Current Asthma,12.1,False
35043,Rio Rancho Estates,Sandoval,NM,New Mexico,35.6887096281599,-106.86568903587,2022,155936,360,295,64,1,0,0,0,101,67,43,0,360,0,0,98.63013698630137,1,0.2777777777777778,11.4,COPD,4.6,True
35043,Rio Rancho Estates,Sandoval,NM,New Mexico,35.6887096281599,-106.86568903587,2022,155936,360,295,64,1,0,0,0,101,67,43,0,360,0,0,98.63013698630137,1,0.2777777777777778,11.4,Current Asthma,9.7,True
35049,Santa Fe,Santa Fe,NM,New Mexico,35.506900601719,-105.976252740807,2022,155956,365,284,81,0,0,0,0,98,61,44,0,340,25,0,100.0,0,0.0,10.4,COPD,4.5,True
35049,Santa Fe,Santa Fe,NM,New Mexico,35.506900601719,-105.976252740807,2022,155956,365,284,81,0,0,0,0,98,61,44,0,340,25,0,100.0,0,0.0,10.4,Current Asthma,9.2,True
35061,Belen,Valencia,NM,New Mexico,34.715292608863,-106.808801689614,2022,79141,361,317,44,0,0,0,0,93,54,41,0,361,0,0,98.9041095890411,0,0.0,13.7,COPD,5.6,True
35061,Belen,Valencia,NM,New Mexico,34.715292608863,-106.808801689614,2022,79141,361,317,44,0,0,0,0,93,54,41,0,361,0,0,98.9041095890411,0,0.0,13.7,Current Asthma,9.6,True
36001,Albany,Albany,NY,New York,42.6001191055404,-73.9734531065076,2022,316659,365,276,89,0,0,0,0,88,57,40,0,173,192,0,100.0,0,0.0,11.4,COPD,5.2,True
36001,Albany,Albany,NY,New York,42.6001191055404,-73.9734531065076,2022,316659,365,276,89,0,0,0,0,88,57,40,0,173,192,0,100.0,0,0.0,11.4,Current Asthma,10.9,True
36005,New York,Bronx,NY,New York,40.8500845301366,-73.8639682834492,2022,1356476,365,225,139,1,0,0,0,101,61,44,29,132,204,0,100.0,1,0.273972602739726,13.4,COPD,6.4,True
36005,New York,Bronx,NY,New York,40.8500845301366,-73.8639682834492,2022,1356476,365,225,139,1,0,0,0,101,61,44,29,132,204,0,100.0,1,0.273972602739726,13.4,Current Asthma,11.8,True
36013,Jamestown,Chautauqua,NY,New York,42.2279077069084,-79.3664126676391,2022,124891,355,322,29,4,0,0,0,140,50,36,0,330,25,0,97.26027397260275,4,1.1267605633802817,15.5,COPD,7.1,True
36013,Jamestown,Chautauqua,NY,New York,42.2279077069084,-79.3664126676391,2022,124891,355,322,29,4,0,0,0,140,50,36,0,330,25,0,97.26027397260275,4,1.1267605633802817,15.5,Current Asthma,11.3,True
36027,Poughkeepsie,Dutchess,NY,New York,41.7652670782153,-73.7429906726058,2022,297150,341,321,20,0,0,0,0,97,48,35,0,341,0,0,93.42465753424658,0,0.0,11.3,COPD,4.9,True
36027,Poughkeepsie,Dutchess,NY,New York,41.7652670782153,-73.7429906726058,2022,297150,341,321,20,0,0,0,0,97,48,35,0,341,0,0,93.42465753424658,0,0.0,11.3,Current Asthma,10.4,True
36029,Buffalo,Erie,NY,New York,42.7636086362286,-78.7326077187095,2022,946147,365,238,125,2,0,0,0,150,61,44,5,114,245,1,100.0,2,0.547945205479452,12.8,COPD,5.8,True
36029,Buffalo,Erie,NY,New York,42.7636086362286,-78.7326077187095,2022,946147,365,238,125,2,0,0,0,150,61,44,5,114,245,1,100.0,2,0.547945205479452,12.8,Current Asthma,11.6,True
36031,Lake Placid,Essex,NY,New York,44.1171679971398,-73.772554574674,2022,36775,365,342,21,2,0,0,0,115,48,41,0,342,23,0,100.0,2,0.547945205479452,14.0,COPD,6.2,True
36031,Lake Placid,Essex,NY,New York,44.1171679971398,-73.772554574674,2022,36775,365,342,21,2,0,0,0,115,48,41,0,342,23,0,100.0,2,0.547945205479452,14.0,Current Asthma,10.9,True
36045,Carthage,Jefferson,NY,New York,44.0477716521405,-75.9314708754602,2022,114787,360,352,8,0,0,0,0,84,43,32,0,360,0,0,98.63013698630137,0,0.0,14.8,COPD,6.6,True
36045,Carthage,Jefferson,NY,New York,44.0477716521405,-75.9314708754602,2022,114787,360,352,8,0,0,0,0,84,43,32,0,360,0,0,98.63013698630137,0,0.0,14.8,Current Asthma,11.3,True
36047,New York,Kings,NY,New York,40.6395174918373,-73.9387324483995,2022,2561225,364,240,124,0,0,0,0,85,59,43,0,0,364,0,99.72602739726028,0,0.0,12.2,COPD,5.4,True
36047,New York,Kings,NY,New York,40.6395174918373,-73.9387324483995,2022,2561225,364,240,124,0,0,0,0,85,59,43,0,0,364,0,99.72602739726028,0,0.0,12.2,Current Asthma,10.4,True
36055,Rochester,Monroe,NY,New York,43.1467148818856,-77.6959824887076,2022,748482,365,270,93,2,0,0,0,126,58,42,0,159,206,0,100.0,2,0.547945205479452,12.1,COPD,5.4,True
36055,Rochester,Monroe,NY,New York,43.1467148818856,-77.6959824887076,2022,748482,365,270,93,2,0,0,0,126,58,42,0,159,206,0,100.0,2,0.547945205479452,12.1,Current Asthma,11.0,True
36059,Freeport,Nassau,NY,New York,40.7356883467943,-73.586732622053,2022,1381715,361,303,58,0,0,0,0,68,53,29,0,0,361,0,98.9041095890411,0,0.0,8.7,COPD,3.9,True
36059,Freeport,Nassau,NY,New York,40.7356883467943,-73.586732622053,2022,1381715,361,303,58,0,0,0,0,68,53,29,0,0,361,0,98.9041095890411,0,0.0,8.7,Current Asthma,9.6,True
36061,New York,New York,NY,New York,40.7722884387458,-73.9714738348854,2022,1597451,365,234,130,1,0,0,0,105,61,43,0,146,219,0,100.0,1,0.273972602739726,8.5,COPD,4.1,True
36061,New York,New York,NY,New York,40.7722884387458,-73.9714738348854,2022,1597451,365,234,130,1,0,0,0,105,61,43,0,146,219,0,100.0,1,0.273972602739726,8.5,Current Asthma,9.6,True
36063,Niagara Falls,Niagara,NY,New York,43.200002130304,-78.7453321619224,2022,209457,358,339,18,1,0,0,0,133,45,35,0,358,0,0,98.08219178082192,1,0.27932960893854747,14.0,COPD,6.2,True
36063,Niagara Falls,Niagara,NY,New York,43.200002130304,-78.7453321619224,2022,209457,358,339,18,1,0,0,0,133,45,35,0,358,0,0,98.08219178082192,1,0.27932960893854747,14.0,Current Asthma,11.4,True
36065,Utica,Oneida,NY,New York,43.2418086648606,-75.4355429992745,2022,227555,332,288,44,0,0,0,0,83,52,26,0,0,332,0,90.95890410958904,0,0.0,14.7,COPD,6.7,True
36065,Utica,Oneida,NY,New York,43.2418086648606,-75.4355429992745,2022,227555,332,288,44,0,0,0,0,83,52,26,0,0,332,0,90.95890410958904,0,0.0,14.7,Current Asthma,11.1,True
36067,Syracuse,Onondaga,NY,New York,43.0059012578658,-76.1947506009747,2022,467873,365,316,49,0,0,0,0,69,52,37,0,209,156,0,100.0,0,0.0,12.4,COPD,5.8,True
36067,Syracuse,Onondaga,NY,New York,43.0059012578658,-76.1947506009747,2022,467873,365,316,49,0,0,0,0,69,52,37,0,209,156,0,100.0,0,0.0,12.4,Current Asthma,11.4,True
36071,Newburgh,Orange,NY,New York,41.4020305314041,-74.3057809751328,2022,407470,363,292,71,0,0,0,0,73,55,37,0,106,257,0,99.45205479452055,0,0.0,12.2,COPD,5.5,True
36071,Newburgh,Orange,NY,New York,41.4020305314041,-74.3057809751328,2022,407470,363,292,71,0,0,0,0,73,55,37,0,106,257,0,99.45205479452055,0,0.0,12.2,Current Asthma,10.5,True
36075,Fulton,Oswego,NY,New York,43.4270063116785,-76.1415333257376,2022,118162,354,349,5,0,0,0,0,58,43,32,0,354,0,0,96.98630136986301,0,0.0,16.2,COPD,7.1,True
36075,Fulton,Oswego,NY,New York,43.4270063116785,-76.1415333257376,2022,118162,354,349,5,0,0,0,0,58,43,32,0,354,0,0,96.98630136986301,0,0.0,16.2,Current Asthma,11.4,True
36079,Brewster,Putnam,NY,New York,41.4267967956185,-73.7492866616372,2022,98060,333,311,22,0,0,0,0,100,47,34,0,333,0,0,91.23287671232877,0,0.0,9.6,COPD,4.3,True
36079,Brewster,Putnam,NY,New York,41.4267967956185,-73.7492866616372,2022,98060,333,311,22,0,0,0,0,100,47,34,0,333,0,0,91.23287671232877,0,0.0,9.6,Current Asthma,9.9,True
36081,New York,Queens,NY,New York,40.7034702188683,-73.8194947909622,2022,2252196,365,203,159,3,0,0,0,126,67,47,18,114,233,0,100.0,3,0.821917808219178,11.0,COPD,4.6,True
36081,New York,Queens,NY,New York,40.7034702188683,-73.8194947909622,2022,2252196,365,203,159,3,0,0,0,126,67,47,18,114,233,0,100.0,3,0.821917808219178,11.0,Current Asthma,8.9,True
36085,New York,Richmond,NY,New York,40.5812377635049,-74.154571927785,2022,490687,365,278,86,1,0,0,0,105,57,40,0,185,180,0,100.0,1,0.273972602739726,12.1,COPD,5.2,True
36085,New York,Richmond,NY,New York,40.5812377635049,-74.154571927785,2022,490687,365,278,86,1,0,0,0,105,57,40,0,185,180,0,100.0,1,0.273972602739726,12.1,Current Asthma,10.2,True
36087,Suffern,Rockland,NY,New York,41.1526754141999,-74.0241447073283,2022,340807,365,315,50,0,0,0,0,90,53,38,0,251,114,0,100.0,0,0.0,11.8,COPD,5.4,True
36087,Suffern,Rockland,NY,New York,41.1526754141999,-74.0241447073283,2022,340807,365,315,50,0,0,0,0,90,53,38,0,251,114,0,100.0,0,0.0,11.8,Current Asthma,10.6,True
36091,Corinth,Saratoga,NY,New York,43.1069691252808,-73.8637604917138,2022,238711,362,354,8,0,0,0,0,74,44,32,0,362,0,0,99.17808219178083,0,0.0,10.7,COPD,4.7,True
36091,Corinth,Saratoga,NY,New York,43.1069691252808,-73.8637604917138,2022,238711,362,354,8,0,0,0,0,74,44,32,0,362,0,0,99.17808219178083,0,0.0,10.7,Current Asthma,10.4,True
36101,Hornell,Steuben,NY,New York,42.267847407688,-77.3836171753995,2022,92162,365,326,39,0,0,0,0,71,51,38,0,220,145,0,100.0,0,0.0,15.0,COPD,6.7,True
36101,Hornell,Steuben,NY,New York,42.267847407688,-77.3836171753995,2022,92162,365,326,39,0,0,0,0,71,51,38,0,220,145,0,100.0,0,0.0,15.0,Current Asthma,11.2,True
36103,Port Jefferson,Suffolk,NY,New York,40.870154068565,-72.8428608406326,2022,1523170,365,272,85,8,0,0,0,133,60,42,0,253,112,0,100.0,8,2.191780821917808,9.7,COPD,4.5,True
36103,Port Jefferson,Suffolk,NY,New York,40.870154068565,-72.8428608406326,2022,1523170,365,272,85,8,0,0,0,133,60,42,0,253,112,0,100.0,8,2.191780821917808,9.7,Current Asthma,10.2,True
36109,Ithaca,Tompkins,NY,New York,42.4518588047032,-76.4731803143475,2022,103558,361,349,12,0,0,0,0,67,44,36,0,361,0,0,98.9041095890411,0,0.0,10.8,COPD,5.0,True
36109,Ithaca,Tompkins,NY,New York,42.4518588047032,-76.4731803143475,2022,103558,361,349,12,0,0,0,0,67,44,36,0,361,0,0,98.9041095890411,0,0.0,10.8,Current Asthma,10.6,True
36117,Newark,Wayne,NY,New York,43.1566397114149,-77.0293073359024,2022,90829,343,333,9,1,0,0,0,101,44,33,0,343,0,0,93.97260273972603,1,0.2915451895043732,14.2,COPD,6.2,True
36117,Newark,Wayne,NY,New York,43.1566397114149,-77.0293073359024,2022,90829,343,333,9,1,0,0,0,101,44,33,0,343,0,0,93.97260273972603,1,0.2915451895043732,14.2,Current Asthma,11.2,True
36119,Yonkers,Westchester,NY,New York,41.1617989776323,-73.7558565589806,2022,990817,365,300,65,0,0,0,0,100,55,38,0,248,117,0,100.0,0,0.0,9.3,COPD,4.1,True
36119,Yonkers,Westchester,NY,New York,41.1617989776323,-73.7558565589806,2022,990817,365,300,65,0,0,0,0,100,55,38,0,248,117,0,100.0,0,0.0,9.3,Current Asthma,9.3,True
37003,Taylorsville,Alexander,NC,North Carolina,35.9204725331462,-81.1770332718611,2022,36473,300,280,20,0,0,0,0,90,49,37,0,245,0,55,82.1917808219178,0,0.0,17.1,COPD,7.5,True
37003,Taylorsville,Alexander,NC,North Carolina,35.9204725331462,-81.1770332718611,2022,36473,300,280,20,0,0,0,0,90,49,37,0,245,0,55,82.1917808219178,0,0.0,17.1,Current Asthma,10.9,True
37021,Asheville,Buncombe,NC,North Carolina,35.6109780509856,-82.530385679713,2022,275901,365,291,74,0,0,0,0,74,54,38,0,160,205,0,100.0,0,0.0,12.5,COPD,5.8,True
37021,Asheville,Buncombe,NC,North Carolina,35.6109780509856,-82.530385679713,2022,275901,365,291,74,0,0,0,0,74,54,38,0,160,205,0,100.0,0,0.0,12.5,Current Asthma,10.4,True
37027,Lenoir,Caldwell,NC,North Carolina,35.9530956685159,-81.5466545637271,2022,80574,245,224,21,0,0,0,0,74,50,40,0,245,0,0,67.12328767123287,0,0.0,17.3,COPD,7.8,True
37027,Lenoir,Caldwell,NC,North Carolina,35.9530956685159,-81.5466545637271,2022,80574,245,224,21,0,0,0,0,74,50,40,0,245,0,0,67.12328767123287,0,0.0,17.3,Current Asthma,11.1,True
37031,Morehead City,Carteret,NC,North Carolina,34.8273639547444,-76.6542732540305,2022,69615,359,346,13,0,0,0,0,77,46,35,0,359,0,0,98.35616438356163,0,0.0,13.1,COPD,5.9,True
37031,Morehead City,Carteret,NC,North Carolina,34.8273639547444,-76.6542732540305,2022,69615,359,346,13,0,0,0,0,77,46,35,0,359,0,0,98.35616438356163,0,0.0,13.1,Current Asthma,10.6,True
37035,Hickory,Catawba,NC,North Carolina,35.6622179779733,-81.2149250535504,2022,164645,355,234,121,0,0,0,0,81,59,44,0,0,355,0,97.26027397260275,0,0.0,15.0,COPD,6.6,True
37035,Hickory,Catawba,NC,North Carolina,35.6622179779733,-81.2149250535504,2022,164645,355,234,121,0,0,0,0,81,59,44,0,0,355,0,97.26027397260275,0,0.0,15.0,Current Asthma,10.7,True
37051,Fayetteville,Cumberland,NC,North Carolina,35.0486561560424,-78.8276708613151,2022,337890,360,231,128,1,0,0,0,115,61,45,0,136,214,10,98.63013698630137,1,0.2777777777777778,15.6,COPD,6.6,True
37051,Fayetteville,Cumberland,NC,North Carolina,35.0486561560424,-78.8276708613151,2022,337890,360,231,128,1,0,0,0,115,61,45,0,136,214,10,98.63013698630137,1,0.2777777777777778,15.6,Current Asthma,11.5,True
37057,Lexington,Davidson,NC,North Carolina,35.79334763177,-80.2126241733172,2022,174804,354,196,158,0,0,0,0,86,61,47,0,0,354,0,96.98630136986301,0,0.0,16.0,COPD,7.2,True
37057,Lexington,Davidson,NC,North Carolina,35.79334763177,-80.2126241733172,2022,174804,354,196,158,0,0,0,0,86,61,47,0,0,354,0,96.98630136986301,0,0.0,16.0,Current Asthma,11.1,True
37063,Durham,Durham,NC,North Carolina,36.0359200892271,-78.8762704368696,2022,336892,365,273,92,0,0,0,0,93,55,42,0,155,209,1,100.0,0,0.0,11.0,COPD,5.0,True
37063,Durham,Durham,NC,North Carolina,36.0359200892271,-78.8762704368696,2022,336892,365,273,92,0,0,0,0,93,55,42,0,155,209,1,100.0,0,0.0,11.0,Current Asthma,10.8,True
37065,Rocky Mount,Edgecombe,NC,North Carolina,35.913040080039,-77.5971756410996,2022,48832,356,312,44,0,0,0,0,93,52,37,0,175,181,0,97.53424657534246,0,0.0,18.4,COPD,8.1,True
37065,Rocky Mount,Edgecombe,NC,North Carolina,35.913040080039,-77.5971756410996,2022,48832,356,312,44,0,0,0,0,93,52,37,0,175,181,0,97.53424657534246,0,0.0,18.4,Current Asthma,12.6,True
37067,Winston-Salem,Forsyth,NC,North Carolina,36.1306194708921,-80.2562678118814,2022,392921,365,209,155,1,0,0,0,137,61,48,1,130,234,0,100.0,1,0.273972602739726,13.8,COPD,6.2,True
37067,Winston-Salem,Forsyth,NC,North Carolina,36.1306194708921,-80.2562678118814,2022,392921,365,209,155,1,0,0,0,137,61,48,1,130,234,0,100.0,1,0.273972602739726,13.8,Current Asthma,11.1,True
37077,Oxford,Granville,NC,North Carolina,36.3038620044075,-78.6528560993089,2022,62192,244,223,20,1,0,0,0,112,50,42,0,244,0,0,66.84931506849315,1,0.4098360655737705,15.5,COPD,6.7,True
37077,Oxford,Granville,NC,North Carolina,36.3038620044075,-78.6528560993089,2022,62192,244,223,20,1,0,0,0,112,50,42,0,244,0,0,66.84931506849315,1,0.4098360655737705,15.5,Current Asthma,11.3,True
37081,Greensboro,Guilford,NC,North Carolina,36.079488692501,-79.7889017999481,2022,549866,365,223,142,0,0,0,0,84,59,46,0,126,228,11,100.0,0,0.0,13.5,COPD,6.0,True
37081,Greensboro,Guilford,NC,North Carolina,36.079488692501,-79.7889017999481,2022,549866,365,223,142,0,0,0,0,84,59,46,0,126,228,11,100.0,0,0.0,13.5,Current Asthma,11.2,True
37087,Waynesville,Haywood,NC,North Carolina,35.5556752243833,-82.9820402617006,2022,62969,280,234,45,1,0,0,0,108,58,43,0,242,38,0,76.71232876712328,1,0.35714285714285715,14.4,COPD,6.6,True
37087,Waynesville,Haywood,NC,North Carolina,35.5556752243833,-82.9820402617006,2022,62969,280,234,45,1,0,0,0,108,58,43,0,242,38,0,76.71232876712328,1,0.35714285714285715,14.4,Current Asthma,10.8,True
37101,Smithfield,Johnston,NC,North Carolina,35.5179210737528,-78.365753932271,2022,241955,365,271,93,1,0,0,0,140,55,42,0,128,237,0,100.0,1,0.273972602739726,13.9,COPD,6.0,True
37101,Smithfield,Johnston,NC,North Carolina,35.5179210737528,-78.365753932271,2022,241955,365,271,93,1,0,0,0,140,55,42,0,128,237,0,100.0,1,0.273972602739726,13.9,Current Asthma,10.7,True
37107,Kinston,Lenoir,NC,North Carolina,35.2387324403638,-77.6409595927808,2022,54895,241,217,23,1,0,0,0,108,50,39,0,241,0,0,66.02739726027397,1,0.4149377593360996,20.0,COPD,8.9,True
37107,Kinston,Lenoir,NC,North Carolina,35.2387324403638,-77.6409595927808,2022,54895,241,217,23,1,0,0,0,108,50,39,0,241,0,0,66.02739726027397,1,0.4149377593360996,20.0,Current Asthma,12.3,True
37109,Lincolnton,Lincoln,NC,North Carolina,35.4855553677493,-81.2240721915513,2022,95675,243,202,40,1,0,0,0,108,58,43,0,243,0,0,66.57534246575342,1,0.411522633744856,14.0,COPD,6.2,True
37109,Lincolnton,Lincoln,NC,North Carolina,35.4855553677493,-81.2240721915513,2022,95675,243,202,40,1,0,0,0,108,58,43,0,243,0,0,66.57534246575342,1,0.411522633744856,14.0,Current Asthma,10.6,True
37117,Jamesville,Martin,NC,North Carolina,35.8432221253514,-77.1093472458262,2022,21447,289,282,7,0,0,0,0,80,44,34,0,244,0,45,79.17808219178082,0,0.0,18.2,COPD,8.0,True
37117,Jamesville,Martin,NC,North Carolina,35.8432221253514,-77.1093472458262,2022,21447,289,282,7,0,0,0,0,80,44,34,0,244,0,45,79.17808219178082,0,0.0,18.2,Current Asthma,12.2,True
37119,Charlotte,Mecklenburg,NC,North Carolina,35.2467186870894,-80.8328001765676,2022,1163701,365,190,173,2,0,0,0,119,67,50,0,142,223,0,100.0,2,0.547945205479452,10.7,COPD,5.0,True
37119,Charlotte,Mecklenburg,NC,North Carolina,35.2467186870894,-80.8328001765676,2022,1163701,365,190,173,2,0,0,0,119,67,50,0,142,223,0,100.0,2,0.547945205479452,10.7,Current Asthma,10.4,True
37121,Spruce Pine,Mitchell,NC,North Carolina,36.0134689001414,-82.1631707071333,2022,14999,346,298,48,0,0,0,0,69,53,31,0,0,346,0,94.79452054794521,0,0.0,15.1,COPD,6.8,True
37121,Spruce Pine,Mitchell,NC,North Carolina,36.0134689001414,-82.1631707071333,2022,14999,346,298,48,0,0,0,0,69,53,31,0,0,346,0,94.79452054794521,0,0.0,15.1,Current Asthma,10.8,True
37123,Candor,Montgomery,NC,North Carolina,35.3323223366211,-79.9051746925854,2022,26085,363,263,100,0,0,0,0,80,58,43,0,167,196,0,99.45205479452055,0,0.0,16.9,COPD,7.7,True
37123,Candor,Montgomery,NC,North Carolina,35.3323223366211,-79.9051746925854,2022,26085,363,263,100,0,0,0,0,80,58,43,0,167,196,0,99.45205479452055,0,0.0,16.9,Current Asthma,11.2,True
37129,Wilmington,New Hanover,NC,North Carolina,34.2328162979962,-77.8842723951621,2022,238852,361,268,93,0,0,0,0,80,55,42,0,93,268,0,98.9041095890411,0,0.0,12.2,COPD,5.7,True
37129,Wilmington,New Hanover,NC,North Carolina,34.2328162979962,-77.8842723951621,2022,238852,361,268,93,0,0,0,0,80,55,42,0,93,268,0,98.9041095890411,0,0.0,12.2,Current Asthma,10.6,True
37131,Gaston,Northampton,NC,North Carolina,36.4178811426774,-77.3963332385957,2022,16715,362,284,78,0,0,0,0,71,55,33,5,0,357,0,99.17808219178083,0,0.0,18.4,COPD,8.0,False
37131,Gaston,Northampton,NC,North Carolina,36.4178811426774,-77.3963332385957,2022,16715,362,284,78,0,0,0,0,71,55,33,5,0,357,0,99.17808219178083,0,0.0,18.4,Current Asthma,12.3,False
37147,Greenville,Pitt,NC,North Carolina,35.5934498276118,-77.374678818702,2022,175119,365,305,60,0,0,0,0,97,52,37,0,144,221,0,100.0,0,0.0,15.0,COPD,6.7,True
37147,Greenville,Pitt,NC,North Carolina,35.5934498276118,-77.374678818702,2022,175119,365,305,60,0,0,0,0,97,52,37,0,144,221,0,100.0,0,0.0,15.0,Current Asthma,11.5,True
37157,Eden,Rockingham,NC,North Carolina,36.3960168778977,-79.7749885459399,2022,92518,239,219,20,0,0,0,0,80,50,41,0,239,0,0,65.47945205479452,0,0.0,17.6,COPD,7.8,True
37157,Eden,Rockingham,NC,North Carolina,36.3960168778977,-79.7749885459399,2022,92518,239,219,20,0,0,0,0,80,50,41,0,239,0,0,65.47945205479452,0,0.0,17.6,Current Asthma,11.4,True
37159,Salisbury,Rowan,NC,North Carolina,35.639349134151,-80.5247968376348,2022,151661,364,230,134,0,0,0,0,87,59,46,0,180,184,0,99.72602739726028,0,0.0,16.2,COPD,7.2,True
37159,Salisbury,Rowan,NC,North Carolina,35.639349134151,-80.5247968376348,2022,151661,364,230,134,0,0,0,0,87,59,46,0,180,184,0,99.72602739726028,0,0.0,16.2,Current Asthma,11.0,True
37173,Bryson City (RR name Bryson),Swain,NC,North Carolina,35.4868277405668,-83.4925803630805,2022,13916,365,275,90,0,0,0,0,89,57,43,0,102,263,0,100.0,0,0.0,20.4,COPD,8.6,True
37173,Bryson City (RR name Bryson),Swain,NC,North Carolina,35.4868277405668,-83.4925803630805,2022,13916,365,275,90,0,0,0,0,89,57,43,0,102,263,0,100.0,0,0.0,20.4,Current Asthma,12.3,True
37179,Monroe,Union,NC,North Carolina,34.9884050314763,-80.5307553094627,2022,256452,244,218,26,0,0,0,0,100,51,41,0,244,0,0,66.84931506849315,0,0.0,11.8,COPD,5.2,True
37179,Monroe,Union,NC,North Carolina,34.9884050314763,-80.5307553094627,2022,256452,244,218,26,0,0,0,0,100,51,41,0,244,0,0,66.84931506849315,0,0.0,11.8,Current Asthma,10.2,True
37183,Raleigh,Wake,NC,North Carolina,35.7900594036584,-78.6503446201168,2022,1190275,365,228,136,1,0,0,0,122,59,46,0,153,212,0,100.0,1,0.273972602739726,9.5,COPD,4.4,True
37183,Raleigh,Wake,NC,North Carolina,35.7900594036584,-78.6503446201168,2022,1190275,365,228,136,1,0,0,0,122,59,46,0,153,212,0,100.0,1,0.273972602739726,9.5,Current Asthma,10.0,True
37199,Burnsville,Yancey,NC,North Carolina,35.8991764909611,-82.30769414617,2022,18938,242,200,42,0,0,0,0,93,61,44,0,242,0,0,66.3013698630137,0,0.0,16.6,COPD,7.5,True
37199,Burnsville,Yancey,NC,North Carolina,35.8991764909611,-82.30769414617,2022,18938,242,200,42,0,0,0,0,93,61,44,0,242,0,0,66.3013698630137,0,0.0,16.6,Current Asthma,11.0,True
38013,Lignite,Burke,ND,North Dakota,48.7909158841652,-102.518197767457,2022,2134,363,304,59,0,0,0,0,77,55,40,0,210,150,3,99.45205479452055,0,0.0,13.5,COPD,5.1,True
38013,Lignite,Burke,ND,North Dakota,48.7909158841652,-102.518197767457,2022,2134,363,304,59,0,0,0,0,77,55,40,0,210,150,3,99.45205479452055,0,0.0,13.5,Current Asthma,9.9,True
38015,Bismarck,Burleigh,ND,North Dakota,46.9775169860994,-100.468920390691,2022,100012,365,260,105,0,0,0,0,99,59,39,3,104,254,4,100.0,0,0.0,12.1,COPD,4.9,True
38015,Bismarck,Burleigh,ND,North Dakota,46.9775169860994,-100.468920390691,2022,100012,365,260,105,0,0,0,0,99,59,39,3,104,254,4,100.0,0,0.0,12.1,Current Asthma,9.9,True
38017,Fargo,Cass,ND,North Dakota,46.9329709559949,-97.2481968440854,2022,196362,365,285,79,1,0,0,0,111,59,40,1,163,201,0,100.0,1,0.273972602739726,12.0,COPD,4.7,True
38017,Fargo,Cass,ND,North Dakota,46.9329709559949,-97.2481968440854,2022,196362,365,285,79,1,0,0,0,111,59,40,1,163,201,0,100.0,1,0.273972602739726,12.0,Current Asthma,9.8,True
38025,Dunn Center,Dunn,ND,North Dakota,47.3566450598152,-102.618267955259,2022,4019,362,308,54,0,0,0,0,82,53,37,1,244,113,4,99.17808219178083,0,0.0,15.0,COPD,5.6,True
38025,Dunn Center,Dunn,ND,North Dakota,47.3566450598152,-102.618267955259,2022,4019,362,308,54,0,0,0,0,82,53,37,1,244,113,4,99.17808219178083,0,0.0,15.0,Current Asthma,10.2,True
38053,Mandaree,McKenzie,ND,North Dakota,47.7401830034717,-103.395521983973,2022,14252,331,294,37,0,0,0,0,75,51,35,0,234,97,0,90.68493150684932,0,0.0,15.0,COPD,5.7,True
38053,Mandaree,McKenzie,ND,North Dakota,47.7401830034717,-103.395521983973,2022,14252,331,294,37,0,0,0,0,75,51,35,0,234,97,0,90.68493150684932,0,0.0,15.0,Current Asthma,10.3,True
38057,Beulah,Mercer,ND,North Dakota,47.3092014368661,-101.831546490259,2022,8309,365,318,47,0,0,0,0,72,52,36,1,241,123,0,100.0,0,0.0,15.4,COPD,6.1,True
38057,Beulah,Mercer,ND,North Dakota,47.3092014368661,-101.831546490259,2022,8309,365,318,47,0,0,0,0,72,52,36,1,241,123,0,100.0,0,0.0,15.4,Current Asthma,10.5,True
38101,Minot,Ward,ND,North Dakota,48.2217420488633,-101.541835146962,2022,68332,359,315,44,0,0,0,0,79,52,37,0,213,146,0,98.35616438356163,0,0.0,13.3,COPD,5.1,True
38101,Minot,Ward,ND,North Dakota,48.2217420488633,-101.541835146962,2022,68332,359,315,44,0,0,0,0,79,52,37,0,213,146,0,98.35616438356163,0,0.0,13.3,Current Asthma,10.0,True
39003,Lima,Allen,OH,Ohio,40.7714977646394,-84.1057940825963,2022,100838,365,272,93,0,0,0,0,97,59,41,0,191,174,0,100.0,0,0.0,17.6,COPD,7.7,True
39003,Lima,Allen,OH,Ohio,40.7714977646394,-84.1057940825963,2022,100838,365,272,93,0,0,0,0,97,59,41,0,191,174,0,100.0,0,0.0,17.6,Current Asthma,11.2,True
39007,Conneaut,Ashtabula,OH,Ohio,41.7071560039231,-80.7483101330855,2022,96845,239,211,23,5,0,0,0,133,54,38,0,239,0,0,65.47945205479452,5,2.092050209205021,20.5,COPD,9.0,True
39007,Conneaut,Ashtabula,OH,Ohio,41.7071560039231,-80.7483101330855,2022,96845,239,211,23,5,0,0,0,133,54,38,0,239,0,0,65.47945205479452,5,2.092050209205021,20.5,Current Asthma,11.4,True
39017,Middletown,Butler,OH,Ohio,39.4386549224371,-84.5755446176036,2022,393043,365,146,215,4,0,0,0,119,71,53,0,73,284,8,100.0,4,1.095890410958904,15.2,COPD,6.6,True
39017,Middletown,Butler,OH,Ohio,39.4386549224371,-84.5755446176036,2022,393043,365,146,215,4,0,0,0,119,71,53,0,73,284,8,100.0,4,1.095890410958904,15.2,Current Asthma,10.8,True
39023,Springfield,Clark,OH,Ohio,39.9166223719097,-83.7843901210144,2022,134610,338,212,125,1,0,0,0,129,63,46,0,107,231,0,92.6027397260274,1,0.2958579881656805,18.5,COPD,8.1,True
39023,Springfield,Clark,OH,Ohio,39.9166223719097,-83.7843901210144,2022,134610,338,212,125,1,0,0,0,129,63,46,0,107,231,0,92.6027397260274,1,0.2958579881656805,18.5,Current Asthma,11.5,True
39025,Batavia,Clermont,OH,Ohio,39.0475584272622,-84.1516609554165,2022,211972,360,238,121,1,0,0,0,129,59,44,0,146,214,0,98.63013698630137,1,0.2777777777777778,15.7,COPD,6.4,True
39025,Batavia,Clermont,OH,Ohio,39.0475584272622,-84.1516609554165,2022,211972,360,238,121,1,0,0,0,129,59,44,0,146,214,0,98.63013698630137,1,0.2777777777777778,15.7,Current Asthma,10.7,True
39027,Wilmington,Clinton,OH,Ohio,39.4149624798012,-83.8084036693333,2022,41938,245,216,28,1,0,0,0,140,54,40,0,245,0,0,67.12328767123287,1,0.40816326530612246,18.3,COPD,7.9,True
39027,Wilmington,Clinton,OH,Ohio,39.4149624798012,-83.8084036693333,2022,41938,245,216,28,1,0,0,0,140,54,40,0,245,0,0,67.12328767123287,1,0.40816326530612246,18.3,Current Asthma,11.3,True
39035,Cleveland,Cuyahoga,OH,Ohio,41.4243019834267,-81.658627773816,2022,1233088,365,137,220,6,2,0,0,158,76,54,3,74,285,1,100.0,8,2.191780821917808,15.2,COPD,6.6,True
39035,Cleveland,Cuyahoga,OH,Ohio,41.4243019834267,-81.658627773816,2022,1233088,365,137,220,6,2,0,0,158,76,54,3,74,285,1,100.0,8,2.191780821917808,15.2,Current Asthma,11.7,True
39041,Delaware,Delaware,OH,Ohio,40.2784353342342,-83.0048346779207,2022,231636,244,230,14,0,0,0,0,100,47,37,0,244,0,0,66.84931506849315,0,0.0,9.9,COPD,4.4,True
39041,Delaware,Delaware,OH,Ohio,40.2784353342342,-83.0048346779207,2022,231636,244,230,14,0,0,0,0,100,47,37,0,244,0,0,66.84931506849315,0,0.0,9.9,Current Asthma,9.5,True
39049,Columbus,Franklin,OH,Ohio,39.9695482397033,-83.0095596369965,2022,1326063,365,206,157,2,0,0,0,143,67,48,1,109,254,1,100.0,2,0.547945205479452,14.0,COPD,6.2,True
39049,Columbus,Franklin,OH,Ohio,39.9695482397033,-83.0095596369965,2022,1326063,365,206,157,2,0,0,0,143,67,48,1,109,254,1,100.0,2,0.547945205479452,14.0,Current Asthma,11.1,True
39055,Bainbridge,Geauga,OH,Ohio,41.4995505355057,-81.1785666230898,2022,95407,239,210,27,2,0,0,0,119,54,40,0,239,0,0,65.47945205479452,2,0.8368200836820083,13.3,COPD,5.9,True
39055,Bainbridge,Geauga,OH,Ohio,41.4995505355057,-81.1785666230898,2022,95407,239,210,27,2,0,0,0,119,54,40,0,239,0,0,65.47945205479452,2,0.8368200836820083,13.3,Current Asthma,10.5,True
39057,Fairborn,Greene,OH,Ohio,39.6915038814677,-83.8900404276245,2022,169691,242,209,32,1,0,0,0,119,51,40,0,242,0,0,66.3013698630137,1,0.4132231404958678,12.9,COPD,5.8,True
39057,Fairborn,Greene,OH,Ohio,39.6915038814677,-83.8900404276245,2022,169691,242,209,32,1,0,0,0,119,51,40,0,242,0,0,66.3013698630137,1,0.4132231404958678,12.9,Current Asthma,10.9,True
39061,Cincinnati,Hamilton,OH,Ohio,39.1955454321754,-84.542601023044,2022,827058,365,125,236,3,1,0,0,151,71,54,7,75,283,0,100.0,4,1.095890410958904,14.3,COPD,6.4,True
39061,Cincinnati,Hamilton,OH,Ohio,39.1955454321754,-84.542601023044,2022,827058,365,125,236,3,1,0,0,151,71,54,7,75,283,0,100.0,4,1.095890410958904,14.3,Current Asthma,11.5,True
39081,Steubenville,Jefferson,OH,Ohio,40.3850232178899,-80.7611246090452,2022,64026,365,149,216,0,0,0,0,97,67,53,0,64,301,0,100.0,0,0.0,18.6,COPD,8.2,True
39081,Steubenville,Jefferson,OH,Ohio,40.3850232178899,-80.7611246090452,2022,64026,365,149,216,0,0,0,0,97,67,53,0,64,301,0,100.0,0,0.0,18.6,Current Asthma,11.9,True
39083,Centerburg,Knox,OH,Ohio,40.3988019956419,-82.4215435805835,2022,63320,245,225,19,1,0,0,0,119,50,39,0,245,0,0,67.12328767123287,1,0.40816326530612246,16.4,COPD,7.2,True
39083,Centerburg,Knox,OH,Ohio,40.3988019956419,-82.4215435805835,2022,63320,245,225,19,1,0,0,0,119,50,39,0,245,0,0,67.12328767123287,1,0.40816326530612246,16.4,Current Asthma,11.1,True
39085,Painesville,Lake,OH,Ohio,41.6970249003529,-81.2368191610819,2022,231640,365,281,80,4,0,0,0,150,60,41,0,188,174,3,100.0,4,1.095890410958904,14.8,COPD,6.1,True
39085,Painesville,Lake,OH,Ohio,41.6970249003529,-81.2368191610819,2022,231640,365,281,80,4,0,0,0,150,60,41,0,188,174,3,100.0,4,1.095890410958904,14.8,Current Asthma,10.8,True
39087,Ironton,Lawrence,OH,Ohio,38.5987545151818,-82.536984256161,2022,56118,361,220,141,0,0,0,0,74,58,45,0,89,272,0,98.9041095890411,0,0.0,19.8,COPD,8.8,True
39087,Ironton,Lawrence,OH,Ohio,38.5987545151818,-82.536984256161,2022,56118,361,220,141,0,0,0,0,74,58,45,0,89,272,0,98.9041095890411,0,0.0,19.8,Current Asthma,11.8,True
39089,Newark,Licking,OH,Ohio,40.0915299705467,-82.4830744738759,2022,183201,245,226,17,2,0,0,0,115,49,39,0,245,0,0,67.12328767123287,2,0.8163265306122449,15.6,COPD,6.6,True
39089,Newark,Licking,OH,Ohio,40.0915299705467,-82.4830744738759,2022,183201,245,226,17,2,0,0,0,115,49,39,0,245,0,0,67.12328767123287,2,0.8163265306122449,15.6,Current Asthma,10.9,True
39093,Lorain,Lorain,OH,Ohio,41.2956651025634,-82.1508887298398,2022,317910,243,228,14,1,0,0,0,115,48,35,0,243,0,0,66.57534246575342,1,0.411522633744856,15.3,COPD,6.7,True
39093,Lorain,Lorain,OH,Ohio,41.2956651025634,-82.1508887298398,2022,317910,243,228,14,1,0,0,0,115,48,35,0,243,0,0,66.57534246575342,1,0.411522633744856,15.3,Current Asthma,11.0,True
39095,Toledo,Lucas,OH,Ohio,41.6198809742992,-83.6584628770734,2022,425484,362,240,117,5,0,0,0,119,63,44,0,132,230,0,99.17808219178083,5,1.3812154696132597,16.8,COPD,7.6,True
39095,Toledo,Lucas,OH,Ohio,41.6198809742992,-83.6584628770734,2022,425484,362,240,117,5,0,0,0,119,63,44,0,132,230,0,99.17808219178083,5,1.3812154696132597,16.8,Current Asthma,11.3,True
39097,London,Madison,OH,Ohio,39.894160047348,-83.4006589159011,2022,44602,244,218,26,0,0,0,0,90,51,39,0,244,0,0,66.84931506849315,0,0.0,16.3,COPD,6.9,True
39097,London,Madison,OH,Ohio,39.894160047348,-83.4006589159011,2022,44602,244,218,26,0,0,0,0,90,51,39,0,244,0,0,66.84931506849315,0,0.0,16.3,Current Asthma,10.6,True
39099,Youngstown,Mahoning,OH,Ohio,41.014638072438,-80.7763089335898,2022,225596,349,214,132,3,0,0,0,129,62,46,0,101,248,0,95.61643835616438,3,0.8595988538681949,17.6,COPD,7.6,True
39099,Youngstown,Mahoning,OH,Ohio,41.014638072438,-80.7763089335898,2022,225596,349,214,132,3,0,0,0,129,62,46,0,101,248,0,95.61643835616438,3,0.8595988538681949,17.6,Current Asthma,11.1,True
39103,Medina,Medina,OH,Ohio,41.1175710779189,-81.899694474725,2022,184042,362,284,76,2,0,0,0,126,58,41,0,190,172,0,99.17808219178083,2,0.5524861878453038,13.2,COPD,5.7,True
39103,Medina,Medina,OH,Ohio,41.1175710779189,-81.899694474725,2022,184042,362,284,76,2,0,0,0,126,58,41,0,190,172,0,99.17808219178083,2,0.5524861878453038,13.2,Current Asthma,10.6,True
39109,Piqua,Miami,OH,Ohio,40.0535853378213,-84.2289753159029,2022,110876,245,214,29,2,0,0,0,122,51,39,0,245,0,0,67.12328767123287,2,0.8163265306122449,15.5,COPD,6.6,True
39109,Piqua,Miami,OH,Ohio,40.0535853378213,-84.2289753159029,2022,110876,245,214,29,2,0,0,0,122,51,39,0,245,0,0,67.12328767123287,2,0.8163265306122449,15.5,Current Asthma,10.9,True
39113,Dayton,Montgomery,OH,Ohio,39.7546661172735,-84.2906742372083,2022,533796,365,205,158,2,0,0,0,126,64,48,0,101,264,0,100.0,2,0.547945205479452,15.7,COPD,7.1,True
39113,Dayton,Montgomery,OH,Ohio,39.7546661172735,-84.2906742372083,2022,533796,365,205,158,2,0,0,0,126,64,48,0,101,264,0,100.0,2,0.547945205479452,15.7,Current Asthma,11.6,True
39133,Ravenna,Portage,OH,Ohio,41.1676777891816,-81.1973820342372,2022,162665,282,226,52,3,1,0,0,159,61,41,0,226,56,0,77.26027397260275,4,1.4184397163120568,15.7,COPD,6.8,True
39133,Ravenna,Portage,OH,Ohio,41.1676777891816,-81.1973820342372,2022,162665,282,226,52,3,1,0,0,159,61,41,0,226,56,0,77.26027397260275,4,1.4184397163120568,15.7,Current Asthma,10.9,True
39135,Eaton,Preble,OH,Ohio,39.7415985069018,-84.647965894182,2022,40556,365,235,128,2,0,0,0,136,63,44,0,150,214,0,100.0,2,0.547945205479452,17.3,COPD,7.3,True
39135,Eaton,Preble,OH,Ohio,39.7415985069018,-84.647965894182,2022,40556,365,235,128,2,0,0,0,136,63,44,0,150,214,0,100.0,2,0.547945205479452,17.3,Current Asthma,11.1,True
39151,Canton,Stark,OH,Ohio,40.8137809427166,-81.3654802311805,2022,372716,365,206,157,2,0,0,0,136,66,49,0,108,257,0,100.0,2,0.547945205479452,17.6,COPD,7.3,True
39151,Canton,Stark,OH,Ohio,40.8137809427166,-81.3654802311805,2022,372716,365,206,157,2,0,0,0,136,66,49,0,108,257,0,100.0,2,0.547945205479452,17.6,Current Asthma,11.3,True
39153,Akron,Summit,OH,Ohio,41.1259055177579,-81.5321556359145,2022,535733,362,231,128,3,0,0,0,133,62,43,0,131,231,0,99.17808219178083,3,0.8287292817679558,14.9,COPD,6.6,True
39153,Akron,Summit,OH,Ohio,41.1259055177579,-81.5321556359145,2022,535733,362,231,128,3,0,0,0,133,62,43,0,131,231,0,99.17808219178083,3,0.8287292817679558,14.9,Current Asthma,11.3,True
39155,Warren,Trumbull,OH,Ohio,41.3170156745471,-80.761219036042,2022,200373,360,255,103,2,0,0,0,136,60,42,0,146,214,0,98.63013698630137,2,0.5555555555555556,19.1,COPD,8.2,True
39155,Warren,Trumbull,OH,Ohio,41.3170156745471,-80.761219036042,2022,200373,360,255,103,2,0,0,0,136,60,42,0,146,214,0,98.63013698630137,2,0.5555555555555556,19.1,Current Asthma,11.4,True
39165,Franklin,Warren,OH,Ohio,39.4277223308555,-84.1666616383255,2022,252148,356,231,122,3,0,0,0,133,63,44,0,154,202,0,97.53424657534246,3,0.8426966292134831,12.1,COPD,5.1,True
39165,Franklin,Warren,OH,Ohio,39.4277223308555,-84.1666616383255,2022,252148,356,231,122,3,0,0,0,133,63,44,0,154,202,0,97.53424657534246,3,0.8426966292134831,12.1,Current Asthma,9.9,True
39167,Marietta,Washington,OH,Ohio,39.4553183091123,-81.4953288002496,2022,58577,245,222,23,0,0,0,0,84,50,39,0,245,0,0,67.12328767123287,0,0.0,17.8,COPD,7.8,True
39167,Marietta,Washington,OH,Ohio,39.4553183091123,-81.4953288002496,2022,58577,245,222,23,0,0,0,0,84,50,39,0,245,0,0,67.12328767123287,0,0.0,17.8,Current Asthma,11.0,True
39173,Bowling Green,Wood,OH,Ohio,41.361689646332,-83.622978870736,2022,132650,242,220,22,0,0,0,0,97,50,38,0,242,0,0,66.3013698630137,0,0.0,13.9,COPD,6.2,True
39173,Bowling Green,Wood,OH,Ohio,41.361689646332,-83.622978870736,2022,132650,242,220,22,0,0,0,0,97,50,38,0,242,0,0,66.3013698630137,0,0.0,13.9,Current Asthma,10.6,True
40001,Cherry Tree,Adair,OK,Oklahoma,35.8840104462357,-94.6587457084976,2022,19627,361,274,83,4,0,0,0,122,58,43,0,237,115,8,98.9041095890411,4,1.10803324099723,26.2,COPD,10.3,False
40001,Cherry Tree,Adair,OK,Oklahoma,35.8840104462357,-94.6587457084976,2022,19627,361,274,83,4,0,0,0,122,58,43,0,237,115,8,98.9041095890411,4,1.10803324099723,26.2,Current Asthma,13.6,False
40017,Yukon,Canadian,OK,Oklahoma,35.5423317053672,-97.9821562348265,2022,175829,284,218,63,3,0,0,0,108,67,43,0,284,0,0,77.8082191780822,3,1.056338028169014,13.2,COPD,5.7,True
40017,Yukon,Canadian,OK,Oklahoma,35.5423317053672,-97.9821562348265,2022,175829,284,218,63,3,0,0,0,108,67,43,0,284,0,0,77.8082191780822,3,1.056338028169014,13.2,Current Asthma,10.7,True
40019,Ardmore,Carter,OK,Oklahoma,34.2509159186175,-97.2858375656003,2022,48596,343,254,88,0,1,0,0,160,56,37,0,0,343,0,93.97260273972603,1,0.2915451895043732,18.2,COPD,7.7,True
40019,Ardmore,Carter,OK,Oklahoma,34.2509159186175,-97.2858375656003,2022,48596,343,254,88,0,1,0,0,160,56,37,0,0,343,0,93.97260273972603,1,0.2915451895043732,18.2,Current Asthma,11.7,True
40027,Moore,Cleveland,OK,Oklahoma,35.2025439402736,-97.3263165055223,2022,301193,348,182,162,4,0,0,0,105,68,49,0,141,207,0,95.34246575342465,4,1.1494252873563218,14.1,COPD,6.2,True
40027,Moore,Cleveland,OK,Oklahoma,35.2025439402736,-97.3263165055223,2022,301193,348,182,162,4,0,0,0,105,68,49,0,141,207,0,95.34246575342465,4,1.1494252873563218,14.1,Current Asthma,11.0,True
40031,Lawton,Comanche,OK,Oklahoma,34.6621575837988,-98.4716775335911,2022,121574,353,205,146,2,0,0,0,126,71,47,0,177,176,0,96.7123287671233,2,0.56657223796034,18.3,COPD,7.4,True
40031,Lawton,Comanche,OK,Oklahoma,34.6621575837988,-98.4716775335911,2022,121574,353,205,146,2,0,0,0,126,71,47,0,177,176,0,96.7123287671233,2,0.56657223796034,18.3,Current Asthma,11.3,True
40037,Sapulpa,Creek,OK,Oklahoma,35.9025321078939,-96.3708202661878,2022,73332,279,220,57,2,0,0,0,112,71,43,0,279,0,0,76.43835616438356,2,0.7168458781362007,18.7,COPD,7.6,True
40037,Sapulpa,Creek,OK,Oklahoma,35.9025321078939,-96.3708202661878,2022,73332,279,220,57,2,0,0,0,112,71,43,0,279,0,0,76.43835616438356,2,0.7168458781362007,18.7,Current Asthma,11.8,True
40043,Seiling,Dewey,OK,Oklahoma,35.9876568754253,-99.0080105233422,2022,4286,346,219,124,3,0,0,0,129,71,47,0,178,168,0,94.79452054794521,3,0.8670520231213872,18.1,COPD,7.6,True
40043,Seiling,Dewey,OK,Oklahoma,35.9876568754253,-99.0080105233422,2022,4286,346,219,124,3,0,0,0,129,71,47,0,178,168,0,94.79452054794521,3,0.8670520231213872,18.1,Current Asthma,11.4,True
40071,Ponca City,Kay,OK,Oklahoma,36.8180490812673,-97.1442458480715,2022,43641,361,225,136,0,0,0,0,93,59,43,0,0,361,0,98.9041095890411,0,0.0,19.6,COPD,8.2,True
40071,Ponca City,Kay,OK,Oklahoma,36.8180490812673,-97.1442458480715,2022,43641,361,225,136,0,0,0,0,93,59,43,0,0,361,0,98.9041095890411,0,0.0,19.6,Current Asthma,12.0,True
40075,Hobart,Kiowa,OK,Oklahoma,34.9163225627227,-98.9808976739666,2022,8398,257,185,70,2,0,0,0,115,74,44,0,257,0,0,70.41095890410959,2,0.7782101167315175,20.5,COPD,9.1,False
40075,Hobart,Kiowa,OK,Oklahoma,34.9163225627227,-98.9808976739666,2022,8398,257,185,70,2,0,0,0,115,74,44,0,257,0,0,70.41095890410959,2,0.7782101167315175,20.5,Current Asthma,11.9,False
40097,Pryor (corporate name Pryor Creek),Mayes,OK,Oklahoma,36.3019893623476,-95.2306650873753,2022,39889,266,246,19,1,0,0,0,112,49,39,0,266,0,0,72.87671232876713,1,0.37593984962406013,20.7,COPD,8.5,True
40097,Pryor (corporate name Pryor Creek),Mayes,OK,Oklahoma,36.3019893623476,-95.2306650873753,2022,39889,266,246,19,1,0,0,0,112,49,39,0,266,0,0,72.87671232876713,1,0.37593984962406013,20.7,Current Asthma,12.5,True
40087,Purcell,McClain,OK,Oklahoma,35.0093319713623,-97.4447724910511,2022,47072,278,204,71,3,0,0,0,119,71,45,0,278,0,0,76.16438356164383,3,1.079136690647482,15.2,COPD,6.3,False
40087,Purcell,McClain,OK,Oklahoma,35.0093319713623,-97.4447724910511,2022,47072,278,204,71,3,0,0,0,119,71,45,0,278,0,0,76.16438356164383,3,1.079136690647482,15.2,Current Asthma,11.1,False
40105,South Coffeyville,Nowata,OK,Oklahoma,36.7984587733773,-95.6173671917311,2022,9438,349,111,231,7,0,0,0,139,80,56,0,99,250,0,95.61643835616438,7,2.005730659025788,20.6,COPD,8.4,False
40105,South Coffeyville,Nowata,OK,Oklahoma,36.7984587733773,-95.6173671917311,2022,9438,349,111,231,7,0,0,0,139,80,56,0,99,250,0,95.61643835616438,7,2.005730659025788,20.6,Current Asthma,12.5,False
40109,Oklahoma City,Oklahoma,OK,Oklahoma,35.5514988566603,-97.4071852848576,2022,808866,365,144,215,6,0,0,0,129,74,54,8,138,214,5,100.0,6,1.643835616438356,14.5,COPD,6.6,True
40109,Oklahoma City,Oklahoma,OK,Oklahoma,35.5514988566603,-97.4071852848576,2022,808866,365,144,215,6,0,0,0,129,74,54,8,138,214,5,100.0,6,1.643835616438356,14.5,Current Asthma,11.5,True
40113,Pawhuska,Osage,OK,Oklahoma,36.6293205583232,-96.3986287125622,2022,46130,292,221,64,5,2,0,0,172,74,44,0,292,0,0,80.0,7,2.3972602739726026,18.4,COPD,7.4,True
40113,Pawhuska,Osage,OK,Oklahoma,36.6293205583232,-96.3986287125622,2022,46130,292,221,64,5,2,0,0,172,74,44,0,292,0,0,80.0,7,2.3972602739726026,18.4,Current Asthma,12.3,True
40115,Miami,Ottawa,OK,Oklahoma,36.8356615128431,-94.8106076020458,2022,30287,365,151,203,6,4,1,0,238,74,53,0,101,262,2,100.0,11,3.0136986301369864,22.3,COPD,9.4,False
40115,Miami,Ottawa,OK,Oklahoma,36.8356615128431,-94.8106076020458,2022,30287,365,151,203,6,4,1,0,238,74,53,0,101,262,2,100.0,11,3.0136986301369864,22.3,Current Asthma,12.7,False
40121,McAlester,Pittsburg,OK,Oklahoma,34.9238785325748,-95.7484483900286,2022,43479,348,208,136,4,0,0,0,139,63,47,0,131,217,0,95.34246575342465,4,1.1494252873563218,19.8,COPD,8.3,True
40121,McAlester,Pittsburg,OK,Oklahoma,34.9238785325748,-95.7484483900286,2022,43479,348,208,136,4,0,0,0,139,63,47,0,131,217,0,95.34246575342465,4,1.1494252873563218,19.8,Current Asthma,12.0,True
40135,Marble City Community,Sequoyah,OK,Oklahoma,35.4956252721085,-94.7555072375447,2022,40291,364,278,84,2,0,0,0,122,58,42,4,146,214,0,99.72602739726028,2,0.5494505494505495,23.4,COPD,9.7,False
40135,Marble City Community,Sequoyah,OK,Oklahoma,35.4956252721085,-94.7555072375447,2022,40291,364,278,84,2,0,0,0,122,58,42,4,146,214,0,99.72602739726028,2,0.5494505494505495,23.4,Current Asthma,13.0,False
40143,Tulsa,Tulsa,OK,Oklahoma,36.1210679646417,-95.9414861647567,2022,682868,365,163,190,10,2,0,0,185,77,52,0,162,200,3,100.0,12,3.287671232876712,15.0,COPD,6.7,True
40143,Tulsa,Tulsa,OK,Oklahoma,36.1210679646417,-95.9414861647567,2022,682868,365,163,190,10,2,0,0,185,77,52,0,162,200,3,100.0,12,3.287671232876712,15.0,Current Asthma,11.3,True
41001,Baker City,Baker,OR,Oregon,44.7090935179354,-117.675629967357,2022,16912,365,283,79,3,0,0,0,124,59,32,0,0,365,0,100.0,3,0.821917808219178,14.5,COPD,6.8,True
41001,Baker City,Baker,OR,Oregon,44.7090935179354,-117.675629967357,2022,16912,365,283,79,3,0,0,0,124,59,32,0,0,365,0,100.0,3,0.821917808219178,14.5,Current Asthma,12.2,True
41003,Corvallis,Benton,OR,Oregon,44.4917515043312,-123.429453836484,2022,97713,206,183,23,0,0,0,0,68,52,21,0,0,206,0,56.43835616438356,0,0.0,11.3,COPD,5.7,True
41003,Corvallis,Benton,OR,Oregon,44.4917515043312,-123.429453836484,2022,97713,206,183,23,0,0,0,0,68,52,21,0,0,206,0,56.43835616438356,0,0.0,11.3,Current Asthma,11.7,True
41005,Milwaukie,Clackamas,OR,Oregon,45.1879549116315,-122.22022493442,2022,423173,364,286,73,3,2,0,0,168,61,33,0,135,229,0,99.72602739726028,5,1.3736263736263736,10.6,COPD,5.0,True
41005,Milwaukie,Clackamas,OR,Oregon,45.1879549116315,-122.22022493442,2022,423173,364,286,73,3,2,0,0,168,61,33,0,135,229,0,99.72602739726028,5,1.3736263736263736,10.6,Current Asthma,11.7,True
41009,St. Helens,Columbia,OR,Oregon,45.9437953031149,-123.088290084519,2022,53880,362,293,66,1,2,0,0,162,56,31,0,109,253,0,99.17808219178083,3,0.8287292817679558,14.4,COPD,6.4,True
41009,St. Helens,Columbia,OR,Oregon,45.9437953031149,-123.088290084519,2022,53880,362,293,66,1,2,0,0,162,56,31,0,109,253,0,99.17808219178083,3,0.8287292817679558,14.4,Current Asthma,12.3,True
41013,Prineville,Crook,OR,Oregon,44.1422197715871,-120.356406409534,2022,26952,359,288,69,2,0,0,0,128,58,24,0,0,359,0,98.35616438356163,2,0.5571030640668524,13.4,COPD,6.2,True
41013,Prineville,Crook,OR,Oregon,44.1422197715871,-120.356406409534,2022,26952,359,288,69,2,0,0,0,128,58,24,0,0,359,0,98.35616438356163,2,0.5571030640668524,13.4,Current Asthma,12.2,True
41017,Bend,Deschutes,OR,Oregon,43.9148299481706,-121.227947893001,2022,208513,365,282,77,2,3,1,0,205,62,23,0,0,365,0,100.0,6,1.643835616438356,10.7,COPD,5.2,True
41017,Bend,Deschutes,OR,Oregon,43.9148299481706,-121.227947893001,2022,208513,365,282,77,2,3,1,0,205,62,23,0,0,365,0,100.0,6,1.643835616438356,10.7,Current Asthma,11.7,True
41023,John Day,Grant,OR,Oregon,44.49127038396,-119.00717682672,2022,7215,365,198,166,1,0,0,0,108,72,46,0,0,365,0,100.0,1,0.273972602739726,15.5,COPD,7.2,True
41023,John Day,Grant,OR,Oregon,44.49127038396,-119.00717682672,2022,7215,365,198,166,1,0,0,0,108,72,46,0,0,365,0,100.0,1,0.273972602739726,15.5,Current Asthma,12.6,True
41025,Burns,Harney,OR,Oregon,43.0639531792171,-118.967996308157,2022,7440,365,226,137,2,0,0,0,114,70,41,0,0,365,0,100.0,2,0.547945205479452,17.0,COPD,8.0,True
41025,Burns,Harney,OR,Oregon,43.0639531792171,-118.967996308157,2022,7440,365,226,137,2,0,0,0,114,70,41,0,0,365,0,100.0,2,0.547945205479452,17.0,Current Asthma,12.9,True
41029,Medford,Jackson,OR,Oregon,42.4320743878599,-122.728689995299,2022,220768,365,211,146,5,3,0,0,165,69,44,0,108,257,0,100.0,8,2.191780821917808,13.4,COPD,6.3,False
41029,Medford,Jackson,OR,Oregon,42.4320743878599,-122.728689995299,2022,220768,365,211,146,5,3,0,0,165,69,44,0,108,257,0,100.0,8,2.191780821917808,13.4,Current Asthma,12.2,False
41031,Madras,Jefferson,OR,Oregon,44.6292962324292,-121.176060060518,2022,25454,365,272,92,1,0,0,0,108,63,26,0,0,365,0,100.0,1,0.273972602739726,15.0,COPD,6.6,True
41031,Madras,Jefferson,OR,Oregon,44.6292962324292,-121.176060060518,2022,25454,365,272,92,1,0,0,0,108,63,26,0,0,365,0,100.0,1,0.273972602739726,15.0,Current Asthma,12.2,True
41033,Grants Pass,Josephine,OR,Oregon,42.365197541393,-123.555531753584,2022,87821,365,208,142,8,6,1,0,252,83,39,0,0,365,0,100.0,15,4.10958904109589,16.4,COPD,7.7,True
41033,Grants Pass,Josephine,OR,Oregon,42.365197541393,-123.555531753584,2022,87821,365,208,142,8,6,1,0,252,83,39,0,0,365,0,100.0,15,4.10958904109589,16.4,Current Asthma,12.7,True
41035,Klamath Falls,Klamath,OR,Oregon,42.686137951648,-121.650013578635,2022,70003,365,222,139,2,2,0,0,163,70,38,0,0,365,0,100.0,4,1.095890410958904,15.7,COPD,7.6,False
41035,Klamath Falls,Klamath,OR,Oregon,42.686137951648,-121.650013578635,2022,70003,365,222,139,2,2,0,0,163,70,38,0,0,365,0,100.0,4,1.095890410958904,15.7,Current Asthma,12.7,False
41037,Lakeview,Lake,OR,Oregon,42.7935852422964,-120.387435251771,2022,8293,365,273,88,4,0,0,0,129,65,25,0,0,364,1,100.0,4,1.095890410958904,16.0,COPD,7.6,True
41037,Lakeview,Lake,OR,Oregon,42.7935852422964,-120.387435251771,2022,8293,365,273,88,4,0,0,0,129,65,25,0,0,364,1,100.0,4,1.095890410958904,16.0,Current Asthma,12.2,True
41043,Albany,Linn,OR,Oregon,44.488641905537,-122.534067367837,2022,131496,365,254,109,2,0,0,0,127,65,33,0,0,365,0,100.0,2,0.547945205479452,14.5,COPD,6.8,True
41043,Albany,Linn,OR,Oregon,44.488641905537,-122.534067367837,2022,131496,365,254,109,2,0,0,0,127,65,33,0,0,365,0,100.0,2,0.547945205479452,14.5,Current Asthma,12.6,True
41047,Salem,Marion,OR,Oregon,44.9033832526733,-122.584363912766,2022,346741,365,254,104,5,2,0,0,168,70,36,0,125,240,0,100.0,7,1.9178082191780823,12.7,COPD,6.4,True
41047,Salem,Marion,OR,Oregon,44.9033832526733,-122.584363912766,2022,346741,365,254,104,5,2,0,0,168,70,36,0,125,240,0,100.0,7,1.9178082191780823,12.7,Current Asthma,12.2,True
41051,Portland,Multnomah,OR,Oregon,45.5465894638221,-122.414965303499,2022,789698,365,266,94,3,2,0,0,165,63,36,0,175,190,0,100.0,5,1.36986301369863,11.7,COPD,5.1,True
41051,Portland,Multnomah,OR,Oregon,45.5465894638221,-122.414965303499,2022,789698,365,266,94,3,2,0,0,165,63,36,0,175,190,0,100.0,5,1.36986301369863,11.7,Current Asthma,11.7,True
41059,Pendleton,Umatilla,OR,Oregon,45.5916095947863,-118.736871879737,2022,80053,365,244,118,3,0,0,0,141,66,39,0,119,246,0,100.0,3,0.821917808219178,14.9,COPD,7.0,True
41059,Pendleton,Umatilla,OR,Oregon,45.5916095947863,-118.736871879737,2022,80053,365,244,118,3,0,0,0,141,66,39,0,119,246,0,100.0,3,0.821917808219178,14.9,Current Asthma,12.0,True
41061,La Grande,Union,OR,Oregon,45.3104778982292,-118.008922920464,2022,25944,361,283,74,4,0,0,0,130,57,28,0,0,360,1,98.9041095890411,4,1.10803324099723,14.7,COPD,7.0,True
41061,La Grande,Union,OR,Oregon,45.3104778982292,-118.008922920464,2022,25944,361,283,74,4,0,0,0,130,57,28,0,0,360,1,98.9041095890411,4,1.10803324099723,14.7,Current Asthma,12.4,True
41063,Enterprise,Wallowa,OR,Oregon,45.5797862976086,-117.180924426367,2022,7674,343,270,65,3,5,0,0,195,58,27,0,0,343,0,93.97260273972603,8,2.3323615160349855,12.3,COPD,5.8,True
41063,Enterprise,Wallowa,OR,Oregon,45.5797862976086,-117.180924426367,2022,7674,343,270,65,3,5,0,0,195,58,27,0,0,343,0,93.97260273972603,8,2.3323615160349855,12.3,Current Asthma,12.1,True
41067,Hillsboro,Washington,OR,Oregon,45.5602759986576,-123.099014709465,2022,598865,365,244,118,1,2,0,0,164,67,37,4,130,231,0,100.0,3,0.821917808219178,9.6,COPD,4.7,True
41067,Hillsboro,Washington,OR,Oregon,45.5602759986576,-123.099014709465,2022,598865,365,244,118,1,2,0,0,164,67,37,4,130,231,0,100.0,3,0.821917808219178,9.6,Current Asthma,11.2,True
44003,Warwick (RR name Apponaug),Kent,RI,Rhode Island,41.6719596394176,-71.5930762695537,2022,171278,358,334,24,0,0,0,0,100,47,31,0,202,156,0,98.08219178082192,0,0.0,12.8,COPD,5.7,True
44003,Warwick (RR name Apponaug),Kent,RI,Rhode Island,41.6719596394176,-71.5930762695537,2022,171278,358,334,24,0,0,0,0,100,47,31,0,202,156,0,98.08219178082192,0,0.0,12.8,Current Asthma,11.8,True
44007,Providence,Providence,RI,Rhode Island,41.8721675208136,-71.5800183935938,2022,660615,365,263,101,1,0,0,0,108,59,43,3,168,193,1,100.0,1,0.273972602739726,12.5,COPD,6.0,True
44007,Providence,Providence,RI,Rhode Island,41.8721675208136,-71.5800183935938,2022,660615,365,263,101,1,0,0,0,108,59,43,3,168,193,1,100.0,1,0.273972602739726,12.5,Current Asthma,12.4,True
44009,Westerly (census name Westerly Center),Washington,RI,Rhode Island,41.4692971384544,-71.6233119991938,2022,129982,356,313,39,3,1,0,0,164,51,36,0,209,147,0,97.53424657534246,4,1.1235955056179776,10.4,COPD,5.1,True
44009,Westerly (census name Westerly Center),Washington,RI,Rhode Island,41.4692971384544,-71.6233119991938,2022,129982,356,313,39,3,1,0,0,164,51,36,0,209,147,0,97.53424657534246,4,1.1235955056179776,10.4,Current Asthma,10.9,True
45003,Aiken,Aiken,SC,South Carolina,33.5443374683199,-81.6346441307113,2022,177130,271,246,25,0,0,0,0,87,50,37,0,271,0,0,74.24657534246575,0,0.0,13.8,COPD,6.1,False
45003,Aiken,Aiken,SC,South Carolina,33.5443374683199,-81.6346441307113,2022,177130,271,246,25,0,0,0,0,87,50,37,0,271,0,0,74.24657534246575,0,0.0,13.8,Current Asthma,9.9,False
45007,Anderson,Anderson,SC,South Carolina,34.5192653476143,-82.6374096675296,2022,213076,246,230,16,0,0,0,0,74,48,39,0,246,0,0,67.3972602739726,0,0.0,14.4,COPD,7.0,False
45007,Anderson,Anderson,SC,South Carolina,34.5192653476143,-82.6374096675296,2022,213076,246,230,16,0,0,0,0,74,48,39,0,246,0,0,67.3972602739726,0,0.0,14.4,Current Asthma,10.2,False
45015,Moncks Corner,Berkeley,SC,South Carolina,33.1975611266692,-79.9522741316224,2022,255217,234,221,13,0,0,0,0,80,49,36,0,234,0,0,64.10958904109589,0,0.0,12.9,COPD,5.7,False
45015,Moncks Corner,Berkeley,SC,South Carolina,33.1975611266692,-79.9522741316224,2022,255217,234,221,13,0,0,0,0,80,49,36,0,234,0,0,64.10958904109589,0,0.0,12.9,Current Asthma,9.5,False
45019,North Charleston,Charleston,SC,South Carolina,32.8342811198518,-79.9524070272339,2022,424367,365,209,156,0,0,0,0,84,59,47,0,70,294,1,100.0,0,0.0,10.6,COPD,5.0,True
45019,North Charleston,Charleston,SC,South Carolina,32.8342811198518,-79.9524070272339,2022,424367,365,209,156,0,0,0,0,84,59,47,0,70,294,1,100.0,0,0.0,10.6,Current Asthma,8.8,True
45031,Darlington,Darlington,SC,South Carolina,34.3325804041033,-79.9574988177176,2022,62416,265,249,16,0,0,0,0,84,47,36,0,265,0,0,72.6027397260274,0,0.0,16.9,COPD,7.9,False
45031,Darlington,Darlington,SC,South Carolina,34.3325804041033,-79.9574988177176,2022,62416,265,249,16,0,0,0,0,84,47,36,0,265,0,0,72.6027397260274,0,0.0,16.9,Current Asthma,10.8,False
45041,Florence,Florence,SC,South Carolina,34.024373011264,-79.702657948417,2022,137214,333,210,123,0,0,0,0,79,59,44,0,0,333,0,91.23287671232877,0,0.0,15.2,COPD,7.0,True
45041,Florence,Florence,SC,South Carolina,34.024373011264,-79.702657948417,2022,137214,333,210,123,0,0,0,0,79,59,44,0,0,333,0,91.23287671232877,0,0.0,15.2,Current Asthma,10.3,True
45045,Greenville,Greenville,SC,South Carolina,34.894356634531,-82.3702811193213,2022,558036,365,179,186,0,0,0,0,97,66,51,0,117,248,0,100.0,0,0.0,11.5,COPD,5.7,True
45045,Greenville,Greenville,SC,South Carolina,34.894356634531,-82.3702811193213,2022,558036,365,179,186,0,0,0,0,97,66,51,0,117,248,0,100.0,0,0.0,11.5,Current Asthma,9.5,True
45051,Conway,Horry,SC,South Carolina,33.9211059885984,-78.9968620963188,2022,397478,263,247,16,0,0,0,0,93,49,38,0,263,0,0,72.05479452054794,0,0.0,15.1,COPD,6.7,False
45051,Conway,Horry,SC,South Carolina,33.9211059885984,-78.9968620963188,2022,397478,263,247,16,0,0,0,0,93,49,38,0,263,0,0,72.05479452054794,0,0.0,15.1,Current Asthma,9.3,False
45063,Cayce,Lexington,SC,South Carolina,33.9025231108699,-81.2723623256015,2022,309528,363,263,100,0,0,0,0,75,55,39,0,0,325,38,99.45205479452055,0,0.0,13.0,COPD,5.9,True
45063,Cayce,Lexington,SC,South Carolina,33.9025231108699,-81.2723623256015,2022,309528,363,263,100,0,0,0,0,75,55,39,0,0,325,38,99.45205479452055,0,0.0,13.0,Current Asthma,9.3,True
45079,Columbia,Richland,SC,South Carolina,34.0213194825565,-80.9030347855872,2022,425138,365,265,100,0,0,0,0,93,56,43,5,196,164,0,100.0,0,0.0,11.9,COPD,5.7,True
45079,Columbia,Richland,SC,South Carolina,34.0213194825565,-80.9030347855872,2022,425138,365,265,100,0,0,0,0,93,56,43,5,196,164,0,100.0,0,0.0,11.9,Current Asthma,9.9,True
45083,Spartanburg,Spartanburg,SC,South Carolina,34.9311754038617,-81.9908502250107,2022,356698,363,206,157,0,0,0,0,87,61,47,0,120,243,0,99.45205479452055,0,0.0,14.4,COPD,6.7,True
45083,Spartanburg,Spartanburg,SC,South Carolina,34.9311754038617,-81.9908502250107,2022,356698,363,206,157,0,0,0,0,87,61,47,0,120,243,0,99.45205479452055,0,0.0,14.4,Current Asthma,9.7,True
45091,Rock Hill,York,SC,South Carolina,34.9748106049519,-81.1845207722132,2022,298320,363,253,109,1,0,0,0,126,58,44,0,170,193,0,99.45205479452055,1,0.27548209366391185,11.1,COPD,5.3,True
45091,Rock Hill,York,SC,South Carolina,34.9748106049519,-81.1845207722132,2022,298320,363,253,109,1,0,0,0,126,58,44,0,170,193,0,99.45205479452055,1,0.27548209366391185,11.1,Current Asthma,9.3,True
46011,Brookings,Brookings,SD,South Dakota,44.3697353711852,-96.7905861883825,2022,35980,364,320,44,0,0,0,0,87,54,36,0,266,54,44,99.72602739726028,0,0.0,12.9,COPD,5.5,True
46011,Brookings,Brookings,SD,South Dakota,44.3697353711852,-96.7905861883825,2022,35980,364,320,44,0,0,0,0,87,54,36,0,266,54,44,99.72602739726028,0,0.0,12.9,Current Asthma,9.7,True
46013,Aberdeen,Brown,SD,South Dakota,45.5898044620952,-98.351577212034,2022,37733,350,325,25,0,0,0,0,93,45,23,0,0,211,139,95.8904109589041,0,0.0,14.7,COPD,5.4,False
46013,Aberdeen,Brown,SD,South Dakota,45.5898044620952,-98.351577212034,2022,37733,350,325,25,0,0,0,0,93,45,23,0,0,211,139,95.8904109589041,0,0.0,14.7,Current Asthma,9.8,False
46029,Watertown,Codington,SD,South Dakota,44.9776548156647,-97.1886093764611,2022,28971,365,285,79,1,0,0,0,101,58,41,0,205,128,32,100.0,1,0.273972602739726,16.8,COPD,6.1,True
46029,Watertown,Codington,SD,South Dakota,44.9776548156647,-97.1886093764611,2022,28971,365,285,79,1,0,0,0,101,58,41,0,205,128,32,100.0,1,0.273972602739726,16.8,Current Asthma,10.4,True
46099,Sioux Falls,Minnehaha,SD,South Dakota,43.6741571506483,-96.791470048829,2022,206930,365,300,64,1,0,0,0,105,57,39,0,265,79,21,100.0,1,0.273972602739726,14.1,COPD,5.3,True
46099,Sioux Falls,Minnehaha,SD,South Dakota,43.6741571506483,-96.791470048829,2022,206930,365,300,64,1,0,0,0,105,57,39,0,265,79,21,100.0,1,0.273972602739726,14.1,Current Asthma,9.7,True
46103,Rapid City,Pennington,SD,South Dakota,44.0038768351285,-102.823909570925,2022,115903,363,238,123,2,0,0,0,116,69,40,13,0,196,154,99.45205479452055,2,0.5509641873278237,15.4,COPD,5.6,True
46103,Rapid City,Pennington,SD,South Dakota,44.0038768351285,-102.823909570925,2022,115903,363,238,123,2,0,0,0,116,69,40,13,0,196,154,99.45205479452055,2,0.5509641873278237,15.4,Current Asthma,10.3,True
47001,Oak Ridge,Anderson,TN,Tennessee,36.1186771576853,-84.199285311983,2022,80234,245,228,17,0,0,0,0,80,48,39,0,245,0,0,67.12328767123287,0,0.0,18.9,COPD,7.9,True
47001,Oak Ridge,Anderson,TN,Tennessee,36.1186771576853,-84.199285311983,2022,80234,245,228,17,0,0,0,0,80,48,39,0,245,0,0,67.12328767123287,0,0.0,18.9,Current Asthma,10.8,True
47009,Alcoa,Blount,TN,Tennessee,35.6867307924373,-83.9253119882998,2022,141456,365,238,126,1,0,0,0,115,58,45,0,169,196,0,100.0,1,0.273972602739726,17.0,COPD,7.3,True
47009,Alcoa,Blount,TN,Tennessee,35.6867307924373,-83.9253119882998,2022,141456,365,238,126,1,0,0,0,115,58,45,0,169,196,0,100.0,1,0.273972602739726,17.0,Current Asthma,10.6,True
47037,Nashville,Davidson,TN,Tennessee,36.1693282530084,-86.7844516139432,2022,712334,365,169,194,2,0,0,0,143,66,51,5,70,290,0,100.0,2,0.547945205479452,14.2,COPD,6.3,True
47037,Nashville,Davidson,TN,Tennessee,36.1693282530084,-86.7844516139432,2022,712334,365,169,194,2,0,0,0,143,66,51,5,70,290,0,100.0,2,0.547945205479452,14.2,Current Asthma,10.6,True
47045,Dyersburg,Dyer,TN,Tennessee,36.0594847370705,-89.413255123987,2022,36498,356,258,97,1,0,0,0,102,56,39,0,0,356,0,97.53424657534246,1,0.2808988764044944,20.5,COPD,8.8,True
47045,Dyersburg,Dyer,TN,Tennessee,36.0594847370705,-89.413255123987,2022,36498,356,258,97,1,0,0,0,102,56,39,0,0,356,0,97.53424657534246,1,0.2808988764044944,20.5,Current Asthma,11.5,True
47065,Chattanooga,Hamilton,TN,Tennessee,35.1812133560926,-85.1641327091536,2022,379864,341,169,171,1,0,0,0,105,66,51,0,87,254,0,93.42465753424658,1,0.2932551319648094,15.7,COPD,6.7,True
47065,Chattanooga,Hamilton,TN,Tennessee,35.1812133560926,-85.1641327091536,2022,379864,341,169,171,1,0,0,0,105,66,51,0,87,254,0,93.42465753424658,1,0.2932551319648094,15.7,Current Asthma,11.1,True
47089,New Market,Jefferson,TN,Tennessee,36.05086022055,-83.4467028415514,2022,57838,244,219,25,0,0,0,0,87,51,41,0,244,0,0,66.84931506849315,0,0.0,18.5,COPD,7.9,True
47089,New Market,Jefferson,TN,Tennessee,36.05086022055,-83.4467028415514,2022,57838,244,219,25,0,0,0,0,87,51,41,0,244,0,0,66.84931506849315,0,0.0,18.5,Current Asthma,11.0,True
47093,Knoxville,Knox,TN,Tennessee,35.9931595301704,-83.9374331556164,2022,500669,365,185,180,0,0,0,0,77,63,49,0,77,288,0,100.0,0,0.0,15.7,COPD,6.8,True
47093,Knoxville,Knox,TN,Tennessee,35.9931595301704,-83.9374331556164,2022,500669,365,185,180,0,0,0,0,77,63,49,0,77,288,0,100.0,0,0.0,15.7,Current Asthma,10.6,True
47099,Loretto,Lawrence,TN,Tennessee,35.2173290015161,-87.3957124386779,2022,46114,351,306,45,0,0,0,0,82,53,26,0,0,351,0,96.16438356164385,0,0.0,21.7,COPD,9.6,True
47099,Loretto,Lawrence,TN,Tennessee,35.2173290015161,-87.3957124386779,2022,46114,351,306,45,0,0,0,0,82,53,26,0,0,351,0,96.16438356164385,0,0.0,21.7,Current Asthma,11.3,True
47105,Loudon,Loudon,TN,Tennessee,35.7351546299953,-84.3109570879841,2022,60591,365,303,62,0,0,0,0,77,53,39,0,142,223,0,100.0,0,0.0,16.7,COPD,7.2,True
47105,Loudon,Loudon,TN,Tennessee,35.7351546299953,-84.3109570879841,2022,60591,365,303,62,0,0,0,0,77,53,39,0,142,223,0,100.0,0,0.0,16.7,Current Asthma,10.5,True
47113,Jackson,Madison,TN,Tennessee,35.608117346519,-88.8383732518768,2022,99193,359,245,113,1,0,0,0,102,58,41,0,0,359,0,98.35616438356163,1,0.2785515320334262,19.1,COPD,7.9,True
47113,Jackson,Madison,TN,Tennessee,35.608117346519,-88.8383732518768,2022,99193,359,245,113,1,0,0,0,102,58,41,0,0,359,0,98.35616438356163,1,0.2785515320334262,19.1,Current Asthma,11.6,True
47119,Columbia,Maury,TN,Tennessee,35.6172345332644,-87.0773669736942,2022,110760,344,282,62,0,0,0,0,82,54,33,0,0,344,0,94.24657534246576,0,0.0,16.4,COPD,6.8,True
47119,Columbia,Maury,TN,Tennessee,35.6172345332644,-87.0773669736942,2022,110760,344,282,62,0,0,0,0,82,54,33,0,0,344,0,94.24657534246576,0,0.0,16.4,Current Asthma,10.7,True
47107,Athens,McMinn,TN,Tennessee,35.4249726546414,-84.6172948206677,2022,55678,357,233,124,0,0,0,0,73,56,41,0,0,357,0,97.80821917808218,0,0.0,20.2,COPD,8.6,True
47107,Athens,McMinn,TN,Tennessee,35.4249726546414,-84.6172948206677,2022,55678,357,233,124,0,0,0,0,73,56,41,0,0,357,0,97.80821917808218,0,0.0,20.2,Current Asthma,11.2,True
47125,Clarksville,Montgomery,TN,Tennessee,36.4969867160053,-87.3824869108928,2022,239872,359,280,79,0,0,0,0,87,55,36,0,0,359,0,98.35616438356163,0,0.0,15.7,COPD,6.5,True
47125,Clarksville,Montgomery,TN,Tennessee,36.4969867160053,-87.3824869108928,2022,239872,359,280,79,0,0,0,0,87,55,36,0,0,359,0,98.35616438356163,0,0.0,15.7,Current Asthma,10.7,True
47141,Cookeville,Putnam,TN,Tennessee,36.1410192724133,-85.4952222663883,2022,83844,347,289,58,0,0,0,0,81,53,32,0,0,347,0,95.06849315068493,0,0.0,18.8,COPD,8.4,True
47141,Cookeville,Putnam,TN,Tennessee,36.1410192724133,-85.4952222663883,2022,83844,347,289,58,0,0,0,0,81,53,32,0,0,347,0,95.06849315068493,0,0.0,18.8,Current Asthma,10.9,True
47145,Rockwood,Roane,TN,Tennessee,35.8476810839308,-84.523444001418,2022,56096,340,273,66,0,1,0,0,162,55,36,0,0,340,0,93.15068493150685,1,0.29411764705882354,19.4,COPD,8.2,True
47145,Rockwood,Roane,TN,Tennessee,35.8476810839308,-84.523444001418,2022,56096,340,273,66,0,1,0,0,162,55,36,0,0,340,0,93.15068493150685,1,0.29411764705882354,19.4,Current Asthma,11.0,True
47155,Pigeon Forge,Sevier,TN,Tennessee,35.7845235705613,-83.5246779154175,2022,99415,310,262,48,0,0,0,0,93,54,44,0,310,0,0,84.93150684931507,0,0.0,19.0,COPD,8.2,True
47155,Pigeon Forge,Sevier,TN,Tennessee,35.7845235705613,-83.5246779154175,2022,99415,310,262,48,0,0,0,0,93,54,44,0,310,0,0,84.93150684931507,0,0.0,19.0,Current Asthma,10.8,True
47157,Memphis,Shelby,TN,Tennessee,35.1842443143079,-89.8940926518089,2022,910042,365,224,131,8,2,0,0,159,69,46,6,184,174,1,100.0,10,2.73972602739726,17.3,COPD,7.3,True
47157,Memphis,Shelby,TN,Tennessee,35.1842443143079,-89.8940926518089,2022,910042,365,224,131,8,2,0,0,159,69,46,6,184,174,1,100.0,10,2.73972602739726,17.3,Current Asthma,11.7,True
47163,Kingsport,Sullivan,TN,Tennessee,36.5129258294869,-82.3045585275936,2022,162135,364,299,65,0,0,0,0,87,54,40,0,174,190,0,99.72602739726028,0,0.0,19.7,COPD,8.3,True
47163,Kingsport,Sullivan,TN,Tennessee,36.5129258294869,-82.3045585275936,2022,162135,364,299,65,0,0,0,0,87,54,40,0,174,190,0,99.72602739726028,0,0.0,19.7,Current Asthma,11.3,True
47165,Gallatin,Sumner,TN,Tennessee,36.4689167276957,-86.4607991890573,2022,207994,358,249,108,1,0,0,0,147,58,42,0,143,215,0,98.08219178082192,1,0.27932960893854747,15.3,COPD,6.5,True
47165,Gallatin,Sumner,TN,Tennessee,36.4689167276957,-86.4607991890573,2022,207994,358,249,108,1,0,0,0,147,58,42,0,143,215,0,98.08219178082192,1,0.27932960893854747,15.3,Current Asthma,10.7,True
47187,Franklin,Williamson,TN,Tennessee,35.8940837311549,-86.8989340383962,2022,264460,244,209,33,2,0,0,0,122,54,41,0,244,0,0,66.84931506849315,2,0.819672131147541,10.1,COPD,4.5,True
47187,Franklin,Williamson,TN,Tennessee,35.8940837311549,-86.8989340383962,2022,264460,244,209,33,2,0,0,0,122,54,41,0,244,0,0,66.84931506849315,2,0.819672131147541,10.1,Current Asthma,9.8,True
47189,Lebanon,Wilson,TN,Tennessee,36.1542947750391,-86.2966144804247,2022,163674,242,221,20,1,0,0,0,122,49,39,0,242,0,0,66.3013698630137,1,0.4132231404958678,14.2,COPD,6.0,True
47189,Lebanon,Wilson,TN,Tennessee,36.1542947750391,-86.2966144804247,2022,163674,242,221,20,1,0,0,0,122,49,39,0,242,0,0,66.3013698630137,1,0.4132231404958678,14.2,Current Asthma,10.4,True
48013,Lytle,Atascosa,TX,Texas,28.8935255788909,-98.5272274832312,2022,51784,356,218,136,2,0,0,0,115,62,44,0,0,356,0,97.53424657534246,2,0.5617977528089888,13.8,COPD,5.8,False
48013,Lytle,Atascosa,TX,Texas,28.8935255788909,-98.5272274832312,2022,51784,356,218,136,2,0,0,0,115,62,44,0,0,356,0,97.53424657534246,2,0.5617977528089888,13.8,Current Asthma,9.2,False
48027,Temple,Bell,TX,Texas,31.0373016000356,-97.4786872418696,2022,393193,365,241,121,3,0,0,0,129,73,46,0,246,119,0,100.0,3,0.821917808219178,13.6,COPD,6.0,True
48027,Temple,Bell,TX,Texas,31.0373016000356,-97.4786872418696,2022,393193,365,241,121,3,0,0,0,129,73,46,0,246,119,0,100.0,3,0.821917808219178,13.6,Current Asthma,10.7,True
48029,San Antonio,Bexar,TX,Texas,29.4490016256298,-98.5198676417665,2022,2087679,365,116,236,12,0,1,0,214,80,55,0,105,259,1,100.0,13,3.5616438356164384,12.3,COPD,5.0,True
48029,San Antonio,Bexar,TX,Texas,29.4490016256298,-98.5198676417665,2022,2087679,365,116,236,12,0,1,0,214,80,55,0,105,259,1,100.0,13,3.5616438356164384,12.3,Current Asthma,9.0,True
48037,Texarkana,Bowie,TX,Texas,33.4470642499379,-94.423819006715,2022,91687,349,144,205,0,0,0,0,99,65,52,0,0,349,0,95.61643835616438,0,0.0,16.3,COPD,7.1,True
48037,Texarkana,Bowie,TX,Texas,33.4470642499379,-94.423819006715,2022,91687,349,144,205,0,0,0,0,99,65,52,0,0,349,0,95.61643835616438,0,0.0,16.3,Current Asthma,10.9,True
48039,Clute (corporate name for Clute City),Brazoria,TX,Texas,29.1895857693754,-95.4512838215283,2022,398938,365,311,46,8,0,0,0,119,61,35,5,360,0,0,100.0,8,2.191780821917808,11.3,COPD,4.8,True
48039,Clute (corporate name for Clute City),Brazoria,TX,Texas,29.1895857693754,-95.4512838215283,2022,398938,365,311,46,8,0,0,0,119,61,35,5,360,0,0,100.0,8,2.191780821917808,11.3,Current Asthma,9.3,True
48041,Bryan,Brazos,TX,Texas,30.6610052325894,-96.3023043130741,2022,244703,345,251,94,0,0,0,0,94,55,40,0,0,345,0,94.52054794520548,0,0.0,13.8,COPD,6.3,False
48041,Bryan,Brazos,TX,Texas,30.6610052325894,-96.3023043130741,2022,244703,345,251,94,0,0,0,0,94,55,40,0,0,345,0,94.52054794520548,0,0.0,13.8,Current Asthma,9.8,False
48043,Alpine,Brewster,TX,Texas,29.8117853874334,-103.252136974717,2022,9513,357,266,91,0,0,0,0,87,58,42,0,255,102,0,97.80821917808218,0,0.0,10.3,COPD,4.5,True
48043,Alpine,Brewster,TX,Texas,29.8117853874334,-103.252136974717,2022,9513,357,266,91,0,0,0,0,87,58,42,0,255,102,0,97.80821917808218,0,0.0,10.3,Current Asthma,9.0,True
48061,Brownsville,Cameron,TX,Texas,26.1339963074045,-97.5145766684894,2022,426710,365,191,171,3,0,0,0,120,70,48,0,92,273,0,100.0,3,0.821917808219178,13.6,COPD,5.9,True
48061,Brownsville,Cameron,TX,Texas,26.1339963074045,-97.5145766684894,2022,426710,365,191,171,3,0,0,0,120,70,48,0,92,273,0,100.0,3,0.821917808219178,13.6,Current Asthma,8.7,True
48085,Frisco,Collin,TX,Texas,33.1879491136514,-96.5724094886701,2022,1195359,359,289,63,7,0,0,0,143,71,40,0,359,0,0,98.35616438356163,7,1.9498607242339834,9.0,COPD,4.0,True
48085,Frisco,Collin,TX,Texas,33.1879491136514,-96.5724094886701,2022,1195359,359,289,63,7,0,0,0,143,71,40,0,359,0,0,98.35616438356163,7,1.9498607242339834,9.0,Current Asthma,8.8,True
48113,Dallas,Dallas,TX,Texas,32.7665843308618,-96.7778014946126,2022,2606358,365,164,184,17,0,0,0,148,74,52,12,145,207,1,100.0,17,4.657534246575342,12.5,COPD,5.5,True
48113,Dallas,Dallas,TX,Texas,32.7665843308618,-96.7778014946126,2022,2606358,365,164,184,17,0,0,0,148,74,52,12,145,207,1,100.0,17,4.657534246575342,12.5,Current Asthma,9.7,True
48135,Odessa,Ector,TX,Texas,31.8691061601852,-102.542980507933,2022,164494,360,266,94,0,0,0,0,94,58,37,0,0,360,0,98.63013698630137,0,0.0,14.2,COPD,5.9,True
48135,Odessa,Ector,TX,Texas,31.8691061601852,-102.542980507933,2022,164494,360,266,94,0,0,0,0,94,58,37,0,0,360,0,98.63013698630137,0,0.0,14.2,Current Asthma,9.2,True
48139,Midlothian,Ellis,TX,Texas,32.348352446173,-96.7947622892569,2022,222829,364,311,53,0,0,0,0,97,54,38,6,317,41,0,99.72602739726028,0,0.0,12.5,COPD,5.3,True
48139,Midlothian,Ellis,TX,Texas,32.348352446173,-96.7947622892569,2022,222829,364,311,53,0,0,0,0,97,54,38,6,317,41,0,99.72602739726028,0,0.0,12.5,Current Asthma,10.0,True
48167,Texas City,Galveston,TX,Texas,29.3894859342215,-94.9597574835982,2022,361744,365,236,122,6,1,0,0,159,66,46,0,184,181,0,100.0,7,1.9178082191780823,12.3,COPD,5.3,True
48167,Texas City,Galveston,TX,Texas,29.3894859342215,-94.9597574835982,2022,361744,365,236,122,6,1,0,0,159,66,46,0,184,181,0,100.0,7,1.9178082191780823,12.3,Current Asthma,9.8,True
48183,Longview,Gregg,TX,Texas,32.4804256310109,-94.8172129149567,2022,126243,365,329,35,1,0,0,0,143,50,35,2,363,0,0,100.0,1,0.273972602739726,15.7,COPD,6.9,True
48183,Longview,Gregg,TX,Texas,32.4804256310109,-94.8172129149567,2022,126243,365,329,35,1,0,0,0,143,50,35,2,363,0,0,100.0,1,0.273972602739726,15.7,Current Asthma,10.7,True
48203,Hallsville,Harrison,TX,Texas,32.5484333627484,-94.3711940178342,2022,70895,328,164,159,4,1,0,0,181,64,51,1,110,217,0,89.86301369863014,5,1.524390243902439,15.7,COPD,6.9,True
48203,Hallsville,Harrison,TX,Texas,32.5484333627484,-94.3711940178342,2022,70895,328,164,159,4,1,0,0,181,64,51,1,110,217,0,89.86301369863014,5,1.524390243902439,15.7,Current Asthma,10.8,True
48215,McAllen,Hidalgo,TX,Texas,26.3966846914573,-98.1813849534075,2022,898471,365,197,165,3,0,0,0,136,70,49,0,103,262,0,100.0,3,0.821917808219178,13.8,COPD,6.0,True
48215,McAllen,Hidalgo,TX,Texas,26.3966846914573,-98.1813849534075,2022,898471,365,197,165,3,0,0,0,136,70,49,0,103,262,0,100.0,3,0.821917808219178,13.8,Current Asthma,8.7,True
48221,Granbury,Hood,TX,Texas,32.4300324854854,-97.832107492052,2022,67774,360,295,54,11,0,0,0,150,64,38,0,360,0,0,98.63013698630137,11,3.0555555555555554,12.4,COPD,5.5,True
48221,Granbury,Hood,TX,Texas,32.4300324854854,-97.832107492052,2022,67774,360,295,54,11,0,0,0,150,64,38,0,360,0,0,98.63013698630137,11,3.0555555555555554,12.4,Current Asthma,9.9,True
48231,Greenville,Hunt,TX,Texas,33.1236261404321,-96.0854636520971,2022,113347,358,330,28,0,0,0,0,97,50,36,5,353,0,0,98.08219178082192,0,0.0,15.4,COPD,6.7,True
48231,Greenville,Hunt,TX,Texas,33.1236261404321,-96.0854636520971,2022,113347,358,330,28,0,0,0,0,97,50,36,5,353,0,0,98.08219178082192,0,0.0,15.4,Current Asthma,10.3,True
48245,Port Arthur,Jefferson,TX,Texas,29.8838681845397,-94.1629669978283,2022,251496,365,203,157,5,0,0,0,129,66,48,0,117,248,0,100.0,5,1.36986301369863,16.2,COPD,7.0,True
48245,Port Arthur,Jefferson,TX,Texas,29.8838681845397,-94.1629669978283,2022,251496,365,203,157,5,0,0,0,129,66,48,0,117,248,0,100.0,5,1.36986301369863,16.2,Current Asthma,10.6,True
48251,Cleburne,Johnson,TX,Texas,32.378886664573,-97.3667838831373,2022,202906,362,281,67,13,1,0,0,156,74,41,0,362,0,0,99.17808219178083,14,3.867403314917127,14.3,COPD,6.2,True
48251,Cleburne,Johnson,TX,Texas,32.378886664573,-97.3667838831373,2022,202906,362,281,67,13,1,0,0,156,74,41,0,362,0,0,99.17808219178083,14,3.867403314917127,14.3,Current Asthma,10.2,True
48257,Terrell,Kaufman,TX,Texas,32.5994523477795,-96.2878987392596,2022,185690,365,252,110,3,0,0,0,112,62,44,1,216,148,0,100.0,3,0.821917808219178,13.7,COPD,5.9,True
48257,Terrell,Kaufman,TX,Texas,32.5994523477795,-96.2878987392596,2022,185690,365,252,110,3,0,0,0,112,62,44,1,216,148,0,100.0,3,0.821917808219178,13.7,Current Asthma,10.4,True
48273,Corpus Christi,Kleberg,TX,Texas,27.4313553016512,-97.7241429287968,2022,30069,347,196,147,4,0,0,0,133,65,47,0,0,347,0,95.06849315068493,4,1.1527377521613833,13.9,COPD,5.8,True
48273,Corpus Christi,Kleberg,TX,Texas,27.4313553016512,-97.7241429287968,2022,30069,347,196,147,4,0,0,0,133,65,47,0,0,347,0,95.06849315068493,4,1.1527377521613833,13.9,Current Asthma,9.1,True
48303,Lubbock,Lubbock,TX,Texas,33.6101840470101,-101.820518052289,2022,320940,347,300,45,2,0,0,0,138,54,26,0,0,347,0,95.06849315068493,2,0.5763688760806917,13.7,COPD,6.0,True
48303,Lubbock,Lubbock,TX,Texas,33.6101840470101,-101.820518052289,2022,320940,347,300,45,2,0,0,0,138,54,26,0,0,347,0,95.06849315068493,2,0.5763688760806917,13.7,Current Asthma,9.7,True
48323,Eagle Pass,Maverick,TX,Texas,28.7428098080627,-100.314712849435,2022,57762,349,256,92,1,0,0,0,107,62,36,0,0,349,0,95.61643835616438,1,0.28653295128939826,14.8,COPD,5.7,True
48323,Eagle Pass,Maverick,TX,Texas,28.7428098080627,-100.314712849435,2022,57762,349,256,92,1,0,0,0,107,62,36,0,0,349,0,95.61643835616438,1,0.28653295128939826,14.8,Current Asthma,8.9,True
48309,Waco,McLennan,TX,Texas,31.5524344159356,-97.2019674339833,2022,268583,364,209,155,0,0,0,0,100,64,48,0,122,239,0,99.72602739726028,0,0.0,14.5,COPD,6.5,True
48309,Waco,McLennan,TX,Texas,31.5524344159356,-97.2019674339833,2022,268583,364,209,155,0,0,0,0,100,64,48,0,122,239,0,99.72602739726028,0,0.0,14.5,Current Asthma,10.4,True
48339,Conroe,Montgomery,TX,Texas,30.300104861884,-95.5030644811264,2022,711354,364,175,183,6,0,0,0,126,71,51,1,137,226,0,99.72602739726028,6,1.6483516483516485,11.6,COPD,5.1,True
48339,Conroe,Montgomery,TX,Texas,30.300104861884,-95.5030644811264,2022,711354,364,175,183,6,0,0,0,126,71,51,1,137,226,0,99.72602739726028,6,1.6483516483516485,11.6,Current Asthma,9.5,True
48349,Corsicana,Navarro,TX,Texas,32.0468217387349,-96.4726518605146,2022,55635,364,242,121,1,0,0,0,101,64,44,3,205,156,0,99.72602739726028,1,0.27472527472527475,17.1,COPD,7.6,True
48349,Corsicana,Navarro,TX,Texas,32.0468217387349,-96.4726518605146,2022,55635,364,242,121,1,0,0,0,101,64,44,3,205,156,0,99.72602739726028,1,0.27472527472527475,17.1,Current Asthma,10.6,True
48355,Corpus Christi,Nueces,TX,Texas,27.7254870706267,-97.6111268939581,2022,352289,365,208,155,2,0,0,0,106,65,47,0,117,248,0,100.0,2,0.547945205479452,13.4,COPD,5.5,True
48355,Corpus Christi,Nueces,TX,Texas,27.7254870706267,-97.6111268939581,2022,352289,365,208,155,2,0,0,0,106,65,47,0,117,248,0,100.0,2,0.547945205479452,13.4,Current Asthma,9.3,True
48361,Orange,Orange,TX,Texas,30.1213657594066,-93.8937229414499,2022,85722,365,247,116,2,0,0,0,108,60,43,3,123,239,0,100.0,2,0.547945205479452,15.8,COPD,6.9,True
48361,Orange,Orange,TX,Texas,30.1213657594066,-93.8937229414499,2022,85722,365,247,116,2,0,0,0,108,60,43,3,123,239,0,100.0,2,0.547945205479452,15.8,Current Asthma,10.6,True
48367,Weatherford,Parker,TX,Texas,32.7776961767337,-97.8050287184467,2022,173494,358,290,54,14,0,0,0,147,67,40,0,358,0,0,98.08219178082192,14,3.910614525139665,12.7,COPD,5.5,True
48367,Weatherford,Parker,TX,Texas,32.7776961767337,-97.8050287184467,2022,173494,358,290,54,14,0,0,0,147,67,40,0,358,0,0,98.08219178082192,14,3.910614525139665,12.7,Current Asthma,10.0,True
48375,Amarillo,Potter,TX,Texas,35.4012969967097,-101.893935555114,2022,114647,359,312,46,1,0,0,0,108,53,31,0,0,359,0,98.35616438356163,1,0.2785515320334262,17.5,COPD,7.7,True
48375,Amarillo,Potter,TX,Texas,35.4012969967097,-101.893935555114,2022,114647,359,312,46,1,0,0,0,108,53,31,0,0,359,0,98.35616438356163,1,0.2785515320334262,17.5,Current Asthma,10.1,True
48397,Rockwall,Rockwall,TX,Texas,32.8977739436621,-96.407903561199,2022,131307,360,339,21,0,0,0,0,100,47,34,0,360,0,0,98.63013698630137,0,0.0,9.7,COPD,4.2,True
48397,Rockwall,Rockwall,TX,Texas,32.8977739436621,-96.407903561199,2022,131307,360,339,21,0,0,0,0,100,47,34,0,360,0,0,98.63013698630137,0,0.0,9.7,Current Asthma,9.6,True
48423,Tyler,Smith,TX,Texas,32.3753231431175,-95.2689903320297,2022,245209,363,289,68,6,0,0,0,122,64,40,19,344,0,0,99.45205479452055,6,1.6528925619834711,14.0,COPD,6.2,True
48423,Tyler,Smith,TX,Texas,32.3753231431175,-95.2689903320297,2022,245209,363,289,68,6,0,0,0,122,64,40,19,344,0,0,99.45205479452055,6,1.6528925619834711,14.0,Current Asthma,10.5,True
48453,Austin,Travis,TX,Texas,30.3346898284573,-97.7818425836313,2022,1334961,365,178,180,7,0,0,0,129,77,51,4,136,225,0,100.0,7,1.9178082191780823,9.3,COPD,4.2,True
48453,Austin,Travis,TX,Texas,30.3346898284573,-97.7818425836313,2022,1334961,365,178,180,7,0,0,0,129,77,51,4,136,225,0,100.0,7,1.9178082191780823,9.3,Current Asthma,9.1,True
48469,Victoria,Victoria,TX,Texas,28.7963664329227,-96.971246868266,2022,91664,354,342,12,0,0,0,0,74,46,30,0,354,0,0,96.98630136986301,0,0.0,14.2,COPD,6.1,True
48469,Victoria,Victoria,TX,Texas,28.7963664329227,-96.971246868266,2022,91664,354,342,12,0,0,0,0,74,46,30,0,354,0,0,96.98630136986301,0,0.0,14.2,Current Asthma,9.7,True
48479,Laredo,Webb,TX,Texas,27.7610056449314,-99.3318735340826,2022,269148,361,215,144,2,0,0,0,114,69,45,0,27,329,5,98.9041095890411,2,0.554016620498615,13.1,COPD,5.2,True
48479,Laredo,Webb,TX,Texas,27.7610056449314,-99.3318735340826,2022,269148,361,215,144,2,0,0,0,114,69,45,0,27,329,5,98.9041095890411,2,0.554016620498615,13.1,Current Asthma,8.6,True
49003,Brigham City,Box Elder,UT,Utah,41.5209589223232,-113.082107285331,2022,62684,281,266,15,0,0,0,0,90,47,35,16,265,0,0,76.98630136986301,0,0.0,9.9,COPD,5.4,True
49003,Brigham City,Box Elder,UT,Utah,41.5209589223232,-113.082107285331,2022,62684,281,266,15,0,0,0,0,90,47,35,16,265,0,0,76.98630136986301,0,0.0,9.9,Current Asthma,11.1,True
49005,Logan,Cache,UT,Utah,41.7226445365922,-111.743483739653,2022,142393,365,223,135,6,1,0,0,155,71,46,0,208,157,0,100.0,7,1.9178082191780823,9.1,COPD,5.3,True
49005,Logan,Cache,UT,Utah,41.7226445365922,-111.743483739653,2022,142393,365,223,135,6,1,0,0,155,71,46,0,208,157,0,100.0,7,1.9178082191780823,9.1,Current Asthma,10.4,True
49007,Price,Carbon,UT,Utah,39.6480541147278,-110.589301278449,2022,20609,364,321,43,0,0,0,0,74,52,43,1,336,27,0,99.72602739726028,0,0.0,12.3,COPD,6.6,True
49007,Price,Carbon,UT,Utah,39.6480541147278,-110.589301278449,2022,20609,364,321,43,0,0,0,0,74,52,43,1,336,27,0,99.72602739726028,0,0.0,12.3,Current Asthma,11.7,True
49011,Bountiful,Davis,UT,Utah,40.9899407464569,-112.111626456113,2022,373207,365,210,145,10,0,0,0,147,84,47,25,248,92,0,100.0,10,2.73972602739726,7.4,COPD,4.3,False
49011,Bountiful,Davis,UT,Utah,40.9899407464569,-112.111626456113,2022,373207,365,210,145,10,0,0,0,147,84,47,25,248,92,0,100.0,10,2.73972602739726,7.4,Current Asthma,10.9,False
49013,Roosevelt,Duchesne,UT,Utah,40.298103934115,-110.425966057871,2022,20477,365,223,138,3,1,0,0,177,72,48,0,301,58,6,100.0,4,1.095890410958904,11.8,COPD,6.5,True
49013,Roosevelt,Duchesne,UT,Utah,40.298103934115,-110.425966057871,2022,20477,365,223,138,3,1,0,0,177,72,48,0,301,58,6,100.0,4,1.095890410958904,11.8,Current Asthma,11.3,True
49017,Escalante,Garfield,UT,Utah,37.854674848731,-111.443307900102,2022,5314,293,246,47,0,0,0,0,93,58,44,0,257,36,0,80.27397260273973,0,0.0,9.8,COPD,5.2,True
49017,Escalante,Garfield,UT,Utah,37.854674848731,-111.443307900102,2022,5314,293,246,47,0,0,0,0,93,58,44,0,257,36,0,80.27397260273973,0,0.0,9.8,Current Asthma,10.8,True
49021,Cedar City,Iron,UT,Utah,37.8593035507796,-113.289705268813,2022,64211,365,309,56,0,0,0,0,80,54,42,10,293,62,0,100.0,0,0.0,10.8,COPD,5.9,True
49021,Cedar City,Iron,UT,Utah,37.8593035507796,-113.289705268813,2022,64211,365,309,56,0,0,0,0,80,54,42,10,293,62,0,100.0,0,0.0,10.8,Current Asthma,11.0,True
49037,White Mesa,San Juan,UT,Utah,37.6260460339073,-109.804477721205,2022,14358,365,306,59,0,0,0,0,87,58,44,0,362,3,0,100.0,0,0.0,16.2,COPD,8.0,True
49037,White Mesa,San Juan,UT,Utah,37.6260460339073,-109.804477721205,2022,14358,365,306,59,0,0,0,0,87,58,44,0,362,3,0,100.0,0,0.0,16.2,Current Asthma,13.3,True
49045,Tooele,Tooele,UT,Utah,40.4486328626382,-113.131050910003,2022,82051,365,248,111,6,0,0,0,119,72,44,1,265,99,0,100.0,6,1.643835616438356,9.3,COPD,4.8,True
49045,Tooele,Tooele,UT,Utah,40.4486328626382,-113.131050910003,2022,82051,365,248,111,6,0,0,0,119,72,44,1,265,99,0,100.0,6,1.643835616438356,9.3,Current Asthma,11.3,True
49047,Vernal,Uintah,UT,Utah,40.1263394843782,-109.518214766967,2022,37747,365,242,123,0,0,0,0,93,67,47,0,329,36,0,100.0,0,0.0,12.5,COPD,6.3,False
49047,Vernal,Uintah,UT,Utah,40.1263394843782,-109.518214766967,2022,37747,365,242,123,0,0,0,0,93,67,47,0,329,36,0,100.0,0,0.0,12.5,Current Asthma,11.5,False
49049,Orem,Utah,UT,Utah,40.1199624151534,-111.670385454352,2022,719174,365,206,154,5,0,0,0,119,74,49,7,222,124,12,100.0,5,1.36986301369863,7.0,COPD,4.4,False
49049,Orem,Utah,UT,Utah,40.1199624151534,-111.670385454352,2022,719174,365,206,154,5,0,0,0,119,74,49,7,222,124,12,100.0,5,1.36986301369863,7.0,Current Asthma,9.8,False
49053,St. George,Washington,UT,Utah,37.2804820270265,-113.504526345629,2022,202452,365,288,77,0,0,0,0,97,61,44,0,337,28,0,100.0,0,0.0,8.7,COPD,5.1,True
49053,St. George,Washington,UT,Utah,37.2804820270265,-113.504526345629,2022,202452,365,288,77,0,0,0,0,97,61,44,0,337,28,0,100.0,0,0.0,8.7,Current Asthma,10.9,True
49057,Ogden,Weber,UT,Utah,41.2700312453888,-111.913187387569,2022,271926,365,205,155,5,0,0,0,121,74,48,12,239,109,5,100.0,5,1.36986301369863,9.2,COPD,4.9,True
49057,Ogden,Weber,UT,Utah,41.2700312453888,-111.913187387569,2022,271926,365,205,155,5,0,0,0,121,74,48,12,239,109,5,100.0,5,1.36986301369863,9.2,Current Asthma,11.4,True
50003,Bennington,Bennington,VT,Vermont,43.0355940515537,-73.0928953319589,2022,37183,365,324,41,0,0,0,0,74,51,37,0,244,121,0,100.0,0,0.0,12.6,COPD,5.6,True
50003,Bennington,Bennington,VT,Vermont,43.0355940515537,-73.0928953319589,2022,37183,365,324,41,0,0,0,0,74,51,37,0,244,121,0,100.0,0,0.0,12.6,Current Asthma,11.7,True
50007,Burlington,Chittenden,VT,Vermont,44.4613068341921,-73.0812983340043,2022,169481,365,298,67,0,0,0,0,90,53,41,0,200,165,0,100.0,0,0.0,9.2,COPD,4.6,True
50007,Burlington,Chittenden,VT,Vermont,44.4613068341921,-73.0812983340043,2022,169481,365,298,67,0,0,0,0,90,53,41,0,200,165,0,100.0,0,0.0,9.2,Current Asthma,10.9,True
50021,Rutland,Rutland,VT,Vermont,43.5802475413098,-73.0366949243181,2022,60271,365,278,87,0,0,0,0,74,57,39,1,146,218,0,100.0,0,0.0,13.5,COPD,6.1,True
50021,Rutland,Rutland,VT,Vermont,43.5802475413098,-73.0366949243181,2022,60271,365,278,87,0,0,0,0,74,57,39,1,146,218,0,100.0,0,0.0,13.5,Current Asthma,12.0,True
51013,Arlington,Arlington,VA,Virginia,38.8785750063228,-77.101156756563,2022,234162,365,325,40,0,0,0,0,100,51,37,48,263,54,0,100.0,0,0.0,7.0,COPD,3.4,True
51013,Arlington,Arlington,VA,Virginia,38.8785750063228,-77.101156756563,2022,234162,365,325,40,0,0,0,0,100,51,37,48,263,54,0,100.0,0,0.0,7.0,Current Asthma,9.0,True
51041,Bensley,Chesterfield,VA,Virginia,37.3786618867892,-77.5871385753694,2022,383876,286,264,22,0,0,0,0,80,48,38,0,212,74,0,78.35616438356165,0,0.0,11.4,COPD,4.9,True
51041,Bensley,Chesterfield,VA,Virginia,37.3786618867892,-77.5871385753694,2022,383876,286,264,22,0,0,0,0,80,48,38,0,212,74,0,78.35616438356165,0,0.0,11.4,Current Asthma,10.6,True
51071,Pearisburg,Giles,VA,Virginia,37.3143570279296,-80.7031374156173,2022,16457,358,329,29,0,0,0,0,100,50,38,0,358,0,0,98.08219178082192,0,0.0,16.4,COPD,7.1,True
51071,Pearisburg,Giles,VA,Virginia,37.3143570279296,-80.7031374156173,2022,16457,358,329,29,0,0,0,0,100,50,38,0,358,0,0,98.08219178082192,0,0.0,16.4,Current Asthma,11.0,True
51087,East Highland Park,Henrico,VA,Virginia,37.5380714502749,-77.4061052897589,2022,334760,364,235,128,1,0,0,0,112,58,45,2,140,222,0,99.72602739726028,1,0.27472527472527475,11.4,COPD,5.0,True
51087,East Highland Park,Henrico,VA,Virginia,37.5380714502749,-77.4061052897589,2022,334760,364,235,128,1,0,0,0,112,58,45,2,140,222,0,99.72602739726028,1,0.27472527472527475,11.4,Current Asthma,10.6,True
51107,Leesburg,Loudoun,VA,Virginia,39.0906767141949,-77.6358104338327,2022,436347,364,328,34,2,0,0,0,112,50,37,16,304,44,0,99.72602739726028,2,0.5494505494505495,8.0,COPD,3.6,True
51107,Leesburg,Loudoun,VA,Virginia,39.0906767141949,-77.6358104338327,2022,436347,364,328,34,2,0,0,0,112,50,37,16,304,44,0,99.72602739726028,2,0.5494505494505495,8.0,Current Asthma,8.9,True
51147,Farmville,Prince Edward,VA,Virginia,37.2241363458468,-78.4412218384049,2022,22049,347,340,7,0,0,0,0,54,44,34,0,347,0,0,95.06849315068493,0,0.0,17.4,COPD,7.8,True
51147,Farmville,Prince Edward,VA,Virginia,37.2241363458468,-78.4412218384049,2022,22049,347,340,7,0,0,0,0,54,44,34,0,347,0,0,95.06849315068493,0,0.0,17.4,Current Asthma,11.7,True
51153,Woodbridge,Prince William,VA,Virginia,38.7028887252261,-77.4806568205159,2022,489640,350,337,13,0,0,0,0,93,46,35,5,345,0,0,95.8904109589041,0,0.0,10.9,COPD,4.5,True
51153,Woodbridge,Prince William,VA,Virginia,38.7028887252261,-77.4806568205159,2022,489640,350,337,13,0,0,0,0,93,46,35,5,345,0,0,95.8904109589041,0,0.0,10.9,Current Asthma,9.7,True
51179,Aquia Harbour,Stafford,VA,Virginia,38.4207122751042,-77.4580490606471,2022,165428,362,351,11,0,0,0,0,74,44,35,0,361,0,1,99.17808219178083,0,0.0,10.8,COPD,4.6,True
51179,Aquia Harbour,Stafford,VA,Virginia,38.4207122751042,-77.4580490606471,2022,165428,362,351,11,0,0,0,0,74,44,35,0,361,0,1,99.17808219178083,0,0.0,10.8,Current Asthma,10.2,True
51197,Fort Chiswell,Wythe,VA,Virginia,36.9168645148652,-81.0790579702724,2022,28104,245,232,13,0,0,0,0,77,47,39,0,245,0,0,67.12328767123287,0,0.0,17.0,COPD,7.6,True
51197,Fort Chiswell,Wythe,VA,Virginia,36.9168645148652,-81.0790579702724,2022,28104,245,232,13,0,0,0,0,77,47,39,0,245,0,0,67.12328767123287,0,0.0,17.0,Current Asthma,11.3,True
53003,Clarkston,Asotin,WA,Washington,46.1918585516547,-117.202739194993,2022,22549,358,195,156,3,4,0,0,200,72,46,0,0,358,0,98.08219178082192,7,1.9553072625698324,13.9,COPD,6.2,True
53003,Clarkston,Asotin,WA,Washington,46.1918585516547,-117.202739194993,2022,22549,358,195,156,3,4,0,0,200,72,46,0,0,358,0,98.08219178082192,7,1.9553072625698324,13.9,Current Asthma,12.0,True
53005,Kennewick,Benton,WA,Washington,46.2396256458377,-119.511240620845,2022,215219,365,278,84,2,1,0,0,151,62,38,0,144,192,29,100.0,3,0.821917808219178,10.5,COPD,5.1,True
53005,Kennewick,Benton,WA,Washington,46.2396256458377,-119.511240620845,2022,215219,365,278,84,2,1,0,0,151,62,38,0,144,192,29,100.0,3,0.821917808219178,10.5,Current Asthma,10.9,True
53007,Wenatchee,Chelan,WA,Washington,47.8688376551815,-120.618711870213,2022,79997,365,246,96,8,13,2,0,290,74,34,0,0,365,0,100.0,23,6.301369863013699,11.7,COPD,5.1,True
53007,Wenatchee,Chelan,WA,Washington,47.8688376551815,-120.618711870213,2022,79997,365,246,96,8,13,2,0,290,74,34,0,0,365,0,100.0,23,6.301369863013699,11.7,Current Asthma,10.6,True
53009,Port Angeles,Clallam,WA,Washington,48.0491734486978,-123.927567541856,2022,77616,365,272,91,2,0,0,0,124,58,38,0,186,179,0,100.0,2,0.547945205479452,12.7,COPD,5.4,True
53009,Port Angeles,Clallam,WA,Washington,48.0491734486978,-123.927567541856,2022,77616,365,272,91,2,0,0,0,124,58,38,0,186,179,0,100.0,2,0.547945205479452,12.7,Current Asthma,11.8,True
53011,Vancouver,Clark,WA,Washington,45.7789949845331,-122.48211877913,2022,521150,365,267,93,2,3,0,0,175,66,36,0,99,266,0,100.0,5,1.36986301369863,11.0,COPD,4.9,True
53011,Vancouver,Clark,WA,Washington,45.7789949845331,-122.48211877913,2022,521150,365,267,93,2,3,0,0,175,66,36,0,99,266,0,100.0,5,1.36986301369863,11.0,Current Asthma,11.6,True
53013,Dayton,Columbia,WA,Washington,46.2978695308473,-117.90778452671,2022,4053,365,314,47,4,0,0,0,135,54,37,0,251,114,0,100.0,4,1.095890410958904,12.6,COPD,5.5,True
53013,Dayton,Columbia,WA,Washington,46.2978695308473,-117.90778452671,2022,4053,365,314,47,4,0,0,0,135,54,37,0,251,114,0,100.0,4,1.095890410958904,12.6,Current Asthma,11.7,True
53015,Longview,Cowlitz,WA,Washington,46.1928570782337,-122.681078725344,2022,112864,363,316,45,2,0,0,0,144,54,21,0,0,363,0,99.45205479452055,2,0.5509641873278237,13.7,COPD,6.2,True
53015,Longview,Cowlitz,WA,Washington,46.1928570782337,-122.681078725344,2022,112864,363,316,45,2,0,0,0,144,54,21,0,0,363,0,99.45205479452055,2,0.5509641873278237,13.7,Current Asthma,12.4,True
53021,Mesa,Franklin,WA,Washington,46.5349678078795,-118.898698577886,2022,99034,328,269,56,0,3,0,0,170,55,23,0,0,328,0,89.86301369863014,3,0.9146341463414633,12.2,COPD,5.6,False
53021,Mesa,Franklin,WA,Washington,46.5349678078795,-118.898698577886,2022,99034,328,269,56,0,3,0,0,170,55,23,0,0,328,0,89.86301369863014,3,0.9146341463414633,12.2,Current Asthma,10.5,False
53023,Pomeroy,Garfield,WA,Washington,46.4315035506264,-117.544668771271,2022,2363,301,263,34,2,2,0,0,161,54,21,0,0,301,0,82.46575342465754,4,1.3289036544850499,11.9,COPD,5.1,False
53023,Pomeroy,Garfield,WA,Washington,46.4315035506264,-117.544668771271,2022,2363,301,263,34,2,2,0,0,161,54,21,0,0,301,0,82.46575342465754,4,1.3289036544850499,11.9,Current Asthma,11.3,False
53025,Moses Lake,Grant,WA,Washington,47.2055949580823,-119.45181497833,2022,102678,365,279,83,0,3,0,0,165,59,30,0,0,365,0,100.0,3,0.821917808219178,13.0,COPD,5.9,True
53025,Moses Lake,Grant,WA,Washington,47.2055949580823,-119.45181497833,2022,102678,365,279,83,0,3,0,0,165,59,30,0,0,365,0,100.0,3,0.821917808219178,13.0,Current Asthma,10.8,True
53027,Aberdeen,Grays Harbor,WA,Washington,47.1497896042938,-123.773234737164,2022,77290,365,340,24,1,0,0,0,112,43,22,0,0,365,0,100.0,1,0.273972602739726,15.4,COPD,6.4,True
53027,Aberdeen,Grays Harbor,WA,Washington,47.1497896042938,-123.773234737164,2022,77290,365,340,24,1,0,0,0,112,43,22,0,0,365,0,100.0,1,0.273972602739726,15.4,Current Asthma,11.6,True
53031,Port Townsend,Jefferson,WA,Washington,47.7491000957336,-123.594047250427,2022,33714,349,327,22,0,0,0,0,90,41,21,0,0,349,0,95.61643835616438,0,0.0,10.5,COPD,4.6,True
53031,Port Townsend,Jefferson,WA,Washington,47.7491000957336,-123.594047250427,2022,33714,349,327,22,0,0,0,0,90,41,21,0,0,349,0,95.61643835616438,0,0.0,10.5,Current Asthma,11.0,True
53033,Seattle,King,WA,Washington,47.4902143620529,-121.806357849743,2022,2271380,365,216,130,14,3,2,0,237,77,46,9,94,262,0,100.0,19,5.205479452054795,7.1,COPD,3.3,True
53033,Seattle,King,WA,Washington,47.4902143620529,-121.806357849743,2022,2271380,365,216,130,14,3,2,0,237,77,46,9,94,262,0,100.0,19,5.205479452054795,7.1,Current Asthma,9.7,True
53035,Bremerton,Kitsap,WA,Washington,47.6133926334319,-122.673454976008,2022,277658,359,306,50,3,0,0,0,143,55,28,0,0,359,0,98.35616438356163,3,0.8356545961002786,10.7,COPD,4.6,True
53035,Bremerton,Kitsap,WA,Washington,47.6133926334319,-122.673454976008,2022,277658,359,306,50,3,0,0,0,143,55,28,0,0,359,0,98.35616438356163,3,0.8356545961002786,10.7,Current Asthma,11.3,True
53037,Ellensburg,Kittitas,WA,Washington,47.124429929857,-120.680006355822,2022,45508,364,259,100,3,2,0,0,164,74,28,0,0,364,0,99.72602739726028,5,1.3736263736263736,12.2,COPD,5.5,True
53037,Ellensburg,Kittitas,WA,Washington,47.124429929857,-120.680006355822,2022,45508,364,259,100,3,2,0,0,164,74,28,0,0,364,0,99.72602739726028,5,1.3736263736263736,12.2,Current Asthma,11.3,True
53041,Chehalis,Lewis,WA,Washington,46.5776116518185,-122.39380108932,2022,86154,365,285,70,7,3,0,0,198,66,26,0,0,365,0,100.0,10,2.73972602739726,14.7,COPD,6.0,True
53041,Chehalis,Lewis,WA,Washington,46.5776116518185,-122.39380108932,2022,86154,365,285,70,7,3,0,0,198,66,26,0,0,365,0,100.0,10,2.73972602739726,14.7,Current Asthma,11.4,True
53045,Shelton,Mason,WA,Washington,47.3481789974584,-123.192028806629,2022,68389,365,302,60,3,0,0,0,125,58,23,0,0,365,0,100.0,3,0.821917808219178,13.3,COPD,5.7,True
53045,Shelton,Mason,WA,Washington,47.3481789974584,-123.192028806629,2022,68389,365,302,60,3,0,0,0,125,58,23,0,0,365,0,100.0,3,0.821917808219178,13.3,Current Asthma,11.2,True
53047,Okanogan,Okanogan,WA,Washington,48.5487824430908,-119.740958563289,2022,43712,365,175,185,4,0,1,0,248,73,52,0,0,365,0,100.0,5,1.36986301369863,15.8,COPD,6.7,False
53047,Okanogan,Okanogan,WA,Washington,48.5487824430908,-119.740958563289,2022,43712,365,175,185,4,0,1,0,248,73,52,0,0,365,0,100.0,5,1.36986301369863,15.8,Current Asthma,11.7,False
53051,Newport,Pend Oreille,WA,Washington,48.5323440238714,-117.27408079961,2022,14361,234,207,27,0,0,0,0,81,52,26,0,0,234,0,64.10958904109589,0,0.0,14.0,COPD,6.3,False
53051,Newport,Pend Oreille,WA,Washington,48.5323440238714,-117.27408079961,2022,14361,234,207,27,0,0,0,0,81,52,26,0,0,234,0,64.10958904109589,0,0.0,14.0,Current Asthma,11.7,False
53053,Tacoma,Pierce,WA,Washington,47.026713492138,-122.1116191332,2022,928696,365,239,115,9,2,0,0,178,70,44,1,186,178,0,100.0,11,3.0136986301369864,11.6,COPD,4.9,True
53053,Tacoma,Pierce,WA,Washington,47.026713492138,-122.1116191332,2022,928696,365,239,115,9,2,0,0,178,70,44,1,186,178,0,100.0,11,3.0136986301369864,11.6,Current Asthma,10.8,True
53057,Anacortes,Skagit,WA,Washington,48.4795962795731,-121.732333093831,2022,131417,365,313,47,4,1,0,0,183,52,33,0,124,241,0,100.0,5,1.36986301369863,11.7,COPD,5.2,True
53057,Anacortes,Skagit,WA,Washington,48.4795962795731,-121.732333093831,2022,131417,365,313,47,4,1,0,0,183,52,33,0,124,241,0,100.0,5,1.36986301369863,11.7,Current Asthma,11.1,True
53061,Everett,Snohomish,WA,Washington,48.047577980212,-121.697355744443,2022,844761,362,210,129,13,6,3,1,362,78,39,0,0,362,0,99.17808219178083,23,6.353591160220995,9.8,COPD,4.4,True
53061,Everett,Snohomish,WA,Washington,48.047577980212,-121.697355744443,2022,844761,362,210,129,13,6,3,1,362,78,39,0,0,362,0,99.17808219178083,23,6.353591160220995,9.8,Current Asthma,11.1,True
53063,Spokane,Spokane,WA,Washington,47.6206587768365,-117.404063103244,2022,551455,365,254,105,3,3,0,0,185,66,40,0,135,223,7,100.0,6,1.643835616438356,12.0,COPD,5.4,True
53063,Spokane,Spokane,WA,Washington,47.6206587768365,-117.404063103244,2022,551455,365,254,105,3,3,0,0,185,66,40,0,135,223,7,100.0,6,1.643835616438356,12.0,Current Asthma,11.6,True
53065,Colville,Stevens,WA,Washington,48.3988656943295,-117.855286410546,2022,48837,365,208,149,7,1,0,0,153,72,43,0,0,331,34,100.0,8,2.191780821917808,14.5,COPD,6.4,True
53065,Colville,Stevens,WA,Washington,48.3988656943295,-117.855286410546,2022,48837,365,208,149,7,1,0,0,153,72,43,0,0,331,34,100.0,8,2.191780821917808,14.5,Current Asthma,12.2,True
53067,Lacey,Thurston,WA,Washington,46.9270093814348,-122.833335161876,2022,299003,348,309,36,1,2,0,0,157,51,28,0,130,218,0,95.34246575342465,3,0.8620689655172413,10.3,COPD,4.6,False
53067,Lacey,Thurston,WA,Washington,46.9270093814348,-122.833335161876,2022,299003,348,309,36,1,2,0,0,157,51,28,0,130,218,0,95.34246575342465,3,0.8620689655172413,10.3,Current Asthma,11.3,False
53071,Walla Walla,Walla Walla,WA,Washington,46.2297482789784,-118.478679518846,2022,61568,365,292,70,2,1,0,0,152,59,25,0,0,288,77,100.0,3,0.821917808219178,11.9,COPD,5.2,True
53071,Walla Walla,Walla Walla,WA,Washington,46.2297482789784,-118.478679518846,2022,61568,365,292,70,2,1,0,0,152,59,25,0,0,288,77,100.0,3,0.821917808219178,11.9,Current Asthma,11.1,True
53073,Bellingham,Whatcom,WA,Washington,48.82579127542,-121.720925963031,2022,231919,343,294,40,3,5,1,0,243,56,32,0,196,147,0,93.97260273972603,9,2.623906705539359,11.6,COPD,4.9,True
53073,Bellingham,Whatcom,WA,Washington,48.82579127542,-121.720925963031,2022,231919,343,294,40,3,5,1,0,243,56,32,0,196,147,0,93.97260273972603,9,2.623906705539359,11.6,Current Asthma,10.8,True
53075,Colfax,Whitman,WA,Washington,46.9012290403856,-117.523095476628,2022,48012,365,306,55,0,4,0,0,190,56,24,0,0,365,0,100.0,4,1.095890410958904,12.7,COPD,6.2,False
53075,Colfax,Whitman,WA,Washington,46.9012290403856,-117.523095476628,2022,48012,365,306,55,0,4,0,0,190,56,24,0,0,365,0,100.0,4,1.095890410958904,12.7,Current Asthma,11.9,False
53077,Yakima,Yakima,WA,Washington,46.4571878403496,-120.738805287994,2022,256643,365,178,181,5,1,0,0,158,82,51,0,0,365,0,100.0,6,1.643835616438356,13.2,COPD,6.0,False
53077,Yakima,Yakima,WA,Washington,46.4571878403496,-120.738805287994,2022,256643,365,178,181,5,1,0,0,158,82,51,0,0,365,0,100.0,6,1.643835616438356,13.2,Current Asthma,10.7,False
54003,Martinsburg,Berkeley,WV,West Virginia,39.4644546313415,-78.0272689900364,2022,132440,275,230,45,0,0,0,0,88,54,38,0,189,86,0,75.34246575342466,0,0.0,17.2,COPD,7.5,True
54003,Martinsburg,Berkeley,WV,West Virginia,39.4644546313415,-78.0272689900364,2022,132440,275,230,45,0,0,0,0,88,54,38,0,189,86,0,75.34246575342466,0,0.0,17.2,Current Asthma,12.2,True
54011,Huntington,Cabell,WV,West Virginia,38.4203751697343,-82.2415597718845,2022,92082,282,247,35,0,0,0,0,93,54,39,0,211,71,0,77.26027397260275,0,0.0,19.4,COPD,8.8,True
54011,Huntington,Cabell,WV,West Virginia,38.4203751697343,-82.2415597718845,2022,92082,282,247,35,0,0,0,0,93,54,39,0,211,71,0,77.26027397260275,0,0.0,19.4,Current Asthma,12.9,True
54029,Weirton,Hancock,WV,West Virginia,40.5218655920266,-80.5738950092347,2022,28145,365,317,48,0,0,0,0,100,53,34,0,206,78,81,100.0,0,0.0,19.3,COPD,8.4,True
54029,Weirton,Hancock,WV,West Virginia,40.5218655920266,-80.5738950092347,2022,28145,365,317,48,0,0,0,0,100,53,34,0,206,78,81,100.0,0,0.0,19.3,Current Asthma,12.3,True
54039,Charleston,Kanawha,WV,West Virginia,38.3361284608688,-81.5284979920394,2022,174805,353,253,100,0,0,0,0,90,57,41,0,127,225,0,96.7123287671233,0,0.0,19.6,COPD,8.0,True
54039,Charleston,Kanawha,WV,West Virginia,38.3361284608688,-81.5284979920394,2022,174805,353,253,100,0,0,0,0,90,57,41,0,127,225,0,96.7123287671233,0,0.0,19.6,Current Asthma,12.1,True
54051,Moundsville,Marshall,WV,West Virginia,39.860535240966,-80.663378341193,2022,29405,361,162,199,0,0,0,0,99,70,52,0,0,361,0,98.9041095890411,0,0.0,21.1,COPD,8.7,False
54051,Moundsville,Marshall,WV,West Virginia,39.860535240966,-80.663378341193,2022,29405,361,162,199,0,0,0,0,99,70,52,0,0,361,0,98.9041095890411,0,0.0,21.1,Current Asthma,12.1,False
54061,Morgantown,Monongalia,WV,West Virginia,39.630272026213,-80.0460523363022,2022,107718,280,250,30,0,0,0,0,77,51,37,0,213,67,0,76.71232876712328,0,0.0,15.6,COPD,7.3,True
54061,Morgantown,Monongalia,WV,West Virginia,39.630272026213,-80.0460523363022,2022,107718,280,250,30,0,0,0,0,77,51,37,0,213,67,0,76.71232876712328,0,0.0,15.6,Current Asthma,11.5,True
54069,Wheeling,Ohio,WV,West Virginia,40.0974423829071,-80.6191280922939,2022,41194,283,247,36,0,0,0,0,70,52,37,0,201,82,0,77.53424657534246,0,0.0,17.3,COPD,7.7,True
54069,Wheeling,Ohio,WV,West Virginia,40.0974423829071,-80.6191280922939,2022,41194,283,247,36,0,0,0,0,70,52,37,0,201,82,0,77.53424657534246,0,0.0,17.3,Current Asthma,12.1,True
54107,Parkersburg,Wood,WV,West Virginia,39.2111889760022,-81.5149955199239,2022,83052,281,242,38,1,0,0,0,108,52,39,0,207,74,0,76.98630136986301,1,0.3558718861209964,19.5,COPD,8.7,True
54107,Parkersburg,Wood,WV,West Virginia,39.2111889760022,-81.5149955199239,2022,83052,281,242,38,1,0,0,0,108,52,39,0,207,74,0,76.98630136986301,1,0.3558718861209964,19.5,Current Asthma,12.1,True
55003,Ashland,Ashland,WI,Wisconsin,46.316621249561,-90.6778902316707,2022,16079,364,334,30,0,0,0,0,74,48,36,0,256,108,0,99.72602739726028,0,0.0,18.0,COPD,6.9,True
55003,Ashland,Ashland,WI,Wisconsin,46.316621249561,-90.6778902316707,2022,16079,364,334,30,0,0,0,0,74,48,36,0,256,108,0,99.72602739726028,0,0.0,18.0,Current Asthma,11.6,True
55009,Green Bay,Brown,WI,Wisconsin,44.4524309489072,-88.003761568209,2022,271417,359,262,95,2,0,0,0,112,59,40,0,115,244,0,98.35616438356163,2,0.5571030640668524,13.6,COPD,5.4,True
55009,Green Bay,Brown,WI,Wisconsin,44.4524309489072,-88.003761568209,2022,271417,359,262,95,2,0,0,0,112,59,40,0,115,244,0,98.35616438356163,2,0.5571030640668524,13.6,Current Asthma,10.7,True
55021,Cambria,Columbia,WI,Wisconsin,43.4665785622649,-89.3334381762567,2022,58091,202,191,11,0,0,0,0,80,46,38,0,202,0,0,55.342465753424655,0,0.0,14.4,COPD,5.6,True
55021,Cambria,Columbia,WI,Wisconsin,43.4665785622649,-89.3334381762567,2022,58091,202,191,11,0,0,0,0,80,46,38,0,202,0,0,55.342465753424655,0,0.0,14.4,Current Asthma,10.9,True
55025,Madison,Dane,WI,Wisconsin,43.0672933058535,-89.4182987616557,2022,575347,365,236,129,0,0,0,0,91,62,45,0,93,271,1,100.0,0,0.0,10.4,COPD,4.3,True
55025,Madison,Dane,WI,Wisconsin,43.0672933058535,-89.4182987616557,2022,575347,365,236,129,0,0,0,0,91,62,45,0,93,271,1,100.0,0,0.0,10.4,Current Asthma,9.9,True
55027,Kekoskee,Dodge,WI,Wisconsin,43.416249353835,-88.7074335013507,2022,88231,365,266,99,0,0,0,0,93,60,42,0,183,182,0,100.0,0,0.0,15.0,COPD,5.8,True
55027,Kekoskee,Dodge,WI,Wisconsin,43.416249353835,-88.7074335013507,2022,88231,365,266,99,0,0,0,0,93,60,42,0,183,182,0,100.0,0,0.0,15.0,Current Asthma,10.8,True
55029,Fish Creek,Door,WI,Wisconsin,44.9500144269812,-87.3114193001272,2022,30562,205,176,24,5,0,0,0,147,71,36,0,205,0,0,56.16438356164384,5,2.4390243902439024,12.7,COPD,5.1,True
55029,Fish Creek,Door,WI,Wisconsin,44.9500144269812,-87.3114193001272,2022,30562,205,176,24,5,0,0,0,147,71,36,0,205,0,0,56.16438356164384,5,2.4390243902439024,12.7,Current Asthma,10.8,True
55035,Eau Claire,Eau Claire,WI,Wisconsin,44.7267727831359,-91.2860572491138,2022,107903,365,268,97,0,0,0,0,81,58,41,0,117,248,0,100.0,0,0.0,13.8,COPD,5.4,True
55035,Eau Claire,Eau Claire,WI,Wisconsin,44.7267727831359,-91.2860572491138,2022,107903,365,268,97,0,0,0,0,81,58,41,0,117,248,0,100.0,0,0.0,13.8,Current Asthma,10.7,True
55039,Fond du Lac,Fond du Lac,WI,Wisconsin,43.7536089759286,-88.4883433780916,2022,103948,203,193,9,1,0,0,0,108,48,36,0,203,0,0,55.61643835616439,1,0.49261083743842365,15.2,COPD,5.7,True
55039,Fond du Lac,Fond du Lac,WI,Wisconsin,43.7536089759286,-88.4883433780916,2022,103948,203,193,9,1,0,0,0,108,48,36,0,203,0,0,55.61643835616439,1,0.49261083743842365,15.2,Current Asthma,11.1,True
55041,Crandon,Forest,WI,Wisconsin,45.6675721947633,-88.7706647146097,2022,9325,363,321,42,0,0,0,0,77,52,37,0,256,107,0,99.45205479452055,0,0.0,20.6,COPD,7.6,True
55041,Crandon,Forest,WI,Wisconsin,45.6675721947633,-88.7706647146097,2022,9325,363,321,42,0,0,0,0,77,52,37,0,256,107,0,99.45205479452055,0,0.0,20.6,Current Asthma,12.5,True
55043,Cassville,Grant,WI,Wisconsin,42.8676445934436,-90.7062231148826,2022,51409,359,241,118,0,0,0,0,80,58,39,0,0,359,0,98.35616438356163,0,0.0,16.5,COPD,6.5,True
55043,Cassville,Grant,WI,Wisconsin,42.8676445934436,-90.7062231148826,2022,51409,359,241,118,0,0,0,0,80,58,39,0,0,359,0,98.35616438356163,0,0.0,16.5,Current Asthma,11.1,True
55053,Black River Falls,Jackson,WI,Wisconsin,44.3192836652452,-90.8049987126148,2022,20855,359,298,60,1,0,0,0,118,54,30,0,0,359,0,98.35616438356163,1,0.2785515320334262,18.1,COPD,6.8,False
55053,Black River Falls,Jackson,WI,Wisconsin,44.3192836652452,-90.8049987126148,2022,20855,359,298,60,1,0,0,0,118,54,30,0,0,359,0,98.35616438356163,1,0.2785515320334262,18.1,Current Asthma,11.2,False
55055,Jefferson,Jefferson,WI,Wisconsin,43.0208620651204,-88.7759315522696,2022,85743,200,185,15,0,0,0,0,87,49,38,0,200,0,0,54.794520547945204,0,0.0,13.8,COPD,5.4,True
55055,Jefferson,Jefferson,WI,Wisconsin,43.0208620651204,-88.7759315522696,2022,85743,200,185,15,0,0,0,0,87,49,38,0,200,0,0,54.794520547945204,0,0.0,13.8,Current Asthma,10.9,True
55059,Kenosha,Kenosha,WI,Wisconsin,42.5767151176665,-88.0420010334725,2022,167488,365,236,124,4,1,0,0,164,69,44,0,187,178,0,100.0,5,1.36986301369863,14.7,COPD,5.7,True
55059,Kenosha,Kenosha,WI,Wisconsin,42.5767151176665,-88.0420010334725,2022,167488,365,236,124,4,1,0,0,164,69,44,0,187,178,0,100.0,5,1.36986301369863,14.7,Current Asthma,11.0,True
55061,Kewaunee,Kewaunee,WI,Wisconsin,44.5161730950219,-87.615398797136,2022,20690,201,172,25,3,1,0,0,161,61,39,0,201,0,0,55.06849315068493,4,1.9900497512437811,15.1,COPD,5.7,True
55061,Kewaunee,Kewaunee,WI,Wisconsin,44.5161730950219,-87.615398797136,2022,20690,201,172,25,3,1,0,0,161,61,39,0,201,0,0,55.06849315068493,4,1.9900497512437811,15.1,Current Asthma,10.7,True
55063,La Crosse,La Crosse,WI,Wisconsin,43.9064334776905,-91.115031156818,2022,120486,365,271,94,0,0,0,0,85,57,41,0,115,250,0,100.0,0,0.0,13.8,COPD,5.5,True
55063,La Crosse,La Crosse,WI,Wisconsin,43.9064334776905,-91.115031156818,2022,120486,365,271,94,0,0,0,0,85,57,41,0,115,250,0,100.0,0,0.0,13.8,Current Asthma,11.2,True
55071,Manitowoc,Manitowoc,WI,Wisconsin,44.1199592891552,-87.8095945027193,2022,81331,198,167,25,4,2,0,0,182,71,38,0,198,0,0,54.24657534246575,6,3.0303030303030303,15.3,COPD,5.9,True
55071,Manitowoc,Manitowoc,WI,Wisconsin,44.1199592891552,-87.8095945027193,2022,81331,198,167,25,4,2,0,0,182,71,38,0,198,0,0,54.24657534246575,6,3.0303030303030303,15.3,Current Asthma,10.8,True
55073,Brokaw,Marathon,WI,Wisconsin,44.8983004431375,-89.7588560093353,2022,138612,205,197,8,0,0,0,0,64,46,35,0,205,0,0,56.16438356164384,0,0.0,14.5,COPD,5.5,True
55073,Brokaw,Marathon,WI,Wisconsin,44.8983004431375,-89.7588560093353,2022,138612,205,197,8,0,0,0,0,64,46,35,0,205,0,0,56.16438356164384,0,0.0,14.5,Current Asthma,10.3,True
55079,Milwaukee,Milwaukee,WI,Wisconsin,43.0071720144533,-87.9669491230639,2022,916205,365,192,167,6,0,0,0,143,70,49,1,126,234,4,100.0,6,1.643835616438356,14.9,COPD,6.3,True
55079,Milwaukee,Milwaukee,WI,Wisconsin,43.0071720144533,-87.9669491230639,2022,916205,365,192,167,6,0,0,0,143,70,49,1,126,234,4,100.0,6,1.643835616438356,14.9,Current Asthma,11.8,True
55081,Tomah,Monroe,WI,Wisconsin,43.9459869831102,-90.6180280525809,2022,46151,364,295,68,1,0,0,0,132,54,32,0,0,364,0,99.72602739726028,1,0.27472527472527475,17.1,COPD,6.8,False
55081,Tomah,Monroe,WI,Wisconsin,43.9459869831102,-90.6180280525809,2022,46151,364,295,68,1,0,0,0,132,54,32,0,0,364,0,99.72602739726028,1,0.27472527472527475,17.1,Current Asthma,11.3,False
55087,Appleton,Outagamie,WI,Wisconsin,44.4160154160954,-88.4650199576843,2022,193234,365,241,123,1,0,0,0,122,60,43,0,105,260,0,100.0,1,0.273972602739726,12.8,COPD,5.2,True
55087,Appleton,Outagamie,WI,Wisconsin,44.4160154160954,-88.4650199576843,2022,193234,365,241,123,1,0,0,0,122,60,43,0,105,260,0,100.0,1,0.273972602739726,12.8,Current Asthma,10.6,True
55089,Port Washington,Ozaukee,WI,Wisconsin,43.3839313389774,-87.9514940839828,2022,93460,307,228,74,4,1,0,0,159,64,41,0,156,151,0,84.10958904109589,5,1.6286644951140066,10.7,COPD,4.2,True
55089,Port Washington,Ozaukee,WI,Wisconsin,43.3839313389774,-87.9514940839828,2022,93460,307,228,74,4,1,0,0,159,64,41,0,156,151,0,84.10958904109589,5,1.6286644951140066,10.7,Current Asthma,10.3,True
55101,Racine,Racine,WI,Wisconsin,42.7474549331325,-88.0615110425471,2022,196613,202,165,34,2,1,0,0,164,67,40,0,202,0,0,55.342465753424655,3,1.4851485148514851,14.8,COPD,5.6,True
55101,Racine,Racine,WI,Wisconsin,42.7474549331325,-88.0615110425471,2022,196613,202,165,34,2,1,0,0,164,67,40,0,202,0,0,55.342465753424655,3,1.4851485148514851,14.8,Current Asthma,11.3,True
55105,Beloit,Rock,WI,Wisconsin,42.6712511057737,-89.0714240953801,2022,164278,202,184,18,0,0,0,0,97,50,39,0,202,0,0,55.342465753424655,0,0.0,14.9,COPD,5.8,True
55105,Beloit,Rock,WI,Wisconsin,42.6712511057737,-89.0714240953801,2022,164278,202,184,18,0,0,0,0,97,50,39,0,202,0,0,55.342465753424655,0,0.0,14.9,Current Asthma,11.2,True
55111,Rock Springs,Sauk,WI,Wisconsin,43.4268791076475,-89.9480570627182,2022,65920,360,265,95,0,0,0,0,79,58,41,0,124,236,0,98.63013698630137,0,0.0,15.2,COPD,5.7,True
55111,Rock Springs,Sauk,WI,Wisconsin,43.4268791076475,-89.9480570627182,2022,65920,360,265,95,0,0,0,0,79,58,41,0,124,236,0,98.63013698630137,0,0.0,15.2,Current Asthma,10.9,True
55117,Sheboygan,Sheboygan,WI,Wisconsin,43.7212481954764,-87.9453315851594,2022,117752,203,172,24,6,1,0,0,177,74,40,0,203,0,0,55.61643835616439,7,3.4482758620689653,14.0,COPD,5.3,True
55117,Sheboygan,Sheboygan,WI,Wisconsin,43.7212481954764,-87.9453315851594,2022,117752,203,172,24,6,1,0,0,177,74,40,0,203,0,0,55.61643835616439,7,3.4482758620689653,14.0,Current Asthma,10.3,True
55125,Manitowish Waters,Vilas,WI,Wisconsin,46.0528283109831,-89.5147032960432,2022,23885,363,329,34,0,0,0,0,68,50,33,0,160,203,0,99.45205479452055,0,0.0,15.0,COPD,5.6,True
55125,Manitowish Waters,Vilas,WI,Wisconsin,46.0528283109831,-89.5147032960432,2022,23885,363,329,34,0,0,0,0,68,50,33,0,160,203,0,99.45205479452055,0,0.0,15.0,Current Asthma,11.3,True
55127,Delavan,Walworth,WI,Wisconsin,42.6685116518019,-88.5418387513161,2022,105822,200,181,16,3,0,0,0,105,50,39,0,200,0,0,54.794520547945204,3,1.5,13.6,COPD,5.4,True
55127,Delavan,Walworth,WI,Wisconsin,42.6685116518019,-88.5418387513161,2022,105822,200,181,16,3,0,0,0,105,50,39,0,200,0,0,54.794520547945204,3,1.5,13.6,Current Asthma,10.5,True
55133,Waukesha,Waukesha,WI,Wisconsin,43.0182314530753,-88.3044478622231,2022,412591,363,215,144,4,0,0,0,126,63,47,0,95,267,1,99.45205479452055,4,1.1019283746556474,10.4,COPD,4.1,True
55133,Waukesha,Waukesha,WI,Wisconsin,43.0182314530753,-88.3044478622231,2022,412591,363,215,144,4,0,0,0,126,63,47,0,95,267,1,99.45205479452055,4,1.1019283746556474,10.4,Current Asthma,10.3,True
56001,Laramie,Albany,WY,Wyoming,41.6544509650776,-105.723439465307,2022,38257,365,225,136,2,2,0,0,159,67,48,16,275,5,69,100.0,4,1.095890410958904,12.9,COPD,5.9,True
56001,Laramie,Albany,WY,Wyoming,41.6544509650776,-105.723439465307,2022,38257,365,225,136,2,2,0,0,159,67,48,16,275,5,69,100.0,4,1.095890410958904,12.9,Current Asthma,10.3,True
56003,Lovell,Big Horn,WY,Wyoming,44.5263908192951,-107.994787098478,2022,12018,362,356,6,0,0,0,0,64,46,38,0,362,0,0,99.17808219178083,0,0.0,16.1,COPD,7.0,True
56003,Lovell,Big Horn,WY,Wyoming,44.5263908192951,-107.994787098478,2022,12018,362,356,6,0,0,0,0,64,46,38,0,362,0,0,99.17808219178083,0,0.0,16.1,Current Asthma,10.5,True
56005,Wright,Campbell,WY,Wyoming,44.2485738556036,-105.548057845911,2022,47498,365,210,146,7,1,0,1,584,74,48,0,131,38,196,100.0,9,2.4657534246575343,15.0,COPD,6.1,False
56005,Wright,Campbell,WY,Wyoming,44.2485738556036,-105.548057845911,2022,47498,365,210,146,7,1,0,1,584,74,48,0,131,38,196,100.0,9,2.4657534246575343,15.0,Current Asthma,10.3,False
56009,Douglas,Converse,WY,Wyoming,42.9722028131336,-105.507297908746,2022,13809,365,314,51,0,0,0,0,90,54,40,1,298,0,66,100.0,0,0.0,15.4,COPD,6.5,True
56009,Douglas,Converse,WY,Wyoming,42.9722028131336,-105.507297908746,2022,13809,365,314,51,0,0,0,0,90,54,40,1,298,0,66,100.0,0,0.0,15.4,Current Asthma,10.4,True
56013,Riverton,Fremont,WY,Wyoming,43.0406424027024,-108.630454608807,2022,39815,365,254,111,0,0,0,0,100,61,46,0,282,78,5,100.0,0,0.0,16.9,COPD,6.8,True
56013,Riverton,Fremont,WY,Wyoming,43.0406424027024,-108.630454608807,2022,39815,365,254,111,0,0,0,0,100,61,46,0,282,78,5,100.0,0,0.0,16.9,Current Asthma,11.1,True
56019,Kaycee,Johnson,WY,Wyoming,44.0396656597518,-106.584820119499,2022,8759,365,350,14,1,0,0,0,101,48,39,1,353,0,11,100.0,1,0.273972602739726,15.3,COPD,6.6,True
56019,Kaycee,Johnson,WY,Wyoming,44.0396656597518,-106.584820119499,2022,8759,365,350,14,1,0,0,0,101,48,39,1,353,0,11,100.0,1,0.273972602739726,15.3,Current Asthma,10.4,True
56021,Cheyenne,Laramie,WY,Wyoming,41.3069899861076,-104.689171612404,2022,100984,363,297,66,0,0,0,0,90,58,42,1,313,46,2,99.45205479452055,0,0.0,13.5,COPD,5.9,True
56021,Cheyenne,Laramie,WY,Wyoming,41.3069899861076,-104.689171612404,2022,100984,363,297,66,0,0,0,0,90,58,42,1,313,46,2,99.45205479452055,0,0.0,13.5,Current Asthma,10.1,True
56023,Diamondville,Lincoln,WY,Wyoming,42.2639412641557,-110.65625410799,2022,20880,365,321,43,1,0,0,0,118,51,43,8,327,9,21,100.0,1,0.273972602739726,14.1,COPD,5.9,False
56023,Diamondville,Lincoln,WY,Wyoming,42.2639412641557,-110.65625410799,2022,20880,365,321,43,1,0,0,0,118,51,43,8,327,9,21,100.0,1,0.273972602739726,14.1,Current Asthma,10.1,False
56025,Casper,Natrona,WY,Wyoming,42.9624387201285,-106.798428990807,2022,79941,365,317,48,0,0,0,0,97,54,42,0,353,12,0,100.0,0,0.0,15.0,COPD,6.3,True
56025,Casper,Natrona,WY,Wyoming,42.9624387201285,-106.798428990807,2022,79941,365,317,48,0,0,0,0,97,54,42,0,353,12,0,100.0,0,0.0,15.0,Current Asthma,10.4,True
56029,Cody,Park,WY,Wyoming,44.5205500093565,-109.588592877427,2022,30735,344,314,30,0,0,0,0,83,47,20,0,0,344,0,94.24657534246576,0,0.0,13.1,COPD,5.6,False
56029,Cody,Park,WY,Wyoming,44.5205500093565,-109.588592877427,2022,30735,344,314,30,0,0,0,0,83,47,20,0,0,344,0,94.24657534246576,0,0.0,13.1,Current Asthma,10.0,False
56033,Sheridan,Sheridan,WY,Wyoming,44.7906982747118,-106.87999955798,2022,32519,365,270,95,0,0,0,0,90,58,44,0,220,143,2,100.0,0,0.0,13.2,COPD,5.6,True
56033,Sheridan,Sheridan,WY,Wyoming,44.7906982747118,-106.87999955798,2022,32519,365,270,95,0,0,0,0,90,58,44,0,220,143,2,100.0,0,0.0,13.2,Current Asthma,10.2,True
56035,Pinedale,Sublette,WY,Wyoming,42.7665867752479,-109.914842354088,2022,8969,365,301,63,1,0,0,0,105,54,45,0,355,10,0,100.0,1,0.273972602739726,12.8,COPD,5.4,True
56035,Pinedale,Sublette,WY,Wyoming,42.7665867752479,-109.914842354088,2022,8969,365,301,63,1,0,0,0,105,54,45,0,355,10,0,100.0,1,0.273972602739726,12.8,Current Asthma,10.0,True
56037,Green River,Sweetwater,WY,Wyoming,41.6596981373813,-108.879886957441,2022,41249,365,285,78,1,1,0,0,157,61,44,1,308,7,49,100.0,2,0.547945205479452,15.9,COPD,6.4,True
56037,Green River,Sweetwater,WY,Wyoming,41.6596981373813,-108.879886957441,2022,41249,365,285,78,1,1,0,0,157,61,44,1,308,7,49,100.0,2,0.547945205479452,15.9,Current Asthma,10.3,True
56039,Jackson,Teton,WY,Wyoming,43.9344840596924,-110.589857877684,2022,23232,365,332,33,0,0,0,0,100,50,43,1,327,37,0,100.0,0,0.0,9.0,COPD,4.0,True
56039,Jackson,Teton,WY,Wyoming,43.9344840596924,-110.589857877684,2022,23232,365,332,33,0,0,0,0,100,50,43,1,327,37,0,100.0,0,0.0,9.0,Current Asthma,9.0,True
56045,Newcastle,Weston,WY,Wyoming,43.8402189504887,-104.567739997323,2022,6808,363,344,19,0,0,0,0,64,48,40,0,363,0,0,99.45205479452055,0,0.0,15.9,COPD,6.5,True
56045,Newcastle,Weston,WY,Wyoming,43.8402189504887,-104.567739997323,2022,6808,363,344,19,0,0,0,0,64,48,40,0,363,0,0,99.45205479452055,0,0.0,15.9,Current Asthma,10.0,True
