CountyFIPS,Year,DiseaseID,Disease_AdjPrev
1003,2019,1,6.9
1003,2019,2,8.9
1003,2020,1,6.7
1003,2020,2,9.3
1003,2021,1,6.5
1003,2021,2,9.9
1003,2022,1,6.0
1003,2022,2,9.4
1033,2019,1,8.2
1033,2019,2,9.7
1049,2019,1,10.2
1049,2019,2,10.2
1049,2020,1,10.3
1049,2020,2,10.3
1049,2021,1,9.5
1049,2021,2,10.8
1049,2022,1,9.2
1049,2022,2,10.1
1051,2019,1,7.4
1051,2019,2,9.7
1051,2020,1,7.1
1051,2020,2,9.6
1051,2021,1,6.7
1051,2021,2,10.2
1051,2022,1,6.6
1051,2022,2,10.0
1055,2019,1,8.7
1055,2019,2,9.9
1055,2020,1,8.5
1055,2020,2,10.1
1055,2021,1,8.1
1055,2021,2,10.7
1055,2022,1,8.2
1055,2022,2,10.3
1069,2019,1,8.3
1069,2019,2,10.2
1073,2019,1,7.0
1073,2019,2,9.8
1073,2020,1,6.7
1073,2020,2,9.8
1073,2021,1,6.1
1073,2021,2,10.4
1073,2022,1,6.2
1073,2022,2,9.9
1089,2019,1,6.1
1089,2019,2,9.6
1089,2020,1,6.1
1089,2020,2,9.3
1089,2021,1,5.6
1089,2021,2,9.7
1089,2022,1,5.2
1089,2022,2,9.4
1097,2019,1,8.0
1097,2019,2,9.7
1097,2020,1,7.8
1097,2020,2,10.3
1097,2021,1,7.6
1097,2021,2,10.9
1097,2022,1,6.9
1097,2022,2,9.8
1101,2019,1,7.2
1101,2019,2,9.9
1101,2020,1,7.1
1101,2020,2,10.7
1101,2021,1,6.8
1101,2021,2,11.0
1101,2022,1,6.7
1101,2022,2,10.8
1103,2019,1,8.0
1103,2019,2,9.6
1103,2020,1,8.2
1103,2020,2,9.8
1103,2021,1,7.7
1103,2021,2,10.5
1103,2022,1,7.2
1103,2022,2,9.9
1113,2019,1,8.3
1113,2019,2,10.6
1113,2020,1,8.4
1113,2020,2,10.9
1113,2021,1,7.9
1113,2021,2,11.3
1113,2022,1,8.0
1113,2022,2,11.1
1117,2019,1,5.7
1117,2019,2,8.7
1117,2020,1,5.6
1117,2020,2,9.0
1117,2021,1,5.2
1117,2021,2,9.3
1117,2022,1,4.8
1117,2022,2,9.4
1125,2019,1,7.5
1125,2019,2,9.9
1125,2020,1,7.3
1125,2020,2,10.1
1125,2021,1,7.0
1125,2021,2,10.2
1125,2022,1,6.7
1125,2022,2,10.2
2020,2019,1,5.0
2020,2019,2,9.2
2020,2020,1,4.6
2020,2020,2,9.2
2020,2021,1,5.3
2020,2021,2,9.3
2020,2022,1,5.2
2020,2022,2,10.6
2050,2019,1,11.6
2050,2019,2,12.9
2090,2019,1,5.3
2090,2019,2,9.5
2090,2020,1,5.0
2090,2020,2,9.0
2090,2021,1,5.4
2090,2021,2,9.1
2090,2022,1,5.0
2090,2022,2,10.0
2110,2019,1,4.8
2110,2019,2,9.2
2110,2020,1,4.5
2110,2020,2,9.2
2110,2021,1,5.1
2110,2021,2,9.3
2110,2022,1,5.2
2110,2022,2,10.2
2170,2019,1,6.1
2170,2019,2,9.5
2170,2020,1,5.7
2170,2020,2,9.4
2170,2021,1,6.5
2170,2021,2,9.7
2170,2022,1,6.2
2170,2022,2,10.7
4001,2019,1,11.1
4001,2019,2,12.8
4001,2020,1,10.7
4001,2020,2,13.4
4001,2021,1,10.4
4001,2021,2,13.6
4001,2022,1,10.4
4001,2022,2,14.4
4003,2019,1,6.1
4003,2019,2,10.0
4003,2020,1,6.3
4003,2020,2,10.5
4003,2021,1,6.2
4003,2021,2,10.6
4003,2022,1,6.4
4003,2022,2,10.5
4005,2019,1,6.4
4005,2019,2,9.8
4005,2020,1,6.6
4005,2020,2,11.4
4005,2021,1,6.4
4005,2021,2,11.2
4005,2022,1,6.4
4005,2022,2,11.7
4007,2019,1,7.6
4007,2019,2,10.7
4007,2020,1,7.8
4007,2020,2,11.3
4007,2021,1,7.3
4007,2021,2,11.0
4007,2022,1,7.4
4007,2022,2,11.6
4012,2019,1,7.9
4012,2019,2,10.2
4012,2020,1,8.2
4012,2020,2,11.4
4012,2021,1,7.3
4012,2021,2,11.0
4012,2022,1,7.6
4012,2022,2,11.4
4013,2019,1,5.6
4013,2019,2,9.5
4013,2020,1,5.6
4013,2020,2,10.1
4013,2021,1,5.4
4013,2021,2,10.0
4013,2022,1,5.2
4013,2022,2,10.1
4015,2019,1,7.7
4015,2019,2,10.1
4015,2020,1,7.7
4015,2020,2,10.9
4015,2021,1,7.4
4015,2021,2,10.9
4015,2022,1,7.7
4015,2022,2,11.2
4017,2019,1,9.6
4017,2019,2,11.7
4017,2020,1,9.4
4017,2020,2,13.6
4017,2021,1,8.9
4017,2021,2,12.8
4017,2022,1,9.0
4017,2022,2,13.8
4019,2019,1,5.5
4019,2019,2,9.5
4019,2020,1,5.7
4019,2020,2,10.9
4019,2021,1,5.6
4019,2021,2,10.3
4019,2022,1,5.7
4019,2022,2,11.0
4021,2019,1,6.2
4021,2019,2,9.5
4021,2020,1,6.4
4021,2020,2,11.2
4021,2021,1,6.3
4021,2021,2,10.1
4021,2022,1,6.2
4021,2022,2,10.9
4023,2019,1,5.6
4023,2019,2,9.1
4023,2020,1,5.7
4023,2020,2,9.7
4023,2021,1,5.8
4023,2021,2,10.0
4023,2022,1,5.6
4023,2022,2,9.5
4025,2019,1,6.6
4025,2019,2,10.2
4025,2020,1,6.6
4025,2020,2,11.1
4025,2021,1,6.4
4025,2021,2,10.8
4025,2022,1,6.2
4025,2022,2,11.0
4027,2019,1,6.4
4027,2019,2,9.5
4027,2020,1,6.5
4027,2020,2,10.1
4027,2021,1,6.4
4027,2021,2,9.9
4027,2022,1,6.2
4027,2022,2,9.8
5019,2019,1,7.9
5019,2019,2,10.2
5019,2020,1,8.0
5019,2020,2,10.7
5019,2021,1,7.6
5019,2021,2,10.2
5019,2022,1,8.0
5019,2022,2,10.9
5035,2019,1,9.1
5035,2019,2,11.3
5035,2020,1,8.3
5035,2020,2,11.6
5035,2021,1,8.2
5035,2021,2,11.1
5035,2022,1,8.3
5035,2022,2,11.6
5113,2019,1,9.8
5113,2019,2,10.2
5113,2020,1,9.6
5113,2020,2,10.6
5113,2021,1,8.8
5113,2021,2,10.0
5113,2022,1,8.9
5113,2022,2,10.6
5119,2019,1,7.0
5119,2019,2,9.8
5119,2020,1,6.6
5119,2020,2,10.5
5119,2021,1,6.5
5119,2021,2,10.0
5119,2022,1,6.4
5119,2022,2,10.3
5139,2019,1,8.2
5139,2019,2,10.4
5143,2019,1,7.3
5143,2019,2,9.5
5143,2020,1,7.3
5143,2020,2,10.1
5143,2021,1,7.0
5143,2021,2,9.5
5143,2022,1,6.8
5143,2022,2,10.2
6001,2019,1,3.8
6001,2019,2,8.0
6001,2020,1,4.2
6001,2020,2,8.7
6001,2021,1,3.7
6001,2021,2,8.7
6001,2022,1,3.8
6001,2022,2,8.8
6005,2019,1,5.6
6005,2019,2,9.0
6005,2020,1,6.2
6005,2020,2,9.9
6005,2021,1,5.8
6005,2021,2,9.5
6005,2022,1,5.2
6005,2022,2,10.1
6007,2019,1,6.2
6007,2019,2,9.9
6007,2020,1,7.0
6007,2020,2,10.5
6007,2021,1,6.6
6007,2021,2,10.3
6007,2022,1,6.2
6007,2022,2,10.5
6009,2019,1,5.8
6009,2019,2,9.5
6009,2020,1,6.7
6009,2020,2,10.5
6009,2021,1,6.5
6009,2021,2,10.3
6009,2022,1,5.9
6009,2022,2,10.5
6011,2019,1,5.4
6011,2019,2,9.0
6011,2020,1,6.5
6011,2020,2,10.1
6011,2021,1,6.3
6011,2021,2,10.0
6011,2022,1,5.7
6011,2022,2,9.8
6013,2019,1,4.1
6013,2019,2,8.3
6013,2020,1,4.6
6013,2020,2,9.2
6013,2021,1,4.2
6013,2021,2,9.0
6013,2022,1,4.0
6013,2022,2,9.4
6015,2019,1,7.2
6015,2019,2,9.9
6015,2020,1,8.0
6015,2020,2,10.7
6015,2021,1,7.6
6015,2021,2,10.5
6015,2022,1,6.6
6015,2022,2,10.8
6017,2019,1,4.9
6017,2019,2,8.9
6017,2020,1,5.4
6017,2020,2,9.9
6017,2021,1,5.0
6017,2021,2,9.7
6017,2022,1,4.6
6017,2022,2,9.9
6019,2019,1,5.6
6019,2019,2,9.2
6019,2020,1,6.6
6019,2020,2,10.3
6019,2021,1,6.1
6019,2021,2,9.9
6019,2022,1,5.8
6019,2022,2,9.8
6021,2019,1,6.3
6021,2019,2,9.4
6021,2020,1,7.3
6021,2020,2,10.5
6021,2021,1,6.9
6021,2021,2,10.2
6021,2022,1,6.1
6021,2022,2,10.1
6023,2019,1,6.6
6023,2019,2,10.1
6023,2020,1,7.5
6023,2020,2,11.1
6023,2021,1,6.9
6023,2021,2,10.7
6023,2022,1,6.7
6023,2022,2,11.0
6025,2019,1,5.3
6025,2019,2,9.0
6025,2020,1,6.1
6025,2020,2,10.0
6025,2021,1,5.9
6025,2021,2,9.9
6025,2022,1,5.4
6025,2022,2,9.2
6027,2019,1,5.4
6027,2019,2,9.1
6027,2020,1,6.0
6027,2020,2,10.1
6027,2021,1,5.5
6027,2021,2,9.9
6027,2022,1,5.2
6027,2022,2,10.4
6029,2019,1,6.1
6029,2019,2,9.3
6029,2020,1,7.3
6029,2020,2,10.2
6029,2021,1,6.7
6029,2021,2,10.1
6029,2022,1,6.4
6029,2022,2,10.3
6031,2019,1,5.7
6031,2019,2,9.0
6031,2020,1,6.7
6031,2020,2,10.0
6031,2021,1,6.4
6031,2021,2,9.9
6031,2022,1,6.1
6031,2022,2,9.7
6033,2019,1,6.8
6033,2019,2,10.0
6033,2020,1,7.7
6033,2020,2,10.9
6033,2021,1,7.2
6033,2021,2,10.7
6033,2022,1,6.9
6033,2022,2,10.9
6037,2019,1,4.3
6037,2019,2,7.4
6037,2020,1,5.2
6037,2020,2,9.2
6037,2021,1,4.7
6037,2021,2,9.2
6037,2022,1,4.5
6037,2022,2,9.0
6039,2019,1,6.1
6039,2019,2,9.4
6039,2020,1,7.2
6039,2020,2,10.7
6039,2021,1,6.8
6039,2021,2,10.6
6039,2022,1,6.7
6039,2022,2,10.4
6041,2019,1,3.9
6041,2019,2,8.3
6041,2020,1,4.3
6041,2020,2,9.4
6041,2021,1,4.1
6041,2021,2,9.1
6041,2022,1,3.9
6041,2022,2,9.5
6043,2019,1,6.1
6043,2019,2,9.5
6043,2020,1,6.7
6043,2020,2,10.5
6043,2021,1,6.2
6043,2021,2,10.2
6043,2022,1,5.9
6043,2022,2,10.6
6045,2019,1,6.2
6045,2019,2,9.4
6045,2020,1,7.0
6045,2020,2,10.5
6045,2021,1,6.5
6045,2021,2,10.3
6045,2022,1,6.4
6045,2022,2,10.7
6047,2019,1,5.9
6047,2019,2,9.3
6047,2020,1,6.9
6047,2020,2,10.4
6047,2021,1,6.4
6047,2021,2,10.1
6047,2022,1,6.1
6047,2022,2,9.8
6051,2019,1,5.3
6051,2019,2,8.7
6051,2020,1,5.8
6051,2020,2,9.7
6051,2021,1,5.4
6051,2021,2,9.5
6051,2022,1,5.1
6051,2022,2,9.9
6053,2019,1,5.2
6053,2019,2,8.7
6053,2020,1,5.9
6053,2020,2,9.7
6053,2021,1,5.5
6053,2021,2,9.5
6053,2022,1,5.3
6053,2022,2,9.6
6055,2019,1,4.4
6055,2019,2,8.4
6055,2020,1,5.0
6055,2020,2,9.5
6057,2019,1,5.2
6057,2019,2,9.2
6057,2020,1,5.7
6057,2020,2,10.1
6057,2021,1,5.4
6057,2021,2,9.8
6057,2022,1,5.2
6057,2022,2,10.4
6059,2019,1,4.1
6059,2019,2,7.6
6059,2020,1,4.8
6059,2020,2,9.0
6059,2021,1,4.3
6059,2021,2,8.6
6059,2022,1,4.1
6059,2022,2,9.0
6061,2019,1,4.4
6061,2019,2,8.6
6061,2020,1,4.8
6061,2020,2,9.5
6061,2021,1,4.5
6061,2021,2,9.5
6061,2022,1,4.2
6061,2022,2,10.0
6063,2019,1,5.7
6063,2019,2,9.5
6063,2020,1,6.4
6063,2020,2,10.5
6063,2021,1,6.1
6063,2021,2,10.3
6063,2022,1,5.9
6063,2022,2,11.0
6065,2019,1,5.1
6065,2019,2,8.3
6065,2020,1,5.6
6065,2020,2,9.8
6065,2021,1,5.3
6065,2021,2,9.1
6065,2022,1,4.9
6065,2022,2,9.5
6067,2019,1,5.2
6067,2019,2,9.8
6067,2020,1,5.8
6067,2020,2,10.4
6067,2021,1,5.3
6067,2021,2,10.0
6067,2022,1,5.1
6067,2022,2,10.2
6069,2019,1,4.5
6069,2019,2,8.3
6069,2020,1,5.3
6069,2020,2,9.5
6069,2021,1,4.7
6069,2021,2,9.2
6069,2022,1,4.4
6069,2022,2,9.1
6071,2019,1,5.1
6071,2019,2,8.9
6071,2020,1,5.8
6071,2020,2,10.1
6071,2021,1,5.6
6071,2021,2,9.6
6071,2022,1,5.1
6071,2022,2,9.8
6073,2019,1,4.6
6073,2019,2,7.9
6073,2020,1,5.0
6073,2020,2,9.0
6073,2021,1,4.7
6073,2021,2,9.2
6073,2022,1,4.4
6073,2022,2,8.9
6075,2019,1,3.6
6075,2019,2,7.5
6075,2020,1,3.9
6075,2020,2,8.4
6075,2021,1,3.6
6075,2021,2,8.3
6075,2022,1,3.6
6075,2022,2,8.5
6077,2019,1,5.3
6077,2019,2,9.6
6077,2020,1,6.0
6077,2020,2,9.8
6077,2021,1,5.6
6077,2021,2,9.7
6077,2022,1,5.2
6077,2022,2,9.5
6079,2019,1,5.0
6079,2019,2,9.0
6079,2020,1,5.5
6079,2020,2,9.7
6079,2021,1,5.2
6079,2021,2,9.8
6079,2022,1,4.9
6079,2022,2,10.0
6081,2019,1,3.5
6081,2019,2,7.8
6081,2020,1,3.9
6081,2020,2,8.3
6081,2021,1,3.5
6081,2021,2,8.1
6081,2022,1,3.5
6081,2022,2,8.5
6083,2019,1,4.9
6083,2019,2,8.6
6083,2020,1,5.7
6083,2020,2,9.9
6083,2021,1,5.3
6083,2021,2,9.7
6083,2022,1,5.2
6083,2022,2,9.7
6085,2019,1,3.5
6085,2019,2,7.2
6085,2020,1,3.7
6085,2020,2,7.9
6085,2021,1,3.3
6085,2021,2,7.9
6085,2022,1,3.3
6085,2022,2,7.9
6087,2019,1,4.8
6087,2019,2,8.8
6087,2020,1,5.5
6087,2020,2,9.9
6087,2021,1,5.1
6087,2021,2,9.5
6087,2022,1,4.7
6087,2022,2,9.8
6089,2019,1,6.4
6089,2019,2,9.6
6089,2020,1,7.1
6089,2020,2,10.8
6089,2021,1,6.5
6089,2021,2,10.4
6089,2022,1,6.1
6089,2022,2,10.9
6093,2019,1,6.6
6093,2019,2,9.8
6093,2020,1,7.5
6093,2020,2,11.0
6093,2021,1,7.0
6093,2021,2,10.7
6093,2022,1,6.6
6093,2022,2,11.2
6095,2019,1,4.6
6095,2019,2,8.8
6095,2020,1,5.1
6095,2020,2,9.8
6095,2021,1,4.8
6095,2021,2,9.6
6095,2022,1,4.6
6095,2022,2,10.1
6097,2019,1,4.7
6097,2019,2,9.1
6097,2020,1,5.3
6097,2020,2,9.9
6097,2021,1,5.1
6097,2021,2,9.7
6097,2022,1,4.7
6097,2022,2,9.8
6099,2019,1,5.7
6099,2019,2,9.4
6099,2020,1,6.5
6099,2020,2,10.0
6099,2021,1,6.1
6099,2021,2,10.2
6099,2022,1,5.7
6099,2022,2,10.0
6101,2019,1,5.9
6101,2019,2,9.1
6101,2020,1,6.4
6101,2020,2,10.0
6101,2021,1,6.0
6101,2021,2,9.9
6101,2022,1,6.1
6101,2022,2,10.0
6103,2019,1,7.2
6103,2019,2,10.0
6103,2020,1,7.9
6103,2020,2,10.9
6103,2021,1,7.3
6103,2021,2,10.6
6103,2022,1,6.8
6103,2022,2,10.7
6105,2019,1,7.2
6105,2019,2,10.1
6105,2020,1,8.3
6105,2020,2,11.1
6105,2021,1,7.9
6105,2021,2,10.8
6105,2022,1,7.8
6105,2022,2,11.3
6107,2019,1,6.3
6107,2019,2,9.5
6107,2020,1,7.3
6107,2020,2,10.8
6107,2021,1,6.7
6107,2021,2,10.3
6107,2022,1,6.0
6107,2022,2,10.0
6109,2019,1,6.0
6109,2019,2,9.4
6109,2020,1,6.3
6109,2020,2,10.1
6109,2021,1,5.8
6109,2021,2,9.8
6109,2022,1,5.6
6109,2022,2,10.5
6111,2019,1,4.4
6111,2019,2,8.2
6111,2020,1,5.1
6111,2020,2,9.5
6111,2021,1,4.8
6111,2021,2,9.2
6111,2022,1,4.5
6111,2022,2,9.5
6113,2019,1,5.0
6113,2019,2,8.8
6113,2020,1,5.7
6113,2020,2,9.7
6113,2021,1,5.2
6113,2021,2,9.6
6113,2022,1,5.0
6113,2022,2,9.8
8001,2019,1,4.7
8001,2019,2,8.8
8001,2020,1,5.4
8001,2020,2,10.0
8001,2021,1,5.5
8001,2021,2,10.6
8001,2022,1,5.2
8001,2022,2,10.9
8005,2019,1,4.1
8005,2019,2,9.0
8005,2020,1,4.6
8005,2020,2,9.8
8005,2021,1,4.9
8005,2021,2,10.5
8005,2022,1,4.6
8005,2022,2,10.5
8007,2019,1,4.8
8007,2019,2,9.3
8007,2020,1,5.1
8007,2020,2,9.8
8007,2021,1,5.5
8007,2021,2,10.4
8007,2022,1,5.4
8007,2022,2,11.0
8013,2019,1,4.0
8013,2019,2,8.4
8013,2020,1,4.2
8013,2020,2,9.5
8013,2021,1,4.4
8013,2021,2,9.9
8013,2022,1,4.4
8013,2022,2,10.3
8019,2019,1,4.4
8019,2019,2,8.9
8019,2020,1,4.5
8019,2020,2,9.4
8019,2021,1,4.4
8019,2021,2,9.7
8019,2022,1,4.4
8019,2022,2,10.7
8029,2019,1,6.6
8029,2019,2,10.2
8029,2020,1,7.2
8029,2020,2,10.7
8029,2021,1,7.1
8029,2021,2,11.1
8031,2019,1,4.2
8031,2019,2,9.0
8031,2020,1,4.6
8031,2020,2,10.0
8031,2021,1,4.6
8031,2021,2,9.6
8031,2022,1,4.4
8031,2022,2,10.2
8035,2019,1,3.4
8035,2019,2,8.5
8035,2020,1,3.7
8035,2020,2,9.0
8035,2021,1,3.7
8035,2021,2,9.2
8035,2022,1,3.6
8035,2022,2,10.4
8041,2019,1,4.7
8041,2019,2,10.1
8041,2020,1,5.2
8041,2020,2,10.0
8041,2021,1,5.2
8041,2021,2,10.3
8041,2022,1,5.0
8041,2022,2,11.6
8045,2019,1,4.9
8045,2019,2,8.8
8045,2020,1,5.4
8045,2020,2,9.7
8045,2021,1,5.3
8045,2021,2,10.2
8045,2022,1,5.3
8045,2022,2,10.7
8047,2020,1,4.4
8047,2020,2,9.5
8047,2021,1,4.7
8047,2021,2,10.0
8047,2022,1,4.8
8047,2022,2,10.9
8051,2019,1,4.7
8051,2019,2,9.2
8051,2020,1,4.9
8051,2020,2,9.6
8051,2021,1,4.9
8051,2021,2,10.0
8051,2022,1,4.6
8051,2022,2,10.7
8057,2022,1,7.7
8057,2022,2,11.7
8059,2019,1,4.1
8059,2019,2,9.7
8059,2020,1,4.4
8059,2020,2,9.2
8059,2021,1,4.7
8059,2021,2,9.8
8059,2022,1,4.4
8059,2022,2,11.3
8067,2019,1,4.5
8067,2019,2,9.3
8067,2020,1,5.0
8067,2020,2,9.9
8067,2021,1,5.1
8067,2021,2,10.2
8067,2022,1,5.2
8067,2022,2,11.2
8069,2019,1,4.5
8069,2019,2,9.1
8069,2020,1,4.9
8069,2020,2,9.7
8069,2021,1,4.9
8069,2021,2,10.1
8069,2022,1,4.8
8069,2022,2,11.2
8077,2019,1,5.6
8077,2019,2,9.6
8077,2020,1,6.2
8077,2020,2,10.3
8077,2021,1,6.2
8077,2021,2,11.1
8077,2022,1,5.8
8077,2022,2,11.5
8083,2019,1,6.1
8083,2019,2,10.0
8083,2020,1,6.4
8083,2020,2,10.7
8083,2021,1,6.4
8083,2021,2,11.1
8083,2022,1,6.3
8083,2022,2,12.0
8099,2019,1,5.7
8099,2019,2,9.4
8099,2020,1,6.8
8099,2020,2,10.5
8099,2021,1,7.0
8099,2021,2,11.1
8099,2022,1,6.9
8099,2022,2,11.2
8101,2021,1,5.9
8101,2021,2,10.9
8101,2022,1,6.1
8101,2022,2,11.2
8103,2019,1,5.7
8103,2019,2,9.6
8103,2020,1,6.3
8103,2020,2,10.3
8103,2021,1,6.6
8103,2021,2,10.9
8103,2022,1,5.7
8103,2022,2,11.3
8107,2019,1,4.5
8107,2019,2,8.9
8107,2020,1,4.7
8107,2020,2,9.6
8107,2021,1,4.7
8107,2021,2,10.0
8107,2022,1,4.5
8107,2022,2,10.6
8113,2019,1,4.1
8113,2019,2,8.8
8113,2020,1,4.6
8113,2020,2,9.5
8113,2021,1,4.7
8113,2021,2,9.9
8113,2022,1,4.5
8113,2022,2,10.5
8123,2019,1,4.8
8123,2019,2,9.0
8123,2020,1,5.7
8123,2020,2,9.9
8123,2021,1,5.6
8123,2021,2,10.7
8123,2022,1,5.3
8123,2022,2,10.7
9001,2019,1,4.1
9001,2019,2,8.2
9001,2020,1,4.3
9001,2020,2,9.1
9001,2021,1,4.4
9001,2021,2,10.2
9003,2019,1,4.7
9003,2019,2,10.1
9003,2020,1,5.2
9003,2020,2,11.2
9003,2021,1,5.2
9003,2021,2,11.5
9005,2019,1,5.0
9005,2019,2,9.3
9005,2020,1,5.3
9005,2020,2,10.8
9005,2021,1,4.9
9005,2021,2,10.2
9007,2019,1,4.7
9007,2019,2,9.6
9007,2020,1,4.9
9007,2020,2,10.2
9007,2021,1,4.6
9007,2021,2,10.8
9009,2019,1,5.1
9009,2019,2,10.6
9009,2020,1,5.4
9009,2020,2,10.9
9009,2021,1,5.4
9009,2021,2,10.9
9011,2019,1,5.3
9011,2019,2,10.0
9011,2020,1,5.6
9011,2020,2,10.7
9011,2021,1,5.4
9011,2021,2,11.0
9013,2019,1,4.9
9013,2019,2,8.9
9013,2020,1,5.1
9013,2020,2,10.7
9013,2021,1,5.0
9013,2021,2,10.8
9015,2019,1,6.1
9015,2019,2,10.7
9015,2020,1,6.2
9015,2020,2,10.8
9015,2021,1,6.3
9015,2021,2,11.3
10001,2019,1,7.8
10001,2019,2,11.2
10001,2020,1,7.1
10001,2020,2,11.0
10001,2021,1,6.7
10001,2021,2,11.2
10001,2022,1,6.6
10001,2022,2,12.6
10003,2019,1,6.2
10003,2019,2,9.4
10003,2020,1,5.3
10003,2020,2,10.3
10003,2021,1,5.1
10003,2021,2,9.8
10003,2022,1,5.3
10003,2022,2,10.4
10005,2019,1,7.3
10005,2019,2,9.3
10005,2020,1,6.7
10005,2020,2,9.6
10005,2021,1,6.3
10005,2021,2,10.4
10005,2022,1,6.3
10005,2022,2,10.7
11001,2019,1,4.7
11001,2019,2,10.1
11001,2020,1,4.0
11001,2020,2,10.3
11001,2021,1,4.4
11001,2021,2,10.7
11001,2022,1,4.2
11001,2022,2,10.2
12001,2019,1,7.3
12001,2019,2,9.1
12001,2020,1,7.2
12001,2020,2,9.3
12001,2022,1,6.3
12001,2022,2,10.1
12005,2019,1,8.2
12005,2019,2,8.9
12005,2020,1,7.8
12005,2020,2,9.4
12005,2022,1,6.7
12005,2022,2,10.0
12009,2019,1,7.3
12009,2019,2,8.3
12009,2020,1,7.0
12009,2020,2,9.1
12009,2022,1,5.9
12009,2022,2,9.7
12011,2019,1,6.0
12011,2019,2,7.8
12011,2020,1,6.2
12011,2020,2,8.5
12011,2022,1,5.3
12011,2022,2,9.2
12021,2019,1,6.4
12021,2019,2,7.6
12021,2020,1,6.4
12021,2020,2,8.2
12021,2022,1,5.3
12021,2022,2,8.8
12023,2019,1,9.7
12023,2019,2,9.7
12023,2020,1,9.1
12023,2020,2,9.6
12023,2022,1,8.4
12023,2022,2,10.4
12031,2019,1,7.5
12031,2019,2,9.1
12031,2020,1,7.3
12031,2020,2,9.3
12031,2022,1,6.5
12031,2022,2,10.3
12033,2019,1,7.9
12033,2019,2,9.3
12033,2020,1,7.6
12033,2020,2,9.2
12033,2022,1,6.9
12033,2022,2,10.6
12035,2019,1,7.5
12035,2019,2,8.5
12035,2020,1,7.3
12035,2020,2,9.0
12035,2022,1,6.0
12035,2022,2,9.9
12047,2019,1,11.4
12047,2019,2,9.9
12047,2020,1,11.1
12047,2020,2,9.6
12047,2022,1,10.1
12047,2022,2,11.0
12055,2019,1,8.6
12055,2019,2,8.6
12055,2020,1,8.4
12055,2020,2,9.1
12055,2022,1,7.3
12055,2022,2,9.9
12057,2019,1,6.4
12057,2019,2,8.1
12057,2020,1,6.6
12057,2020,2,8.7
12057,2022,1,5.6
12057,2022,2,9.4
12061,2019,1,7.4
12061,2019,2,8.4
12061,2020,1,7.1
12061,2020,2,8.9
12061,2022,1,5.8
12061,2022,2,9.4
12069,2019,1,7.4
12069,2019,2,8.3
12069,2020,1,7.5
12069,2020,2,8.7
12069,2022,1,6.0
12069,2022,2,9.8
12071,2019,1,6.9
12071,2019,2,8.3
12071,2020,1,6.8
12071,2020,2,8.4
12071,2022,1,5.9
12071,2022,2,9.4
12073,2019,1,7.2
12073,2019,2,9.1
12073,2020,1,6.9
12073,2020,2,9.4
12073,2022,1,6.1
12073,2022,2,10.4
12081,2019,1,7.2
12081,2019,2,8.6
12081,2020,1,7.2
12081,2020,2,8.8
12081,2022,1,6.0
12081,2022,2,9.3
12083,2019,1,8.3
12083,2019,2,9.0
12083,2020,1,8.4
12083,2020,2,9.5
12083,2022,1,7.2
12083,2022,2,10.0
12085,2019,1,6.9
12085,2019,2,7.9
12085,2020,1,6.6
12085,2020,2,8.6
12085,2022,1,5.8
12085,2022,2,9.4
12086,2019,1,5.4
12086,2019,2,7.7
12086,2020,1,5.5
12086,2020,2,8.1
12086,2022,1,4.7
12086,2022,2,8.6
12089,2019,1,7.2
12089,2019,2,8.5
12091,2019,1,7.2
12091,2019,2,8.6
12091,2020,1,7.1
12091,2020,2,8.5
12095,2019,1,6.2
12095,2019,2,8.3
12095,2020,1,6.3
12095,2020,2,8.6
12095,2022,1,5.4
12095,2022,2,9.1
12097,2019,1,6.5
12097,2019,2,8.1
12097,2020,1,6.4
12097,2020,2,8.5
12097,2022,1,5.2
12097,2022,2,8.9
12099,2019,1,6.3
12099,2019,2,8.0
12099,2020,1,6.6
12099,2020,2,8.5
12099,2022,1,5.4
12099,2022,2,9.4
12101,2019,1,7.8
12101,2019,2,8.4
12101,2020,1,7.6
12101,2020,2,8.9
12101,2022,1,6.3
12101,2022,2,9.8
12103,2019,1,7.4
12103,2019,2,8.7
12103,2020,1,7.0
12103,2020,2,8.7
12103,2022,1,6.1
12103,2022,2,9.7
12105,2019,1,8.1
12105,2019,2,9.0
12105,2020,1,7.9
12105,2020,2,9.0
12105,2022,1,6.9
12105,2022,2,10.1
12107,2019,1,10.8
12107,2019,2,9.7
12107,2020,1,10.8
12107,2020,2,9.8
12107,2022,1,10.1
12107,2022,2,11.0
12111,2019,1,7.5
12111,2019,2,8.4
12111,2020,1,7.5
12111,2020,2,9.0
12111,2022,1,6.4
12111,2022,2,10.1
12113,2019,1,7.4
12113,2019,2,8.3
12113,2020,1,7.3
12113,2020,2,8.8
12113,2022,1,5.9
12113,2022,2,9.6
12115,2019,1,6.6
12115,2019,2,8.0
12115,2020,1,6.4
12115,2020,2,8.3
12115,2022,1,5.5
12115,2022,2,9.5
12117,2019,1,5.9
12117,2019,2,8.0
12117,2020,1,5.7
12117,2020,2,8.4
12117,2022,1,5.0
12117,2022,2,9.1
12127,2019,1,7.7
12127,2019,2,8.3
12127,2020,1,7.5
12127,2020,2,8.9
12127,2022,1,6.4
12127,2022,2,10.1
12129,2019,1,8.3
12129,2019,2,8.6
12129,2020,1,7.8
12129,2020,2,8.8
12129,2022,1,6.7
12129,2022,2,10.0
13021,2019,1,8.0
13021,2019,2,10.5
13021,2020,1,7.6
13021,2020,2,11.1
13021,2021,1,7.3
13021,2021,2,11.3
13021,2022,1,7.5
13021,2022,2,11.3
13051,2019,1,6.5
13051,2019,2,9.3
13051,2020,1,6.0
13051,2020,2,10.1
13051,2021,1,5.9
13051,2021,2,9.9
13051,2022,1,5.8
13051,2022,2,10.3
13055,2019,1,10.4
13055,2019,2,10.3
13055,2020,1,10.0
13055,2020,2,10.6
13055,2021,1,9.7
13055,2021,2,10.9
13055,2022,1,9.6
13055,2022,2,10.8
13059,2019,1,7.5
13059,2019,2,9.7
13059,2020,1,7.0
13059,2020,2,10.2
13059,2021,1,6.6
13059,2021,2,10.5
13059,2022,1,6.7
13059,2022,2,10.5
13067,2019,1,5.1
13067,2019,2,8.4
13067,2020,1,4.7
13067,2020,2,8.8
13067,2021,1,4.5
13067,2021,2,9.4
13067,2022,1,4.5
13067,2022,2,9.4
13073,2019,1,5.5
13073,2019,2,8.4
13073,2020,1,5.2
13073,2020,2,9.0
13073,2021,1,5.0
13073,2021,2,9.4
13073,2022,1,5.0
13073,2022,2,9.6
13089,2019,1,5.7
13089,2019,2,9.1
13089,2020,1,5.2
13089,2020,2,9.7
13089,2021,1,4.9
13089,2021,2,10.1
13089,2022,1,4.9
13089,2022,2,10.3
13095,2019,1,8.7
13095,2019,2,11.2
13095,2020,1,8.0
13095,2020,2,11.8
13095,2021,1,7.8
13095,2021,2,12.0
13095,2022,1,8.1
13095,2022,2,12.0
13097,2019,1,6.5
13097,2019,2,9.6
13097,2020,1,6.0
13097,2020,2,10.0
13097,2021,1,5.9
13097,2021,2,10.5
13097,2022,1,5.5
13097,2022,2,10.7
13115,2019,1,8.2
13115,2019,2,9.4
13115,2020,1,7.7
13115,2020,2,10.1
13115,2021,1,7.6
13115,2021,2,10.4
13115,2022,1,7.3
13115,2022,2,10.3
13121,2019,1,5.3
13121,2019,2,8.5
13121,2020,1,4.7
13121,2020,2,9.5
13121,2021,1,4.6
13121,2021,2,9.5
13121,2022,1,4.4
13121,2022,2,9.4
13127,2019,1,7.2
13127,2019,2,9.5
13127,2020,1,6.6
13127,2020,2,10.1
13127,2021,1,6.4
13127,2021,2,10.2
13127,2022,1,6.5
13127,2022,2,10.3
13135,2019,1,5.5
13135,2019,2,7.8
13135,2020,1,5.1
13135,2020,2,9.0
13135,2021,1,5.0
13135,2021,2,9.1
13135,2022,1,4.9
13135,2022,2,9.1
13139,2019,1,6.8
13139,2019,2,8.4
13139,2020,1,6.7
13139,2020,2,9.3
13139,2021,1,6.4
13139,2021,2,9.6
13139,2022,1,6.2
13139,2022,2,9.5
13151,2019,1,5.9
13151,2019,2,9.2
13151,2020,1,5.5
13151,2020,2,10.1
13151,2021,1,5.2
13151,2021,2,10.1
13151,2022,1,5.2
13151,2022,2,10.5
13153,2019,1,6.6
13153,2019,2,9.5
13153,2020,1,5.7
13153,2020,2,9.8
13153,2021,1,5.6
13153,2021,2,10.2
13153,2022,1,5.5
13153,2022,2,10.1
13185,2019,1,8.0
13185,2019,2,10.3
13185,2020,1,7.4
13185,2020,2,10.2
13185,2021,1,7.2
13185,2021,2,10.9
13185,2022,1,7.1
13185,2022,2,10.7
13213,2019,1,8.9
13213,2019,2,9.5
13213,2020,1,8.5
13213,2020,2,10.2
13213,2021,1,8.3
13213,2021,2,10.4
13213,2022,1,7.4
13213,2022,2,10.2
13215,2019,1,7.4
13215,2019,2,9.8
13215,2020,1,6.8
13215,2020,2,10.6
13215,2021,1,6.4
13215,2021,2,10.4
13215,2022,1,6.6
13215,2022,2,11.0
13245,2019,1,8.1
13245,2019,2,10.4
13245,2020,1,7.5
13245,2020,2,11.2
13245,2021,1,7.1
13245,2021,2,11.0
13245,2022,1,7.0
13245,2022,2,11.5
13247,2019,1,6.5
13247,2019,2,9.6
13247,2020,1,6.1
13247,2020,2,10.7
13247,2021,1,6.0
13247,2021,2,10.9
13247,2022,1,5.9
13247,2022,2,11.1
13261,2019,1,8.8
13261,2019,2,10.8
13261,2020,1,7.6
13261,2020,2,11.0
13261,2021,1,7.7
13261,2021,2,11.3
13261,2022,1,7.7
13261,2022,2,11.3
13295,2019,1,8.7
13295,2019,2,9.5
13295,2021,1,7.6
13295,2021,2,10.3
13295,2022,1,7.4
13295,2022,2,10.3
13303,2019,1,8.9
13303,2019,2,10.4
13303,2020,1,8.4
13303,2020,2,10.9
13303,2021,1,8.1
13303,2021,2,10.9
13303,2022,1,8.3
13303,2022,2,11.1
15001,2019,1,5.1
15001,2019,2,10.0
15001,2020,1,5.3
15001,2020,2,10.1
15001,2021,1,5.0
15001,2021,2,10.1
15001,2022,1,5.6
15001,2022,2,11.4
15003,2019,1,3.9
15003,2019,2,9.2
15003,2020,1,3.6
15003,2020,2,8.9
15003,2021,1,3.6
15003,2021,2,8.4
15003,2022,1,4.1
15003,2022,2,9.7
15007,2019,1,4.3
15007,2019,2,9.2
15007,2020,1,4.4
15007,2020,2,9.5
15007,2021,1,4.6
15007,2021,2,9.2
15009,2019,1,4.4
15009,2019,2,8.8
15009,2020,1,4.3
15009,2020,2,9.4
15009,2021,1,4.2
15009,2021,2,9.2
15009,2022,1,4.8
15009,2022,2,10.5
16001,2019,1,4.8
16001,2019,2,9.0
16001,2020,1,4.8
16001,2020,2,9.8
16001,2021,1,4.7
16001,2021,2,9.5
16001,2022,1,4.8
16001,2022,2,10.3
16005,2019,1,5.9
16005,2019,2,9.7
16005,2020,1,6.1
16005,2020,2,9.7
16005,2021,1,6.3
16005,2021,2,10.4
16005,2022,1,6.2
16005,2022,2,11.2
16013,2019,1,4.9
16013,2019,2,9.2
16013,2020,1,5.0
16013,2020,2,9.4
16013,2021,1,4.9
16013,2021,2,9.6
16013,2022,1,4.7
16013,2022,2,10.0
16017,2019,1,6.4
16017,2019,2,10.2
16017,2020,1,6.1
16017,2020,2,9.9
16017,2021,1,6.4
16017,2021,2,10.7
16017,2022,1,6.2
16017,2022,2,10.9
16019,2019,1,5.3
16019,2019,2,9.3
16019,2020,1,5.3
16019,2020,2,9.5
16019,2021,1,5.8
16019,2021,2,10.8
16019,2022,1,5.7
16019,2022,2,10.7
16021,2022,1,7.2
16021,2022,2,11.4
16027,2019,1,6.3
16027,2019,2,10.3
16027,2020,1,6.2
16027,2020,2,10.4
16027,2021,1,6.5
16027,2021,2,10.6
16027,2022,1,6.2
16027,2022,2,10.8
16041,2019,1,6.0
16041,2019,2,9.7
16041,2020,1,6.0
16041,2020,2,9.6
16041,2021,1,6.7
16041,2021,2,10.4
16041,2022,1,6.1
16041,2022,2,10.7
16049,2019,1,7.3
16049,2019,2,10.3
16049,2020,1,6.8
16049,2020,2,10.0
16049,2021,1,6.8
16049,2021,2,10.2
16049,2022,1,6.5
16049,2022,2,10.9
16053,2019,1,6.6
16053,2019,2,9.6
16053,2020,1,6.9
16053,2020,2,9.8
16055,2019,1,5.8
16055,2019,2,10.1
16055,2020,1,5.8
16055,2020,2,9.7
16055,2021,1,5.9
16055,2021,2,10.2
16055,2022,1,6.0
16055,2022,2,10.8
16057,2019,1,5.6
16057,2019,2,9.8
16057,2020,1,5.5
16057,2020,2,9.9
16057,2021,1,5.7
16057,2021,2,10.3
16057,2022,1,5.8
16057,2022,2,10.7
16059,2019,1,6.6
16059,2019,2,10.1
16059,2020,1,6.6
16059,2020,2,10.1
16059,2021,1,6.6
16059,2021,2,10.7
16059,2022,1,6.4
16059,2022,2,11.2
16069,2019,1,6.2
16069,2019,2,10.4
16069,2020,1,6.1
16069,2020,2,10.1
16069,2021,1,6.4
16069,2021,2,10.8
16069,2022,1,6.5
16069,2022,2,11.6
16079,2019,1,8.0
16079,2019,2,10.9
16079,2020,1,7.8
16079,2020,2,10.5
16079,2021,1,7.9
16079,2021,2,11.0
16079,2022,1,7.8
16079,2022,2,11.5
16083,2019,1,6.1
16083,2019,2,9.7
16083,2020,1,6.4
16083,2020,2,10.0
16083,2021,1,6.3
16083,2021,2,10.5
16083,2022,1,6.5
16083,2022,2,11.1
16085,2019,1,5.2
16085,2019,2,9.5
16085,2020,1,5.4
16085,2020,2,9.6
16085,2021,1,6.2
16085,2021,2,10.5
16085,2022,1,6.3
16085,2022,2,10.9
17001,2019,1,6.8
17001,2019,2,9.3
17001,2020,1,6.5
17001,2020,2,10.0
17001,2021,1,6.7
17001,2021,2,10.2
17001,2022,1,6.6
17001,2022,2,10.5
17019,2019,1,6.1
17019,2019,2,9.2
17019,2020,1,5.7
17019,2020,2,9.5
17019,2021,1,5.9
17019,2021,2,10.0
17019,2022,1,6.0
17019,2022,2,10.2
17031,2019,1,5.2
17031,2019,2,8.6
17031,2020,1,5.1
17031,2020,2,9.4
17031,2021,1,5.2
17031,2021,2,9.2
17031,2022,1,5.2
17031,2022,2,9.8
17043,2019,1,4.3
17043,2019,2,7.5
17043,2020,1,4.2
17043,2020,2,8.5
17043,2021,1,4.3
17043,2021,2,8.7
17043,2022,1,4.3
17043,2022,2,8.9
17049,2019,1,6.6
17049,2019,2,9.3
17049,2021,1,6.5
17049,2021,2,9.9
17049,2022,1,6.4
17049,2022,2,10.3
17083,2019,1,6.6
17083,2019,2,9.2
17083,2020,1,6.0
17083,2020,2,9.7
17083,2021,1,6.1
17083,2021,2,9.8
17083,2022,1,6.4
17083,2022,2,10.5
17085,2019,1,6.4
17085,2019,2,9.1
17085,2020,1,6.2
17085,2020,2,9.7
17085,2021,1,6.4
17085,2021,2,9.8
17085,2022,1,6.1
17085,2022,2,10.2
17089,2019,1,5.2
17089,2019,2,8.1
17089,2020,1,5.2
17089,2020,2,9.1
17089,2021,1,5.3
17089,2021,2,9.4
17089,2022,1,5.0
17089,2022,2,9.3
17097,2019,1,4.7
17097,2019,2,8.1
17097,2020,1,4.7
17097,2020,2,9.0
17097,2021,1,4.8
17097,2021,2,9.0
17097,2022,1,4.7
17097,2022,2,9.1
17111,2019,1,5.1
17111,2019,2,8.3
17111,2020,1,5.1
17111,2020,2,9.1
17111,2021,1,5.0
17111,2021,2,9.2
17111,2022,1,5.0
17111,2022,2,9.6
17113,2019,1,5.8
17113,2019,2,8.7
17113,2020,1,5.6
17113,2020,2,9.5
17113,2021,1,5.7
17113,2021,2,9.8
17113,2022,1,5.5
17113,2022,2,10.2
17115,2019,1,7.2
17115,2019,2,10.1
17115,2020,1,6.8
17115,2020,2,10.6
17115,2021,1,6.9
17115,2021,2,10.6
17115,2022,1,7.0
17115,2022,2,11.0
17117,2019,1,7.4
17117,2019,2,9.6
17117,2020,1,7.1
17117,2020,2,10.0
17117,2021,1,7.4
17117,2021,2,10.3
17117,2022,1,7.2
17117,2022,2,10.7
17119,2019,1,6.4
17119,2019,2,9.3
17119,2020,1,6.2
17119,2020,2,10.1
17119,2021,1,6.3
17119,2021,2,10.1
17119,2022,1,6.2
17119,2022,2,10.6
17143,2019,1,6.5
17143,2019,2,9.6
17143,2020,1,6.3
17143,2020,2,10.2
17143,2021,1,6.4
17143,2021,2,10.3
17143,2022,1,6.5
17143,2022,2,10.6
17161,2019,1,6.4
17161,2019,2,8.9
17161,2020,1,6.4
17161,2020,2,10.0
17161,2021,1,6.7
17161,2021,2,10.3
17161,2022,1,6.7
17161,2022,2,10.6
17167,2019,1,6.3
17167,2019,2,9.6
17167,2020,1,6.0
17167,2020,2,9.9
17167,2021,1,6.2
17167,2021,2,10.2
17167,2022,1,6.1
17167,2022,2,10.6
17197,2019,1,5.2
17197,2019,2,8.8
17197,2020,1,4.9
17197,2020,2,9.2
17197,2021,1,5.0
17197,2021,2,9.2
17197,2022,1,5.0
17197,2022,2,9.7
17201,2019,1,6.8
17201,2019,2,9.4
17201,2020,1,6.9
17201,2020,2,10.1
17201,2021,1,7.1
17201,2021,2,10.4
17201,2022,1,7.0
17201,2022,2,10.7
18003,2019,1,7.3
18003,2019,2,9.7
18003,2020,1,7.2
18003,2020,2,10.5
18003,2021,1,7.0
18003,2021,2,11.1
18003,2022,1,6.9
18003,2022,2,11.3
18005,2019,1,6.9
18005,2019,2,9.1
18005,2020,1,6.8
18005,2020,2,9.4
18005,2021,1,6.7
18005,2021,2,10.0
18005,2022,1,6.7
18005,2022,2,10.6
18019,2019,1,7.8
18019,2019,2,10.2
18019,2020,1,7.4
18019,2020,2,10.4
18019,2021,1,7.4
18019,2021,2,10.5
18019,2022,1,7.1
18019,2022,2,11.4
18035,2019,1,9.0
18035,2019,2,10.7
18035,2020,1,8.4
18035,2020,2,10.8
18035,2021,1,8.7
18035,2021,2,11.4
18035,2022,1,8.7
18035,2022,2,12.0
18039,2019,1,7.8
18039,2019,2,9.8
18039,2020,1,7.7
18039,2020,2,10.0
18039,2021,1,8.1
18039,2021,2,10.5
18039,2022,1,7.9
18039,2022,2,11.3
18043,2019,1,7.1
18043,2019,2,9.9
18043,2020,1,6.8
18043,2020,2,10.0
18043,2021,1,7.0
18043,2021,2,10.4
18043,2022,1,6.8
18043,2022,2,11.4
18057,2019,1,4.7
18057,2019,2,8.3
18057,2020,1,4.5
18057,2020,2,8.8
18057,2021,1,4.4
18057,2021,2,9.2
18057,2022,1,4.3
18057,2022,2,10.2
18063,2019,1,5.9
18063,2019,2,9.1
18063,2020,1,5.6
18063,2020,2,9.2
18063,2021,1,5.6
18063,2021,2,9.9
18063,2022,1,5.5
18063,2022,2,10.7
18067,2019,1,8.1
18067,2019,2,10.2
18067,2020,1,7.4
18067,2020,2,10.3
18067,2021,1,7.7
18067,2021,2,10.9
18067,2022,1,7.8
18067,2022,2,11.8
18069,2019,1,7.9
18069,2019,2,10.1
18083,2019,1,8.7
18083,2019,2,10.1
18083,2020,1,8.4
18083,2020,2,10.3
18083,2021,1,8.4
18083,2021,2,10.7
18083,2022,1,8.1
18083,2022,2,11.4
18089,2019,1,7.1
18089,2019,2,9.6
18089,2020,1,7.2
18089,2020,2,10.5
18089,2021,1,7.3
18089,2021,2,10.8
18089,2022,1,7.2
18089,2022,2,11.5
18091,2019,1,8.7
18091,2019,2,10.3
18091,2020,1,7.8
18091,2020,2,10.3
18091,2021,1,8.0
18091,2021,2,10.7
18091,2022,1,7.7
18091,2022,2,11.0
18095,2019,1,9.0
18095,2019,2,11.2
18095,2020,1,8.5
18095,2020,2,10.9
18095,2021,1,8.3
18095,2021,2,11.3
18095,2022,1,7.8
18095,2022,2,11.5
18097,2019,1,7.4
18097,2019,2,10.0
18097,2020,1,7.5
18097,2020,2,10.9
18097,2021,1,7.3
18097,2021,2,11.0
18097,2022,1,7.1
18097,2022,2,11.7
18105,2019,1,7.5
18105,2019,2,9.7
18105,2020,1,7.2
18105,2020,2,9.8
18105,2021,1,7.0
18105,2021,2,10.4
18105,2022,1,6.9
18105,2022,2,11.0
18109,2019,1,7.9
18109,2019,2,9.9
18123,2019,1,8.1
18123,2019,2,9.6
18123,2020,1,7.7
18123,2020,2,9.8
18123,2021,1,7.6
18123,2021,2,10.1
18123,2022,1,7.8
18123,2022,2,11.0
18127,2019,1,6.7
18127,2019,2,9.2
18127,2020,1,6.5
18127,2020,2,9.8
18127,2021,1,6.6
18127,2021,2,10.1
18127,2022,1,6.4
18127,2022,2,11.0
18129,2019,1,7.2
18129,2019,2,9.6
18129,2020,1,6.9
18129,2020,2,9.7
18129,2021,1,7.0
18129,2021,2,10.3
18129,2022,1,6.8
18129,2022,2,11.0
18141,2019,1,7.4
18141,2019,2,9.7
18141,2020,1,7.0
18141,2020,2,9.8
18141,2021,1,7.0
18141,2021,2,10.5
18141,2022,1,7.1
18141,2022,2,11.2
18157,2019,1,7.2
18157,2019,2,9.5
18157,2020,1,7.1
18157,2020,2,9.8
18157,2021,1,7.0
18157,2021,2,10.7
18157,2022,1,7.2
18157,2022,2,10.8
18163,2019,1,8.1
18163,2019,2,10.3
18163,2020,1,7.7
18163,2020,2,10.1
18163,2021,1,7.8
18163,2021,2,10.9
18163,2022,1,7.6
18163,2022,2,11.6
18167,2019,1,8.6
18167,2019,2,10.0
18167,2020,1,8.4
18167,2020,2,10.5
18167,2021,1,8.6
18167,2021,2,11.1
18167,2022,1,8.9
18167,2022,2,11.6
18173,2019,1,6.5
18173,2019,2,9.3
18173,2020,1,6.0
18173,2020,2,9.4
18173,2021,1,5.9
18173,2021,2,9.9
18173,2022,1,5.7
18173,2022,2,10.7
19013,2019,1,6.0
19013,2019,2,8.9
19013,2020,1,6.1
19013,2020,2,9.6
19013,2021,1,6.4
19013,2021,2,9.8
19013,2022,1,6.4
19013,2022,2,10.5
19017,2019,1,5.0
19017,2019,2,8.1
19017,2020,1,5.1
19017,2020,2,9.1
19017,2021,1,5.3
19017,2021,2,9.1
19017,2022,1,5.4
19017,2022,2,9.8
19045,2019,1,6.5
19045,2019,2,9.1
19045,2020,1,6.8
19045,2020,2,10.2
19045,2021,1,6.9
19045,2021,2,9.9
19045,2022,1,6.9
19045,2022,2,10.4
19085,2019,1,6.0
19085,2019,2,8.5
19085,2020,1,6.0
19085,2020,2,9.4
19085,2021,1,6.3
19085,2021,2,9.5
19085,2022,1,6.2
19085,2022,2,10.1
19103,2019,1,4.9
19103,2019,2,7.9
19103,2020,1,5.0
19103,2020,2,9.2
19103,2021,1,5.3
19103,2021,2,9.5
19103,2022,1,5.4
19103,2022,2,9.7
19113,2019,1,5.2
19113,2019,2,8.2
19113,2020,1,5.4
19113,2020,2,9.8
19113,2021,1,5.5
19113,2021,2,9.4
19113,2022,1,5.7
19113,2022,2,10.4
19137,2019,1,6.6
19137,2019,2,8.8
19137,2020,1,6.6
19137,2020,2,9.8
19137,2021,1,7.1
19137,2021,2,9.9
19137,2022,1,6.8
19137,2022,2,10.3
19139,2019,1,5.5
19139,2019,2,8.2
19139,2020,1,6.0
19139,2020,2,9.3
19139,2021,1,6.2
19139,2021,2,9.2
19139,2022,1,6.2
19139,2022,2,9.8
19147,2019,1,5.4
19147,2019,2,8.3
19147,2020,1,5.4
19147,2020,2,9.3
19147,2021,1,6.0
19147,2021,2,9.4
19147,2022,1,6.2
19147,2022,2,10.1
19153,2019,1,5.3
19153,2019,2,8.0
19153,2020,1,5.3
19153,2020,2,9.0
19153,2021,1,5.5
19153,2021,2,9.1
19153,2022,1,5.5
19153,2022,2,9.8
19163,2019,1,5.4
19163,2019,2,8.7
19163,2020,1,5.4
19163,2020,2,9.8
19163,2021,1,5.8
19163,2021,2,9.5
19163,2022,1,5.8
19163,2022,2,10.6
19177,2019,1,6.7
19177,2019,2,8.9
19177,2020,1,7.1
19177,2020,2,9.9
19177,2021,1,7.9
19177,2021,2,10.0
19177,2022,1,7.6
19177,2022,2,10.6
20057,2019,1,6.0
20057,2019,2,8.7
20057,2020,1,6.3
20057,2020,2,9.2
20057,2021,1,6.5
20057,2021,2,9.8
20057,2022,1,6.5
20057,2022,2,9.2
20091,2019,1,4.0
20091,2019,2,8.4
20091,2020,1,3.8
20091,2020,2,8.6
20091,2021,1,4.2
20091,2021,2,9.6
20091,2022,1,4.1
20091,2022,2,9.4
20103,2019,1,5.4
20103,2019,2,9.2
20103,2020,1,5.3
20103,2020,2,9.5
20103,2021,1,5.5
20103,2021,2,9.7
20103,2022,1,5.4
20103,2022,2,10.0
20133,2019,1,7.2
20133,2019,2,10.2
20133,2020,1,6.8
20133,2020,2,9.8
20133,2021,1,6.9
20133,2021,2,10.4
20133,2022,1,7.3
20133,2022,2,10.4
20173,2019,1,5.8
20173,2019,2,9.7
20173,2020,1,5.8
20173,2020,2,9.8
20173,2021,1,5.8
20173,2021,2,10.3
20173,2022,1,6.4
20173,2022,2,10.0
20177,2019,1,5.8
20177,2019,2,9.7
20177,2020,1,5.6
20177,2020,2,10.2
20177,2021,1,6.2
20177,2021,2,10.9
20177,2022,1,6.2
20177,2022,2,10.6
20181,2019,1,5.7
20181,2019,2,9.1
20181,2020,1,5.5
20181,2020,2,9.3
20181,2021,1,6.4
20181,2021,2,10.2
20181,2022,1,6.4
20181,2022,2,10.1
20191,2019,1,6.4
20191,2019,2,9.5
20191,2020,1,6.4
20191,2020,2,9.7
20191,2021,1,6.5
20191,2021,2,10.1
20191,2022,1,6.8
20191,2022,2,10.2
20209,2019,1,6.7
20209,2019,2,10.4
20209,2020,1,7.1
20209,2020,2,10.1
20209,2021,1,7.3
20209,2021,2,10.5
20209,2022,1,7.0
20209,2022,2,10.0
21013,2019,1,15.0
21013,2019,2,11.8
21013,2020,1,14.0
21013,2020,2,12.6
21013,2021,1,13.3
21013,2021,2,12.8
21015,2019,1,6.8
21015,2019,2,9.0
21015,2020,1,6.9
21015,2020,2,10.2
21015,2021,1,6.5
21015,2021,2,10.4
21019,2019,1,9.7
21019,2019,2,10.3
21019,2020,1,9.6
21019,2020,2,11.3
21019,2021,1,9.3
21019,2021,2,11.4
21029,2019,1,8.6
21029,2019,2,9.7
21029,2020,1,8.6
21029,2020,2,11.0
21029,2021,1,8.1
21029,2021,2,10.9
21037,2019,1,7.6
21037,2019,2,9.4
21037,2020,1,7.3
21037,2020,2,10.6
21037,2021,1,7.0
21037,2021,2,10.6
21043,2019,1,11.8
21043,2019,2,11.0
21043,2020,1,11.7
21043,2020,2,12.0
21043,2021,1,11.7
21043,2021,2,12.2
21047,2019,1,9.8
21047,2019,2,10.2
21047,2020,1,9.9
21047,2020,2,11.5
21047,2021,1,9.6
21047,2021,2,11.9
21059,2019,1,8.7
21059,2019,2,9.8
21059,2020,1,8.8
21059,2020,2,11.2
21059,2021,1,8.4
21059,2021,2,11.0
21067,2019,1,7.3
21067,2019,2,9.4
21067,2020,1,7.1
21067,2020,2,10.5
21067,2021,1,6.8
21067,2021,2,10.9
21089,2019,1,9.4
21089,2019,2,10.5
21089,2020,1,9.3
21089,2020,2,11.3
21089,2021,1,8.7
21089,2021,2,11.5
21091,2019,1,9.5
21091,2019,2,10.0
21091,2020,1,9.7
21091,2020,2,11.3
21091,2021,1,8.9
21091,2021,2,11.1
21093,2019,1,8.1
21093,2019,2,9.8
21093,2020,1,8.2
21093,2020,2,11.4
21093,2021,1,7.8
21093,2021,2,11.2
21111,2019,1,8.0
21111,2019,2,9.7
21111,2020,1,7.5
21111,2020,2,11.1
21111,2021,1,7.3
21111,2021,2,10.9
21113,2019,1,8.6
21113,2019,2,9.9
21113,2020,1,8.0
21113,2020,2,10.8
21113,2021,1,7.8
21113,2021,2,10.9
21139,2019,1,10.2
21139,2019,2,10.4
21139,2020,1,9.4
21139,2020,2,11.3
21139,2021,1,9.3
21139,2021,2,11.4
21145,2019,1,8.7
21145,2019,2,9.7
21145,2020,1,8.8
21145,2020,2,11.2
21145,2021,1,8.4
21145,2021,2,11.2
21185,2019,1,6.1
21185,2019,2,8.5
21185,2020,1,6.0
21185,2020,2,9.9
21185,2021,1,5.7
21185,2021,2,9.9
21193,2019,1,12.1
21193,2019,2,10.8
21193,2020,1,11.2
21193,2020,2,11.9
21193,2021,1,11.2
21193,2021,2,12.1
21195,2019,1,12.2
21195,2019,2,10.7
21195,2020,1,12.0
21195,2020,2,12.0
21195,2021,1,11.8
21195,2021,2,12.3
21199,2019,1,10.9
21199,2019,2,10.6
21199,2020,1,10.9
21199,2020,2,12.0
21199,2021,1,10.3
21199,2021,2,12.0
21213,2019,1,9.3
21213,2019,2,10.0
21213,2020,1,8.9
21213,2020,2,11.2
21213,2021,1,8.3
21213,2021,2,11.3
21227,2019,1,8.4
21227,2019,2,9.6
21227,2020,1,8.6
21227,2020,2,11.2
21227,2021,1,8.0
21227,2021,2,11.1
22005,2019,1,6.1
22005,2019,2,8.8
22005,2020,1,5.8
22005,2020,2,8.8
22005,2021,1,6.2
22005,2021,2,9.6
22005,2022,1,6.1
22005,2022,2,9.7
22015,2019,1,7.0
22015,2019,2,9.1
22015,2020,1,6.9
22015,2020,2,9.7
22015,2021,1,7.4
22015,2021,2,10.1
22015,2022,1,6.9
22015,2022,2,10.1
22017,2019,1,7.7
22017,2019,2,10.4
22017,2020,1,7.6
22017,2020,2,10.6
22017,2021,1,8.0
22017,2021,2,10.9
22017,2022,1,8.0
22017,2022,2,10.9
22019,2019,1,7.5
22019,2019,2,9.8
22019,2020,1,7.1
22019,2020,2,9.7
22019,2021,1,7.4
22019,2021,2,10.0
22019,2022,1,7.2
22019,2022,2,10.3
22033,2019,1,6.2
22033,2019,2,9.0
22033,2020,1,6.0
22033,2020,2,9.1
22033,2021,1,6.4
22033,2021,2,10.2
22033,2022,1,6.6
22033,2022,2,10.3
22047,2019,1,8.2
22047,2019,2,10.1
22047,2020,1,7.6
22047,2020,2,10.0
22047,2021,1,8.2
22047,2021,2,10.8
22047,2022,1,7.8
22047,2022,2,10.7
22051,2019,1,6.5
22051,2019,2,8.8
22051,2020,1,6.4
22051,2020,2,9.3
22051,2021,1,6.6
22051,2021,2,10.0
22051,2022,1,6.5
22051,2022,2,9.8
22055,2019,1,6.8
22055,2019,2,9.2
22055,2020,1,6.5
22055,2020,2,9.2
22055,2021,1,6.7
22055,2021,2,9.8
22055,2022,1,6.7
22055,2022,2,9.7
22057,2019,1,8.1
22057,2019,2,9.6
22057,2020,1,8.2
22057,2020,2,9.5
22057,2021,1,8.1
22057,2021,2,10.4
22057,2022,1,8.3
22057,2022,2,10.2
22063,2019,1,7.5
22063,2019,2,9.2
22063,2020,1,7.0
22063,2020,2,9.0
22063,2021,1,7.2
22063,2021,2,9.9
22063,2022,1,7.2
22063,2022,2,9.9
22071,2019,1,6.7
22071,2019,2,9.6
22071,2020,1,6.5
22071,2020,2,10.2
22071,2021,1,6.9
22071,2021,2,10.7
22071,2022,1,6.6
22071,2022,2,10.6
22073,2019,1,8.4
22073,2019,2,10.1
22073,2020,1,7.8
22073,2020,2,10.1
22073,2021,1,8.2
22073,2021,2,10.9
22073,2022,1,8.0
22073,2022,2,10.9
22077,2019,1,8.4
22077,2019,2,10.3
22077,2020,1,8.2
22077,2020,2,10.2
22077,2021,1,8.3
22077,2021,2,10.8
22077,2022,1,8.1
22077,2022,2,10.8
22087,2019,1,8.2
22087,2019,2,9.6
22087,2020,1,8.5
22087,2020,2,10.1
22087,2021,1,8.4
22087,2021,2,10.7
22087,2022,1,8.5
22087,2022,2,10.6
22093,2019,1,7.6
22093,2019,2,10.0
22093,2020,1,7.2
22093,2020,2,10.2
22093,2021,1,7.3
22093,2021,2,10.6
22093,2022,1,6.8
22093,2022,2,10.7
22095,2019,1,6.9
22095,2019,2,9.8
22095,2020,1,6.6
22095,2020,2,10.1
22095,2021,1,7.0
22095,2021,2,10.7
22095,2022,1,6.8
22095,2022,2,10.7
22099,2019,1,8.4
22099,2019,2,9.9
22099,2020,1,7.9
22099,2020,2,9.9
22099,2021,1,8.3
22099,2021,2,10.4
22099,2022,1,8.3
22099,2022,2,10.6
22103,2019,1,6.1
22103,2019,2,8.6
22103,2020,1,6.0
22103,2020,2,8.9
22103,2021,1,6.2
22103,2021,2,9.5
22103,2022,1,6.1
22103,2022,2,9.6
22121,2019,1,6.7
22121,2019,2,9.4
22121,2020,1,6.7
22121,2020,2,9.8
22121,2021,1,6.9
22121,2021,2,10.3
22121,2022,1,6.6
22121,2022,2,10.4
23001,2019,1,7.9
23001,2019,2,10.5
23001,2020,1,7.9
23001,2020,2,11.4
23001,2021,1,7.7
23001,2021,2,12.4
23001,2022,1,7.6
23001,2022,2,13.4
23003,2019,1,9.3
23003,2019,2,12.1
23003,2020,1,8.7
23003,2020,2,11.5
23003,2021,1,8.6
23003,2021,2,12.1
23003,2022,1,8.3
23003,2022,2,13.6
23005,2019,1,6.0
23005,2019,2,10.7
23005,2020,1,5.7
23005,2020,2,10.2
23005,2021,1,5.2
23005,2021,2,11.0
23005,2022,1,5.1
23005,2022,2,12.0
23009,2019,1,7.1
23009,2019,2,10.3
23009,2020,1,6.6
23009,2020,2,10.5
23009,2021,1,6.4
23009,2021,2,11.2
23009,2022,1,6.2
23009,2022,2,12.3
23011,2019,1,7.8
23011,2019,2,10.6
23011,2020,1,7.5
23011,2020,2,11.0
23011,2021,1,7.3
23011,2021,2,11.8
23011,2022,1,7.3
23011,2022,2,12.6
23013,2019,1,7.1
23013,2019,2,10.4
23013,2021,1,6.5
23013,2021,2,11.1
23013,2022,1,6.3
23013,2022,2,12.1
23017,2019,1,8.6
23017,2019,2,11.4
23017,2020,1,8.4
23017,2020,2,12.0
23017,2021,1,8.3
23017,2021,2,12.0
23017,2022,1,8.2
23017,2022,2,13.6
23019,2019,1,8.2
23019,2019,2,11.7
23019,2020,1,7.9
23019,2020,2,11.8
23019,2021,1,7.5
23019,2021,2,12.6
23019,2022,1,7.3
23019,2022,2,13.4
23029,2019,1,9.4
23029,2019,2,11.5
23029,2020,1,9.1
23029,2020,2,12.0
23029,2021,1,9.0
23029,2021,2,12.1
23029,2022,1,8.4
23029,2022,2,13.5
23031,2019,1,6.8
23031,2019,2,11.1
23031,2020,1,6.3
23031,2020,2,10.5
23031,2021,1,6.3
23031,2021,2,11.4
23031,2022,1,6.2
23031,2022,2,12.8
24003,2019,1,5.2
24003,2019,2,8.6
24003,2020,1,4.7
24003,2020,2,9.2
24003,2021,1,4.7
24003,2021,2,9.1
24003,2022,1,4.6
24003,2022,2,10.0
24005,2019,1,5.6
24005,2019,2,9.6
24005,2020,1,5.0
24005,2020,2,10.0
24005,2021,1,5.0
24005,2021,2,9.9
24009,2019,1,5.5
24009,2019,2,9.2
24009,2020,1,5.1
24009,2020,2,9.7
24009,2021,1,5.0
24009,2021,2,9.8
24009,2022,1,5.0
24009,2022,2,10.5
24013,2019,1,5.4
24013,2019,2,8.5
24013,2020,1,5.0
24013,2020,2,9.0
24013,2021,1,5.0
24013,2021,2,9.6
24013,2022,1,5.0
24013,2022,2,10.1
24015,2019,1,6.8
24015,2019,2,9.3
24015,2020,1,6.3
24015,2020,2,9.7
24015,2021,1,6.3
24015,2021,2,10.4
24015,2022,1,6.6
24015,2022,2,10.5
24017,2019,1,5.6
24017,2019,2,9.8
24017,2020,1,4.9
24017,2020,2,10.4
24017,2021,1,5.0
24017,2021,2,10.0
24017,2022,1,5.0
24017,2022,2,10.7
24019,2019,1,7.4
24019,2019,2,10.7
24019,2020,1,7.2
24019,2020,2,10.9
24019,2021,1,6.8
24019,2021,2,11.0
24019,2022,1,7.7
24019,2022,2,11.7
24021,2019,1,5.1
24021,2019,2,8.6
24021,2020,1,4.8
24021,2020,2,9.5
24021,2021,1,4.6
24021,2021,2,9.4
24021,2022,1,4.6
24021,2022,2,9.5
24023,2019,1,7.6
24023,2019,2,9.9
24023,2020,1,6.9
24023,2020,2,10.1
24023,2021,1,6.9
24023,2021,2,10.3
24023,2022,1,7.1
24023,2022,2,11.3
24025,2019,1,5.6
24025,2019,2,8.8
24025,2020,1,5.3
24025,2020,2,9.8
24025,2021,1,5.1
24025,2021,2,10.0
24025,2022,1,5.2
24025,2022,2,10.2
24027,2019,1,3.8
24027,2019,2,7.7
24027,2020,1,3.6
24027,2020,2,8.4
24027,2021,1,3.5
24027,2021,2,8.7
24027,2022,1,3.5
24027,2022,2,9.1
24031,2019,1,3.9
24031,2019,2,8.1
24031,2020,1,3.8
24031,2020,2,8.3
24031,2021,1,3.5
24031,2021,2,8.6
24031,2022,1,3.8
24031,2022,2,9.2
24033,2019,1,4.7
24033,2019,2,8.8
24033,2020,1,4.5
24033,2020,2,9.9
24033,2021,1,4.5
24033,2021,2,10.6
24033,2022,1,5.0
24033,2022,2,11.5
24043,2019,1,7.4
24043,2019,2,10.1
24043,2020,1,6.6
24043,2020,2,10.5
24043,2021,1,7.1
24043,2021,2,10.9
24043,2022,1,7.2
24043,2022,2,10.8
24510,2019,1,7.0
24510,2019,2,11.8
24510,2020,1,6.4
24510,2020,2,11.6
24510,2021,1,6.3
24510,2021,2,12.2
25001,2019,1,5.1
25001,2019,2,10.3
25001,2020,1,4.6
25001,2020,2,10.6
25001,2021,1,5.1
25001,2021,2,10.8
25001,2022,1,4.9
25001,2022,2,11.8
25003,2019,1,6.0
25003,2019,2,10.3
25003,2020,1,5.6
25003,2020,2,11.1
25003,2021,1,6.1
25003,2021,2,11.2
25003,2022,1,5.9
25003,2022,2,12.2
25005,2019,1,6.5
25005,2019,2,10.5
25005,2020,1,6.1
25005,2020,2,11.7
25005,2021,1,6.9
25005,2021,2,12.0
25005,2022,1,6.5
25005,2022,2,12.7
25007,2019,1,5.2
25007,2019,2,9.7
25007,2020,1,4.8
25007,2020,2,10.6
25007,2021,1,5.3
25007,2021,2,10.9
25007,2022,1,4.9
25007,2022,2,11.7
25009,2019,1,4.9
25009,2019,2,8.9
25009,2020,1,4.9
25009,2020,2,11.0
25009,2021,1,5.4
25009,2021,2,11.0
25009,2022,1,5.3
25009,2022,2,11.5
25011,2019,1,5.8
25011,2019,2,9.7
25011,2020,1,5.4
25011,2020,2,10.9
25011,2021,1,6.0
25011,2021,2,11.4
25011,2022,1,6.0
25011,2022,2,12.0
25013,2019,1,6.1
25013,2019,2,10.6
25013,2020,1,6.0
25013,2020,2,11.6
25013,2021,1,6.7
25013,2021,2,12.1
25013,2022,1,6.7
25013,2022,2,12.8
25015,2019,1,5.4
25015,2019,2,10.0
25015,2020,1,4.9
25015,2020,2,10.6
25015,2021,1,5.5
25015,2021,2,11.1
25015,2022,1,5.2
25015,2022,2,12.1
25017,2019,1,4.2
25017,2019,2,9.0
25017,2020,1,3.9
25017,2020,2,9.7
25017,2021,1,4.3
25017,2021,2,9.9
25017,2022,1,4.1
25017,2022,2,11.1
25021,2019,1,4.4
25021,2019,2,9.1
25021,2020,1,4.0
25021,2020,2,9.9
25021,2021,1,4.5
25021,2021,2,10.1
25021,2022,1,4.2
25021,2022,2,10.8
25023,2019,1,5.3
25023,2019,2,10.1
25023,2020,1,4.8
25023,2020,2,10.5
25023,2021,1,5.4
25023,2021,2,11.3
25023,2022,1,5.3
25023,2022,2,12.1
25025,2019,1,4.9
25025,2019,2,10.3
25025,2020,1,4.9
25025,2020,2,11.2
25025,2021,1,5.5
25025,2021,2,11.0
25025,2022,1,5.3
25025,2022,2,11.4
25027,2019,1,5.3
25027,2019,2,10.4
25027,2020,1,5.2
25027,2020,2,10.6
25027,2021,1,5.7
25027,2021,2,11.7
25027,2022,1,5.5
25027,2022,2,12.1
26005,2019,1,7.3
26005,2019,2,10.2
26005,2020,1,6.6
26005,2020,2,10.7
26005,2021,1,6.7
26005,2021,2,11.0
26005,2022,1,6.8
26005,2022,2,11.1
26017,2019,1,8.1
26017,2019,2,10.9
26017,2020,1,7.6
26017,2020,2,11.1
26017,2021,1,7.3
26017,2021,2,11.4
26017,2022,1,7.5
26017,2022,2,11.6
26019,2019,1,7.1
26019,2019,2,10.4
26019,2020,1,6.4
26019,2020,2,10.7
26019,2021,1,6.3
26019,2021,2,10.7
26019,2022,1,6.5
26019,2022,2,11.3
26021,2019,1,7.8
26021,2019,2,10.8
26021,2020,1,7.1
26021,2020,2,11.2
26021,2021,1,7.0
26021,2021,2,11.2
26021,2022,1,7.4
26021,2022,2,11.9
26027,2019,1,7.8
26027,2019,2,10.7
26027,2020,1,7.1
26027,2020,2,11.2
26027,2021,1,7.2
26027,2021,2,11.1
26027,2022,1,7.6
26027,2022,2,11.8
26037,2019,1,6.6
26037,2019,2,10.2
26037,2020,1,5.9
26037,2020,2,10.5
26037,2021,1,5.8
26037,2021,2,10.6
26037,2022,1,6.1
26037,2022,2,11.3
26049,2019,1,8.6
26049,2019,2,11.9
26049,2020,1,7.6
26049,2020,2,12.0
26049,2021,1,7.7
26049,2021,2,11.8
26049,2022,1,8.0
26049,2022,2,12.4
26063,2019,1,8.4
26063,2019,2,10.8
26063,2020,1,7.8
26063,2020,2,11.2
26063,2021,1,7.5
26063,2021,2,11.1
26063,2022,1,7.9
26063,2022,2,11.7
26065,2019,1,7.1
26065,2019,2,11.0
26065,2020,1,6.3
26065,2020,2,10.8
26065,2021,1,6.4
26065,2021,2,11.5
26065,2022,1,6.7
26065,2022,2,11.6
26077,2019,1,6.8
26077,2019,2,10.8
26077,2020,1,6.3
26077,2020,2,11.1
26077,2021,1,6.3
26077,2021,2,11.1
26077,2022,1,6.6
26077,2022,2,11.5
26081,2019,1,6.5
26081,2019,2,10.1
26081,2020,1,6.0
26081,2020,2,10.5
26081,2021,1,5.9
26081,2021,2,10.4
26081,2022,1,6.0
26081,2022,2,11.0
26091,2019,1,7.6
26091,2019,2,10.6
26091,2020,1,7.0
26091,2020,2,11.0
26091,2021,1,7.0
26091,2021,2,11.0
26091,2022,1,7.2
26091,2022,2,11.4
26099,2019,1,7.5
26099,2019,2,10.9
26099,2020,1,6.5
26099,2020,2,11.4
26099,2021,1,6.7
26099,2021,2,11.2
26099,2022,1,6.9
26099,2022,2,11.4
26101,2019,1,8.0
26101,2019,2,10.6
26101,2021,1,7.1
26101,2021,2,10.8
26101,2022,1,7.6
26101,2022,2,11.6
26105,2019,1,8.0
26105,2019,2,10.7
26105,2020,1,7.5
26105,2020,2,11.1
26105,2021,1,7.2
26105,2021,2,11.1
26105,2022,1,7.6
26105,2022,2,11.6
26121,2019,1,8.2
26121,2019,2,11.3
26121,2020,1,7.4
26121,2020,2,11.5
26121,2021,1,7.3
26121,2021,2,11.3
26121,2022,1,7.8
26121,2022,2,12.2
26125,2019,1,5.5
26125,2019,2,9.8
26125,2020,1,5.0
26125,2020,2,10.1
26125,2021,1,4.7
26125,2021,2,10.2
26125,2022,1,5.0
26125,2022,2,10.6
26139,2019,1,6.3
26139,2019,2,10.1
26139,2020,1,5.9
26139,2020,2,10.3
26139,2021,1,5.6
26139,2021,2,10.2
26139,2022,1,5.8
26139,2022,2,11.0
26147,2019,1,8.0
26147,2019,2,10.8
26147,2020,1,7.2
26147,2020,2,11.2
26147,2021,1,7.1
26147,2021,2,11.2
26147,2022,1,7.4
26147,2022,2,11.7
26153,2019,1,9.1
26153,2019,2,11.4
26153,2020,1,8.2
26153,2020,2,11.7
26153,2021,1,8.1
26153,2021,2,11.6
26153,2022,1,8.5
26153,2022,2,12.3
26157,2019,1,8.7
26157,2019,2,10.8
26157,2020,1,7.8
26157,2020,2,11.1
26157,2021,1,7.9
26157,2021,2,11.1
26157,2022,1,8.1
26157,2022,2,11.7
26161,2019,1,5.6
26161,2019,2,9.6
26161,2020,1,5.0
26161,2020,2,11.4
26161,2021,1,5.0
26161,2021,2,10.3
26161,2022,1,5.3
26161,2022,2,10.7
26163,2019,1,8.4
26163,2019,2,11.8
26163,2020,1,7.4
26163,2020,2,13.0
26163,2021,1,7.9
26163,2021,2,12.2
26163,2022,1,8.1
26163,2022,2,12.4
26165,2019,1,8.9
26165,2019,2,11.2
26165,2020,1,7.7
26165,2020,2,11.3
26165,2021,1,7.6
26165,2021,2,11.1
26165,2022,1,8.3
26165,2022,2,11.9
27003,2019,1,4.6
27003,2019,2,8.4
27003,2020,1,4.4
27003,2020,2,9.2
27003,2021,1,4.7
27003,2021,2,9.5
27003,2022,1,4.6
27003,2022,2,9.9
27005,2019,1,5.7
27005,2019,2,9.3
27005,2020,1,5.4
27005,2020,2,9.3
27005,2021,1,5.6
27005,2021,2,9.9
27005,2022,1,5.6
27005,2022,2,10.3
27007,2019,1,6.4
27007,2019,2,10.1
27007,2020,1,6.1
27007,2020,2,10.2
27007,2021,1,6.1
27007,2021,2,10.6
27007,2022,1,6.3
27007,2022,2,11.3
27017,2019,1,5.6
27017,2019,2,9.3
27017,2020,1,5.4
27017,2020,2,9.3
27017,2021,1,5.5
27017,2021,2,9.8
27017,2022,1,5.4
27017,2022,2,10.6
27021,2019,1,6.1
27021,2019,2,9.9
27021,2020,1,5.8
27021,2020,2,9.4
27021,2021,1,5.9
27021,2021,2,10.0
27021,2022,1,5.9
27021,2022,2,10.6
27035,2019,1,5.6
27035,2019,2,9.2
27035,2020,1,5.1
27035,2020,2,8.9
27035,2021,1,5.4
27035,2021,2,9.8
27035,2022,1,5.2
27035,2022,2,10.5
27037,2019,1,3.9
27037,2019,2,8.3
27037,2020,1,3.9
27037,2020,2,8.8
27037,2021,1,4.0
27037,2021,2,9.1
27037,2022,1,4.0
27037,2022,2,9.8
27049,2019,1,5.0
27049,2019,2,9.0
27049,2020,1,4.8
27049,2020,2,8.8
27049,2021,1,5.1
27049,2021,2,9.6
27049,2022,1,5.1
27049,2022,2,10.1
27053,2019,1,4.0
27053,2019,2,8.3
27053,2020,1,3.6
27053,2020,2,9.0
27053,2021,1,3.9
27053,2021,2,9.3
27053,2022,1,4.0
27053,2022,2,9.6
27075,2019,1,5.1
27075,2019,2,9.0
27075,2020,1,4.8
27075,2020,2,9.0
27075,2021,1,5.1
27075,2021,2,9.4
27075,2022,1,5.4
27075,2022,2,10.1
27083,2019,1,5.6
27083,2019,2,9.2
27083,2020,1,5.2
27083,2020,2,9.0
27083,2021,1,5.4
27083,2021,2,9.5
27083,2022,1,5.3
27083,2022,2,10.1
27095,2019,1,6.2
27095,2019,2,9.7
27095,2020,1,5.9
27095,2020,2,9.3
27095,2021,1,6.1
27095,2021,2,10.1
27109,2019,1,4.2
27109,2019,2,8.7
27109,2020,1,4.1
27109,2020,2,9.0
27109,2021,1,4.2
27109,2021,2,9.3
27109,2022,1,4.2
27109,2022,2,9.8
27123,2019,1,4.8
27123,2019,2,9.2
27123,2020,1,4.5
27123,2020,2,8.7
27123,2021,1,4.5
27123,2021,2,9.4
27123,2022,1,4.8
27123,2022,2,10.1
27139,2019,1,4.1
27139,2019,2,8.3
27139,2020,1,3.9
27139,2020,2,8.4
27139,2021,1,3.9
27139,2021,2,9.1
27139,2022,1,4.0
27139,2022,2,9.5
27145,2019,1,5.3
27145,2019,2,9.1
27145,2020,1,5.2
27145,2020,2,8.9
27145,2021,1,5.4
27145,2021,2,9.5
27145,2022,1,5.4
27145,2022,2,10.3
27163,2019,1,3.8
27163,2019,2,8.4
27163,2020,1,3.8
27163,2020,2,8.5
27163,2021,1,3.8
27163,2021,2,8.7
27163,2022,1,3.8
27163,2022,2,9.3
27171,2019,1,4.5
27171,2019,2,8.4
27171,2020,1,4.3
27171,2020,2,8.7
27171,2021,1,4.5
27171,2021,2,9.1
27171,2022,1,4.4
27171,2022,2,10.0
28011,2019,1,9.0
28011,2019,2,11.8
28011,2020,1,8.1
28011,2020,2,11.2
28011,2021,1,8.9
28011,2021,2,11.8
28011,2022,1,9.4
28011,2022,2,11.2
28033,2019,1,5.9
28033,2019,2,9.3
28033,2020,1,5.7
28033,2020,2,9.4
28033,2021,1,5.9
28033,2021,2,9.8
28033,2022,1,5.8
28033,2022,2,9.6
28035,2019,1,7.7
28035,2019,2,10.5
28035,2020,1,7.2
28035,2020,2,10.2
28035,2021,1,7.5
28035,2021,2,10.7
28035,2022,1,7.5
28035,2022,2,10.0
28045,2019,1,7.4
28045,2019,2,9.5
28045,2020,1,6.4
28045,2020,2,9.1
28045,2021,1,7.1
28045,2021,2,9.8
28045,2022,1,6.9
28045,2022,2,9.4
28047,2019,1,7.2
28047,2019,2,9.9
28047,2020,1,6.7
28047,2020,2,9.3
28047,2021,1,7.0
28047,2021,2,10.0
28047,2022,1,7.0
28047,2022,2,9.7
28049,2019,1,6.7
28049,2019,2,10.7
28049,2020,1,6.2
28049,2020,2,10.2
28049,2021,1,6.7
28049,2021,2,11.1
28049,2022,1,7.0
28049,2022,2,10.6
28059,2019,1,6.6
28059,2019,2,9.4
28059,2020,1,6.5
28059,2020,2,9.4
28059,2021,1,6.7
28059,2021,2,9.9
28059,2022,1,6.7
28059,2022,2,9.5
28075,2019,1,7.7
28075,2019,2,10.3
28075,2020,1,7.3
28075,2020,2,10.0
28075,2021,1,7.8
28075,2021,2,10.7
28075,2022,1,8.2
28075,2022,2,10.4
28081,2019,1,6.9
28081,2019,2,9.7
28081,2020,1,6.2
28081,2020,2,9.8
28081,2021,1,6.5
28081,2021,2,10.2
28081,2022,1,6.6
28081,2022,2,9.8
29019,2019,1,6.8
29019,2019,2,9.6
29019,2020,1,6.5
29019,2020,2,9.7
29019,2021,1,6.4
29019,2021,2,9.7
29019,2022,1,6.3
29019,2022,2,10.3
29021,2019,1,8.5
29021,2019,2,10.0
29021,2020,1,8.2
29021,2020,2,9.7
29021,2021,1,8.5
29021,2021,2,10.0
29021,2022,1,8.2
29021,2022,2,10.9
29027,2019,1,7.7
29027,2019,2,10.1
29027,2020,1,7.3
29027,2020,2,9.7
29027,2021,1,7.4
29027,2021,2,9.7
29027,2022,1,7.3
29027,2022,2,10.6
29037,2019,1,7.0
29037,2019,2,10.1
29037,2020,1,6.5
29037,2020,2,9.4
29037,2021,1,6.7
29037,2021,2,9.6
29037,2022,1,6.2
29037,2022,2,10.2
29047,2019,1,6.2
29047,2019,2,9.6
29047,2020,1,6.2
29047,2020,2,9.6
29047,2021,1,6.1
29047,2021,2,9.5
29047,2022,1,5.8
29047,2022,2,10.3
29049,2019,1,7.3
29049,2019,2,9.6
29049,2020,1,7.1
29049,2020,2,9.3
29049,2021,1,7.5
29049,2021,2,9.5
29049,2022,1,7.1
29049,2022,2,10.5
29077,2019,1,7.8
29077,2019,2,9.8
29077,2020,1,7.5
29077,2020,2,9.6
29077,2021,1,7.5
29077,2021,2,9.8
29077,2022,1,7.3
29077,2022,2,10.8
29095,2019,1,7.3
29095,2019,2,10.7
29095,2020,1,6.8
29095,2020,2,9.9
29095,2021,1,6.8
29095,2021,2,10.1
29095,2022,1,6.7
29095,2022,2,10.5
29097,2019,1,8.2
29097,2019,2,10.2
29097,2020,1,8.4
29097,2020,2,9.7
29097,2021,1,8.7
29097,2021,2,10.5
29097,2022,1,8.4
29097,2022,2,10.8
29099,2019,1,7.3
29099,2019,2,9.5
29099,2020,1,7.2
29099,2020,2,9.6
29099,2021,1,7.1
29099,2021,2,9.4
29099,2022,1,6.8
29099,2022,2,10.5
29113,2019,1,7.9
29113,2019,2,10.0
29113,2020,1,7.6
29113,2020,2,9.7
29113,2021,1,7.4
29113,2021,2,9.7
29113,2022,1,7.1
29113,2022,2,10.6
29510,2019,1,7.4
29510,2019,2,10.5
29510,2020,1,6.9
29510,2020,2,10.6
29510,2021,1,7.3
29510,2021,2,10.4
30013,2019,1,6.5
30013,2019,2,10.6
30013,2020,1,6.3
30013,2020,2,11.0
30013,2021,1,6.2
30013,2021,2,10.4
30013,2022,1,6.5
30013,2022,2,12.4
30017,2022,1,6.2
30017,2022,2,11.2
30027,2019,1,6.3
30027,2019,2,10.0
30027,2020,1,6.0
30027,2020,2,10.1
30027,2021,1,6.1
30027,2021,2,10.1
30027,2022,1,6.5
30027,2022,2,11.3
30029,2019,1,5.8
30029,2019,2,9.6
30029,2020,1,5.7
30029,2020,2,9.9
30029,2021,1,5.5
30029,2021,2,10.2
30029,2022,1,5.7
30029,2022,2,10.8
30031,2019,1,4.8
30031,2019,2,9.0
30031,2020,1,4.6
30031,2020,2,9.2
30031,2021,1,4.6
30031,2021,2,9.6
30031,2022,1,4.8
30031,2022,2,10.7
30049,2019,1,5.2
30049,2019,2,9.4
30049,2020,1,5.3
30049,2020,2,10.1
30049,2021,1,5.0
30049,2021,2,9.8
30049,2022,1,5.2
30049,2022,2,11.3
30053,2019,1,7.3
30053,2019,2,10.4
30053,2020,1,7.3
30053,2020,2,10.6
30053,2021,1,7.3
30053,2021,2,10.7
30053,2022,1,7.6
30053,2022,2,11.8
30063,2019,1,5.4
30063,2019,2,9.2
30063,2020,1,5.2
30063,2020,2,10.0
30063,2021,1,5.1
30063,2021,2,10.2
30063,2022,1,5.2
30063,2022,2,10.8
30081,2019,1,6.2
30081,2019,2,9.9
30081,2020,1,5.9
30081,2020,2,10.1
30081,2021,1,5.8
30081,2021,2,9.9
30081,2022,1,5.6
30081,2022,2,10.7
30083,2019,1,5.5
30083,2019,2,9.2
30083,2020,1,5.5
30083,2020,2,10.0
30083,2021,1,5.6
30083,2021,2,9.9
30083,2022,1,5.5
30083,2022,2,10.8
30087,2019,1,7.3
30087,2019,2,10.8
30087,2020,1,7.4
30087,2020,2,11.4
30087,2021,1,7.5
30087,2021,2,11.8
30087,2022,1,8.1
30087,2022,2,13.0
30089,2019,1,7.8
30089,2019,2,10.7
30089,2020,1,7.5
30089,2020,2,10.7
30089,2021,1,7.5
30089,2021,2,10.7
30089,2022,1,7.5
30089,2022,2,11.4
30093,2019,1,6.7
30093,2019,2,10.6
30093,2020,1,6.4
30093,2020,2,10.3
30093,2021,1,6.5
30093,2021,2,10.3
30093,2022,1,6.6
30093,2022,2,11.2
30111,2019,1,5.5
30111,2019,2,9.9
30111,2020,1,5.6
30111,2020,2,10.8
30111,2021,1,5.6
30111,2021,2,10.3
30111,2022,1,5.6
30111,2022,2,10.8
31025,2019,1,5.1
31025,2019,2,8.1
31025,2020,1,4.9
31025,2020,2,8.2
31025,2021,1,5.3
31025,2021,2,8.7
31025,2022,1,5.1
31025,2022,2,9.2
31055,2019,1,5.1
31055,2019,2,8.5
31055,2020,1,4.6
31055,2020,2,8.3
31055,2021,1,5.1
31055,2021,2,8.8
31055,2022,1,5.2
31055,2022,2,8.7
31067,2021,1,6.4
31067,2021,2,8.8
31067,2022,1,6.4
31067,2022,2,9.6
31079,2020,1,5.7
31079,2020,2,8.6
31079,2021,1,5.7
31079,2021,2,8.6
31079,2022,1,6.1
31079,2022,2,8.8
31109,2019,1,4.9
31109,2019,2,8.4
31109,2020,1,4.6
31109,2020,2,8.2
31109,2021,1,5.0
31109,2021,2,8.6
31109,2022,1,5.3
31109,2022,2,9.2
31153,2019,1,4.2
31153,2019,2,7.5
31153,2020,1,4.1
31153,2020,2,7.8
31153,2021,1,4.3
31153,2021,2,8.0
31153,2022,1,4.4
31153,2022,2,8.6
31157,2020,1,5.5
31157,2020,2,8.7
31157,2021,1,5.5
31157,2021,2,8.7
31157,2022,1,6.1
31157,2022,2,9.3
31177,2022,1,4.9
31177,2022,2,9.0
32001,2019,1,7.1
32001,2019,2,9.4
32001,2020,1,7.0
32001,2020,2,10.3
32001,2021,1,6.7
32001,2021,2,10.2
32001,2022,1,6.9
32001,2022,2,11.3
32003,2019,1,6.4
32003,2019,2,8.9
32003,2020,1,6.3
32003,2020,2,10.3
32003,2021,1,6.4
32003,2021,2,9.6
32003,2022,1,6.3
32003,2022,2,10.1
32005,2019,1,5.8
32005,2019,2,8.8
32005,2020,1,5.6
32005,2020,2,10.0
32005,2021,1,5.7
32005,2021,2,9.5
32005,2022,1,5.5
32005,2022,2,10.3
32007,2019,1,6.5
32007,2019,2,9.0
32007,2020,1,6.8
32007,2020,2,10.2
32007,2021,1,6.9
32007,2021,2,10.1
32007,2022,1,6.9
32007,2022,2,10.6
32019,2019,1,7.3
32019,2019,2,9.6
32019,2020,1,7.3
32019,2020,2,10.7
32019,2021,1,7.0
32019,2021,2,10.1
32019,2022,1,6.8
32019,2022,2,10.9
32023,2019,1,8.2
32023,2019,2,10.1
32023,2020,1,7.9
32023,2020,2,10.7
32023,2021,1,7.8
32023,2021,2,10.4
32023,2022,1,7.8
32023,2022,2,11.4
32031,2019,1,5.9
32031,2019,2,9.7
32031,2020,1,5.9
32031,2020,2,9.8
32031,2021,1,6.1
32031,2021,2,9.9
32031,2022,1,5.8
32031,2022,2,10.4
32033,2019,1,7.3
32033,2019,2,9.0
32033,2020,1,7.2
32033,2020,2,10.0
32033,2021,1,6.9
32033,2021,2,9.6
32033,2022,1,7.4
32033,2022,2,10.8
32510,2019,1,6.6
32510,2019,2,9.0
32510,2020,1,6.6
32510,2020,2,10.1
32510,2021,1,6.4
32510,2021,2,9.9
32510,2022,1,6.4
32510,2022,2,10.5
33001,2019,1,5.8
33001,2019,2,10.2
33001,2020,1,5.9
33001,2020,2,10.9
33001,2021,1,6.0
33001,2021,2,11.2
33001,2022,1,5.7
33001,2022,2,10.4
33005,2019,1,6.1
33005,2019,2,10.6
33005,2020,1,5.8
33005,2020,2,11.0
33005,2021,1,6.2
33005,2021,2,11.4
33005,2022,1,5.7
33005,2022,2,10.7
33007,2019,1,7.4
33007,2019,2,10.7
33007,2020,1,7.1
33007,2020,2,10.9
33007,2021,1,7.5
33007,2021,2,11.4
33007,2022,1,7.1
33007,2022,2,11.6
33009,2019,1,5.9
33009,2019,2,10.1
33009,2020,1,5.5
33009,2020,2,10.8
33009,2021,1,5.8
33009,2021,2,10.7
33009,2022,1,5.3
33009,2022,2,10.5
33011,2019,1,5.5
33011,2019,2,10.7
33011,2020,1,5.1
33011,2020,2,11.1
33011,2021,1,5.5
33011,2021,2,11.6
33011,2022,1,4.9
33011,2022,2,10.6
33013,2019,1,5.7
33013,2019,2,10.1
33013,2020,1,5.3
33013,2020,2,10.9
33013,2021,1,5.9
33013,2021,2,11.4
33013,2022,1,5.3
33013,2022,2,11.0
33015,2019,1,4.9
33015,2019,2,9.5
33015,2020,1,4.9
33015,2020,2,9.7
33015,2021,1,5.2
33015,2021,2,10.2
33015,2022,1,4.6
33015,2022,2,10.1
34001,2020,1,6.0
34001,2020,2,10.2
34001,2021,1,5.9
34001,2021,2,10.0
34001,2022,1,5.3
34001,2022,2,9.5
34003,2020,1,3.9
34003,2020,2,8.4
34003,2021,1,3.9
34003,2021,2,8.2
34003,2022,1,3.6
34003,2022,2,8.0
34007,2020,1,5.6
34007,2020,2,10.2
34007,2021,1,5.6
34007,2021,2,10.2
34007,2022,1,5.0
34007,2022,2,9.7
34011,2020,1,7.0
34011,2020,2,10.5
34011,2021,1,7.2
34011,2021,2,10.5
34011,2022,1,6.6
34011,2022,2,9.7
34013,2020,1,5.4
34013,2020,2,10.7
34013,2021,1,5.5
34013,2021,2,10.0
34013,2022,1,5.1
34013,2022,2,9.8
34015,2020,1,5.2
34015,2020,2,9.8
34015,2021,1,5.2
34015,2021,2,9.9
34015,2022,1,4.7
34015,2022,2,9.8
34017,2020,1,4.5
34017,2020,2,8.7
34017,2021,1,4.4
34017,2021,2,9.0
34017,2022,1,4.2
34017,2022,2,8.4
34019,2020,1,4.2
34019,2020,2,8.9
34019,2021,1,4.2
34019,2021,2,8.9
34019,2022,1,3.8
34019,2022,2,8.8
34021,2020,1,4.8
34021,2020,2,9.5
34021,2021,1,4.8
34021,2021,2,9.4
34021,2022,1,4.4
34021,2022,2,8.9
34023,2020,1,4.3
34023,2020,2,8.5
34023,2021,1,4.2
34023,2021,2,8.7
34023,2022,1,3.9
34023,2022,2,8.3
34025,2020,1,4.7
34025,2020,2,9.1
34025,2021,1,4.5
34025,2021,2,9.2
34025,2022,1,4.0
34025,2022,2,8.9
34027,2020,1,3.9
34027,2020,2,8.1
34027,2021,1,4.0
34027,2021,2,8.7
34027,2022,1,3.5
34027,2022,2,8.4
34029,2020,1,5.6
34029,2020,2,10.4
34029,2021,1,5.8
34029,2021,2,9.8
34029,2022,1,5.3
34029,2022,2,9.4
34031,2020,1,5.4
34031,2020,2,9.5
34031,2021,1,5.5
34031,2021,2,9.4
34031,2022,1,5.2
34031,2022,2,8.9
34039,2020,1,4.7
34039,2020,2,9.1
34039,2021,1,4.7
34039,2021,2,9.2
34039,2022,1,4.5
34039,2022,2,9.0
34041,2020,1,5.2
34041,2020,2,9.6
34041,2021,1,5.2
34041,2021,2,9.5
34041,2022,1,4.7
34041,2022,2,9.3
35001,2019,1,4.6
35001,2019,2,9.0
35001,2020,1,4.8
35001,2020,2,10.0
35001,2021,1,5.1
35001,2021,2,10.8
35001,2022,1,4.9
35001,2022,2,9.8
35015,2019,1,5.2
35015,2019,2,8.8
35015,2020,1,5.3
35015,2020,2,9.8
35015,2021,1,5.9
35015,2021,2,10.4
35015,2022,1,5.5
35015,2022,2,9.7
35025,2019,1,5.7
35025,2019,2,9.2
35025,2020,1,5.8
35025,2020,2,9.7
35025,2021,1,6.2
35025,2021,2,10.5
35025,2022,1,6.3
35025,2022,2,9.5
35029,2019,1,6.6
35029,2019,2,9.3
35029,2020,1,6.9
35029,2020,2,10.4
35029,2021,1,7.7
35029,2021,2,11.0
35029,2022,1,7.8
35029,2022,2,9.9
35039,2019,1,4.9
35039,2019,2,8.7
35039,2020,1,5.2
35039,2020,2,10.2
35039,2021,1,5.4
35039,2021,2,10.5
35039,2022,1,5.5
35039,2022,2,10.1
35043,2019,1,4.6
35043,2019,2,8.7
35043,2020,1,4.7
35043,2020,2,9.9
35043,2021,1,5.0
35043,2021,2,10.3
35043,2022,1,4.6
35043,2022,2,9.7
35045,2019,1,7.2
35045,2019,2,9.9
35045,2020,1,7.0
35045,2020,2,11.8
35045,2021,1,7.9
35045,2021,2,12.7
35045,2022,1,8.1
35045,2022,2,12.1
35049,2019,1,4.2
35049,2019,2,8.0
35049,2020,1,4.3
35049,2020,2,9.2
35049,2021,1,4.6
35049,2021,2,10.0
35049,2022,1,4.5
35049,2022,2,9.2
35055,2019,1,4.8
35055,2019,2,8.6
35055,2020,1,4.9
35055,2020,2,9.5
35055,2021,1,5.2
35055,2021,2,10.1
35055,2022,1,4.9
35055,2022,2,9.5
35061,2019,1,5.0
35061,2019,2,8.7
35061,2020,1,5.3
35061,2020,2,9.8
35061,2021,1,5.6
35061,2021,2,10.6
35061,2022,1,5.6
35061,2022,2,9.6
36001,2019,1,6.0
36001,2019,2,9.8
36001,2020,1,5.4
36001,2020,2,10.4
36001,2021,1,5.9
36001,2021,2,11.2
36001,2022,1,5.2
36001,2022,2,10.9
36005,2019,1,6.5
36005,2019,2,10.8
36005,2020,1,6.4
36005,2020,2,11.7
36005,2021,1,6.6
36005,2021,2,12.1
36005,2022,1,6.4
36005,2022,2,11.8
36013,2019,1,8.2
36013,2019,2,10.5
36013,2020,1,7.4
36013,2020,2,10.8
36013,2021,1,8.1
36013,2021,2,12.0
36013,2022,1,7.1
36013,2022,2,11.3
36027,2019,1,5.9
36027,2019,2,9.7
36027,2020,1,5.2
36027,2020,2,10.2
36027,2021,1,5.7
36027,2021,2,10.9
36027,2022,1,4.9
36027,2022,2,10.4
36029,2019,1,6.8
36029,2019,2,10.4
36029,2020,1,6.0
36029,2020,2,10.7
36029,2021,1,6.5
36029,2021,2,11.8
36029,2022,1,5.8
36029,2022,2,11.6
36031,2019,1,7.0
36031,2019,2,10.0
36031,2020,1,6.2
36031,2020,2,10.1
36031,2021,1,6.7
36031,2021,2,11.4
36031,2022,1,6.2
36031,2022,2,10.9
36043,2019,1,7.9
36043,2019,2,10.8
36045,2019,1,7.8
36045,2019,2,10.1
36045,2020,1,6.7
36045,2020,2,10.1
36045,2021,1,7.3
36045,2021,2,11.4
36045,2022,1,6.6
36045,2022,2,11.3
36047,2019,1,5.8
36047,2019,2,8.8
36047,2020,1,5.6
36047,2020,2,10.2
36047,2021,1,5.5
36047,2021,2,10.5
36047,2022,1,5.4
36047,2022,2,10.4
36055,2019,1,6.3
36055,2019,2,10.2
36055,2020,1,5.7
36055,2020,2,10.7
36055,2021,1,6.0
36055,2021,2,12.0
36055,2022,1,5.4
36055,2022,2,11.0
36059,2019,1,4.7
36059,2019,2,8.6
36059,2020,1,4.2
36059,2020,2,8.7
36059,2021,1,4.3
36059,2021,2,9.4
36059,2022,1,3.9
36059,2022,2,9.6
36061,2019,1,4.5
36061,2019,2,9.4
36061,2020,1,4.2
36061,2020,2,9.3
36061,2021,1,4.4
36061,2021,2,10.2
36061,2022,1,4.1
36061,2022,2,9.6
36063,2019,1,7.6
36063,2019,2,11.1
36063,2020,1,6.4
36063,2020,2,10.6
36063,2021,1,7.3
36063,2021,2,12.1
36063,2022,1,6.2
36063,2022,2,11.4
36065,2019,1,7.7
36065,2019,2,10.2
36065,2020,1,6.6
36065,2020,2,10.5
36065,2021,1,7.5
36065,2021,2,11.3
36065,2022,1,6.7
36065,2022,2,11.1
36067,2019,1,6.7
36067,2019,2,10.5
36067,2020,1,6.0
36067,2020,2,10.4
36067,2021,1,6.6
36067,2021,2,11.5
36067,2022,1,5.8
36067,2022,2,11.4
36071,2019,1,5.8
36071,2019,2,9.3
36071,2020,1,5.6
36071,2020,2,10.6
36071,2021,1,6.3
36071,2021,2,11.1
36071,2022,1,5.5
36071,2022,2,10.5
36075,2019,1,8.4
36075,2019,2,11.0
36075,2020,1,7.4
36075,2020,2,11.0
36075,2021,1,8.0
36075,2021,2,12.0
36075,2022,1,7.1
36075,2022,2,11.4
36079,2019,1,5.1
36079,2019,2,8.9
36079,2020,1,4.6
36079,2020,2,9.6
36079,2021,1,5.0
36079,2021,2,10.1
36079,2022,1,4.3
36079,2022,2,9.9
36081,2019,1,5.2
36081,2019,2,8.1
36081,2020,1,4.7
36081,2020,2,9.0
36081,2021,1,4.7
36081,2021,2,9.1
36081,2022,1,4.6
36081,2022,2,8.9
36085,2019,1,5.7
36085,2019,2,9.6
36085,2020,1,5.3
36085,2020,2,9.3
36085,2021,1,5.7
36085,2021,2,10.2
36085,2022,1,5.2
36085,2022,2,10.2
36087,2019,1,5.7
36087,2019,2,9.4
36087,2020,1,5.4
36087,2020,2,10.0
36087,2021,1,5.9
36087,2021,2,10.5
36087,2022,1,5.4
36087,2022,2,10.6
36091,2019,1,5.7
36091,2019,2,9.5
36091,2020,1,5.1
36091,2020,2,9.9
36091,2021,1,5.5
36091,2021,2,10.6
36091,2022,1,4.7
36091,2022,2,10.4
36101,2019,1,8.0
36101,2019,2,11.0
36101,2020,1,7.0
36101,2020,2,10.8
36101,2021,1,7.3
36101,2021,2,11.6
36101,2022,1,6.7
36101,2022,2,11.2
36103,2019,1,5.3
36103,2019,2,8.7
36103,2020,1,4.8
36103,2020,2,9.6
36103,2021,1,5.1
36103,2021,2,9.9
36103,2022,1,4.5
36103,2022,2,10.2
36109,2019,1,6.2
36109,2019,2,9.8
36109,2020,1,5.6
36109,2020,2,10.0
36109,2021,1,5.8
36109,2021,2,11.3
36109,2022,1,5.0
36109,2022,2,10.6
36117,2019,1,7.4
36117,2019,2,10.2
36117,2020,1,6.5
36117,2020,2,10.4
36117,2021,1,6.7
36117,2021,2,11.3
36117,2022,1,6.2
36117,2022,2,11.2
36119,2019,1,4.8
36119,2019,2,9.0
36119,2020,1,4.5
36119,2020,2,9.3
36119,2021,1,4.5
36119,2021,2,9.9
36119,2022,1,4.1
36119,2022,2,9.3
37003,2019,1,8.1
37003,2019,2,9.6
37003,2020,1,7.3
37003,2020,2,9.4
37003,2021,1,7.2
37003,2021,2,9.7
37003,2022,1,7.5
37003,2022,2,10.9
37021,2019,1,6.5
37021,2019,2,8.9
37021,2020,1,5.9
37021,2020,2,8.9
37021,2021,1,5.9
37021,2021,2,9.4
37021,2022,1,5.8
37021,2022,2,10.4
37027,2019,1,8.7
37027,2019,2,10.0
37027,2020,1,7.7
37027,2020,2,9.7
37027,2021,1,7.9
37027,2021,2,10.1
37027,2022,1,7.8
37027,2022,2,11.1
37031,2019,1,6.7
37031,2019,2,9.0
37031,2020,1,5.8
37031,2020,2,9.0
37031,2021,1,6.2
37031,2021,2,9.4
37031,2022,1,5.9
37031,2022,2,10.6
37035,2019,1,7.2
37035,2019,2,9.2
37035,2020,1,6.5
37035,2020,2,9.3
37035,2021,1,6.8
37035,2021,2,9.7
37035,2022,1,6.6
37035,2022,2,10.7
37051,2019,1,7.0
37051,2019,2,9.6
37051,2020,1,6.4
37051,2020,2,10.1
37051,2021,1,6.6
37051,2021,2,10.5
37051,2022,1,6.6
37051,2022,2,11.5
37057,2019,1,8.1
37057,2019,2,9.8
37057,2020,1,7.3
37057,2020,2,9.4
37057,2021,1,7.3
37057,2021,2,10.1
37057,2022,1,7.2
37057,2022,2,11.1
37063,2019,1,5.6
37063,2019,2,8.9
37063,2020,1,4.9
37063,2020,2,9.4
37063,2021,1,5.2
37063,2021,2,9.7
37063,2022,1,5.0
37063,2022,2,10.8
37065,2019,1,8.9
37065,2019,2,11.2
37065,2020,1,7.7
37065,2020,2,11.0
37065,2021,1,8.1
37065,2021,2,11.5
37065,2022,1,8.1
37065,2022,2,12.6
37067,2019,1,6.6
37067,2019,2,9.5
37067,2020,1,6.0
37067,2020,2,9.2
37067,2021,1,6.3
37067,2021,2,10.0
37067,2022,1,6.2
37067,2022,2,11.1
37077,2019,1,7.3
37077,2019,2,9.8
37077,2020,1,6.5
37077,2020,2,9.7
37077,2021,1,6.9
37077,2021,2,10.2
37077,2022,1,6.7
37077,2022,2,11.3
37081,2019,1,6.5
37081,2019,2,9.5
37081,2020,1,5.7
37081,2020,2,9.3
37081,2021,1,5.9
37081,2021,2,9.8
37081,2022,1,6.0
37081,2022,2,11.2
37087,2019,1,7.3
37087,2019,2,9.4
37087,2020,1,6.6
37087,2020,2,9.4
37087,2021,1,6.9
37087,2021,2,9.8
37087,2022,1,6.6
37087,2022,2,10.8
37101,2019,1,6.9
37101,2019,2,9.3
37101,2020,1,6.3
37101,2020,2,9.3
37101,2021,1,6.5
37101,2021,2,9.7
37101,2022,1,6.0
37101,2022,2,10.7
37107,2019,1,8.8
37107,2019,2,10.7
37107,2020,1,7.8
37107,2020,2,10.8
37107,2021,1,8.6
37107,2021,2,11.2
37107,2022,1,8.9
37107,2022,2,12.3
37109,2019,1,7.0
37109,2019,2,9.0
37109,2020,1,6.3
37109,2020,2,9.1
37109,2021,1,6.5
37109,2021,2,9.5
37109,2022,1,6.2
37109,2022,2,10.6
37117,2019,1,8.5
37117,2019,2,10.8
37117,2020,1,7.8
37117,2020,2,10.6
37117,2021,1,8.1
37117,2021,2,11.2
37117,2022,1,8.0
37117,2022,2,12.2
37119,2019,1,5.4
37119,2019,2,8.7
37119,2020,1,4.7
37119,2020,2,8.7
37119,2021,1,5.1
37119,2021,2,9.4
37119,2022,1,5.0
37119,2022,2,10.4
37121,2019,1,7.9
37121,2019,2,9.4
37121,2020,1,6.9
37121,2020,2,9.2
37121,2021,1,7.1
37121,2021,2,9.7
37121,2022,1,6.8
37121,2022,2,10.8
37123,2019,1,8.0
37123,2019,2,9.6
37123,2020,1,7.2
37123,2020,2,9.7
37123,2021,1,7.7
37123,2021,2,10.3
37123,2022,1,7.7
37123,2022,2,11.2
37129,2019,1,6.4
37129,2019,2,9.2
37129,2020,1,5.8
37129,2020,2,9.3
37129,2021,1,5.8
37129,2021,2,9.6
37129,2022,1,5.7
37129,2022,2,10.6
37131,2020,1,7.6
37131,2020,2,10.9
37131,2021,1,8.2
37131,2021,2,11.3
37131,2022,1,8.0
37131,2022,2,12.3
37147,2019,1,7.3
37147,2019,2,10.2
37147,2020,1,6.3
37147,2020,2,10.0
37147,2021,1,6.6
37147,2021,2,10.3
37147,2022,1,6.7
37147,2022,2,11.5
37157,2019,1,8.5
37157,2019,2,10.1
37157,2020,1,7.4
37157,2020,2,9.9
37157,2021,1,7.9
37157,2021,2,10.5
37157,2022,1,7.8
37157,2022,2,11.4
37159,2019,1,7.8
37159,2019,2,9.7
37159,2020,1,7.1
37159,2020,2,9.6
37159,2021,1,7.4
37159,2021,2,10.1
37159,2022,1,7.2
37159,2022,2,11.0
37173,2019,1,9.7
37173,2019,2,10.8
37173,2020,1,8.2
37173,2020,2,10.5
37173,2021,1,8.4
37173,2021,2,11.1
37173,2022,1,8.6
37173,2022,2,12.3
37179,2019,1,6.0
37179,2019,2,8.7
37179,2020,1,5.2
37179,2020,2,8.7
37179,2021,1,5.4
37179,2021,2,9.1
37179,2022,1,5.2
37179,2022,2,10.2
37183,2019,1,4.9
37183,2019,2,8.2
37183,2020,1,4.4
37183,2020,2,8.3
37183,2021,1,4.5
37183,2021,2,8.9
37183,2022,1,4.4
37183,2022,2,10.0
37199,2019,1,8.3
37199,2019,2,9.6
37199,2020,1,7.2
37199,2020,2,9.4
37199,2021,1,7.5
37199,2021,2,9.8
37199,2022,1,7.5
37199,2022,2,11.0
38013,2019,1,5.4
38013,2019,2,8.7
38013,2020,1,5.2
38013,2020,2,9.1
38013,2021,1,5.1
38013,2021,2,8.7
38013,2022,1,5.1
38013,2022,2,9.9
38015,2019,1,4.9
38015,2019,2,8.2
38015,2020,1,4.8
38015,2020,2,9.3
38015,2021,1,4.7
38015,2021,2,8.9
38015,2022,1,4.9
38015,2022,2,9.9
38017,2019,1,4.8
38017,2019,2,8.2
38017,2020,1,4.9
38017,2020,2,9.2
38017,2021,1,4.6
38017,2021,2,8.7
38017,2022,1,4.7
38017,2022,2,9.8
38025,2019,1,5.4
38025,2019,2,8.8
38025,2020,1,5.6
38025,2020,2,9.1
38025,2021,1,5.5
38025,2021,2,8.9
38025,2022,1,5.6
38025,2022,2,10.2
38053,2019,1,5.7
38053,2019,2,8.5
38053,2020,1,5.8
38053,2020,2,9.5
38053,2021,1,5.8
38053,2021,2,9.1
38053,2022,1,5.7
38053,2022,2,10.3
38057,2019,1,5.4
38057,2019,2,8.6
38057,2020,1,5.7
38057,2020,2,9.3
38057,2021,1,5.8
38057,2021,2,9.0
38057,2022,1,6.1
38057,2022,2,10.5
38101,2019,1,5.1
38101,2019,2,8.3
38101,2020,1,5.1
38101,2020,2,8.8
38101,2021,1,5.2
38101,2021,2,8.7
38101,2022,1,5.1
38101,2022,2,10.0
38105,2019,1,5.2
38105,2019,2,8.1
39001,2019,1,11.8
39001,2019,2,11.5
39001,2020,1,10.9
39001,2020,2,11.2
39003,2019,1,8.6
39003,2019,2,10.1
39003,2020,1,8.4
39003,2020,2,10.7
39003,2021,1,8.0
39003,2021,2,10.6
39003,2022,1,7.7
39003,2022,2,11.2
39007,2019,1,10.5
39007,2019,2,10.9
39007,2020,1,10.4
39007,2020,2,11.0
39007,2021,1,10.0
39007,2021,2,10.9
39007,2022,1,9.0
39007,2022,2,11.4
39013,2019,1,9.0
39013,2019,2,10.1
39013,2020,1,8.7
39013,2020,2,10.2
39013,2021,1,8.2
39013,2021,2,10.3
39013,2022,1,7.9
39013,2022,2,11.2
39017,2019,1,7.7
39017,2019,2,10.2
39017,2020,1,7.4
39017,2020,2,10.0
39017,2021,1,7.1
39017,2021,2,10.3
39017,2022,1,6.6
39017,2022,2,10.8
39023,2019,1,9.2
39023,2019,2,11.1
39023,2020,1,9.1
39023,2020,2,10.9
39023,2021,1,8.6
39023,2021,2,10.9
39023,2022,1,8.1
39023,2022,2,11.5
39025,2019,1,7.8
39025,2019,2,9.9
39025,2020,1,7.6
39025,2020,2,10.4
39025,2021,1,7.2
39025,2021,2,10.1
39025,2022,1,6.4
39025,2022,2,10.7
39027,2019,1,9.3
39027,2019,2,10.6
39027,2020,1,8.9
39027,2020,2,10.8
39027,2021,1,8.4
39027,2021,2,10.7
39027,2022,1,7.9
39027,2022,2,11.3
39035,2019,1,7.6
39035,2019,2,11.1
39035,2020,1,7.1
39035,2020,2,10.7
39035,2021,1,7.4
39035,2021,2,10.7
39035,2022,1,6.6
39035,2022,2,11.7
39041,2019,1,5.5
39041,2019,2,8.6
39041,2020,1,5.1
39041,2020,2,9.3
39041,2021,1,4.7
39041,2021,2,9.0
39041,2022,1,4.4
39041,2022,2,9.5
39049,2019,1,7.1
39049,2019,2,9.9
39049,2020,1,7.0
39049,2020,2,10.3
39049,2021,1,6.7
39049,2021,2,10.2
39049,2022,1,6.2
39049,2022,2,11.1
39055,2019,1,7.0
39055,2019,2,9.8
39055,2020,1,6.8
39055,2020,2,9.8
39055,2021,1,6.5
39055,2021,2,9.9
39055,2022,1,5.9
39055,2022,2,10.5
39057,2019,1,7.0
39057,2019,2,10.2
39057,2020,1,6.8
39057,2020,2,9.8
39057,2021,1,6.4
39057,2021,2,10.1
39057,2022,1,5.8
39057,2022,2,10.9
39061,2019,1,7.3
39061,2019,2,10.1
39061,2020,1,7.1
39061,2020,2,10.6
39061,2021,1,6.5
39061,2021,2,10.5
39061,2022,1,6.4
39061,2022,2,11.5
39067,2019,1,9.9
39067,2019,2,10.8
39067,2020,1,9.5
39067,2020,2,10.7
39067,2021,1,9.0
39067,2021,2,10.7
39081,2019,1,9.4
39081,2019,2,10.8
39081,2020,1,9.2
39081,2020,2,10.8
39081,2021,1,9.0
39081,2021,2,10.9
39081,2022,1,8.2
39081,2022,2,11.9
39083,2019,1,8.5
39083,2019,2,10.3
39083,2020,1,8.1
39083,2020,2,10.1
39083,2021,1,8.1
39083,2021,2,10.5
39083,2022,1,7.2
39083,2022,2,11.1
39085,2019,1,7.3
39085,2019,2,9.9
39085,2020,1,7.0
39085,2020,2,9.9
39085,2021,1,6.7
39085,2021,2,9.9
39085,2022,1,6.1
39085,2022,2,10.8
39087,2019,1,10.3
39087,2019,2,11.3
39087,2020,1,10.3
39087,2020,2,11.3
39087,2021,1,9.6
39087,2021,2,11.2
39087,2022,1,8.8
39087,2022,2,11.8
39089,2019,1,7.8
39089,2019,2,10.0
39089,2020,1,7.6
39089,2020,2,10.3
39089,2021,1,7.0
39089,2021,2,10.1
39089,2022,1,6.6
39089,2022,2,10.9
39093,2019,1,8.0
39093,2019,2,10.2
39093,2020,1,7.7
39093,2020,2,10.2
39093,2021,1,7.4
39093,2021,2,10.6
39093,2022,1,6.7
39093,2022,2,11.0
39095,2019,1,8.7
39095,2019,2,10.8
39095,2020,1,8.5
39095,2020,2,11.5
39095,2021,1,7.9
39095,2021,2,11.2
39095,2022,1,7.6
39095,2022,2,11.3
39097,2019,1,8.5
39097,2019,2,10.0
39097,2020,1,8.1
39097,2020,2,10.0
39097,2021,1,7.6
39097,2021,2,9.9
39097,2022,1,6.9
39097,2022,2,10.6
39099,2019,1,8.5
39099,2019,2,10.4
39099,2020,1,8.4
39099,2020,2,10.9
39099,2021,1,8.2
39099,2021,2,10.6
39099,2022,1,7.6
39099,2022,2,11.1
39103,2019,1,6.7
39103,2019,2,9.5
39103,2020,1,6.5
39103,2020,2,9.7
39103,2021,1,6.1
39103,2021,2,9.7
39103,2022,1,5.7
39103,2022,2,10.6
39109,2019,1,8.0
39109,2019,2,10.0
39109,2020,1,7.6
39109,2020,2,10.1
39109,2021,1,7.0
39109,2021,2,10.0
39109,2022,1,6.6
39109,2022,2,10.9
39113,2019,1,8.5
39113,2019,2,11.0
39113,2020,1,8.3
39113,2020,2,11.1
39113,2021,1,7.8
39113,2021,2,11.0
39113,2022,1,7.1
39113,2022,2,11.6
39133,2019,1,7.8
39133,2019,2,10.1
39133,2020,1,7.8
39133,2020,2,10.1
39133,2021,1,7.2
39133,2021,2,10.4
39133,2022,1,6.8
39133,2022,2,10.9
39135,2019,1,8.3
39135,2019,2,10.3
39135,2020,1,8.1
39135,2020,2,10.1
39135,2021,1,7.6
39135,2021,2,10.2
39135,2022,1,7.3
39135,2022,2,11.1
39145,2019,1,11.1
39145,2019,2,11.3
39145,2020,1,11.0
39145,2020,2,11.5
39145,2021,1,10.3
39145,2021,2,11.4
39145,2022,1,9.8
39145,2022,2,11.6
39151,2019,1,8.3
39151,2019,2,10.8
39151,2020,1,8.3
39151,2020,2,10.1
39151,2021,1,7.9
39151,2021,2,10.5
39151,2022,1,7.3
39151,2022,2,11.3
39153,2019,1,7.7
39153,2019,2,10.4
39153,2020,1,7.5
39153,2020,2,10.4
39153,2021,1,7.1
39153,2021,2,10.5
39153,2022,1,6.6
39153,2022,2,11.3
39155,2019,1,9.4
39155,2019,2,10.6
39155,2020,1,9.4
39155,2020,2,11.0
39155,2021,1,8.8
39155,2021,2,10.9
39155,2022,1,8.2
39155,2022,2,11.4
39165,2019,1,6.3
39165,2019,2,9.1
39165,2020,1,6.0
39165,2020,2,9.4
39165,2021,1,5.6
39165,2021,2,9.3
39165,2022,1,5.1
39165,2022,2,9.9
39167,2019,1,8.9
39167,2019,2,10.6
39167,2020,1,8.8
39167,2020,2,10.3
39167,2021,1,8.7
39167,2021,2,10.5
39167,2022,1,7.8
39167,2022,2,11.0
39173,2019,1,7.4
39173,2019,2,9.8
39173,2020,1,7.2
39173,2020,2,10.0
39173,2021,1,6.8
39173,2021,2,10.2
39173,2022,1,6.2
39173,2022,2,10.6
40001,2019,1,12.0
40001,2019,2,12.4
40001,2020,1,11.4
40001,2020,2,13.1
40001,2021,1,10.7
40001,2021,2,13.3
40001,2022,1,10.3
40001,2022,2,13.6
40017,2019,1,6.4
40017,2019,2,9.4
40017,2020,1,6.2
40017,2020,2,10.3
40017,2021,1,5.8
40017,2021,2,10.9
40017,2022,1,5.7
40017,2022,2,10.7
40019,2019,1,8.1
40019,2019,2,10.2
40019,2020,1,8.2
40019,2020,2,11.0
40019,2021,1,7.8
40019,2021,2,11.5
40019,2022,1,7.7
40019,2022,2,11.7
40023,2019,1,10.6
40023,2019,2,11.8
40027,2019,1,6.6
40027,2019,2,9.5
40027,2020,1,6.4
40027,2020,2,10.3
40027,2021,1,6.2
40027,2021,2,10.8
40027,2022,1,6.2
40027,2022,2,11.0
40031,2019,1,7.7
40031,2019,2,10.4
40031,2020,1,7.6
40031,2020,2,10.6
40031,2021,1,7.2
40031,2021,2,11.5
40031,2022,1,7.4
40031,2022,2,11.3
40037,2019,1,8.3
40037,2019,2,10.6
40037,2020,1,8.1
40037,2020,2,11.0
40037,2021,1,7.8
40037,2021,2,11.3
40037,2022,1,7.6
40037,2022,2,11.8
40039,2019,1,8.0
40039,2019,2,10.2
40043,2019,1,8.0
40043,2019,2,10.0
40043,2020,1,8.0
40043,2020,2,10.6
40043,2021,1,7.7
40043,2021,2,11.2
40043,2022,1,7.6
40043,2022,2,11.4
40069,2020,1,9.0
40069,2020,2,11.6
40071,2019,1,8.4
40071,2019,2,10.7
40071,2020,1,8.3
40071,2020,2,11.4
40071,2021,1,8.4
40071,2021,2,11.7
40071,2022,1,8.2
40071,2022,2,12.0
40075,2021,1,8.7
40075,2021,2,11.8
40075,2022,1,9.1
40075,2022,2,11.9
40087,2021,1,6.5
40087,2021,2,10.8
40087,2022,1,6.3
40087,2022,2,11.1
40097,2019,1,9.5
40097,2019,2,11.2
40097,2020,1,9.3
40097,2020,2,11.7
40097,2021,1,8.6
40097,2021,2,12.1
40097,2022,1,8.5
40097,2022,2,12.5
40105,2019,1,9.2
40105,2019,2,11.0
40105,2022,1,8.4
40105,2022,2,12.5
40109,2019,1,6.9
40109,2019,2,10.1
40109,2020,1,6.6
40109,2020,2,10.5
40109,2021,1,6.5
40109,2021,2,10.8
40109,2022,1,6.6
40109,2022,2,11.5
40113,2019,1,8.5
40113,2019,2,10.7
40113,2020,1,8.0
40113,2020,2,11.2
40113,2021,1,7.6
40113,2021,2,11.6
40113,2022,1,7.4
40113,2022,2,12.3
40115,2019,1,9.9
40115,2019,2,11.4
40115,2020,1,9.7
40115,2020,2,11.9
40115,2021,1,9.1
40115,2021,2,12.4
40115,2022,1,9.4
40115,2022,2,12.7
40121,2019,1,9.0
40121,2019,2,10.4
40121,2020,1,8.8
40121,2020,2,11.4
40121,2021,1,8.3
40121,2021,2,11.7
40121,2022,1,8.3
40121,2022,2,12.0
40135,2019,1,10.6
40135,2019,2,11.8
40135,2020,1,10.1
40135,2020,2,12.0
40135,2021,1,9.7
40135,2021,2,12.5
40135,2022,1,9.7
40135,2022,2,13.0
40143,2019,1,7.0
40143,2019,2,9.6
40143,2020,1,7.2
40143,2020,2,10.9
40143,2021,1,6.5
40143,2021,2,11.1
40143,2022,1,6.7
40143,2022,2,11.3
40147,2020,1,7.5
40147,2020,2,10.9
40147,2021,1,7.4
40147,2021,2,11.5
41001,2019,1,6.4
41001,2019,2,10.5
41001,2020,1,6.5
41001,2020,2,10.9
41001,2021,1,6.9
41001,2021,2,11.2
41001,2022,1,6.8
41001,2022,2,12.2
41003,2019,1,5.2
41003,2019,2,10.3
41003,2020,1,5.2
41003,2020,2,10.4
41003,2021,1,5.5
41003,2021,2,10.5
41003,2022,1,5.7
41003,2022,2,11.7
41005,2019,1,4.6
41005,2019,2,9.5
41005,2020,1,4.9
41005,2020,2,10.1
41005,2021,1,5.0
41005,2021,2,10.7
41005,2022,1,5.0
41005,2022,2,11.7
41009,2019,1,6.3
41009,2019,2,10.5
41009,2020,1,6.1
41009,2020,2,10.9
41009,2021,1,6.5
41009,2021,2,11.1
41009,2022,1,6.4
41009,2022,2,12.3
41013,2019,1,6.5
41013,2019,2,10.7
41013,2020,1,6.5
41013,2020,2,11.1
41013,2021,1,6.5
41013,2021,2,11.1
41013,2022,1,6.2
41013,2022,2,12.2
41017,2019,1,5.2
41017,2019,2,9.7
41017,2020,1,5.2
41017,2020,2,10.5
41017,2021,1,5.4
41017,2021,2,10.7
41017,2022,1,5.2
41017,2022,2,11.7
41019,2019,1,6.9
41019,2019,2,10.9
41019,2020,1,6.8
41019,2020,2,11.1
41019,2021,1,7.0
41019,2021,2,11.3
41023,2019,1,7.2
41023,2019,2,11.0
41023,2020,1,6.9
41023,2020,2,11.3
41023,2021,1,7.2
41023,2021,2,11.4
41023,2022,1,7.2
41023,2022,2,12.6
41025,2019,1,6.5
41025,2019,2,10.7
41025,2020,1,6.7
41025,2020,2,11.0
41025,2021,1,7.8
41025,2021,2,11.6
41025,2022,1,8.0
41025,2022,2,12.9
41029,2019,1,6.1
41029,2019,2,10.4
41029,2020,1,6.2
41029,2020,2,11.2
41029,2021,1,6.5
41029,2021,2,11.0
41029,2022,1,6.3
41029,2022,2,12.2
41031,2019,1,6.5
41031,2019,2,10.7
41031,2020,1,6.6
41031,2020,2,11.1
41031,2021,1,6.8
41031,2021,2,11.3
41031,2022,1,6.6
41031,2022,2,12.2
41033,2019,1,7.2
41033,2019,2,11.0
41033,2020,1,7.4
41033,2020,2,11.7
41033,2021,1,7.6
41033,2021,2,11.6
41033,2022,1,7.7
41033,2022,2,12.7
41035,2019,1,6.9
41035,2019,2,10.8
41035,2020,1,7.4
41035,2020,2,11.5
41035,2021,1,7.6
41035,2021,2,11.5
41035,2022,1,7.6
41035,2022,2,12.7
41037,2019,1,7.4
41037,2019,2,10.8
41037,2020,1,7.3
41037,2020,2,11.0
41037,2021,1,7.8
41037,2021,2,11.3
41037,2022,1,7.6
41037,2022,2,12.2
41039,2019,1,6.2
41039,2019,2,11.2
41039,2020,1,6.2
41039,2020,2,11.6
41039,2021,1,6.4
41039,2021,2,11.6
41039,2022,1,6.5
41039,2022,2,12.3
41043,2019,1,6.5
41043,2019,2,11.1
41043,2020,1,6.4
41043,2020,2,11.3
41043,2021,1,6.7
41043,2021,2,11.3
41043,2022,1,6.8
41043,2022,2,12.6
41047,2019,1,5.9
41047,2019,2,10.6
41047,2020,1,6.5
41047,2020,2,11.0
41047,2021,1,6.6
41047,2021,2,11.5
41047,2022,1,6.4
41047,2022,2,12.2
41051,2019,1,4.9
41051,2019,2,9.9
41051,2020,1,5.0
41051,2020,2,10.1
41051,2021,1,5.2
41051,2021,2,10.9
41051,2022,1,5.1
41051,2022,2,11.7
41059,2019,1,6.6
41059,2019,2,10.3
41059,2020,1,6.7
41059,2020,2,10.7
41059,2021,1,7.0
41059,2021,2,11.0
41059,2022,1,7.0
41059,2022,2,12.0
41061,2019,1,6.6
41061,2019,2,10.8
41061,2020,1,6.6
41061,2020,2,11.1
41061,2021,1,6.8
41061,2021,2,11.2
41061,2022,1,7.0
41061,2022,2,12.4
41063,2019,1,6.1
41063,2019,2,10.7
41063,2020,1,5.8
41063,2020,2,10.9
41063,2021,1,5.9
41063,2021,2,11.0
41063,2022,1,5.8
41063,2022,2,12.1
41065,2019,1,6.1
41065,2019,2,10.3
41065,2020,1,6.4
41065,2020,2,11.0
41065,2021,1,6.7
41065,2021,2,11.1
41067,2019,1,4.3
41067,2019,2,9.3
41067,2020,1,4.4
41067,2020,2,10.0
41067,2021,1,4.5
41067,2021,2,10.0
41067,2022,1,4.7
41067,2022,2,11.2
42001,2019,1,6.6
42001,2019,2,10.1
42001,2020,1,6.4
42001,2020,2,10.0
42001,2021,1,6.2
42001,2021,2,10.5
42003,2019,1,5.7
42003,2019,2,10.0
42003,2020,1,5.8
42003,2020,2,10.0
42003,2021,1,5.4
42003,2021,2,10.6
42005,2019,1,7.6
42005,2019,2,10.7
42005,2020,1,7.4
42005,2020,2,10.5
42005,2021,1,7.0
42005,2021,2,10.7
42007,2019,1,6.8
42007,2019,2,10.9
42007,2020,1,6.5
42007,2020,2,10.2
42007,2021,1,6.4
42007,2021,2,10.7
42011,2019,1,6.3
42011,2019,2,10.0
42011,2020,1,6.5
42011,2020,2,10.0
42011,2021,1,6.4
42011,2021,2,10.5
42013,2019,1,7.4
42013,2019,2,10.8
42013,2020,1,7.4
42013,2020,2,10.5
42013,2021,1,7.0
42013,2021,2,10.9
42015,2019,1,7.6
42015,2019,2,10.8
42015,2020,1,7.7
42015,2020,2,10.5
42015,2021,1,7.4
42015,2021,2,10.9
42017,2019,1,5.1
42017,2019,2,9.5
42017,2020,1,5.1
42017,2020,2,9.4
42017,2021,1,4.9
42017,2021,2,10.0
42021,2019,1,7.3
42021,2019,2,10.7
42021,2020,1,7.3
42021,2020,2,10.4
42021,2021,1,7.0
42021,2021,2,10.9
42027,2019,1,6.3
42027,2019,2,9.9
42027,2020,1,6.4
42027,2020,2,10.1
42027,2021,1,6.1
42027,2021,2,10.2
42029,2019,1,4.7
42029,2019,2,9.2
42029,2020,1,4.7
42029,2020,2,9.3
42029,2021,1,4.5
42029,2021,2,9.7
42041,2019,1,5.7
42041,2019,2,9.8
42041,2020,1,5.6
42041,2020,2,9.5
42041,2021,1,5.3
42041,2021,2,10.1
42043,2019,1,6.3
42043,2019,2,10.4
42043,2020,1,6.0
42043,2020,2,10.3
42043,2021,1,6.0
42043,2021,2,10.7
42045,2019,1,5.6
42045,2019,2,10.1
42045,2020,1,5.5
42045,2020,2,9.9
42045,2021,1,5.4
42045,2021,2,10.3
42049,2019,1,7.2
42049,2019,2,10.4
42049,2020,1,7.1
42049,2020,2,10.2
42049,2021,1,6.9
42049,2021,2,11.1
42051,2019,1,8.2
42051,2019,2,11.0
42051,2020,1,8.2
42051,2020,2,10.5
42051,2021,1,7.8
42051,2021,2,11.1
42055,2019,1,6.9
42055,2019,2,10.2
42055,2020,1,6.9
42055,2020,2,10.4
42055,2021,1,6.6
42055,2021,2,10.6
42059,2019,1,7.6
42059,2019,2,10.5
42059,2020,1,7.6
42059,2020,2,10.4
42059,2021,1,7.3
42059,2021,2,10.7
42063,2019,1,7.7
42063,2019,2,10.6
42063,2020,1,7.6
42063,2020,2,10.6
42063,2021,1,7.2
42063,2021,2,10.9
42069,2019,1,6.8
42069,2019,2,10.0
42069,2020,1,6.8
42069,2020,2,10.1
42069,2021,1,6.5
42069,2021,2,10.6
42071,2019,1,6.4
42071,2019,2,10.3
42071,2020,1,6.5
42071,2020,2,10.2
42071,2021,1,6.1
42071,2021,2,10.6
42073,2019,1,7.4
42073,2019,2,10.6
42073,2020,1,7.4
42073,2020,2,10.5
42073,2021,1,7.2
42073,2021,2,11.0
42075,2019,1,6.7
42075,2019,2,9.9
42075,2021,1,6.6
42075,2021,2,10.5
42077,2019,1,5.8
42077,2019,2,9.5
42077,2020,1,6.1
42077,2020,2,10.1
42077,2021,1,6.0
42077,2021,2,10.5
42079,2019,1,6.9
42079,2019,2,10.1
42079,2020,1,7.2
42079,2020,2,10.3
42079,2021,1,7.1
42079,2021,2,10.5
42081,2019,1,7.1
42081,2019,2,10.5
42081,2020,1,7.1
42081,2020,2,10.3
42081,2021,1,6.9
42081,2021,2,11.1
42085,2019,1,7.3
42085,2019,2,10.7
42085,2020,1,7.4
42085,2020,2,10.5
42085,2021,1,7.2
42085,2021,2,10.8
42091,2019,1,4.7
42091,2019,2,9.5
42091,2020,1,4.7
42091,2020,2,9.0
42091,2021,1,4.6
42091,2021,2,9.8
42095,2019,1,5.7
42095,2019,2,9.7
42095,2020,1,5.8
42095,2020,2,9.8
42095,2021,1,5.6
42095,2021,2,10.2
42101,2019,1,6.9
42101,2019,2,11.4
42101,2020,1,7.0
42101,2020,2,11.9
42101,2021,1,6.6
42101,2021,2,11.8
42115,2019,1,7.4
42115,2019,2,10.4
42115,2020,1,7.4
42115,2020,2,10.4
42115,2021,1,7.2
42115,2021,2,10.7
42125,2019,1,6.4
42125,2019,2,10.2
42125,2020,1,6.3
42125,2020,2,10.0
42125,2021,1,6.0
42125,2021,2,10.4
42129,2019,1,6.3
42129,2019,2,9.9
42129,2020,1,6.1
42129,2020,2,10.1
42129,2021,1,6.0
42129,2021,2,10.5
42131,2020,1,6.8
42131,2020,2,10.0
42131,2021,1,6.6
42131,2021,2,10.6
42133,2019,1,6.5
42133,2019,2,9.9
42133,2020,1,6.5
42133,2020,2,10.5
42133,2021,1,6.2
42133,2021,2,10.6
44003,2019,1,6.8
44003,2019,2,10.7
44003,2020,1,6.0
44003,2020,2,11.9
44003,2021,1,5.4
44003,2021,2,11.4
44003,2022,1,5.7
44003,2022,2,11.8
44007,2019,1,6.8
44007,2019,2,11.6
44007,2020,1,6.5
44007,2020,2,12.6
44007,2021,1,5.6
44007,2021,2,12.2
44007,2022,1,6.0
44007,2022,2,12.4
44009,2019,1,5.9
44009,2019,2,10.6
44009,2020,1,5.5
44009,2020,2,11.6
44009,2021,1,5.0
44009,2021,2,11.5
44009,2022,1,5.1
44009,2022,2,10.9
45003,2020,1,6.8
45003,2020,2,9.9
45003,2021,1,6.4
45003,2021,2,9.7
45003,2022,1,6.1
45003,2022,2,9.9
45007,2020,1,7.2
45007,2020,2,10.1
45007,2021,1,7.0
45007,2021,2,9.7
45007,2022,1,7.0
45007,2022,2,10.2
45015,2020,1,6.5
45015,2020,2,9.9
45015,2021,1,6.1
45015,2021,2,9.3
45015,2022,1,5.7
45015,2022,2,9.5
45019,2019,1,5.7
45019,2019,2,9.4
45019,2020,1,5.4
45019,2020,2,9.6
45019,2021,1,5.1
45019,2021,2,9.0
45019,2022,1,5.0
45019,2022,2,8.8
45031,2020,1,8.0
45031,2020,2,11.0
45031,2021,1,7.7
45031,2021,2,10.4
45031,2022,1,7.9
45031,2022,2,10.8
45041,2019,1,7.5
45041,2019,2,10.3
45041,2020,1,7.2
45041,2020,2,10.9
45041,2021,1,7.0
45041,2021,2,9.9
45041,2022,1,7.0
45041,2022,2,10.3
45045,2019,1,5.9
45045,2019,2,8.7
45045,2020,1,5.9
45045,2020,2,9.9
45045,2021,1,5.6
45045,2021,2,9.0
45045,2022,1,5.7
45045,2022,2,9.5
45051,2020,1,6.9
45051,2020,2,9.6
45051,2021,1,6.6
45051,2021,2,9.5
45051,2022,1,6.7
45051,2022,2,9.3
45063,2019,1,6.4
45063,2019,2,9.2
45063,2020,1,6.4
45063,2020,2,9.7
45063,2021,1,6.1
45063,2021,2,9.2
45063,2022,1,5.9
45063,2022,2,9.3
45079,2019,1,5.8
45079,2019,2,9.7
45079,2020,1,5.8
45079,2020,2,10.6
45079,2021,1,5.7
45079,2021,2,10.0
45079,2022,1,5.7
45079,2022,2,9.9
45083,2019,1,7.0
45083,2019,2,9.5
45083,2020,1,6.8
45083,2020,2,10.1
45083,2021,1,6.8
45083,2021,2,10.0
45083,2022,1,6.7
45083,2022,2,9.7
45091,2019,1,6.0
45091,2019,2,8.9
45091,2020,1,5.8
45091,2020,2,9.7
45091,2021,1,5.5
45091,2021,2,9.1
45091,2022,1,5.3
45091,2022,2,9.3
46011,2019,1,4.6
46011,2019,2,7.8
46011,2020,1,4.8
46011,2020,2,8.7
46011,2021,1,4.9
46011,2021,2,8.9
46011,2022,1,5.5
46011,2022,2,9.7
46013,2020,1,4.7
46013,2020,2,8.5
46013,2021,1,5.2
46013,2021,2,8.4
46013,2022,1,5.4
46013,2022,2,9.8
46029,2019,1,5.5
46029,2019,2,8.5
46029,2020,1,5.5
46029,2020,2,8.6
46029,2021,1,5.8
46029,2021,2,8.9
46029,2022,1,6.1
46029,2022,2,10.4
46065,2019,1,5.0
46065,2019,2,8.8
46065,2020,1,4.8
46065,2020,2,9.1
46065,2021,1,5.1
46065,2021,2,9.0
46065,2022,1,5.0
46065,2022,2,10.3
46099,2019,1,4.8
46099,2019,2,8.0
46099,2020,1,4.8
46099,2020,2,9.3
46099,2021,1,5.0
46099,2021,2,8.8
46099,2022,1,5.3
46099,2022,2,9.7
46103,2019,1,5.3
46103,2019,2,8.3
46103,2020,1,5.4
46103,2020,2,9.1
46103,2021,1,5.2
46103,2021,2,8.7
46103,2022,1,5.6
46103,2022,2,10.3
47001,2019,1,8.8
47001,2019,2,9.9
47001,2020,1,8.1
47001,2020,2,10.7
47001,2021,1,8.1
47001,2021,2,10.5
47001,2022,1,7.9
47001,2022,2,10.8
47009,2019,1,8.3
47009,2019,2,9.6
47009,2020,1,7.4
47009,2020,2,10.4
47009,2021,1,7.6
47009,2021,2,10.2
47009,2022,1,7.3
47009,2022,2,10.6
47037,2019,1,7.0
47037,2019,2,9.5
47037,2020,1,6.5
47037,2020,2,10.4
47037,2021,1,6.4
47037,2021,2,10.5
47037,2022,1,6.3
47037,2022,2,10.6
47045,2019,1,9.7
47045,2019,2,10.4
47045,2020,1,8.9
47045,2020,2,11.2
47045,2021,1,8.7
47045,2021,2,10.9
47045,2022,1,8.8
47045,2022,2,11.5
47065,2019,1,7.4
47065,2019,2,9.5
47065,2020,1,6.8
47065,2020,2,10.2
47065,2021,1,7.0
47065,2021,2,10.7
47065,2022,1,6.7
47065,2022,2,11.1
47089,2019,1,9.3
47089,2019,2,10.2
47089,2020,1,8.5
47089,2020,2,10.5
47089,2021,1,8.5
47089,2021,2,10.6
47089,2022,1,7.9
47089,2022,2,11.0
47093,2019,1,7.5
47093,2019,2,9.4
47093,2020,1,6.9
47093,2020,2,10.6
47093,2021,1,7.0
47093,2021,2,10.1
47093,2022,1,6.8
47093,2022,2,10.6
47099,2019,1,10.4
47099,2019,2,10.6
47099,2020,1,9.8
47099,2020,2,11.0
47099,2021,1,9.8
47099,2021,2,10.9
47099,2022,1,9.6
47099,2022,2,11.3
47105,2019,1,7.9
47105,2019,2,9.2
47105,2020,1,7.3
47105,2020,2,10.1
47105,2021,1,7.4
47105,2021,2,10.2
47105,2022,1,7.2
47105,2022,2,10.5
47107,2019,1,10.0
47107,2019,2,10.5
47107,2020,1,9.1
47107,2020,2,10.7
47107,2021,1,9.0
47107,2021,2,10.8
47107,2022,1,8.6
47107,2022,2,11.2
47113,2019,1,8.5
47113,2019,2,10.0
47113,2020,1,8.0
47113,2020,2,11.0
47113,2021,1,8.1
47113,2021,2,11.1
47113,2022,1,7.9
47113,2022,2,11.6
47119,2019,1,7.8
47119,2019,2,9.5
47119,2020,1,7.1
47119,2020,2,10.2
47119,2021,1,7.2
47119,2021,2,10.3
47119,2022,1,6.8
47119,2022,2,10.7
47125,2019,1,7.5
47125,2019,2,9.7
47125,2020,1,6.9
47125,2020,2,10.4
47125,2021,1,6.8
47125,2021,2,10.3
47125,2022,1,6.5
47125,2022,2,10.7
47141,2019,1,9.1
47141,2019,2,9.8
47141,2020,1,8.6
47141,2020,2,10.4
47141,2021,1,8.6
47141,2021,2,10.7
47141,2022,1,8.4
47141,2022,2,10.9
47145,2019,1,8.9
47145,2019,2,10.1
47145,2020,1,8.1
47145,2020,2,10.3
47145,2021,1,8.0
47145,2021,2,10.4
47145,2022,1,8.2
47145,2022,2,11.0
47155,2019,1,9.2
47155,2019,2,9.7
47155,2020,1,8.7
47155,2020,2,10.6
47155,2021,1,8.5
47155,2021,2,10.6
47155,2022,1,8.2
47155,2022,2,10.8
47157,2019,1,7.9
47157,2019,2,10.0
47157,2020,1,7.2
47157,2020,2,11.2
47157,2021,1,7.4
47157,2021,2,11.0
47157,2022,1,7.3
47157,2022,2,11.7
47163,2019,1,9.4
47163,2019,2,10.3
47163,2020,1,8.4
47163,2020,2,10.9
47163,2021,1,8.5
47163,2021,2,10.8
47163,2022,1,8.3
47163,2022,2,11.3
47165,2019,1,7.4
47165,2019,2,9.4
47165,2020,1,6.9
47165,2020,2,10.2
47165,2021,1,7.0
47165,2021,2,10.4
47165,2022,1,6.5
47165,2022,2,10.7
47187,2019,1,5.1
47187,2019,2,8.2
47187,2020,1,4.7
47187,2020,2,9.0
47187,2021,1,4.6
47187,2021,2,9.2
47187,2022,1,4.5
47187,2022,2,9.8
47189,2019,1,6.9
47189,2019,2,9.0
47189,2020,1,6.4
47189,2020,2,10.0
47189,2021,1,6.4
47189,2021,2,9.9
47189,2022,1,6.0
47189,2022,2,10.4
48013,2020,1,5.8
48013,2020,2,8.7
48013,2021,1,6.1
48013,2021,2,9.2
48013,2022,1,5.8
48013,2022,2,9.2
48027,2019,1,6.0
48027,2019,2,8.7
48027,2020,1,6.3
48027,2020,2,9.7
48027,2021,1,6.5
48027,2021,2,10.0
48027,2022,1,6.0
48027,2022,2,10.7
48029,2019,1,5.0
48029,2019,2,7.8
48029,2020,1,5.4
48029,2020,2,9.1
48029,2021,1,5.7
48029,2021,2,9.3
48029,2022,1,5.0
48029,2022,2,9.0
48037,2019,1,7.4
48037,2019,2,9.3
48037,2020,1,7.2
48037,2020,2,9.9
48037,2021,1,7.6
48037,2021,2,10.3
48037,2022,1,7.1
48037,2022,2,10.9
48039,2019,1,5.0
48039,2019,2,7.6
48039,2020,1,5.2
48039,2020,2,8.5
48039,2021,1,5.4
48039,2021,2,8.9
48039,2022,1,4.8
48039,2022,2,9.3
48041,2020,1,6.6
48041,2020,2,9.5
48041,2021,1,6.7
48041,2021,2,9.8
48041,2022,1,6.3
48041,2022,2,9.8
48043,2019,1,5.1
48043,2019,2,7.7
48043,2020,1,5.7
48043,2020,2,8.8
48043,2021,1,5.3
48043,2021,2,8.8
48043,2022,1,4.5
48043,2022,2,9.0
48061,2019,1,6.4
48061,2019,2,8.1
48061,2020,1,6.2
48061,2020,2,8.7
48061,2021,1,6.5
48061,2021,2,9.1
48061,2022,1,5.9
48061,2022,2,8.7
48085,2019,1,4.4
48085,2019,2,7.3
48085,2020,1,4.3
48085,2020,2,8.2
48085,2021,1,4.4
48085,2021,2,8.5
48085,2022,1,4.0
48085,2022,2,8.8
48113,2019,1,5.9
48113,2019,2,8.3
48113,2020,1,5.9
48113,2020,2,9.1
48113,2021,1,6.0
48113,2021,2,9.9
48113,2022,1,5.5
48113,2022,2,9.7
48121,2019,1,4.7
48121,2019,2,7.6
48121,2020,1,4.7
48121,2020,2,8.7
48121,2021,1,4.8
48121,2021,2,8.8
48121,2022,1,4.2
48121,2022,2,9.3
48135,2019,1,5.6
48135,2019,2,8.0
48135,2020,1,6.0
48135,2020,2,8.9
48135,2021,1,6.5
48135,2021,2,9.3
48135,2022,1,5.9
48135,2022,2,9.2
48139,2019,1,5.8
48139,2019,2,8.3
48139,2020,1,5.9
48139,2020,2,9.2
48139,2021,1,6.0
48139,2021,2,9.5
48139,2022,1,5.3
48139,2022,2,10.0
48141,2019,1,4.9
48141,2019,2,7.4
48141,2020,1,5.3
48141,2020,2,8.9
48141,2021,1,5.4
48141,2021,2,8.8
48141,2022,1,4.8
48141,2022,2,8.6
48167,2019,1,5.7
48167,2019,2,8.0
48167,2020,1,5.7
48167,2020,2,9.3
48167,2021,1,5.9
48167,2021,2,9.4
48167,2022,1,5.3
48167,2022,2,9.8
48183,2019,1,7.5
48183,2019,2,9.4
48183,2020,1,7.5
48183,2020,2,10.2
48183,2021,1,7.6
48183,2021,2,10.4
48183,2022,1,6.9
48183,2022,2,10.7
48201,2019,1,5.5
48201,2019,2,7.9
48201,2020,1,5.6
48201,2020,2,8.8
48201,2021,1,6.0
48201,2021,2,9.5
48201,2022,1,5.5
48201,2022,2,9.2
48203,2019,1,7.5
48203,2019,2,9.4
48203,2020,1,7.5
48203,2020,2,10.2
48203,2021,1,7.5
48203,2021,2,10.3
48203,2022,1,6.9
48203,2022,2,10.8
48215,2019,1,6.2
48215,2019,2,7.9
48215,2020,1,6.4
48215,2020,2,8.8
48215,2021,1,6.9
48215,2021,2,9.5
48215,2022,1,6.0
48215,2022,2,8.7
48221,2019,1,6.3
48221,2019,2,8.4
48221,2020,1,6.1
48221,2020,2,9.2
48221,2021,1,6.2
48221,2021,2,9.4
48221,2022,1,5.5
48221,2022,2,9.9
48231,2019,1,7.4
48231,2019,2,8.9
48231,2020,1,7.3
48231,2020,2,9.8
48231,2021,1,7.4
48231,2021,2,10.0
48231,2022,1,6.7
48231,2022,2,10.3
48245,2019,1,6.9
48245,2019,2,9.0
48245,2020,1,7.1
48245,2020,2,9.9
48245,2021,1,7.5
48245,2021,2,10.3
48245,2022,1,7.0
48245,2022,2,10.6
48251,2019,1,6.7
48251,2019,2,8.5
48251,2020,1,6.8
48251,2020,2,9.4
48251,2021,1,6.9
48251,2021,2,9.6
48251,2022,1,6.2
48251,2022,2,10.2
48255,2020,1,6.8
48255,2020,2,8.8
48255,2021,1,7.4
48255,2021,2,9.2
48255,2022,1,6.9
48255,2022,2,9.2
48257,2019,1,6.4
48257,2019,2,8.5
48257,2020,1,6.5
48257,2020,2,9.5
48257,2021,1,6.6
48257,2021,2,9.8
48257,2022,1,5.9
48257,2022,2,10.4
48273,2019,1,5.6
48273,2019,2,8.1
48273,2020,1,5.8
48273,2020,2,8.8
48273,2021,1,6.2
48273,2021,2,9.3
48273,2022,1,5.8
48273,2022,2,9.1
48303,2019,1,6.1
48303,2019,2,8.5
48303,2020,1,6.4
48303,2020,2,9.4
48303,2021,1,6.5
48303,2021,2,9.9
48303,2022,1,6.0
48303,2022,2,9.7
48309,2019,1,6.9
48309,2019,2,9.0
48309,2020,1,7.2
48309,2020,2,9.9
48309,2021,1,7.3
48309,2021,2,10.1
48309,2022,1,6.5
48309,2022,2,10.4
48323,2019,1,6.4
48323,2019,2,8.4
48323,2020,1,5.9
48323,2020,2,8.6
48323,2021,1,6.4
48323,2021,2,9.6
48323,2022,1,5.7
48323,2022,2,8.9
48339,2019,1,5.7
48339,2019,2,8.0
48339,2020,1,5.6
48339,2020,2,8.9
48339,2021,1,5.8
48339,2021,2,9.3
48339,2022,1,5.1
48339,2022,2,9.5
48349,2019,1,7.5
48349,2019,2,9.2
48349,2020,1,7.7
48349,2020,2,10.1
48349,2021,1,8.0
48349,2021,2,10.2
48349,2022,1,7.6
48349,2022,2,10.6
48355,2019,1,5.7
48355,2019,2,8.3
48355,2020,1,5.7
48355,2020,2,9.2
48355,2021,1,6.1
48355,2021,2,9.3
48355,2022,1,5.5
48355,2022,2,9.3
48361,2019,1,7.5
48361,2019,2,9.0
48361,2020,1,7.3
48361,2020,2,9.7
48361,2021,1,7.5
48361,2021,2,10.0
48361,2022,1,6.9
48361,2022,2,10.6
48367,2019,1,6.2
48367,2019,2,8.5
48367,2020,1,6.3
48367,2020,2,9.2
48367,2021,1,6.3
48367,2021,2,9.5
48367,2022,1,5.5
48367,2022,2,10.0
48375,2019,1,7.5
48375,2019,2,8.7
48375,2020,1,8.0
48375,2020,2,9.7
48375,2021,1,8.4
48375,2021,2,10.1
48375,2022,1,7.7
48375,2022,2,10.1
48397,2019,1,4.8
48397,2019,2,7.8
48397,2020,1,4.7
48397,2020,2,8.7
48397,2021,1,4.8
48397,2021,2,9.0
48397,2022,1,4.2
48397,2022,2,9.6
48423,2019,1,6.7
48423,2019,2,9.0
48423,2020,1,6.5
48423,2020,2,9.5
48423,2021,1,6.9
48423,2021,2,10.3
48423,2022,1,6.2
48423,2022,2,10.5
48439,2019,1,5.7
48439,2019,2,8.1
48439,2020,1,5.7
48439,2020,2,9.5
48439,2021,1,6.1
48439,2021,2,9.6
48439,2022,1,5.3
48439,2022,2,10.0
48453,2019,1,4.5
48453,2019,2,7.8
48453,2020,1,4.5
48453,2020,2,8.5
48453,2021,1,4.7
48453,2021,2,8.4
48453,2022,1,4.2
48453,2022,2,9.1
48469,2019,1,5.9
48469,2019,2,8.1
48469,2020,1,6.3
48469,2020,2,9.1
48469,2021,1,6.8
48469,2021,2,9.5
48469,2022,1,6.1
48469,2022,2,9.7
48479,2019,1,5.9
48479,2019,2,8.2
48479,2020,1,5.7
48479,2020,2,9.0
48479,2021,1,6.0
48479,2021,2,9.4
48479,2022,1,5.2
48479,2022,2,8.6
48493,2020,1,5.7
48493,2020,2,8.8
48493,2021,1,5.9
48493,2021,2,9.1
48493,2022,1,5.2
48493,2022,2,9.4
49003,2019,1,5.2
49003,2019,2,10.0
49003,2020,1,5.3
49003,2020,2,10.7
49003,2021,1,5.5
49003,2021,2,10.2
49003,2022,1,5.4
49003,2022,2,11.1
49005,2019,1,5.1
49005,2019,2,9.6
49005,2020,1,5.3
49005,2020,2,10.6
49005,2021,1,5.4
49005,2021,2,10.3
49005,2022,1,5.3
49005,2022,2,10.4
49007,2019,1,5.7
49007,2019,2,10.5
49007,2020,1,6.1
49007,2020,2,11.7
49007,2021,1,6.5
49007,2021,2,11.0
49007,2022,1,6.6
49007,2022,2,11.7
49011,2019,1,4.2
49011,2019,2,9.7
49011,2020,1,4.2
49011,2020,2,11.5
49011,2021,1,4.3
49011,2021,2,9.8
49011,2022,1,4.3
49011,2022,2,10.9
49013,2019,1,6.2
49013,2019,2,10.3
49013,2020,1,6.5
49013,2020,2,11.2
49013,2021,1,6.6
49013,2021,2,10.8
49013,2022,1,6.5
49013,2022,2,11.3
49017,2019,1,5.6
49017,2019,2,9.7
49017,2020,1,5.8
49017,2020,2,10.8
49017,2021,1,5.9
49017,2021,2,10.3
49017,2022,1,5.2
49017,2022,2,10.8
49021,2019,1,6.0
49021,2019,2,10.1
49021,2020,1,6.2
49021,2020,2,11.2
49021,2021,1,6.3
49021,2021,2,10.7
49021,2022,1,5.9
49021,2022,2,11.0
49035,2019,1,4.6
49035,2019,2,10.4
49035,2020,1,4.6
49035,2020,2,10.9
49035,2021,1,4.8
49035,2021,2,9.7
49035,2022,1,4.5
49035,2022,2,10.9
49037,2019,1,7.8
49037,2019,2,11.9
49037,2020,1,7.5
49037,2020,2,12.5
49037,2021,1,7.3
49037,2021,2,11.9
49037,2022,1,8.0
49037,2022,2,13.3
49045,2019,1,5.2
49045,2019,2,10.1
49045,2020,1,5.2
49045,2020,2,10.3
49045,2021,1,5.1
49045,2021,2,10.2
49045,2022,1,4.8
49045,2022,2,11.3
49047,2019,1,6.4
49047,2019,2,10.5
49047,2020,1,6.5
49047,2020,2,11.0
49047,2021,1,6.7
49047,2021,2,11.4
49047,2022,1,6.3
49047,2022,2,11.5
49049,2019,1,4.4
49049,2019,2,8.8
49049,2020,1,4.4
49049,2020,2,10.1
49049,2021,1,4.5
49049,2021,2,9.8
49049,2022,1,4.4
49049,2022,2,9.8
49053,2019,1,5.1
49053,2019,2,9.1
49053,2020,1,5.0
49053,2020,2,10.5
49053,2021,1,5.2
49053,2021,2,10.0
49053,2022,1,5.1
49053,2022,2,10.9
49057,2019,1,5.0
49057,2019,2,10.0
49057,2020,1,5.2
49057,2020,2,11.0
49057,2021,1,5.3
49057,2021,2,10.3
49057,2022,1,4.9
49057,2022,2,11.4
50003,2019,1,6.5
50003,2019,2,11.1
50003,2020,1,5.9
50003,2020,2,10.4
50003,2021,1,5.7
50003,2021,2,11.1
50003,2022,1,5.6
50003,2022,2,11.7
50007,2019,1,5.2
50007,2019,2,9.6
50007,2020,1,4.8
50007,2020,2,9.7
50007,2021,1,4.8
50007,2021,2,10.7
50007,2022,1,4.6
50007,2022,2,10.9
50021,2019,1,6.4
50021,2019,2,10.7
50021,2020,1,5.8
50021,2020,2,10.4
50021,2021,1,5.8
50021,2021,2,11.1
50021,2022,1,6.1
50021,2022,2,12.0
51013,2019,1,3.6
51013,2019,2,7.9
51013,2020,1,3.5
51013,2020,2,8.1
51013,2021,1,3.6
51013,2021,2,9.1
51013,2022,1,3.4
51013,2022,2,9.0
51041,2019,1,5.7
51041,2019,2,9.2
51041,2020,1,5.2
51041,2020,2,9.5
51041,2021,1,5.3
51041,2021,2,10.3
51041,2022,1,4.9
51041,2022,2,10.6
51059,2019,1,4.0
51059,2019,2,7.7
51059,2020,1,3.8
51059,2020,2,8.0
51059,2021,1,3.8
51059,2021,2,9.0
51071,2019,1,7.8
51071,2019,2,9.8
51071,2020,1,7.0
51071,2020,2,9.7
51071,2021,1,7.5
51071,2021,2,10.6
51071,2022,1,7.1
51071,2022,2,11.0
51087,2019,1,5.4
51087,2019,2,9.3
51087,2020,1,5.0
51087,2020,2,9.3
51087,2021,1,5.0
51087,2021,2,10.3
51087,2022,1,5.0
51087,2022,2,10.6
51107,2019,1,3.9
51107,2019,2,7.5
51107,2020,1,3.7
51107,2020,2,8.1
51107,2021,1,3.7
51107,2021,2,8.7
51107,2022,1,3.6
51107,2022,2,8.9
51143,2021,1,8.1
51143,2021,2,11.3
51143,2022,1,8.2
51143,2022,2,11.4
51147,2019,1,7.7
51147,2019,2,10.5
51147,2020,1,7.6
51147,2020,2,10.7
51147,2021,1,8.0
51147,2021,2,11.5
51147,2022,1,7.8
51147,2022,2,11.7
51153,2019,1,5.0
51153,2019,2,8.3
51153,2020,1,4.5
51153,2020,2,8.8
51153,2021,1,4.8
51153,2021,2,9.7
51153,2022,1,4.5
51153,2022,2,9.7
51161,2019,1,6.1
51161,2019,2,8.9
51161,2020,1,5.7
51161,2020,2,9.3
51161,2021,1,5.8
51161,2021,2,10.0
51179,2019,1,5.0
51179,2019,2,8.6
51179,2020,1,4.7
51179,2020,2,8.9
51179,2021,1,4.9
51179,2021,2,9.9
51179,2022,1,4.6
51179,2022,2,10.2
51197,2019,1,8.3
51197,2019,2,10.0
51197,2020,1,7.5
51197,2020,2,9.8
51197,2021,1,8.0
51197,2021,2,10.9
51197,2022,1,7.6
51197,2022,2,11.3
51760,2019,1,7.4
51760,2019,2,10.6
51760,2020,1,6.3
51760,2020,2,10.8
51760,2021,1,6.5
51760,2021,2,11.2
53001,2019,1,6.8
53001,2019,2,10.1
53001,2020,1,7.1
53001,2020,2,11.4
53001,2021,1,7.2
53001,2021,2,11.6
53001,2022,1,6.7
53001,2022,2,10.6
53003,2019,1,6.8
53003,2019,2,10.9
53003,2020,1,6.9
53003,2020,2,11.9
53003,2021,1,6.7
53003,2021,2,12.0
53003,2022,1,6.2
53003,2022,2,12.0
53005,2019,1,5.5
53005,2019,2,10.3
53005,2020,1,5.5
53005,2020,2,10.9
53005,2021,1,5.3
53005,2021,2,10.7
53005,2022,1,5.1
53005,2022,2,10.9
53007,2019,1,5.6
53007,2019,2,9.6
53007,2020,1,5.9
53007,2020,2,11.0
53007,2021,1,5.8
53007,2021,2,10.9
53007,2022,1,5.1
53007,2022,2,10.6
53009,2019,1,6.2
53009,2019,2,10.5
53009,2020,1,6.1
53009,2020,2,11.2
53009,2021,1,5.9
53009,2021,2,11.4
53009,2022,1,5.4
53009,2022,2,11.8
53011,2019,1,5.3
53011,2019,2,10.3
53011,2020,1,5.4
53011,2020,2,11.0
53011,2021,1,5.4
53011,2021,2,10.9
53011,2022,1,4.9
53011,2022,2,11.6
53013,2019,1,6.1
53013,2019,2,10.5
53013,2020,1,5.8
53013,2020,2,11.1
53013,2021,1,5.8
53013,2021,2,11.3
53013,2022,1,5.5
53013,2022,2,11.7
53015,2019,1,6.8
53015,2019,2,11.1
53015,2020,1,6.7
53015,2020,2,12.4
53015,2021,1,6.5
53015,2021,2,12.1
53015,2022,1,6.2
53015,2022,2,12.4
53021,2019,1,5.7
53021,2019,2,9.5
53021,2020,1,6.0
53021,2020,2,10.6
53021,2021,1,6.1
53021,2021,2,10.8
53021,2022,1,5.6
53021,2022,2,10.5
53023,2019,1,5.7
53023,2019,2,10.3
53023,2020,1,5.2
53023,2020,2,10.6
53023,2021,1,5.8
53023,2021,2,11.3
53023,2022,1,5.1
53023,2022,2,11.3
53025,2019,1,6.4
53025,2019,2,9.8
53025,2020,1,6.5
53025,2020,2,11.1
53025,2021,1,6.4
53025,2021,2,11.4
53025,2022,1,5.9
53025,2022,2,10.8
53027,2019,1,6.7
53027,2019,2,10.5
53027,2020,1,7.0
53027,2020,2,11.8
53027,2021,1,7.0
53027,2021,2,11.9
53027,2022,1,6.4
53027,2022,2,11.6
53031,2019,1,5.2
53031,2019,2,9.9
53031,2020,1,5.2
53031,2020,2,10.7
53031,2021,1,5.3
53031,2021,2,11.0
53031,2022,1,4.6
53031,2022,2,11.0
53033,2019,1,3.9
53033,2019,2,8.8
53033,2020,1,3.8
53033,2020,2,9.2
53033,2021,1,3.8
53033,2021,2,9.7
53033,2022,1,3.3
53033,2022,2,9.7
53035,2019,1,5.1
53035,2019,2,9.7
53035,2020,1,5.1
53035,2020,2,10.4
53035,2021,1,5.0
53035,2021,2,10.8
53035,2022,1,4.6
53035,2022,2,11.3
53037,2019,1,6.1
53037,2019,2,10.4
53037,2020,1,6.1
53037,2020,2,11.2
53037,2021,1,6.0
53037,2021,2,11.0
53037,2022,1,5.5
53037,2022,2,11.3
53039,2019,1,6.2
53039,2019,2,10.5
53039,2020,1,6.6
53039,2020,2,11.2
53041,2019,1,6.6
53041,2019,2,10.3
53041,2020,1,6.7
53041,2020,2,11.2
53041,2021,1,6.8
53041,2021,2,11.7
53041,2022,1,6.0
53041,2022,2,11.4
53045,2019,1,6.6
53045,2019,2,10.4
53045,2020,1,6.6
53045,2020,2,11.1
53045,2021,1,6.4
53045,2021,2,11.2
53045,2022,1,5.7
53045,2022,2,11.2
53047,2019,1,7.2
53047,2019,2,10.7
53047,2020,1,7.8
53047,2020,2,12.1
53047,2021,1,7.4
53047,2021,2,12.0
53047,2022,1,6.7
53047,2022,2,11.7
53051,2021,1,6.2
53051,2021,2,11.3
53051,2022,1,6.3
53051,2022,2,11.7
53053,2019,1,5.5
53053,2019,2,10.2
53053,2020,1,5.4
53053,2020,2,10.7
53053,2021,1,5.5
53053,2021,2,10.9
53053,2022,1,4.9
53053,2022,2,10.8
53057,2019,1,5.6
53057,2019,2,9.9
53057,2020,1,5.7
53057,2020,2,10.5
53057,2021,1,5.5
53057,2021,2,11.0
53057,2022,1,5.2
53057,2022,2,11.1
53061,2019,1,4.7
53061,2019,2,10.0
53061,2020,1,5.0
53061,2020,2,10.9
53061,2021,1,4.7
53061,2021,2,10.2
53061,2022,1,4.4
53061,2022,2,11.1
53063,2019,1,5.8
53063,2019,2,10.7
53063,2020,1,6.1
53063,2020,2,11.4
53063,2021,1,5.9
53063,2021,2,11.6
53063,2022,1,5.4
53063,2022,2,11.6
53065,2019,1,6.9
53065,2019,2,11.3
53065,2020,1,6.8
53065,2020,2,11.5
53065,2021,1,6.7
53065,2021,2,11.6
53065,2022,1,6.4
53065,2022,2,12.2
53067,2019,1,5.0
53067,2019,2,9.7
53067,2020,1,5.3
53067,2020,2,10.4
53067,2021,1,5.1
53067,2021,2,11.3
53067,2022,1,4.6
53067,2022,2,11.3
53071,2019,1,5.5
53071,2019,2,9.9
53071,2020,1,5.8
53071,2020,2,10.8
53071,2021,1,5.8
53071,2021,2,11.1
53071,2022,1,5.2
53071,2022,2,11.1
53073,2019,1,5.6
53073,2019,2,10.1
53073,2020,1,5.6
53073,2020,2,11.0
53073,2021,1,5.6
53073,2021,2,10.9
53073,2022,1,4.9
53073,2022,2,10.8
53075,2019,1,6.3
53075,2019,2,10.8
53075,2020,1,6.6
53075,2020,2,11.2
53075,2021,1,6.5
53075,2021,2,11.6
53075,2022,1,6.2
53075,2022,2,11.9
53077,2019,1,6.4
53077,2019,2,10.1
53077,2020,1,6.9
53077,2020,2,11.2
53077,2021,1,6.8
53077,2021,2,11.4
53077,2022,1,6.0
53077,2022,2,10.7
54003,2019,1,8.2
54003,2019,2,10.8
54003,2020,1,8.3
54003,2020,2,11.1
54003,2021,1,8.3
54003,2021,2,11.6
54003,2022,1,7.5
54003,2022,2,12.2
54009,2019,1,8.7
54009,2019,2,10.4
54009,2020,1,8.8
54009,2020,2,11.0
54009,2021,1,8.5
54009,2021,2,11.4
54009,2022,1,7.6
54009,2022,2,11.9
54011,2019,1,9.6
54011,2019,2,11.1
54011,2020,1,10.4
54011,2020,2,12.1
54011,2021,1,10.0
54011,2021,2,12.3
54011,2022,1,8.8
54011,2022,2,12.9
54029,2019,1,9.2
54029,2019,2,10.8
54029,2020,1,9.6
54029,2020,2,11.7
54029,2021,1,8.9
54029,2021,2,11.6
54029,2022,1,8.4
54029,2022,2,12.3
54039,2019,1,8.8
54039,2019,2,11.4
54039,2020,1,9.0
54039,2020,2,11.1
54039,2021,1,9.0
54039,2021,2,11.5
54039,2022,1,8.0
54039,2022,2,12.1
54051,2021,1,9.1
54051,2021,2,11.3
54051,2022,1,8.7
54051,2022,2,12.1
54061,2019,1,7.9
54061,2019,2,10.4
54061,2020,1,8.3
54061,2020,2,10.7
54061,2021,1,7.5
54061,2021,2,11.0
54061,2022,1,7.3
54061,2022,2,11.5
54069,2019,1,7.8
54069,2019,2,10.6
54069,2020,1,8.5
54069,2020,2,11.3
54069,2021,1,8.2
54069,2021,2,11.4
54069,2022,1,7.7
54069,2022,2,12.1
54107,2019,1,9.3
54107,2019,2,11.1
54107,2020,1,9.6
54107,2020,2,11.7
54107,2021,1,9.6
54107,2021,2,12.1
54107,2022,1,8.7
54107,2022,2,12.1
55003,2019,1,6.8
55003,2019,2,10.5
55003,2020,1,7.0
55003,2020,2,10.9
55003,2021,1,6.5
55003,2021,2,11.2
55003,2022,1,6.9
55003,2022,2,11.6
55009,2019,1,5.1
55009,2019,2,9.6
55009,2020,1,5.2
55009,2020,2,9.7
55009,2021,1,5.0
55009,2021,2,10.0
55009,2022,1,5.4
55009,2022,2,10.7
55021,2019,1,5.2
55021,2019,2,9.3
55021,2020,1,5.3
55021,2020,2,9.7
55021,2021,1,5.1
55021,2021,2,10.0
55021,2022,1,5.6
55021,2022,2,10.9
55025,2019,1,4.1
55025,2019,2,9.3
55025,2020,1,4.2
55025,2020,2,9.4
55025,2021,1,4.1
55025,2021,2,10.0
55025,2022,1,4.3
55025,2022,2,9.9
55027,2019,1,5.6
55027,2019,2,9.5
55027,2020,1,5.7
55027,2020,2,9.7
55027,2021,1,5.5
55027,2021,2,10.2
55027,2022,1,5.8
55027,2022,2,10.8
55029,2019,1,4.8
55029,2019,2,9.2
55029,2020,1,4.9
55029,2020,2,9.5
55029,2021,1,4.9
55029,2021,2,10.1
55029,2022,1,5.1
55029,2022,2,10.8
55035,2019,1,5.4
55035,2019,2,9.7
55035,2020,1,5.3
55035,2020,2,9.8
55035,2021,1,5.2
55035,2021,2,10.2
55035,2022,1,5.4
55035,2022,2,10.7
55039,2019,1,5.4
55039,2019,2,9.8
55039,2020,1,5.4
55039,2020,2,9.7
55039,2021,1,5.3
55039,2021,2,10.3
55039,2022,1,5.7
55039,2022,2,11.1
55041,2019,1,6.9
55041,2019,2,10.6
55041,2020,1,7.0
55041,2020,2,10.7
55041,2021,1,6.7
55041,2021,2,11.2
55041,2022,1,7.6
55041,2022,2,12.5
55043,2019,1,6.1
55043,2019,2,9.9
55043,2020,1,6.4
55043,2020,2,10.0
55043,2021,1,6.1
55043,2021,2,10.6
55043,2022,1,6.5
55043,2022,2,11.1
55053,2021,1,6.3
55053,2021,2,10.6
55053,2022,1,6.8
55053,2022,2,11.2
55055,2019,1,5.1
55055,2019,2,9.4
55055,2020,1,5.3
55055,2020,2,9.7
55055,2021,1,5.1
55055,2021,2,10.3
55055,2022,1,5.4
55055,2022,2,10.9
55059,2019,1,5.2
55059,2019,2,9.6
55059,2020,1,5.5
55059,2020,2,10.1
55059,2021,1,5.2
55059,2021,2,10.2
55059,2022,1,5.7
55059,2022,2,11.0
55061,2019,1,5.3
55061,2019,2,9.4
55061,2020,1,5.4
55061,2020,2,9.7
55061,2021,1,5.3
55061,2021,2,10.2
55061,2022,1,5.7
55061,2022,2,10.7
55063,2019,1,5.2
55063,2019,2,9.1
55063,2020,1,5.1
55063,2020,2,9.7
55063,2021,1,5.1
55063,2021,2,10.5
55063,2022,1,5.5
55063,2022,2,11.2
55071,2019,1,5.6
55071,2019,2,9.8
55071,2020,1,5.5
55071,2020,2,9.7
55071,2021,1,5.6
55071,2021,2,10.4
55071,2022,1,5.9
55071,2022,2,10.8
55073,2019,1,5.3
55073,2019,2,9.5
55073,2020,1,5.4
55073,2020,2,9.6
55073,2021,1,5.1
55073,2021,2,10.0
55073,2022,1,5.5
55073,2022,2,10.3
55079,2019,1,5.6
55079,2019,2,10.1
55079,2020,1,5.8
55079,2020,2,10.1
55079,2021,1,5.8
55079,2021,2,11.5
55079,2022,1,6.3
55079,2022,2,11.8
55081,2021,1,6.0
55081,2021,2,10.6
55081,2022,1,6.8
55081,2022,2,11.3
55087,2019,1,5.0
55087,2019,2,9.1
55087,2020,1,5.0
55087,2020,2,9.6
55087,2021,1,4.8
55087,2021,2,10.3
55087,2022,1,5.2
55087,2022,2,10.6
55089,2019,1,4.0
55089,2019,2,8.8
55089,2020,1,4.1
55089,2020,2,9.2
55089,2021,1,4.0
55089,2021,2,9.8
55089,2022,1,4.2
55089,2022,2,10.3
55101,2019,1,5.3
55101,2019,2,9.9
55101,2020,1,5.6
55101,2020,2,10.1
55101,2021,1,5.4
55101,2021,2,10.6
55101,2022,1,5.6
55101,2022,2,11.3
55105,2019,1,5.7
55105,2019,2,9.5
55105,2020,1,5.8
55105,2020,2,10.2
55105,2021,1,5.5
55105,2021,2,10.6
55105,2022,1,5.8
55105,2022,2,11.2
55111,2019,1,5.5
55111,2019,2,9.5
55111,2020,1,5.6
55111,2020,2,9.7
55111,2021,1,5.5
55111,2021,2,10.4
55111,2022,1,5.7
55111,2022,2,10.9
55117,2019,1,5.0
55117,2019,2,9.0
55117,2020,1,5.1
55117,2020,2,9.3
55117,2021,1,5.1
55117,2021,2,9.9
55117,2022,1,5.3
55117,2022,2,10.3
55125,2019,1,5.6
55125,2019,2,9.7
55125,2020,1,5.6
55125,2020,2,10.1
55125,2021,1,5.4
55125,2021,2,10.7
55125,2022,1,5.6
55125,2022,2,11.3
55127,2019,1,5.2
55127,2019,2,9.0
55127,2020,1,5.3
55127,2020,2,9.7
55127,2021,1,5.2
55127,2021,2,10.2
55127,2022,1,5.4
55127,2022,2,10.5
55133,2019,1,3.9
55133,2019,2,8.6
55133,2020,1,4.1
55133,2020,2,8.9
55133,2021,1,4.0
55133,2021,2,9.8
55133,2022,1,4.1
55133,2022,2,10.3
56001,2019,1,5.9
56001,2019,2,9.1
56001,2020,1,5.6
56001,2020,2,9.6
56001,2021,1,6.0
56001,2021,2,9.8
56001,2022,1,5.9
56001,2022,2,10.3
56003,2019,1,6.9
56003,2019,2,9.3
56003,2020,1,6.5
56003,2020,2,10.0
56003,2021,1,6.7
56003,2021,2,10.0
56003,2022,1,7.0
56003,2022,2,10.5
56005,2019,1,6.5
56005,2019,2,8.9
56005,2020,1,6.3
56005,2020,2,9.8
56005,2021,1,6.4
56005,2021,2,9.5
56005,2022,1,6.1
56005,2022,2,10.3
56007,2019,1,6.4
56007,2019,2,8.7
56007,2020,1,6.5
56007,2020,2,9.5
56007,2021,1,7.0
56007,2021,2,9.9
56007,2022,1,6.7
56007,2022,2,10.0
56009,2019,1,6.4
56009,2019,2,9.1
56009,2020,1,6.3
56009,2020,2,9.9
56009,2021,1,6.4
56009,2021,2,9.7
56009,2022,1,6.5
56009,2022,2,10.4
56013,2019,1,6.8
56013,2019,2,9.4
56013,2020,1,6.7
56013,2020,2,10.7
56013,2021,1,7.1
56013,2021,2,10.6
56013,2022,1,6.8
56013,2022,2,11.1
56019,2019,1,5.9
56019,2019,2,9.1
56019,2020,1,6.2
56019,2020,2,9.9
56019,2021,1,6.4
56019,2021,2,9.8
56019,2022,1,6.6
56019,2022,2,10.4
56021,2019,1,6.0
56021,2019,2,9.5
56021,2020,1,5.7
56021,2020,2,9.7
56021,2021,1,6.0
56021,2021,2,9.7
56021,2022,1,5.9
56021,2022,2,10.1
56023,2019,1,6.3
56023,2019,2,9.0
56023,2020,1,5.9
56023,2020,2,9.8
56023,2021,1,5.9
56023,2021,2,9.5
56023,2022,1,5.9
56023,2022,2,10.1
56025,2019,1,6.3
56025,2019,2,8.8
56025,2020,1,6.2
56025,2020,2,9.9
56025,2021,1,6.3
56025,2021,2,9.9
56025,2022,1,6.3
56025,2022,2,10.4
56029,2019,1,5.5
56029,2019,2,8.9
56029,2022,1,5.6
56029,2022,2,10.0
56031,2020,1,6.3
56031,2020,2,9.9
56031,2021,1,6.3
56031,2021,2,9.8
56031,2022,1,6.6
56031,2022,2,10.5
56033,2019,1,5.7
56033,2019,2,8.7
56033,2020,1,5.7
56033,2020,2,9.6
56033,2021,1,5.7
56033,2021,2,9.4
56033,2022,1,5.6
56033,2022,2,10.2
56035,2019,1,5.8
56035,2019,2,8.6
56035,2020,1,5.5
56035,2020,2,9.5
56035,2021,1,5.7
56035,2021,2,9.1
56035,2022,1,5.4
56035,2022,2,10.0
56037,2019,1,5.8
56037,2019,2,8.6
56037,2020,1,6.1
56037,2020,2,9.5
56037,2021,1,6.3
56037,2021,2,9.5
56037,2022,1,6.4
56037,2022,2,10.3
56039,2019,1,4.3
56039,2019,2,7.9
56039,2020,1,4.3
56039,2020,2,8.8
56039,2021,1,4.4
56039,2021,2,8.7
56039,2022,1,4.0
56039,2022,2,9.0
56041,2019,1,6.8
56041,2019,2,9.4
56041,2020,1,6.3
56041,2020,2,10.1
56041,2021,1,6.4
56041,2021,2,9.5
56041,2022,1,6.2
56041,2022,2,10.3
56045,2019,1,6.7
56045,2019,2,9.0
56045,2020,1,6.8
56045,2020,2,9.8
56045,2021,1,6.9
56045,2021,2,9.7
56045,2022,1,6.5
56045,2022,2,10.0
