CountyFIPS,Year,Disease,Disease_AdjPrev,is_extreme_disease
1003,2019,COPD,6.9,False
1003,2019,Current Asthma,8.9,False
1003,2020,COPD,6.7,False
1003,2020,Current Asthma,9.3,False
1003,2021,COPD,6.5,False
1003,2021,Current Asthma,9.9,False
1003,2022,COPD,6.0,False
1003,2022,Current Asthma,9.4,False
1033,2019,COPD,8.2,False
1033,2019,Current Asthma,9.7,False
1049,2019,COPD,10.2,True
1049,2019,Current Asthma,10.2,False
1049,2020,COPD,10.3,True
1049,2020,Current Asthma,10.3,False
1049,2021,COPD,9.5,False
1049,2021,Current Asthma,10.8,False
1049,2022,COPD,9.2,False
1049,2022,Current Asthma,10.1,False
1051,2019,COPD,7.4,False
1051,2019,Current Asthma,9.7,False
1051,2020,COPD,7.1,False
1051,2020,Current Asthma,9.6,False
1051,2021,COPD,6.7,False
1051,2021,Current Asthma,10.2,False
1051,2022,COPD,6.6,False
1051,2022,Current Asthma,10.0,False
1055,2019,COPD,8.7,False
1055,2019,Current Asthma,9.9,False
1055,2020,COPD,8.5,False
1055,2020,Current Asthma,10.1,False
1055,2021,COPD,8.1,False
1055,2021,Current Asthma,10.7,False
1055,2022,COPD,8.2,False
1055,2022,Current Asthma,10.3,False
1069,2019,COPD,8.3,False
1069,2019,Current Asthma,10.2,False
1073,2019,COPD,7.0,False
1073,2019,Current Asthma,9.8,False
1073,2020,COPD,6.7,False
1073,2020,Current Asthma,9.8,False
1073,2021,COPD,6.1,False
1073,2021,Current Asthma,10.4,False
1073,2022,COPD,6.2,False
1073,2022,Current Asthma,9.9,False
1089,2019,COPD,6.1,False
1089,2019,Current Asthma,9.6,False
1089,2020,COPD,6.1,False
1089,2020,Current Asthma,9.3,False
1089,2021,COPD,5.6,False
1089,2021,Current Asthma,9.7,False
1089,2022,COPD,5.2,False
1089,2022,Current Asthma,9.4,False
1097,2019,COPD,8.0,False
1097,2019,Current Asthma,9.7,False
1097,2020,COPD,7.8,False
1097,2020,Current Asthma,10.3,False
1097,2021,COPD,7.6,False
1097,2021,Current Asthma,10.9,False
1097,2022,COPD,6.9,False
1097,2022,Current Asthma,9.8,False
1101,2019,COPD,7.2,False
1101,2019,Current Asthma,9.9,False
1101,2020,COPD,7.1,False
1101,2020,Current Asthma,10.7,False
1101,2021,COPD,6.8,False
1101,2021,Current Asthma,11.0,False
1101,2022,COPD,6.7,False
1101,2022,Current Asthma,10.8,False
1103,2019,COPD,8.0,False
1103,2019,Current Asthma,9.6,False
1103,2020,COPD,8.2,False
1103,2020,Current Asthma,9.8,False
1103,2021,COPD,7.7,False
1103,2021,Current Asthma,10.5,False
1103,2022,COPD,7.2,False
1103,2022,Current Asthma,9.9,False
1113,2019,COPD,8.3,False
1113,2019,Current Asthma,10.6,False
1113,2020,COPD,8.4,False
1113,2020,Current Asthma,10.9,False
1113,2021,COPD,7.9,False
1113,2021,Current Asthma,11.3,False
1113,2022,COPD,8.0,False
1113,2022,Current Asthma,11.1,False
1117,2019,COPD,5.7,False
1117,2019,Current Asthma,8.7,False
1117,2020,COPD,5.6,False
1117,2020,Current Asthma,9.0,False
1117,2021,COPD,5.2,False
1117,2021,Current Asthma,9.3,False
1117,2022,COPD,4.8,False
1117,2022,Current Asthma,9.4,False
1125,2019,COPD,7.5,False
1125,2019,Current Asthma,9.9,False
1125,2020,COPD,7.3,False
1125,2020,Current Asthma,10.1,False
1125,2021,COPD,7.0,False
1125,2021,Current Asthma,10.2,False
1125,2022,COPD,6.7,False
1125,2022,Current Asthma,10.2,False
2020,2019,COPD,5.0,False
2020,2019,Current Asthma,9.2,False
2020,2020,COPD,4.6,False
2020,2020,Current Asthma,9.2,False
2020,2021,COPD,5.3,False
2020,2021,Current Asthma,9.3,False
2020,2022,COPD,5.2,False
2020,2022,Current Asthma,10.6,False
2050,2019,COPD,11.6,True
2050,2019,Current Asthma,12.9,True
2090,2019,COPD,5.3,False
2090,2019,Current Asthma,9.5,False
2090,2020,COPD,5.0,False
2090,2020,Current Asthma,9.0,False
2090,2021,COPD,5.4,False
2090,2021,Current Asthma,9.1,False
2090,2022,COPD,5.0,False
2090,2022,Current Asthma,10.0,False
2110,2019,COPD,4.8,False
2110,2019,Current Asthma,9.2,False
2110,2020,COPD,4.5,False
2110,2020,Current Asthma,9.2,False
2110,2021,COPD,5.1,False
2110,2021,Current Asthma,9.3,False
2110,2022,COPD,5.2,False
2110,2022,Current Asthma,10.2,False
2170,2019,COPD,6.1,False
2170,2019,Current Asthma,9.5,False
2170,2020,COPD,5.7,False
2170,2020,Current Asthma,9.4,False
2170,2021,COPD,6.5,False
2170,2021,Current Asthma,9.7,False
2170,2022,COPD,6.2,False
2170,2022,Current Asthma,10.7,False
4001,2019,COPD,11.1,True
4001,2019,Current Asthma,12.8,True
4001,2020,COPD,10.7,True
4001,2020,Current Asthma,13.4,True
4001,2021,COPD,10.4,True
4001,2021,Current Asthma,13.6,True
4001,2022,COPD,10.4,True
4001,2022,Current Asthma,14.4,True
4003,2019,COPD,6.1,False
4003,2019,Current Asthma,10.0,False
4003,2020,COPD,6.3,False
4003,2020,Current Asthma,10.5,False
4003,2021,COPD,6.2,False
4003,2021,Current Asthma,10.6,False
4003,2022,COPD,6.4,False
4003,2022,Current Asthma,10.5,False
4005,2019,COPD,6.4,False
4005,2019,Current Asthma,9.8,False
4005,2020,COPD,6.6,False
4005,2020,Current Asthma,11.4,False
4005,2021,COPD,6.4,False
4005,2021,Current Asthma,11.2,False
4005,2022,COPD,6.4,False
4005,2022,Current Asthma,11.7,False
4007,2019,COPD,7.6,False
4007,2019,Current Asthma,10.7,False
4007,2020,COPD,7.8,False
4007,2020,Current Asthma,11.3,False
4007,2021,COPD,7.3,False
4007,2021,Current Asthma,11.0,False
4007,2022,COPD,7.4,False
4007,2022,Current Asthma,11.6,False
4012,2019,COPD,7.9,False
4012,2019,Current Asthma,10.2,False
4012,2020,COPD,8.2,False
4012,2020,Current Asthma,11.4,False
4012,2021,COPD,7.3,False
4012,2021,Current Asthma,11.0,False
4012,2022,COPD,7.6,False
4012,2022,Current Asthma,11.4,False
4013,2019,COPD,5.6,False
4013,2019,Current Asthma,9.5,False
4013,2020,COPD,5.6,False
4013,2020,Current Asthma,10.1,False
4013,2021,COPD,5.4,False
4013,2021,Current Asthma,10.0,False
4013,2022,COPD,5.2,False
4013,2022,Current Asthma,10.1,False
4015,2019,COPD,7.7,False
4015,2019,Current Asthma,10.1,False
4015,2020,COPD,7.7,False
4015,2020,Current Asthma,10.9,False
4015,2021,COPD,7.4,False
4015,2021,Current Asthma,10.9,False
4015,2022,COPD,7.7,False
4015,2022,Current Asthma,11.2,False
4017,2019,COPD,9.6,False
4017,2019,Current Asthma,11.7,False
4017,2020,COPD,9.4,False
4017,2020,Current Asthma,13.6,True
4017,2021,COPD,8.9,False
4017,2021,Current Asthma,12.8,True
4017,2022,COPD,9.0,False
4017,2022,Current Asthma,13.8,True
4019,2019,COPD,5.5,False
4019,2019,Current Asthma,9.5,False
4019,2020,COPD,5.7,False
4019,2020,Current Asthma,10.9,False
4019,2021,COPD,5.6,False
4019,2021,Current Asthma,10.3,False
4019,2022,COPD,5.7,False
4019,2022,Current Asthma,11.0,False
4021,2019,COPD,6.2,False
4021,2019,Current Asthma,9.5,False
4021,2020,COPD,6.4,False
4021,2020,Current Asthma,11.2,False
4021,2021,COPD,6.3,False
4021,2021,Current Asthma,10.1,False
4021,2022,COPD,6.2,False
4021,2022,Current Asthma,10.9,False
4023,2019,COPD,5.6,False
4023,2019,Current Asthma,9.1,False
4023,2020,COPD,5.7,False
4023,2020,Current Asthma,9.7,False
4023,2021,COPD,5.8,False
4023,2021,Current Asthma,10.0,False
4023,2022,COPD,5.6,False
4023,2022,Current Asthma,9.5,False
4025,2019,COPD,6.6,False
4025,2019,Current Asthma,10.2,False
4025,2020,COPD,6.6,False
4025,2020,Current Asthma,11.1,False
4025,2021,COPD,6.4,False
4025,2021,Current Asthma,10.8,False
4025,2022,COPD,6.2,False
4025,2022,Current Asthma,11.0,False
4027,2019,COPD,6.4,False
4027,2019,Current Asthma,9.5,False
4027,2020,COPD,6.5,False
4027,2020,Current Asthma,10.1,False
4027,2021,COPD,6.4,False
4027,2021,Current Asthma,9.9,False
4027,2022,COPD,6.2,False
4027,2022,Current Asthma,9.8,False
5019,2019,COPD,7.9,False
5019,2019,Current Asthma,10.2,False
5019,2020,COPD,8.0,False
5019,2020,Current Asthma,10.7,False
5019,2021,COPD,7.6,False
5019,2021,Current Asthma,10.2,False
5019,2022,COPD,8.0,False
5019,2022,Current Asthma,10.9,False
5035,2019,COPD,9.1,False
5035,2019,Current Asthma,11.3,False
5035,2020,COPD,8.3,False
5035,2020,Current Asthma,11.6,False
5035,2021,COPD,8.2,False
5035,2021,Current Asthma,11.1,False
5035,2022,COPD,8.3,False
5035,2022,Current Asthma,11.6,False
5113,2019,COPD,9.8,False
5113,2019,Current Asthma,10.2,False
5113,2020,COPD,9.6,False
5113,2020,Current Asthma,10.6,False
5113,2021,COPD,8.8,False
5113,2021,Current Asthma,10.0,False
5113,2022,COPD,8.9,False
5113,2022,Current Asthma,10.6,False
5119,2019,COPD,7.0,False
5119,2019,Current Asthma,9.8,False
5119,2020,COPD,6.6,False
5119,2020,Current Asthma,10.5,False
5119,2021,COPD,6.5,False
5119,2021,Current Asthma,10.0,False
5119,2022,COPD,6.4,False
5119,2022,Current Asthma,10.3,False
5139,2019,COPD,8.2,False
5139,2019,Current Asthma,10.4,False
5143,2019,COPD,7.3,False
5143,2019,Current Asthma,9.5,False
5143,2020,COPD,7.3,False
5143,2020,Current Asthma,10.1,False
5143,2021,COPD,7.0,False
5143,2021,Current Asthma,9.5,False
5143,2022,COPD,6.8,False
5143,2022,Current Asthma,10.2,False
6001,2019,COPD,3.8,False
6001,2019,Current Asthma,8.0,False
6001,2020,COPD,4.2,False
6001,2020,Current Asthma,8.7,False
6001,2021,COPD,3.7,False
6001,2021,Current Asthma,8.7,False
6001,2022,COPD,3.8,False
6001,2022,Current Asthma,8.8,False
6005,2019,COPD,5.6,False
6005,2019,Current Asthma,9.0,False
6005,2020,COPD,6.2,False
6005,2020,Current Asthma,9.9,False
6005,2021,COPD,5.8,False
6005,2021,Current Asthma,9.5,False
6005,2022,COPD,5.2,False
6005,2022,Current Asthma,10.1,False
6007,2019,COPD,6.2,False
6007,2019,Current Asthma,9.9,False
6007,2020,COPD,7.0,False
6007,2020,Current Asthma,10.5,False
6007,2021,COPD,6.6,False
6007,2021,Current Asthma,10.3,False
6007,2022,COPD,6.2,False
6007,2022,Current Asthma,10.5,False
6009,2019,COPD,5.8,False
6009,2019,Current Asthma,9.5,False
6009,2020,COPD,6.7,False
6009,2020,Current Asthma,10.5,False
6009,2021,COPD,6.5,False
6009,2021,Current Asthma,10.3,False
6009,2022,COPD,5.9,False
6009,2022,Current Asthma,10.5,False
6011,2019,COPD,5.4,False
6011,2019,Current Asthma,9.0,False
6011,2020,COPD,6.5,False
6011,2020,Current Asthma,10.1,False
6011,2021,COPD,6.3,False
6011,2021,Current Asthma,10.0,False
6011,2022,COPD,5.7,False
6011,2022,Current Asthma,9.8,False
6013,2019,COPD,4.1,False
6013,2019,Current Asthma,8.3,False
6013,2020,COPD,4.6,False
6013,2020,Current Asthma,9.2,False
6013,2021,COPD,4.2,False
6013,2021,Current Asthma,9.0,False
6013,2022,COPD,4.0,False
6013,2022,Current Asthma,9.4,False
6015,2019,COPD,7.2,False
6015,2019,Current Asthma,9.9,False
6015,2020,COPD,8.0,False
6015,2020,Current Asthma,10.7,False
6015,2021,COPD,7.6,False
6015,2021,Current Asthma,10.5,False
6015,2022,COPD,6.6,False
6015,2022,Current Asthma,10.8,False
6017,2019,COPD,4.9,False
6017,2019,Current Asthma,8.9,False
6017,2020,COPD,5.4,False
6017,2020,Current Asthma,9.9,False
6017,2021,COPD,5.0,False
6017,2021,Current Asthma,9.7,False
6017,2022,COPD,4.6,False
6017,2022,Current Asthma,9.9,False
6019,2019,COPD,5.6,False
6019,2019,Current Asthma,9.2,False
6019,2020,COPD,6.6,False
6019,2020,Current Asthma,10.3,False
6019,2021,COPD,6.1,False
6019,2021,Current Asthma,9.9,False
6019,2022,COPD,5.8,False
6019,2022,Current Asthma,9.8,False
6021,2019,COPD,6.3,False
6021,2019,Current Asthma,9.4,False
6021,2020,COPD,7.3,False
6021,2020,Current Asthma,10.5,False
6021,2021,COPD,6.9,False
6021,2021,Current Asthma,10.2,False
6021,2022,COPD,6.1,False
6021,2022,Current Asthma,10.1,False
6023,2019,COPD,6.6,False
6023,2019,Current Asthma,10.1,False
6023,2020,COPD,7.5,False
6023,2020,Current Asthma,11.1,False
6023,2021,COPD,6.9,False
6023,2021,Current Asthma,10.7,False
6023,2022,COPD,6.7,False
6023,2022,Current Asthma,11.0,False
6025,2019,COPD,5.3,False
6025,2019,Current Asthma,9.0,False
6025,2020,COPD,6.1,False
6025,2020,Current Asthma,10.0,False
6025,2021,COPD,5.9,False
6025,2021,Current Asthma,9.9,False
6025,2022,COPD,5.4,False
6025,2022,Current Asthma,9.2,False
6027,2019,COPD,5.4,False
6027,2019,Current Asthma,9.1,False
6027,2020,COPD,6.0,False
6027,2020,Current Asthma,10.1,False
6027,2021,COPD,5.5,False
6027,2021,Current Asthma,9.9,False
6027,2022,COPD,5.2,False
6027,2022,Current Asthma,10.4,False
6029,2019,COPD,6.1,False
6029,2019,Current Asthma,9.3,False
6029,2020,COPD,7.3,False
6029,2020,Current Asthma,10.2,False
6029,2021,COPD,6.7,False
6029,2021,Current Asthma,10.1,False
6029,2022,COPD,6.4,False
6029,2022,Current Asthma,10.3,False
6031,2019,COPD,5.7,False
6031,2019,Current Asthma,9.0,False
6031,2020,COPD,6.7,False
6031,2020,Current Asthma,10.0,False
6031,2021,COPD,6.4,False
6031,2021,Current Asthma,9.9,False
6031,2022,COPD,6.1,False
6031,2022,Current Asthma,9.7,False
6033,2019,COPD,6.8,False
6033,2019,Current Asthma,10.0,False
6033,2020,COPD,7.7,False
6033,2020,Current Asthma,10.9,False
6033,2021,COPD,7.2,False
6033,2021,Current Asthma,10.7,False
6033,2022,COPD,6.9,False
6033,2022,Current Asthma,10.9,False
6037,2019,COPD,4.3,False
6037,2019,Current Asthma,7.4,True
6037,2020,COPD,5.2,False
6037,2020,Current Asthma,9.2,False
6037,2021,COPD,4.7,False
6037,2021,Current Asthma,9.2,False
6037,2022,COPD,4.5,False
6037,2022,Current Asthma,9.0,False
6039,2019,COPD,6.1,False
6039,2019,Current Asthma,9.4,False
6039,2020,COPD,7.2,False
6039,2020,Current Asthma,10.7,False
6039,2021,COPD,6.8,False
6039,2021,Current Asthma,10.6,False
6039,2022,COPD,6.7,False
6039,2022,Current Asthma,10.4,False
6041,2019,COPD,3.9,False
6041,2019,Current Asthma,8.3,False
6041,2020,COPD,4.3,False
6041,2020,Current Asthma,9.4,False
6041,2021,COPD,4.1,False
6041,2021,Current Asthma,9.1,False
6041,2022,COPD,3.9,False
6041,2022,Current Asthma,9.5,False
6043,2019,COPD,6.1,False
6043,2019,Current Asthma,9.5,False
6043,2020,COPD,6.7,False
6043,2020,Current Asthma,10.5,False
6043,2021,COPD,6.2,False
6043,2021,Current Asthma,10.2,False
6043,2022,COPD,5.9,False
6043,2022,Current Asthma,10.6,False
6045,2019,COPD,6.2,False
6045,2019,Current Asthma,9.4,False
6045,2020,COPD,7.0,False
6045,2020,Current Asthma,10.5,False
6045,2021,COPD,6.5,False
6045,2021,Current Asthma,10.3,False
6045,2022,COPD,6.4,False
6045,2022,Current Asthma,10.7,False
6047,2019,COPD,5.9,False
6047,2019,Current Asthma,9.3,False
6047,2020,COPD,6.9,False
6047,2020,Current Asthma,10.4,False
6047,2021,COPD,6.4,False
6047,2021,Current Asthma,10.1,False
6047,2022,COPD,6.1,False
6047,2022,Current Asthma,9.8,False
6051,2019,COPD,5.3,False
6051,2019,Current Asthma,8.7,False
6051,2020,COPD,5.8,False
6051,2020,Current Asthma,9.7,False
6051,2021,COPD,5.4,False
6051,2021,Current Asthma,9.5,False
6051,2022,COPD,5.1,False
6051,2022,Current Asthma,9.9,False
6053,2019,COPD,5.2,False
6053,2019,Current Asthma,8.7,False
6053,2020,COPD,5.9,False
6053,2020,Current Asthma,9.7,False
6053,2021,COPD,5.5,False
6053,2021,Current Asthma,9.5,False
6053,2022,COPD,5.3,False
6053,2022,Current Asthma,9.6,False
6055,2019,COPD,4.4,False
6055,2019,Current Asthma,8.4,False
6055,2020,COPD,5.0,False
6055,2020,Current Asthma,9.5,False
6057,2019,COPD,5.2,False
6057,2019,Current Asthma,9.2,False
6057,2020,COPD,5.7,False
6057,2020,Current Asthma,10.1,False
6057,2021,COPD,5.4,False
6057,2021,Current Asthma,9.8,False
6057,2022,COPD,5.2,False
6057,2022,Current Asthma,10.4,False
6059,2019,COPD,4.1,False
6059,2019,Current Asthma,7.6,False
6059,2020,COPD,4.8,False
6059,2020,Current Asthma,9.0,False
6059,2021,COPD,4.3,False
6059,2021,Current Asthma,8.6,False
6059,2022,COPD,4.1,False
6059,2022,Current Asthma,9.0,False
6061,2019,COPD,4.4,False
6061,2019,Current Asthma,8.6,False
6061,2020,COPD,4.8,False
6061,2020,Current Asthma,9.5,False
6061,2021,COPD,4.5,False
6061,2021,Current Asthma,9.5,False
6061,2022,COPD,4.2,False
6061,2022,Current Asthma,10.0,False
6063,2019,COPD,5.7,False
6063,2019,Current Asthma,9.5,False
6063,2020,COPD,6.4,False
6063,2020,Current Asthma,10.5,False
6063,2021,COPD,6.1,False
6063,2021,Current Asthma,10.3,False
6063,2022,COPD,5.9,False
6063,2022,Current Asthma,11.0,False
6065,2019,COPD,5.1,False
6065,2019,Current Asthma,8.3,False
6065,2020,COPD,5.6,False
6065,2020,Current Asthma,9.8,False
6065,2021,COPD,5.3,False
6065,2021,Current Asthma,9.1,False
6065,2022,COPD,4.9,False
6065,2022,Current Asthma,9.5,False
6067,2019,COPD,5.2,False
6067,2019,Current Asthma,9.8,False
6067,2020,COPD,5.8,False
6067,2020,Current Asthma,10.4,False
6067,2021,COPD,5.3,False
6067,2021,Current Asthma,10.0,False
6067,2022,COPD,5.1,False
6067,2022,Current Asthma,10.2,False
6069,2019,COPD,4.5,False
6069,2019,Current Asthma,8.3,False
6069,2020,COPD,5.3,False
6069,2020,Current Asthma,9.5,False
6069,2021,COPD,4.7,False
6069,2021,Current Asthma,9.2,False
6069,2022,COPD,4.4,False
6069,2022,Current Asthma,9.1,False
6071,2019,COPD,5.1,False
6071,2019,Current Asthma,8.9,False
6071,2020,COPD,5.8,False
6071,2020,Current Asthma,10.1,False
6071,2021,COPD,5.6,False
6071,2021,Current Asthma,9.6,False
6071,2022,COPD,5.1,False
6071,2022,Current Asthma,9.8,False
6073,2019,COPD,4.6,False
6073,2019,Current Asthma,7.9,False
6073,2020,COPD,5.0,False
6073,2020,Current Asthma,9.0,False
6073,2021,COPD,4.7,False
6073,2021,Current Asthma,9.2,False
6073,2022,COPD,4.4,False
6073,2022,Current Asthma,8.9,False
6075,2019,COPD,3.6,False
6075,2019,Current Asthma,7.5,True
6075,2020,COPD,3.9,False
6075,2020,Current Asthma,8.4,False
6075,2021,COPD,3.6,False
6075,2021,Current Asthma,8.3,False
6075,2022,COPD,3.6,False
6075,2022,Current Asthma,8.5,False
6077,2019,COPD,5.3,False
6077,2019,Current Asthma,9.6,False
6077,2020,COPD,6.0,False
6077,2020,Current Asthma,9.8,False
6077,2021,COPD,5.6,False
6077,2021,Current Asthma,9.7,False
6077,2022,COPD,5.2,False
6077,2022,Current Asthma,9.5,False
6079,2019,COPD,5.0,False
6079,2019,Current Asthma,9.0,False
6079,2020,COPD,5.5,False
6079,2020,Current Asthma,9.7,False
6079,2021,COPD,5.2,False
6079,2021,Current Asthma,9.8,False
6079,2022,COPD,4.9,False
6079,2022,Current Asthma,10.0,False
6081,2019,COPD,3.5,False
6081,2019,Current Asthma,7.8,False
6081,2020,COPD,3.9,False
6081,2020,Current Asthma,8.3,False
6081,2021,COPD,3.5,False
6081,2021,Current Asthma,8.1,False
6081,2022,COPD,3.5,False
6081,2022,Current Asthma,8.5,False
6083,2019,COPD,4.9,False
6083,2019,Current Asthma,8.6,False
6083,2020,COPD,5.7,False
6083,2020,Current Asthma,9.9,False
6083,2021,COPD,5.3,False
6083,2021,Current Asthma,9.7,False
6083,2022,COPD,5.2,False
6083,2022,Current Asthma,9.7,False
6085,2019,COPD,3.5,False
6085,2019,Current Asthma,7.2,True
6085,2020,COPD,3.7,False
6085,2020,Current Asthma,7.9,False
6085,2021,COPD,3.3,False
6085,2021,Current Asthma,7.9,False
6085,2022,COPD,3.3,False
6085,2022,Current Asthma,7.9,False
6087,2019,COPD,4.8,False
6087,2019,Current Asthma,8.8,False
6087,2020,COPD,5.5,False
6087,2020,Current Asthma,9.9,False
6087,2021,COPD,5.1,False
6087,2021,Current Asthma,9.5,False
6087,2022,COPD,4.7,False
6087,2022,Current Asthma,9.8,False
6089,2019,COPD,6.4,False
6089,2019,Current Asthma,9.6,False
6089,2020,COPD,7.1,False
6089,2020,Current Asthma,10.8,False
6089,2021,COPD,6.5,False
6089,2021,Current Asthma,10.4,False
6089,2022,COPD,6.1,False
6089,2022,Current Asthma,10.9,False
6093,2019,COPD,6.6,False
6093,2019,Current Asthma,9.8,False
6093,2020,COPD,7.5,False
6093,2020,Current Asthma,11.0,False
6093,2021,COPD,7.0,False
6093,2021,Current Asthma,10.7,False
6093,2022,COPD,6.6,False
6093,2022,Current Asthma,11.2,False
6095,2019,COPD,4.6,False
6095,2019,Current Asthma,8.8,False
6095,2020,COPD,5.1,False
6095,2020,Current Asthma,9.8,False
6095,2021,COPD,4.8,False
6095,2021,Current Asthma,9.6,False
6095,2022,COPD,4.6,False
6095,2022,Current Asthma,10.1,False
6097,2019,COPD,4.7,False
6097,2019,Current Asthma,9.1,False
6097,2020,COPD,5.3,False
6097,2020,Current Asthma,9.9,False
6097,2021,COPD,5.1,False
6097,2021,Current Asthma,9.7,False
6097,2022,COPD,4.7,False
6097,2022,Current Asthma,9.8,False
6099,2019,COPD,5.7,False
6099,2019,Current Asthma,9.4,False
6099,2020,COPD,6.5,False
6099,2020,Current Asthma,10.0,False
6099,2021,COPD,6.1,False
6099,2021,Current Asthma,10.2,False
6099,2022,COPD,5.7,False
6099,2022,Current Asthma,10.0,False
6101,2019,COPD,5.9,False
6101,2019,Current Asthma,9.1,False
6101,2020,COPD,6.4,False
6101,2020,Current Asthma,10.0,False
6101,2021,COPD,6.0,False
6101,2021,Current Asthma,9.9,False
6101,2022,COPD,6.1,False
6101,2022,Current Asthma,10.0,False
6103,2019,COPD,7.2,False
6103,2019,Current Asthma,10.0,False
6103,2020,COPD,7.9,False
6103,2020,Current Asthma,10.9,False
6103,2021,COPD,7.3,False
6103,2021,Current Asthma,10.6,False
6103,2022,COPD,6.8,False
6103,2022,Current Asthma,10.7,False
6105,2019,COPD,7.2,False
6105,2019,Current Asthma,10.1,False
6105,2020,COPD,8.3,False
6105,2020,Current Asthma,11.1,False
6105,2021,COPD,7.9,False
6105,2021,Current Asthma,10.8,False
6105,2022,COPD,7.8,False
6105,2022,Current Asthma,11.3,False
6107,2019,COPD,6.3,False
6107,2019,Current Asthma,9.5,False
6107,2020,COPD,7.3,False
6107,2020,Current Asthma,10.8,False
6107,2021,COPD,6.7,False
6107,2021,Current Asthma,10.3,False
6107,2022,COPD,6.0,False
6107,2022,Current Asthma,10.0,False
6109,2019,COPD,6.0,False
6109,2019,Current Asthma,9.4,False
6109,2020,COPD,6.3,False
6109,2020,Current Asthma,10.1,False
6109,2021,COPD,5.8,False
6109,2021,Current Asthma,9.8,False
6109,2022,COPD,5.6,False
6109,2022,Current Asthma,10.5,False
6111,2019,COPD,4.4,False
6111,2019,Current Asthma,8.2,False
6111,2020,COPD,5.1,False
6111,2020,Current Asthma,9.5,False
6111,2021,COPD,4.8,False
6111,2021,Current Asthma,9.2,False
6111,2022,COPD,4.5,False
6111,2022,Current Asthma,9.5,False
6113,2019,COPD,5.0,False
6113,2019,Current Asthma,8.8,False
6113,2020,COPD,5.7,False
6113,2020,Current Asthma,9.7,False
6113,2021,COPD,5.2,False
6113,2021,Current Asthma,9.6,False
6113,2022,COPD,5.0,False
6113,2022,Current Asthma,9.8,False
8001,2019,COPD,4.7,False
8001,2019,Current Asthma,8.8,False
8001,2020,COPD,5.4,False
8001,2020,Current Asthma,10.0,False
8001,2021,COPD,5.5,False
8001,2021,Current Asthma,10.6,False
8001,2022,COPD,5.2,False
8001,2022,Current Asthma,10.9,False
8005,2019,COPD,4.1,False
8005,2019,Current Asthma,9.0,False
8005,2020,COPD,4.6,False
8005,2020,Current Asthma,9.8,False
8005,2021,COPD,4.9,False
8005,2021,Current Asthma,10.5,False
8005,2022,COPD,4.6,False
8005,2022,Current Asthma,10.5,False
8007,2019,COPD,4.8,False
8007,2019,Current Asthma,9.3,False
8007,2020,COPD,5.1,False
8007,2020,Current Asthma,9.8,False
8007,2021,COPD,5.5,False
8007,2021,Current Asthma,10.4,False
8007,2022,COPD,5.4,False
8007,2022,Current Asthma,11.0,False
8013,2019,COPD,4.0,False
8013,2019,Current Asthma,8.4,False
8013,2020,COPD,4.2,False
8013,2020,Current Asthma,9.5,False
8013,2021,COPD,4.4,False
8013,2021,Current Asthma,9.9,False
8013,2022,COPD,4.4,False
8013,2022,Current Asthma,10.3,False
8019,2019,COPD,4.4,False
8019,2019,Current Asthma,8.9,False
8019,2020,COPD,4.5,False
8019,2020,Current Asthma,9.4,False
8019,2021,COPD,4.4,False
8019,2021,Current Asthma,9.7,False
8019,2022,COPD,4.4,False
8019,2022,Current Asthma,10.7,False
8029,2019,COPD,6.6,False
8029,2019,Current Asthma,10.2,False
8029,2020,COPD,7.2,False
8029,2020,Current Asthma,10.7,False
8029,2021,COPD,7.1,False
8029,2021,Current Asthma,11.1,False
8031,2019,COPD,4.2,False
8031,2019,Current Asthma,9.0,False
8031,2020,COPD,4.6,False
8031,2020,Current Asthma,10.0,False
8031,2021,COPD,4.6,False
8031,2021,Current Asthma,9.6,False
8031,2022,COPD,4.4,False
8031,2022,Current Asthma,10.2,False
8035,2019,COPD,3.4,False
8035,2019,Current Asthma,8.5,False
8035,2020,COPD,3.7,False
8035,2020,Current Asthma,9.0,False
8035,2021,COPD,3.7,False
8035,2021,Current Asthma,9.2,False
8035,2022,COPD,3.6,False
8035,2022,Current Asthma,10.4,False
8041,2019,COPD,4.7,False
8041,2019,Current Asthma,10.1,False
8041,2020,COPD,5.2,False
8041,2020,Current Asthma,10.0,False
8041,2021,COPD,5.2,False
8041,2021,Current Asthma,10.3,False
8041,2022,COPD,5.0,False
8041,2022,Current Asthma,11.6,False
8045,2019,COPD,4.9,False
8045,2019,Current Asthma,8.8,False
8045,2020,COPD,5.4,False
8045,2020,Current Asthma,9.7,False
8045,2021,COPD,5.3,False
8045,2021,Current Asthma,10.2,False
8045,2022,COPD,5.3,False
8045,2022,Current Asthma,10.7,False
8047,2020,COPD,4.4,False
8047,2020,Current Asthma,9.5,False
8047,2021,COPD,4.7,False
8047,2021,Current Asthma,10.0,False
8047,2022,COPD,4.8,False
8047,2022,Current Asthma,10.9,False
8051,2019,COPD,4.7,False
8051,2019,Current Asthma,9.2,False
8051,2020,COPD,4.9,False
8051,2020,Current Asthma,9.6,False
8051,2021,COPD,4.9,False
8051,2021,Current Asthma,10.0,False
8051,2022,COPD,4.6,False
8051,2022,Current Asthma,10.7,False
8057,2022,COPD,7.7,False
8057,2022,Current Asthma,11.7,False
8059,2019,COPD,4.1,False
8059,2019,Current Asthma,9.7,False
8059,2020,COPD,4.4,False
8059,2020,Current Asthma,9.2,False
8059,2021,COPD,4.7,False
8059,2021,Current Asthma,9.8,False
8059,2022,COPD,4.4,False
8059,2022,Current Asthma,11.3,False
8067,2019,COPD,4.5,False
8067,2019,Current Asthma,9.3,False
8067,2020,COPD,5.0,False
8067,2020,Current Asthma,9.9,False
8067,2021,COPD,5.1,False
8067,2021,Current Asthma,10.2,False
8067,2022,COPD,5.2,False
8067,2022,Current Asthma,11.2,False
8069,2019,COPD,4.5,False
8069,2019,Current Asthma,9.1,False
8069,2020,COPD,4.9,False
8069,2020,Current Asthma,9.7,False
8069,2021,COPD,4.9,False
8069,2021,Current Asthma,10.1,False
8069,2022,COPD,4.8,False
8069,2022,Current Asthma,11.2,False
8077,2019,COPD,5.6,False
8077,2019,Current Asthma,9.6,False
8077,2020,COPD,6.2,False
8077,2020,Current Asthma,10.3,False
8077,2021,COPD,6.2,False
8077,2021,Current Asthma,11.1,False
8077,2022,COPD,5.8,False
8077,2022,Current Asthma,11.5,False
8083,2019,COPD,6.1,False
8083,2019,Current Asthma,10.0,False
8083,2020,COPD,6.4,False
8083,2020,Current Asthma,10.7,False
8083,2021,COPD,6.4,False
8083,2021,Current Asthma,11.1,False
8083,2022,COPD,6.3,False
8083,2022,Current Asthma,12.0,False
8099,2019,COPD,5.7,False
8099,2019,Current Asthma,9.4,False
8099,2020,COPD,6.8,False
8099,2020,Current Asthma,10.5,False
8099,2021,COPD,7.0,False
8099,2021,Current Asthma,11.1,False
8099,2022,COPD,6.9,False
8099,2022,Current Asthma,11.2,False
8101,2021,COPD,5.9,False
8101,2021,Current Asthma,10.9,False
8101,2022,COPD,6.1,False
8101,2022,Current Asthma,11.2,False
8103,2019,COPD,5.7,False
8103,2019,Current Asthma,9.6,False
8103,2020,COPD,6.3,False
8103,2020,Current Asthma,10.3,False
8103,2021,COPD,6.6,False
8103,2021,Current Asthma,10.9,False
8103,2022,COPD,5.7,False
8103,2022,Current Asthma,11.3,False
8107,2019,COPD,4.5,False
8107,2019,Current Asthma,8.9,False
8107,2020,COPD,4.7,False
8107,2020,Current Asthma,9.6,False
8107,2021,COPD,4.7,False
8107,2021,Current Asthma,10.0,False
8107,2022,COPD,4.5,False
8107,2022,Current Asthma,10.6,False
8113,2019,COPD,4.1,False
8113,2019,Current Asthma,8.8,False
8113,2020,COPD,4.6,False
8113,2020,Current Asthma,9.5,False
8113,2021,COPD,4.7,False
8113,2021,Current Asthma,9.9,False
8113,2022,COPD,4.5,False
8113,2022,Current Asthma,10.5,False
8123,2019,COPD,4.8,False
8123,2019,Current Asthma,9.0,False
8123,2020,COPD,5.7,False
8123,2020,Current Asthma,9.9,False
8123,2021,COPD,5.6,False
8123,2021,Current Asthma,10.7,False
8123,2022,COPD,5.3,False
8123,2022,Current Asthma,10.7,False
9001,2019,COPD,4.1,False
9001,2019,Current Asthma,8.2,False
9001,2020,COPD,4.3,False
9001,2020,Current Asthma,9.1,False
9001,2021,COPD,4.4,False
9001,2021,Current Asthma,10.2,False
9003,2019,COPD,4.7,False
9003,2019,Current Asthma,10.1,False
9003,2020,COPD,5.2,False
9003,2020,Current Asthma,11.2,False
9003,2021,COPD,5.2,False
9003,2021,Current Asthma,11.5,False
9005,2019,COPD,5.0,False
9005,2019,Current Asthma,9.3,False
9005,2020,COPD,5.3,False
9005,2020,Current Asthma,10.8,False
9005,2021,COPD,4.9,False
9005,2021,Current Asthma,10.2,False
9007,2019,COPD,4.7,False
9007,2019,Current Asthma,9.6,False
9007,2020,COPD,4.9,False
9007,2020,Current Asthma,10.2,False
9007,2021,COPD,4.6,False
9007,2021,Current Asthma,10.8,False
9009,2019,COPD,5.1,False
9009,2019,Current Asthma,10.6,False
9009,2020,COPD,5.4,False
9009,2020,Current Asthma,10.9,False
9009,2021,COPD,5.4,False
9009,2021,Current Asthma,10.9,False
9011,2019,COPD,5.3,False
9011,2019,Current Asthma,10.0,False
9011,2020,COPD,5.6,False
9011,2020,Current Asthma,10.7,False
9011,2021,COPD,5.4,False
9011,2021,Current Asthma,11.0,False
9013,2019,COPD,4.9,False
9013,2019,Current Asthma,8.9,False
9013,2020,COPD,5.1,False
9013,2020,Current Asthma,10.7,False
9013,2021,COPD,5.0,False
9013,2021,Current Asthma,10.8,False
9015,2019,COPD,6.1,False
9015,2019,Current Asthma,10.7,False
9015,2020,COPD,6.2,False
9015,2020,Current Asthma,10.8,False
9015,2021,COPD,6.3,False
9015,2021,Current Asthma,11.3,False
10001,2019,COPD,7.8,False
10001,2019,Current Asthma,11.2,False
10001,2020,COPD,7.1,False
10001,2020,Current Asthma,11.0,False
10001,2021,COPD,6.7,False
10001,2021,Current Asthma,11.2,False
10001,2022,COPD,6.6,False
10001,2022,Current Asthma,12.6,False
10003,2019,COPD,6.2,False
10003,2019,Current Asthma,9.4,False
10003,2020,COPD,5.3,False
10003,2020,Current Asthma,10.3,False
10003,2021,COPD,5.1,False
10003,2021,Current Asthma,9.8,False
10003,2022,COPD,5.3,False
10003,2022,Current Asthma,10.4,False
10005,2019,COPD,7.3,False
10005,2019,Current Asthma,9.3,False
10005,2020,COPD,6.7,False
10005,2020,Current Asthma,9.6,False
10005,2021,COPD,6.3,False
10005,2021,Current Asthma,10.4,False
10005,2022,COPD,6.3,False
10005,2022,Current Asthma,10.7,False
11001,2019,COPD,4.7,False
11001,2019,Current Asthma,10.1,False
11001,2020,COPD,4.0,False
11001,2020,Current Asthma,10.3,False
11001,2021,COPD,4.4,False
11001,2021,Current Asthma,10.7,False
11001,2022,COPD,4.2,False
11001,2022,Current Asthma,10.2,False
12001,2019,COPD,7.3,False
12001,2019,Current Asthma,9.1,False
12001,2020,COPD,7.2,False
12001,2020,Current Asthma,9.3,False
12001,2022,COPD,6.3,False
12001,2022,Current Asthma,10.1,False
12005,2019,COPD,8.2,False
12005,2019,Current Asthma,8.9,False
12005,2020,COPD,7.8,False
12005,2020,Current Asthma,9.4,False
12005,2022,COPD,6.7,False
12005,2022,Current Asthma,10.0,False
12009,2019,COPD,7.3,False
12009,2019,Current Asthma,8.3,False
12009,2020,COPD,7.0,False
12009,2020,Current Asthma,9.1,False
12009,2022,COPD,5.9,False
12009,2022,Current Asthma,9.7,False
12011,2019,COPD,6.0,False
12011,2019,Current Asthma,7.8,False
12011,2020,COPD,6.2,False
12011,2020,Current Asthma,8.5,False
12011,2022,COPD,5.3,False
12011,2022,Current Asthma,9.2,False
12021,2019,COPD,6.4,False
12021,2019,Current Asthma,7.6,False
12021,2020,COPD,6.4,False
12021,2020,Current Asthma,8.2,False
12021,2022,COPD,5.3,False
12021,2022,Current Asthma,8.8,False
12023,2019,COPD,9.7,False
12023,2019,Current Asthma,9.7,False
12023,2020,COPD,9.1,False
12023,2020,Current Asthma,9.6,False
12023,2022,COPD,8.4,False
12023,2022,Current Asthma,10.4,False
12031,2019,COPD,7.5,False
12031,2019,Current Asthma,9.1,False
12031,2020,COPD,7.3,False
12031,2020,Current Asthma,9.3,False
12031,2022,COPD,6.5,False
12031,2022,Current Asthma,10.3,False
12033,2019,COPD,7.9,False
12033,2019,Current Asthma,9.3,False
12033,2020,COPD,7.6,False
12033,2020,Current Asthma,9.2,False
12033,2022,COPD,6.9,False
12033,2022,Current Asthma,10.6,False
12035,2019,COPD,7.5,False
12035,2019,Current Asthma,8.5,False
12035,2020,COPD,7.3,False
12035,2020,Current Asthma,9.0,False
12035,2022,COPD,6.0,False
12035,2022,Current Asthma,9.9,False
12047,2019,COPD,11.4,True
12047,2019,Current Asthma,9.9,False
12047,2020,COPD,11.1,True
12047,2020,Current Asthma,9.6,False
12047,2022,COPD,10.1,False
12047,2022,Current Asthma,11.0,False
12055,2019,COPD,8.6,False
12055,2019,Current Asthma,8.6,False
12055,2020,COPD,8.4,False
12055,2020,Current Asthma,9.1,False
12055,2022,COPD,7.3,False
12055,2022,Current Asthma,9.9,False
12057,2019,COPD,6.4,False
12057,2019,Current Asthma,8.1,False
12057,2020,COPD,6.6,False
12057,2020,Current Asthma,8.7,False
12057,2022,COPD,5.6,False
12057,2022,Current Asthma,9.4,False
12061,2019,COPD,7.4,False
12061,2019,Current Asthma,8.4,False
12061,2020,COPD,7.1,False
12061,2020,Current Asthma,8.9,False
12061,2022,COPD,5.8,False
12061,2022,Current Asthma,9.4,False
12069,2019,COPD,7.4,False
12069,2019,Current Asthma,8.3,False
12069,2020,COPD,7.5,False
12069,2020,Current Asthma,8.7,False
12069,2022,COPD,6.0,False
12069,2022,Current Asthma,9.8,False
12071,2019,COPD,6.9,False
12071,2019,Current Asthma,8.3,False
12071,2020,COPD,6.8,False
12071,2020,Current Asthma,8.4,False
12071,2022,COPD,5.9,False
12071,2022,Current Asthma,9.4,False
12073,2019,COPD,7.2,False
12073,2019,Current Asthma,9.1,False
12073,2020,COPD,6.9,False
12073,2020,Current Asthma,9.4,False
12073,2022,COPD,6.1,False
12073,2022,Current Asthma,10.4,False
12081,2019,COPD,7.2,False
12081,2019,Current Asthma,8.6,False
12081,2020,COPD,7.2,False
12081,2020,Current Asthma,8.8,False
12081,2022,COPD,6.0,False
12081,2022,Current Asthma,9.3,False
12083,2019,COPD,8.3,False
12083,2019,Current Asthma,9.0,False
12083,2020,COPD,8.4,False
12083,2020,Current Asthma,9.5,False
12083,2022,COPD,7.2,False
12083,2022,Current Asthma,10.0,False
12085,2019,COPD,6.9,False
12085,2019,Current Asthma,7.9,False
12085,2020,COPD,6.6,False
12085,2020,Current Asthma,8.6,False
12085,2022,COPD,5.8,False
12085,2022,Current Asthma,9.4,False
12086,2019,COPD,5.4,False
12086,2019,Current Asthma,7.7,False
12086,2020,COPD,5.5,False
12086,2020,Current Asthma,8.1,False
12086,2022,COPD,4.7,False
12086,2022,Current Asthma,8.6,False
12089,2019,COPD,7.2,False
12089,2019,Current Asthma,8.5,False
12091,2019,COPD,7.2,False
12091,2019,Current Asthma,8.6,False
12091,2020,COPD,7.1,False
12091,2020,Current Asthma,8.5,False
12095,2019,COPD,6.2,False
12095,2019,Current Asthma,8.3,False
12095,2020,COPD,6.3,False
12095,2020,Current Asthma,8.6,False
12095,2022,COPD,5.4,False
12095,2022,Current Asthma,9.1,False
12097,2019,COPD,6.5,False
12097,2019,Current Asthma,8.1,False
12097,2020,COPD,6.4,False
12097,2020,Current Asthma,8.5,False
12097,2022,COPD,5.2,False
12097,2022,Current Asthma,8.9,False
12099,2019,COPD,6.3,False
12099,2019,Current Asthma,8.0,False
12099,2020,COPD,6.6,False
12099,2020,Current Asthma,8.5,False
12099,2022,COPD,5.4,False
12099,2022,Current Asthma,9.4,False
12101,2019,COPD,7.8,False
12101,2019,Current Asthma,8.4,False
12101,2020,COPD,7.6,False
12101,2020,Current Asthma,8.9,False
12101,2022,COPD,6.3,False
12101,2022,Current Asthma,9.8,False
12103,2019,COPD,7.4,False
12103,2019,Current Asthma,8.7,False
12103,2020,COPD,7.0,False
12103,2020,Current Asthma,8.7,False
12103,2022,COPD,6.1,False
12103,2022,Current Asthma,9.7,False
12105,2019,COPD,8.1,False
12105,2019,Current Asthma,9.0,False
12105,2020,COPD,7.9,False
12105,2020,Current Asthma,9.0,False
12105,2022,COPD,6.9,False
12105,2022,Current Asthma,10.1,False
12107,2019,COPD,10.8,True
12107,2019,Current Asthma,9.7,False
12107,2020,COPD,10.8,True
12107,2020,Current Asthma,9.8,False
12107,2022,COPD,10.1,False
12107,2022,Current Asthma,11.0,False
12111,2019,COPD,7.5,False
12111,2019,Current Asthma,8.4,False
12111,2020,COPD,7.5,False
12111,2020,Current Asthma,9.0,False
12111,2022,COPD,6.4,False
12111,2022,Current Asthma,10.1,False
12113,2019,COPD,7.4,False
12113,2019,Current Asthma,8.3,False
12113,2020,COPD,7.3,False
12113,2020,Current Asthma,8.8,False
12113,2022,COPD,5.9,False
12113,2022,Current Asthma,9.6,False
12115,2019,COPD,6.6,False
12115,2019,Current Asthma,8.0,False
12115,2020,COPD,6.4,False
12115,2020,Current Asthma,8.3,False
12115,2022,COPD,5.5,False
12115,2022,Current Asthma,9.5,False
12117,2019,COPD,5.9,False
12117,2019,Current Asthma,8.0,False
12117,2020,COPD,5.7,False
12117,2020,Current Asthma,8.4,False
12117,2022,COPD,5.0,False
12117,2022,Current Asthma,9.1,False
12127,2019,COPD,7.7,False
12127,2019,Current Asthma,8.3,False
12127,2020,COPD,7.5,False
12127,2020,Current Asthma,8.9,False
12127,2022,COPD,6.4,False
12127,2022,Current Asthma,10.1,False
12129,2019,COPD,8.3,False
12129,2019,Current Asthma,8.6,False
12129,2020,COPD,7.8,False
12129,2020,Current Asthma,8.8,False
12129,2022,COPD,6.7,False
12129,2022,Current Asthma,10.0,False
13021,2019,COPD,8.0,False
13021,2019,Current Asthma,10.5,False
13021,2020,COPD,7.6,False
13021,2020,Current Asthma,11.1,False
13021,2021,COPD,7.3,False
13021,2021,Current Asthma,11.3,False
13021,2022,COPD,7.5,False
13021,2022,Current Asthma,11.3,False
13051,2019,COPD,6.5,False
13051,2019,Current Asthma,9.3,False
13051,2020,COPD,6.0,False
13051,2020,Current Asthma,10.1,False
13051,2021,COPD,5.9,False
13051,2021,Current Asthma,9.9,False
13051,2022,COPD,5.8,False
13051,2022,Current Asthma,10.3,False
13055,2019,COPD,10.4,True
13055,2019,Current Asthma,10.3,False
13055,2020,COPD,10.0,False
13055,2020,Current Asthma,10.6,False
13055,2021,COPD,9.7,False
13055,2021,Current Asthma,10.9,False
13055,2022,COPD,9.6,False
13055,2022,Current Asthma,10.8,False
13059,2019,COPD,7.5,False
13059,2019,Current Asthma,9.7,False
13059,2020,COPD,7.0,False
13059,2020,Current Asthma,10.2,False
13059,2021,COPD,6.6,False
13059,2021,Current Asthma,10.5,False
13059,2022,COPD,6.7,False
13059,2022,Current Asthma,10.5,False
13067,2019,COPD,5.1,False
13067,2019,Current Asthma,8.4,False
13067,2020,COPD,4.7,False
13067,2020,Current Asthma,8.8,False
13067,2021,COPD,4.5,False
13067,2021,Current Asthma,9.4,False
13067,2022,COPD,4.5,False
13067,2022,Current Asthma,9.4,False
13073,2019,COPD,5.5,False
13073,2019,Current Asthma,8.4,False
13073,2020,COPD,5.2,False
13073,2020,Current Asthma,9.0,False
13073,2021,COPD,5.0,False
13073,2021,Current Asthma,9.4,False
13073,2022,COPD,5.0,False
13073,2022,Current Asthma,9.6,False
13089,2019,COPD,5.7,False
13089,2019,Current Asthma,9.1,False
13089,2020,COPD,5.2,False
13089,2020,Current Asthma,9.7,False
13089,2021,COPD,4.9,False
13089,2021,Current Asthma,10.1,False
13089,2022,COPD,4.9,False
13089,2022,Current Asthma,10.3,False
13095,2019,COPD,8.7,False
13095,2019,Current Asthma,11.2,False
13095,2020,COPD,8.0,False
13095,2020,Current Asthma,11.8,False
13095,2021,COPD,7.8,False
13095,2021,Current Asthma,12.0,False
13095,2022,COPD,8.1,False
13095,2022,Current Asthma,12.0,False
13097,2019,COPD,6.5,False
13097,2019,Current Asthma,9.6,False
13097,2020,COPD,6.0,False
13097,2020,Current Asthma,10.0,False
13097,2021,COPD,5.9,False
13097,2021,Current Asthma,10.5,False
13097,2022,COPD,5.5,False
13097,2022,Current Asthma,10.7,False
13115,2019,COPD,8.2,False
13115,2019,Current Asthma,9.4,False
13115,2020,COPD,7.7,False
13115,2020,Current Asthma,10.1,False
13115,2021,COPD,7.6,False
13115,2021,Current Asthma,10.4,False
13115,2022,COPD,7.3,False
13115,2022,Current Asthma,10.3,False
13121,2019,COPD,5.3,False
13121,2019,Current Asthma,8.5,False
13121,2020,COPD,4.7,False
13121,2020,Current Asthma,9.5,False
13121,2021,COPD,4.6,False
13121,2021,Current Asthma,9.5,False
13121,2022,COPD,4.4,False
13121,2022,Current Asthma,9.4,False
13127,2019,COPD,7.2,False
13127,2019,Current Asthma,9.5,False
13127,2020,COPD,6.6,False
13127,2020,Current Asthma,10.1,False
13127,2021,COPD,6.4,False
13127,2021,Current Asthma,10.2,False
13127,2022,COPD,6.5,False
13127,2022,Current Asthma,10.3,False
13135,2019,COPD,5.5,False
13135,2019,Current Asthma,7.8,False
13135,2020,COPD,5.1,False
13135,2020,Current Asthma,9.0,False
13135,2021,COPD,5.0,False
13135,2021,Current Asthma,9.1,False
13135,2022,COPD,4.9,False
13135,2022,Current Asthma,9.1,False
13139,2019,COPD,6.8,False
13139,2019,Current Asthma,8.4,False
13139,2020,COPD,6.7,False
13139,2020,Current Asthma,9.3,False
13139,2021,COPD,6.4,False
13139,2021,Current Asthma,9.6,False
13139,2022,COPD,6.2,False
13139,2022,Current Asthma,9.5,False
13151,2019,COPD,5.9,False
13151,2019,Current Asthma,9.2,False
13151,2020,COPD,5.5,False
13151,2020,Current Asthma,10.1,False
13151,2021,COPD,5.2,False
13151,2021,Current Asthma,10.1,False
13151,2022,COPD,5.2,False
13151,2022,Current Asthma,10.5,False
13153,2019,COPD,6.6,False
13153,2019,Current Asthma,9.5,False
13153,2020,COPD,5.7,False
13153,2020,Current Asthma,9.8,False
13153,2021,COPD,5.6,False
13153,2021,Current Asthma,10.2,False
13153,2022,COPD,5.5,False
13153,2022,Current Asthma,10.1,False
13185,2019,COPD,8.0,False
13185,2019,Current Asthma,10.3,False
13185,2020,COPD,7.4,False
13185,2020,Current Asthma,10.2,False
13185,2021,COPD,7.2,False
13185,2021,Current Asthma,10.9,False
13185,2022,COPD,7.1,False
13185,2022,Current Asthma,10.7,False
13213,2019,COPD,8.9,False
13213,2019,Current Asthma,9.5,False
13213,2020,COPD,8.5,False
13213,2020,Current Asthma,10.2,False
13213,2021,COPD,8.3,False
13213,2021,Current Asthma,10.4,False
13213,2022,COPD,7.4,False
13213,2022,Current Asthma,10.2,False
13215,2019,COPD,7.4,False
13215,2019,Current Asthma,9.8,False
13215,2020,COPD,6.8,False
13215,2020,Current Asthma,10.6,False
13215,2021,COPD,6.4,False
13215,2021,Current Asthma,10.4,False
13215,2022,COPD,6.6,False
13215,2022,Current Asthma,11.0,False
13245,2019,COPD,8.1,False
13245,2019,Current Asthma,10.4,False
13245,2020,COPD,7.5,False
13245,2020,Current Asthma,11.2,False
13245,2021,COPD,7.1,False
13245,2021,Current Asthma,11.0,False
13245,2022,COPD,7.0,False
13245,2022,Current Asthma,11.5,False
13247,2019,COPD,6.5,False
13247,2019,Current Asthma,9.6,False
13247,2020,COPD,6.1,False
13247,2020,Current Asthma,10.7,False
13247,2021,COPD,6.0,False
13247,2021,Current Asthma,10.9,False
13247,2022,COPD,5.9,False
13247,2022,Current Asthma,11.1,False
13261,2019,COPD,8.8,False
13261,2019,Current Asthma,10.8,False
13261,2020,COPD,7.6,False
13261,2020,Current Asthma,11.0,False
13261,2021,COPD,7.7,False
13261,2021,Current Asthma,11.3,False
13261,2022,COPD,7.7,False
13261,2022,Current Asthma,11.3,False
13295,2019,COPD,8.7,False
13295,2019,Current Asthma,9.5,False
13295,2021,COPD,7.6,False
13295,2021,Current Asthma,10.3,False
13295,2022,COPD,7.4,False
13295,2022,Current Asthma,10.3,False
13303,2019,COPD,8.9,False
13303,2019,Current Asthma,10.4,False
13303,2020,COPD,8.4,False
13303,2020,Current Asthma,10.9,False
13303,2021,COPD,8.1,False
13303,2021,Current Asthma,10.9,False
13303,2022,COPD,8.3,False
13303,2022,Current Asthma,11.1,False
15001,2019,COPD,5.1,False
15001,2019,Current Asthma,10.0,False
15001,2020,COPD,5.3,False
15001,2020,Current Asthma,10.1,False
15001,2021,COPD,5.0,False
15001,2021,Current Asthma,10.1,False
15001,2022,COPD,5.6,False
15001,2022,Current Asthma,11.4,False
15003,2019,COPD,3.9,False
15003,2019,Current Asthma,9.2,False
15003,2020,COPD,3.6,False
15003,2020,Current Asthma,8.9,False
15003,2021,COPD,3.6,False
15003,2021,Current Asthma,8.4,False
15003,2022,COPD,4.1,False
15003,2022,Current Asthma,9.7,False
15007,2019,COPD,4.3,False
15007,2019,Current Asthma,9.2,False
15007,2020,COPD,4.4,False
15007,2020,Current Asthma,9.5,False
15007,2021,COPD,4.6,False
15007,2021,Current Asthma,9.2,False
15009,2019,COPD,4.4,False
15009,2019,Current Asthma,8.8,False
15009,2020,COPD,4.3,False
15009,2020,Current Asthma,9.4,False
15009,2021,COPD,4.2,False
15009,2021,Current Asthma,9.2,False
15009,2022,COPD,4.8,False
15009,2022,Current Asthma,10.5,False
16001,2019,COPD,4.8,False
16001,2019,Current Asthma,9.0,False
16001,2020,COPD,4.8,False
16001,2020,Current Asthma,9.8,False
16001,2021,COPD,4.7,False
16001,2021,Current Asthma,9.5,False
16001,2022,COPD,4.8,False
16001,2022,Current Asthma,10.3,False
16005,2019,COPD,5.9,False
16005,2019,Current Asthma,9.7,False
16005,2020,COPD,6.1,False
16005,2020,Current Asthma,9.7,False
16005,2021,COPD,6.3,False
16005,2021,Current Asthma,10.4,False
16005,2022,COPD,6.2,False
16005,2022,Current Asthma,11.2,False
16013,2019,COPD,4.9,False
16013,2019,Current Asthma,9.2,False
16013,2020,COPD,5.0,False
16013,2020,Current Asthma,9.4,False
16013,2021,COPD,4.9,False
16013,2021,Current Asthma,9.6,False
16013,2022,COPD,4.7,False
16013,2022,Current Asthma,10.0,False
16017,2019,COPD,6.4,False
16017,2019,Current Asthma,10.2,False
16017,2020,COPD,6.1,False
16017,2020,Current Asthma,9.9,False
16017,2021,COPD,6.4,False
16017,2021,Current Asthma,10.7,False
16017,2022,COPD,6.2,False
16017,2022,Current Asthma,10.9,False
16019,2019,COPD,5.3,False
16019,2019,Current Asthma,9.3,False
16019,2020,COPD,5.3,False
16019,2020,Current Asthma,9.5,False
16019,2021,COPD,5.8,False
16019,2021,Current Asthma,10.8,False
16019,2022,COPD,5.7,False
16019,2022,Current Asthma,10.7,False
16021,2022,COPD,7.2,False
16021,2022,Current Asthma,11.4,False
16027,2019,COPD,6.3,False
16027,2019,Current Asthma,10.3,False
16027,2020,COPD,6.2,False
16027,2020,Current Asthma,10.4,False
16027,2021,COPD,6.5,False
16027,2021,Current Asthma,10.6,False
16027,2022,COPD,6.2,False
16027,2022,Current Asthma,10.8,False
16041,2019,COPD,6.0,False
16041,2019,Current Asthma,9.7,False
16041,2020,COPD,6.0,False
16041,2020,Current Asthma,9.6,False
16041,2021,COPD,6.7,False
16041,2021,Current Asthma,10.4,False
16041,2022,COPD,6.1,False
16041,2022,Current Asthma,10.7,False
16049,2019,COPD,7.3,False
16049,2019,Current Asthma,10.3,False
16049,2020,COPD,6.8,False
16049,2020,Current Asthma,10.0,False
16049,2021,COPD,6.8,False
16049,2021,Current Asthma,10.2,False
16049,2022,COPD,6.5,False
16049,2022,Current Asthma,10.9,False
16053,2019,COPD,6.6,False
16053,2019,Current Asthma,9.6,False
16053,2020,COPD,6.9,False
16053,2020,Current Asthma,9.8,False
16055,2019,COPD,5.8,False
16055,2019,Current Asthma,10.1,False
16055,2020,COPD,5.8,False
16055,2020,Current Asthma,9.7,False
16055,2021,COPD,5.9,False
16055,2021,Current Asthma,10.2,False
16055,2022,COPD,6.0,False
16055,2022,Current Asthma,10.8,False
16057,2019,COPD,5.6,False
16057,2019,Current Asthma,9.8,False
16057,2020,COPD,5.5,False
16057,2020,Current Asthma,9.9,False
16057,2021,COPD,5.7,False
16057,2021,Current Asthma,10.3,False
16057,2022,COPD,5.8,False
16057,2022,Current Asthma,10.7,False
16059,2019,COPD,6.6,False
16059,2019,Current Asthma,10.1,False
16059,2020,COPD,6.6,False
16059,2020,Current Asthma,10.1,False
16059,2021,COPD,6.6,False
16059,2021,Current Asthma,10.7,False
16059,2022,COPD,6.4,False
16059,2022,Current Asthma,11.2,False
16069,2019,COPD,6.2,False
16069,2019,Current Asthma,10.4,False
16069,2020,COPD,6.1,False
16069,2020,Current Asthma,10.1,False
16069,2021,COPD,6.4,False
16069,2021,Current Asthma,10.8,False
16069,2022,COPD,6.5,False
16069,2022,Current Asthma,11.6,False
16079,2019,COPD,8.0,False
16079,2019,Current Asthma,10.9,False
16079,2020,COPD,7.8,False
16079,2020,Current Asthma,10.5,False
16079,2021,COPD,7.9,False
16079,2021,Current Asthma,11.0,False
16079,2022,COPD,7.8,False
16079,2022,Current Asthma,11.5,False
16083,2019,COPD,6.1,False
16083,2019,Current Asthma,9.7,False
16083,2020,COPD,6.4,False
16083,2020,Current Asthma,10.0,False
16083,2021,COPD,6.3,False
16083,2021,Current Asthma,10.5,False
16083,2022,COPD,6.5,False
16083,2022,Current Asthma,11.1,False
16085,2019,COPD,5.2,False
16085,2019,Current Asthma,9.5,False
16085,2020,COPD,5.4,False
16085,2020,Current Asthma,9.6,False
16085,2021,COPD,6.2,False
16085,2021,Current Asthma,10.5,False
16085,2022,COPD,6.3,False
16085,2022,Current Asthma,10.9,False
17001,2019,COPD,6.8,False
17001,2019,Current Asthma,9.3,False
17001,2020,COPD,6.5,False
17001,2020,Current Asthma,10.0,False
17001,2021,COPD,6.7,False
17001,2021,Current Asthma,10.2,False
17001,2022,COPD,6.6,False
17001,2022,Current Asthma,10.5,False
17019,2019,COPD,6.1,False
17019,2019,Current Asthma,9.2,False
17019,2020,COPD,5.7,False
17019,2020,Current Asthma,9.5,False
17019,2021,COPD,5.9,False
17019,2021,Current Asthma,10.0,False
17019,2022,COPD,6.0,False
17019,2022,Current Asthma,10.2,False
17031,2019,COPD,5.2,False
17031,2019,Current Asthma,8.6,False
17031,2020,COPD,5.1,False
17031,2020,Current Asthma,9.4,False
17031,2021,COPD,5.2,False
17031,2021,Current Asthma,9.2,False
17031,2022,COPD,5.2,False
17031,2022,Current Asthma,9.8,False
17043,2019,COPD,4.3,False
17043,2019,Current Asthma,7.5,True
17043,2020,COPD,4.2,False
17043,2020,Current Asthma,8.5,False
17043,2021,COPD,4.3,False
17043,2021,Current Asthma,8.7,False
17043,2022,COPD,4.3,False
17043,2022,Current Asthma,8.9,False
17049,2019,COPD,6.6,False
17049,2019,Current Asthma,9.3,False
17049,2021,COPD,6.5,False
17049,2021,Current Asthma,9.9,False
17049,2022,COPD,6.4,False
17049,2022,Current Asthma,10.3,False
17083,2019,COPD,6.6,False
17083,2019,Current Asthma,9.2,False
17083,2020,COPD,6.0,False
17083,2020,Current Asthma,9.7,False
17083,2021,COPD,6.1,False
17083,2021,Current Asthma,9.8,False
17083,2022,COPD,6.4,False
17083,2022,Current Asthma,10.5,False
17085,2019,COPD,6.4,False
17085,2019,Current Asthma,9.1,False
17085,2020,COPD,6.2,False
17085,2020,Current Asthma,9.7,False
17085,2021,COPD,6.4,False
17085,2021,Current Asthma,9.8,False
17085,2022,COPD,6.1,False
17085,2022,Current Asthma,10.2,False
17089,2019,COPD,5.2,False
17089,2019,Current Asthma,8.1,False
17089,2020,COPD,5.2,False
17089,2020,Current Asthma,9.1,False
17089,2021,COPD,5.3,False
17089,2021,Current Asthma,9.4,False
17089,2022,COPD,5.0,False
17089,2022,Current Asthma,9.3,False
17097,2019,COPD,4.7,False
17097,2019,Current Asthma,8.1,False
17097,2020,COPD,4.7,False
17097,2020,Current Asthma,9.0,False
17097,2021,COPD,4.8,False
17097,2021,Current Asthma,9.0,False
17097,2022,COPD,4.7,False
17097,2022,Current Asthma,9.1,False
17111,2019,COPD,5.1,False
17111,2019,Current Asthma,8.3,False
17111,2020,COPD,5.1,False
17111,2020,Current Asthma,9.1,False
17111,2021,COPD,5.0,False
17111,2021,Current Asthma,9.2,False
17111,2022,COPD,5.0,False
17111,2022,Current Asthma,9.6,False
17113,2019,COPD,5.8,False
17113,2019,Current Asthma,8.7,False
17113,2020,COPD,5.6,False
17113,2020,Current Asthma,9.5,False
17113,2021,COPD,5.7,False
17113,2021,Current Asthma,9.8,False
17113,2022,COPD,5.5,False
17113,2022,Current Asthma,10.2,False
17115,2019,COPD,7.2,False
17115,2019,Current Asthma,10.1,False
17115,2020,COPD,6.8,False
17115,2020,Current Asthma,10.6,False
17115,2021,COPD,6.9,False
17115,2021,Current Asthma,10.6,False
17115,2022,COPD,7.0,False
17115,2022,Current Asthma,11.0,False
17117,2019,COPD,7.4,False
17117,2019,Current Asthma,9.6,False
17117,2020,COPD,7.1,False
17117,2020,Current Asthma,10.0,False
17117,2021,COPD,7.4,False
17117,2021,Current Asthma,10.3,False
17117,2022,COPD,7.2,False
17117,2022,Current Asthma,10.7,False
17119,2019,COPD,6.4,False
17119,2019,Current Asthma,9.3,False
17119,2020,COPD,6.2,False
17119,2020,Current Asthma,10.1,False
17119,2021,COPD,6.3,False
17119,2021,Current Asthma,10.1,False
17119,2022,COPD,6.2,False
17119,2022,Current Asthma,10.6,False
17143,2019,COPD,6.5,False
17143,2019,Current Asthma,9.6,False
17143,2020,COPD,6.3,False
17143,2020,Current Asthma,10.2,False
17143,2021,COPD,6.4,False
17143,2021,Current Asthma,10.3,False
17143,2022,COPD,6.5,False
17143,2022,Current Asthma,10.6,False
17161,2019,COPD,6.4,False
17161,2019,Current Asthma,8.9,False
17161,2020,COPD,6.4,False
17161,2020,Current Asthma,10.0,False
17161,2021,COPD,6.7,False
17161,2021,Current Asthma,10.3,False
17161,2022,COPD,6.7,False
17161,2022,Current Asthma,10.6,False
17167,2019,COPD,6.3,False
17167,2019,Current Asthma,9.6,False
17167,2020,COPD,6.0,False
17167,2020,Current Asthma,9.9,False
17167,2021,COPD,6.2,False
17167,2021,Current Asthma,10.2,False
17167,2022,COPD,6.1,False
17167,2022,Current Asthma,10.6,False
17197,2019,COPD,5.2,False
17197,2019,Current Asthma,8.8,False
17197,2020,COPD,4.9,False
17197,2020,Current Asthma,9.2,False
17197,2021,COPD,5.0,False
17197,2021,Current Asthma,9.2,False
17197,2022,COPD,5.0,False
17197,2022,Current Asthma,9.7,False
17201,2019,COPD,6.8,False
17201,2019,Current Asthma,9.4,False
17201,2020,COPD,6.9,False
17201,2020,Current Asthma,10.1,False
17201,2021,COPD,7.1,False
17201,2021,Current Asthma,10.4,False
17201,2022,COPD,7.0,False
17201,2022,Current Asthma,10.7,False
18003,2019,COPD,7.3,False
18003,2019,Current Asthma,9.7,False
18003,2020,COPD,7.2,False
18003,2020,Current Asthma,10.5,False
18003,2021,COPD,7.0,False
18003,2021,Current Asthma,11.1,False
18003,2022,COPD,6.9,False
18003,2022,Current Asthma,11.3,False
18005,2019,COPD,6.9,False
18005,2019,Current Asthma,9.1,False
18005,2020,COPD,6.8,False
18005,2020,Current Asthma,9.4,False
18005,2021,COPD,6.7,False
18005,2021,Current Asthma,10.0,False
18005,2022,COPD,6.7,False
18005,2022,Current Asthma,10.6,False
18019,2019,COPD,7.8,False
18019,2019,Current Asthma,10.2,False
18019,2020,COPD,7.4,False
18019,2020,Current Asthma,10.4,False
18019,2021,COPD,7.4,False
18019,2021,Current Asthma,10.5,False
18019,2022,COPD,7.1,False
18019,2022,Current Asthma,11.4,False
18035,2019,COPD,9.0,False
18035,2019,Current Asthma,10.7,False
18035,2020,COPD,8.4,False
18035,2020,Current Asthma,10.8,False
18035,2021,COPD,8.7,False
18035,2021,Current Asthma,11.4,False
18035,2022,COPD,8.7,False
18035,2022,Current Asthma,12.0,False
18039,2019,COPD,7.8,False
18039,2019,Current Asthma,9.8,False
18039,2020,COPD,7.7,False
18039,2020,Current Asthma,10.0,False
18039,2021,COPD,8.1,False
18039,2021,Current Asthma,10.5,False
18039,2022,COPD,7.9,False
18039,2022,Current Asthma,11.3,False
18043,2019,COPD,7.1,False
18043,2019,Current Asthma,9.9,False
18043,2020,COPD,6.8,False
18043,2020,Current Asthma,10.0,False
18043,2021,COPD,7.0,False
18043,2021,Current Asthma,10.4,False
18043,2022,COPD,6.8,False
18043,2022,Current Asthma,11.4,False
18057,2019,COPD,4.7,False
18057,2019,Current Asthma,8.3,False
18057,2020,COPD,4.5,False
18057,2020,Current Asthma,8.8,False
18057,2021,COPD,4.4,False
18057,2021,Current Asthma,9.2,False
18057,2022,COPD,4.3,False
18057,2022,Current Asthma,10.2,False
18063,2019,COPD,5.9,False
18063,2019,Current Asthma,9.1,False
18063,2020,COPD,5.6,False
18063,2020,Current Asthma,9.2,False
18063,2021,COPD,5.6,False
18063,2021,Current Asthma,9.9,False
18063,2022,COPD,5.5,False
18063,2022,Current Asthma,10.7,False
18067,2019,COPD,8.1,False
18067,2019,Current Asthma,10.2,False
18067,2020,COPD,7.4,False
18067,2020,Current Asthma,10.3,False
18067,2021,COPD,7.7,False
18067,2021,Current Asthma,10.9,False
18067,2022,COPD,7.8,False
18067,2022,Current Asthma,11.8,False
18069,2019,COPD,7.9,False
18069,2019,Current Asthma,10.1,False
18083,2019,COPD,8.7,False
18083,2019,Current Asthma,10.1,False
18083,2020,COPD,8.4,False
18083,2020,Current Asthma,10.3,False
18083,2021,COPD,8.4,False
18083,2021,Current Asthma,10.7,False
18083,2022,COPD,8.1,False
18083,2022,Current Asthma,11.4,False
18089,2019,COPD,7.1,False
18089,2019,Current Asthma,9.6,False
18089,2020,COPD,7.2,False
18089,2020,Current Asthma,10.5,False
18089,2021,COPD,7.3,False
18089,2021,Current Asthma,10.8,False
18089,2022,COPD,7.2,False
18089,2022,Current Asthma,11.5,False
18091,2019,COPD,8.7,False
18091,2019,Current Asthma,10.3,False
18091,2020,COPD,7.8,False
18091,2020,Current Asthma,10.3,False
18091,2021,COPD,8.0,False
18091,2021,Current Asthma,10.7,False
18091,2022,COPD,7.7,False
18091,2022,Current Asthma,11.0,False
18095,2019,COPD,9.0,False
18095,2019,Current Asthma,11.2,False
18095,2020,COPD,8.5,False
18095,2020,Current Asthma,10.9,False
18095,2021,COPD,8.3,False
18095,2021,Current Asthma,11.3,False
18095,2022,COPD,7.8,False
18095,2022,Current Asthma,11.5,False
18097,2019,COPD,7.4,False
18097,2019,Current Asthma,10.0,False
18097,2020,COPD,7.5,False
18097,2020,Current Asthma,10.9,False
18097,2021,COPD,7.3,False
18097,2021,Current Asthma,11.0,False
18097,2022,COPD,7.1,False
18097,2022,Current Asthma,11.7,False
18105,2019,COPD,7.5,False
18105,2019,Current Asthma,9.7,False
18105,2020,COPD,7.2,False
18105,2020,Current Asthma,9.8,False
18105,2021,COPD,7.0,False
18105,2021,Current Asthma,10.4,False
18105,2022,COPD,6.9,False
18105,2022,Current Asthma,11.0,False
18109,2019,COPD,7.9,False
18109,2019,Current Asthma,9.9,False
18123,2019,COPD,8.1,False
18123,2019,Current Asthma,9.6,False
18123,2020,COPD,7.7,False
18123,2020,Current Asthma,9.8,False
18123,2021,COPD,7.6,False
18123,2021,Current Asthma,10.1,False
18123,2022,COPD,7.8,False
18123,2022,Current Asthma,11.0,False
18127,2019,COPD,6.7,False
18127,2019,Current Asthma,9.2,False
18127,2020,COPD,6.5,False
18127,2020,Current Asthma,9.8,False
18127,2021,COPD,6.6,False
18127,2021,Current Asthma,10.1,False
18127,2022,COPD,6.4,False
18127,2022,Current Asthma,11.0,False
18129,2019,COPD,7.2,False
18129,2019,Current Asthma,9.6,False
18129,2020,COPD,6.9,False
18129,2020,Current Asthma,9.7,False
18129,2021,COPD,7.0,False
18129,2021,Current Asthma,10.3,False
18129,2022,COPD,6.8,False
18129,2022,Current Asthma,11.0,False
18141,2019,COPD,7.4,False
18141,2019,Current Asthma,9.7,False
18141,2020,COPD,7.0,False
18141,2020,Current Asthma,9.8,False
18141,2021,COPD,7.0,False
18141,2021,Current Asthma,10.5,False
18141,2022,COPD,7.1,False
18141,2022,Current Asthma,11.2,False
18157,2019,COPD,7.2,False
18157,2019,Current Asthma,9.5,False
18157,2020,COPD,7.1,False
18157,2020,Current Asthma,9.8,False
18157,2021,COPD,7.0,False
18157,2021,Current Asthma,10.7,False
18157,2022,COPD,7.2,False
18157,2022,Current Asthma,10.8,False
18163,2019,COPD,8.1,False
18163,2019,Current Asthma,10.3,False
18163,2020,COPD,7.7,False
18163,2020,Current Asthma,10.1,False
18163,2021,COPD,7.8,False
18163,2021,Current Asthma,10.9,False
18163,2022,COPD,7.6,False
18163,2022,Current Asthma,11.6,False
18167,2019,COPD,8.6,False
18167,2019,Current Asthma,10.0,False
18167,2020,COPD,8.4,False
18167,2020,Current Asthma,10.5,False
18167,2021,COPD,8.6,False
18167,2021,Current Asthma,11.1,False
18167,2022,COPD,8.9,False
18167,2022,Current Asthma,11.6,False
18173,2019,COPD,6.5,False
18173,2019,Current Asthma,9.3,False
18173,2020,COPD,6.0,False
18173,2020,Current Asthma,9.4,False
18173,2021,COPD,5.9,False
18173,2021,Current Asthma,9.9,False
18173,2022,COPD,5.7,False
18173,2022,Current Asthma,10.7,False
19013,2019,COPD,6.0,False
19013,2019,Current Asthma,8.9,False
19013,2020,COPD,6.1,False
19013,2020,Current Asthma,9.6,False
19013,2021,COPD,6.4,False
19013,2021,Current Asthma,9.8,False
19013,2022,COPD,6.4,False
19013,2022,Current Asthma,10.5,False
19017,2019,COPD,5.0,False
19017,2019,Current Asthma,8.1,False
19017,2020,COPD,5.1,False
19017,2020,Current Asthma,9.1,False
19017,2021,COPD,5.3,False
19017,2021,Current Asthma,9.1,False
19017,2022,COPD,5.4,False
19017,2022,Current Asthma,9.8,False
19045,2019,COPD,6.5,False
19045,2019,Current Asthma,9.1,False
19045,2020,COPD,6.8,False
19045,2020,Current Asthma,10.2,False
19045,2021,COPD,6.9,False
19045,2021,Current Asthma,9.9,False
19045,2022,COPD,6.9,False
19045,2022,Current Asthma,10.4,False
19085,2019,COPD,6.0,False
19085,2019,Current Asthma,8.5,False
19085,2020,COPD,6.0,False
19085,2020,Current Asthma,9.4,False
19085,2021,COPD,6.3,False
19085,2021,Current Asthma,9.5,False
19085,2022,COPD,6.2,False
19085,2022,Current Asthma,10.1,False
19103,2019,COPD,4.9,False
19103,2019,Current Asthma,7.9,False
19103,2020,COPD,5.0,False
19103,2020,Current Asthma,9.2,False
19103,2021,COPD,5.3,False
19103,2021,Current Asthma,9.5,False
19103,2022,COPD,5.4,False
19103,2022,Current Asthma,9.7,False
19113,2019,COPD,5.2,False
19113,2019,Current Asthma,8.2,False
19113,2020,COPD,5.4,False
19113,2020,Current Asthma,9.8,False
19113,2021,COPD,5.5,False
19113,2021,Current Asthma,9.4,False
19113,2022,COPD,5.7,False
19113,2022,Current Asthma,10.4,False
19137,2019,COPD,6.6,False
19137,2019,Current Asthma,8.8,False
19137,2020,COPD,6.6,False
19137,2020,Current Asthma,9.8,False
19137,2021,COPD,7.1,False
19137,2021,Current Asthma,9.9,False
19137,2022,COPD,6.8,False
19137,2022,Current Asthma,10.3,False
19139,2019,COPD,5.5,False
19139,2019,Current Asthma,8.2,False
19139,2020,COPD,6.0,False
19139,2020,Current Asthma,9.3,False
19139,2021,COPD,6.2,False
19139,2021,Current Asthma,9.2,False
19139,2022,COPD,6.2,False
19139,2022,Current Asthma,9.8,False
19147,2019,COPD,5.4,False
19147,2019,Current Asthma,8.3,False
19147,2020,COPD,5.4,False
19147,2020,Current Asthma,9.3,False
19147,2021,COPD,6.0,False
19147,2021,Current Asthma,9.4,False
19147,2022,COPD,6.2,False
19147,2022,Current Asthma,10.1,False
19153,2019,COPD,5.3,False
19153,2019,Current Asthma,8.0,False
19153,2020,COPD,5.3,False
19153,2020,Current Asthma,9.0,False
19153,2021,COPD,5.5,False
19153,2021,Current Asthma,9.1,False
19153,2022,COPD,5.5,False
19153,2022,Current Asthma,9.8,False
19163,2019,COPD,5.4,False
19163,2019,Current Asthma,8.7,False
19163,2020,COPD,5.4,False
19163,2020,Current Asthma,9.8,False
19163,2021,COPD,5.8,False
19163,2021,Current Asthma,9.5,False
19163,2022,COPD,5.8,False
19163,2022,Current Asthma,10.6,False
19177,2019,COPD,6.7,False
19177,2019,Current Asthma,8.9,False
19177,2020,COPD,7.1,False
19177,2020,Current Asthma,9.9,False
19177,2021,COPD,7.9,False
19177,2021,Current Asthma,10.0,False
19177,2022,COPD,7.6,False
19177,2022,Current Asthma,10.6,False
20057,2019,COPD,6.0,False
20057,2019,Current Asthma,8.7,False
20057,2020,COPD,6.3,False
20057,2020,Current Asthma,9.2,False
20057,2021,COPD,6.5,False
20057,2021,Current Asthma,9.8,False
20057,2022,COPD,6.5,False
20057,2022,Current Asthma,9.2,False
20091,2019,COPD,4.0,False
20091,2019,Current Asthma,8.4,False
20091,2020,COPD,3.8,False
20091,2020,Current Asthma,8.6,False
20091,2021,COPD,4.2,False
20091,2021,Current Asthma,9.6,False
20091,2022,COPD,4.1,False
20091,2022,Current Asthma,9.4,False
20103,2019,COPD,5.4,False
20103,2019,Current Asthma,9.2,False
20103,2020,COPD,5.3,False
20103,2020,Current Asthma,9.5,False
20103,2021,COPD,5.5,False
20103,2021,Current Asthma,9.7,False
20103,2022,COPD,5.4,False
20103,2022,Current Asthma,10.0,False
20133,2019,COPD,7.2,False
20133,2019,Current Asthma,10.2,False
20133,2020,COPD,6.8,False
20133,2020,Current Asthma,9.8,False
20133,2021,COPD,6.9,False
20133,2021,Current Asthma,10.4,False
20133,2022,COPD,7.3,False
20133,2022,Current Asthma,10.4,False
20173,2019,COPD,5.8,False
20173,2019,Current Asthma,9.7,False
20173,2020,COPD,5.8,False
20173,2020,Current Asthma,9.8,False
20173,2021,COPD,5.8,False
20173,2021,Current Asthma,10.3,False
20173,2022,COPD,6.4,False
20173,2022,Current Asthma,10.0,False
20177,2019,COPD,5.8,False
20177,2019,Current Asthma,9.7,False
20177,2020,COPD,5.6,False
20177,2020,Current Asthma,10.2,False
20177,2021,COPD,6.2,False
20177,2021,Current Asthma,10.9,False
20177,2022,COPD,6.2,False
20177,2022,Current Asthma,10.6,False
20181,2019,COPD,5.7,False
20181,2019,Current Asthma,9.1,False
20181,2020,COPD,5.5,False
20181,2020,Current Asthma,9.3,False
20181,2021,COPD,6.4,False
20181,2021,Current Asthma,10.2,False
20181,2022,COPD,6.4,False
20181,2022,Current Asthma,10.1,False
20191,2019,COPD,6.4,False
20191,2019,Current Asthma,9.5,False
20191,2020,COPD,6.4,False
20191,2020,Current Asthma,9.7,False
20191,2021,COPD,6.5,False
20191,2021,Current Asthma,10.1,False
20191,2022,COPD,6.8,False
20191,2022,Current Asthma,10.2,False
20209,2019,COPD,6.7,False
20209,2019,Current Asthma,10.4,False
20209,2020,COPD,7.1,False
20209,2020,Current Asthma,10.1,False
20209,2021,COPD,7.3,False
20209,2021,Current Asthma,10.5,False
20209,2022,COPD,7.0,False
20209,2022,Current Asthma,10.0,False
21013,2019,COPD,15.0,True
21013,2019,Current Asthma,11.8,False
21013,2020,COPD,14.0,True
21013,2020,Current Asthma,12.6,False
21013,2021,COPD,13.3,True
21013,2021,Current Asthma,12.8,True
21015,2019,COPD,6.8,False
21015,2019,Current Asthma,9.0,False
21015,2020,COPD,6.9,False
21015,2020,Current Asthma,10.2,False
21015,2021,COPD,6.5,False
21015,2021,Current Asthma,10.4,False
21019,2019,COPD,9.7,False
21019,2019,Current Asthma,10.3,False
21019,2020,COPD,9.6,False
21019,2020,Current Asthma,11.3,False
21019,2021,COPD,9.3,False
21019,2021,Current Asthma,11.4,False
21029,2019,COPD,8.6,False
21029,2019,Current Asthma,9.7,False
21029,2020,COPD,8.6,False
21029,2020,Current Asthma,11.0,False
21029,2021,COPD,8.1,False
21029,2021,Current Asthma,10.9,False
21037,2019,COPD,7.6,False
21037,2019,Current Asthma,9.4,False
21037,2020,COPD,7.3,False
21037,2020,Current Asthma,10.6,False
21037,2021,COPD,7.0,False
21037,2021,Current Asthma,10.6,False
21043,2019,COPD,11.8,True
21043,2019,Current Asthma,11.0,False
21043,2020,COPD,11.7,True
21043,2020,Current Asthma,12.0,False
21043,2021,COPD,11.7,True
21043,2021,Current Asthma,12.2,False
21047,2019,COPD,9.8,False
21047,2019,Current Asthma,10.2,False
21047,2020,COPD,9.9,False
21047,2020,Current Asthma,11.5,False
21047,2021,COPD,9.6,False
21047,2021,Current Asthma,11.9,False
21059,2019,COPD,8.7,False
21059,2019,Current Asthma,9.8,False
21059,2020,COPD,8.8,False
21059,2020,Current Asthma,11.2,False
21059,2021,COPD,8.4,False
21059,2021,Current Asthma,11.0,False
21067,2019,COPD,7.3,False
21067,2019,Current Asthma,9.4,False
21067,2020,COPD,7.1,False
21067,2020,Current Asthma,10.5,False
21067,2021,COPD,6.8,False
21067,2021,Current Asthma,10.9,False
21089,2019,COPD,9.4,False
21089,2019,Current Asthma,10.5,False
21089,2020,COPD,9.3,False
21089,2020,Current Asthma,11.3,False
21089,2021,COPD,8.7,False
21089,2021,Current Asthma,11.5,False
21091,2019,COPD,9.5,False
21091,2019,Current Asthma,10.0,False
21091,2020,COPD,9.7,False
21091,2020,Current Asthma,11.3,False
21091,2021,COPD,8.9,False
21091,2021,Current Asthma,11.1,False
21093,2019,COPD,8.1,False
21093,2019,Current Asthma,9.8,False
21093,2020,COPD,8.2,False
21093,2020,Current Asthma,11.4,False
21093,2021,COPD,7.8,False
21093,2021,Current Asthma,11.2,False
21111,2019,COPD,8.0,False
21111,2019,Current Asthma,9.7,False
21111,2020,COPD,7.5,False
21111,2020,Current Asthma,11.1,False
21111,2021,COPD,7.3,False
21111,2021,Current Asthma,10.9,False
21113,2019,COPD,8.6,False
21113,2019,Current Asthma,9.9,False
21113,2020,COPD,8.0,False
21113,2020,Current Asthma,10.8,False
21113,2021,COPD,7.8,False
21113,2021,Current Asthma,10.9,False
21139,2019,COPD,10.2,True
21139,2019,Current Asthma,10.4,False
21139,2020,COPD,9.4,False
21139,2020,Current Asthma,11.3,False
21139,2021,COPD,9.3,False
21139,2021,Current Asthma,11.4,False
21145,2019,COPD,8.7,False
21145,2019,Current Asthma,9.7,False
21145,2020,COPD,8.8,False
21145,2020,Current Asthma,11.2,False
21145,2021,COPD,8.4,False
21145,2021,Current Asthma,11.2,False
21185,2019,COPD,6.1,False
21185,2019,Current Asthma,8.5,False
21185,2020,COPD,6.0,False
21185,2020,Current Asthma,9.9,False
21185,2021,COPD,5.7,False
21185,2021,Current Asthma,9.9,False
21193,2019,COPD,12.1,True
21193,2019,Current Asthma,10.8,False
21193,2020,COPD,11.2,True
21193,2020,Current Asthma,11.9,False
21193,2021,COPD,11.2,True
21193,2021,Current Asthma,12.1,False
21195,2019,COPD,12.2,True
21195,2019,Current Asthma,10.7,False
21195,2020,COPD,12.0,True
21195,2020,Current Asthma,12.0,False
21195,2021,COPD,11.8,True
21195,2021,Current Asthma,12.3,False
21199,2019,COPD,10.9,True
21199,2019,Current Asthma,10.6,False
21199,2020,COPD,10.9,True
21199,2020,Current Asthma,12.0,False
21199,2021,COPD,10.3,True
21199,2021,Current Asthma,12.0,False
21213,2019,COPD,9.3,False
21213,2019,Current Asthma,10.0,False
21213,2020,COPD,8.9,False
21213,2020,Current Asthma,11.2,False
21213,2021,COPD,8.3,False
21213,2021,Current Asthma,11.3,False
21227,2019,COPD,8.4,False
21227,2019,Current Asthma,9.6,False
21227,2020,COPD,8.6,False
21227,2020,Current Asthma,11.2,False
21227,2021,COPD,8.0,False
21227,2021,Current Asthma,11.1,False
22005,2019,COPD,6.1,False
22005,2019,Current Asthma,8.8,False
22005,2020,COPD,5.8,False
22005,2020,Current Asthma,8.8,False
22005,2021,COPD,6.2,False
22005,2021,Current Asthma,9.6,False
22005,2022,COPD,6.1,False
22005,2022,Current Asthma,9.7,False
22015,2019,COPD,7.0,False
22015,2019,Current Asthma,9.1,False
22015,2020,COPD,6.9,False
22015,2020,Current Asthma,9.7,False
22015,2021,COPD,7.4,False
22015,2021,Current Asthma,10.1,False
22015,2022,COPD,6.9,False
22015,2022,Current Asthma,10.1,False
22017,2019,COPD,7.7,False
22017,2019,Current Asthma,10.4,False
22017,2020,COPD,7.6,False
22017,2020,Current Asthma,10.6,False
22017,2021,COPD,8.0,False
22017,2021,Current Asthma,10.9,False
22017,2022,COPD,8.0,False
22017,2022,Current Asthma,10.9,False
22019,2019,COPD,7.5,False
22019,2019,Current Asthma,9.8,False
22019,2020,COPD,7.1,False
22019,2020,Current Asthma,9.7,False
22019,2021,COPD,7.4,False
22019,2021,Current Asthma,10.0,False
22019,2022,COPD,7.2,False
22019,2022,Current Asthma,10.3,False
22033,2019,COPD,6.2,False
22033,2019,Current Asthma,9.0,False
22033,2020,COPD,6.0,False
22033,2020,Current Asthma,9.1,False
22033,2021,COPD,6.4,False
22033,2021,Current Asthma,10.2,False
22033,2022,COPD,6.6,False
22033,2022,Current Asthma,10.3,False
22047,2019,COPD,8.2,False
22047,2019,Current Asthma,10.1,False
22047,2020,COPD,7.6,False
22047,2020,Current Asthma,10.0,False
22047,2021,COPD,8.2,False
22047,2021,Current Asthma,10.8,False
22047,2022,COPD,7.8,False
22047,2022,Current Asthma,10.7,False
22051,2019,COPD,6.5,False
22051,2019,Current Asthma,8.8,False
22051,2020,COPD,6.4,False
22051,2020,Current Asthma,9.3,False
22051,2021,COPD,6.6,False
22051,2021,Current Asthma,10.0,False
22051,2022,COPD,6.5,False
22051,2022,Current Asthma,9.8,False
22055,2019,COPD,6.8,False
22055,2019,Current Asthma,9.2,False
22055,2020,COPD,6.5,False
22055,2020,Current Asthma,9.2,False
22055,2021,COPD,6.7,False
22055,2021,Current Asthma,9.8,False
22055,2022,COPD,6.7,False
22055,2022,Current Asthma,9.7,False
22057,2019,COPD,8.1,False
22057,2019,Current Asthma,9.6,False
22057,2020,COPD,8.2,False
22057,2020,Current Asthma,9.5,False
22057,2021,COPD,8.1,False
22057,2021,Current Asthma,10.4,False
22057,2022,COPD,8.3,False
22057,2022,Current Asthma,10.2,False
22063,2019,COPD,7.5,False
22063,2019,Current Asthma,9.2,False
22063,2020,COPD,7.0,False
22063,2020,Current Asthma,9.0,False
22063,2021,COPD,7.2,False
22063,2021,Current Asthma,9.9,False
22063,2022,COPD,7.2,False
22063,2022,Current Asthma,9.9,False
22071,2019,COPD,6.7,False
22071,2019,Current Asthma,9.6,False
22071,2020,COPD,6.5,False
22071,2020,Current Asthma,10.2,False
22071,2021,COPD,6.9,False
22071,2021,Current Asthma,10.7,False
22071,2022,COPD,6.6,False
22071,2022,Current Asthma,10.6,False
22073,2019,COPD,8.4,False
22073,2019,Current Asthma,10.1,False
22073,2020,COPD,7.8,False
22073,2020,Current Asthma,10.1,False
22073,2021,COPD,8.2,False
22073,2021,Current Asthma,10.9,False
22073,2022,COPD,8.0,False
22073,2022,Current Asthma,10.9,False
22077,2019,COPD,8.4,False
22077,2019,Current Asthma,10.3,False
22077,2020,COPD,8.2,False
22077,2020,Current Asthma,10.2,False
22077,2021,COPD,8.3,False
22077,2021,Current Asthma,10.8,False
22077,2022,COPD,8.1,False
22077,2022,Current Asthma,10.8,False
22087,2019,COPD,8.2,False
22087,2019,Current Asthma,9.6,False
22087,2020,COPD,8.5,False
22087,2020,Current Asthma,10.1,False
22087,2021,COPD,8.4,False
22087,2021,Current Asthma,10.7,False
22087,2022,COPD,8.5,False
22087,2022,Current Asthma,10.6,False
22093,2019,COPD,7.6,False
22093,2019,Current Asthma,10.0,False
22093,2020,COPD,7.2,False
22093,2020,Current Asthma,10.2,False
22093,2021,COPD,7.3,False
22093,2021,Current Asthma,10.6,False
22093,2022,COPD,6.8,False
22093,2022,Current Asthma,10.7,False
22095,2019,COPD,6.9,False
22095,2019,Current Asthma,9.8,False
22095,2020,COPD,6.6,False
22095,2020,Current Asthma,10.1,False
22095,2021,COPD,7.0,False
22095,2021,Current Asthma,10.7,False
22095,2022,COPD,6.8,False
22095,2022,Current Asthma,10.7,False
22099,2019,COPD,8.4,False
22099,2019,Current Asthma,9.9,False
22099,2020,COPD,7.9,False
22099,2020,Current Asthma,9.9,False
22099,2021,COPD,8.3,False
22099,2021,Current Asthma,10.4,False
22099,2022,COPD,8.3,False
22099,2022,Current Asthma,10.6,False
22103,2019,COPD,6.1,False
22103,2019,Current Asthma,8.6,False
22103,2020,COPD,6.0,False
22103,2020,Current Asthma,8.9,False
22103,2021,COPD,6.2,False
22103,2021,Current Asthma,9.5,False
22103,2022,COPD,6.1,False
22103,2022,Current Asthma,9.6,False
22121,2019,COPD,6.7,False
22121,2019,Current Asthma,9.4,False
22121,2020,COPD,6.7,False
22121,2020,Current Asthma,9.8,False
22121,2021,COPD,6.9,False
22121,2021,Current Asthma,10.3,False
22121,2022,COPD,6.6,False
22121,2022,Current Asthma,10.4,False
23001,2019,COPD,7.9,False
23001,2019,Current Asthma,10.5,False
23001,2020,COPD,7.9,False
23001,2020,Current Asthma,11.4,False
23001,2021,COPD,7.7,False
23001,2021,Current Asthma,12.4,False
23001,2022,COPD,7.6,False
23001,2022,Current Asthma,13.4,True
23003,2019,COPD,9.3,False
23003,2019,Current Asthma,12.1,False
23003,2020,COPD,8.7,False
23003,2020,Current Asthma,11.5,False
23003,2021,COPD,8.6,False
23003,2021,Current Asthma,12.1,False
23003,2022,COPD,8.3,False
23003,2022,Current Asthma,13.6,True
23005,2019,COPD,6.0,False
23005,2019,Current Asthma,10.7,False
23005,2020,COPD,5.7,False
23005,2020,Current Asthma,10.2,False
23005,2021,COPD,5.2,False
23005,2021,Current Asthma,11.0,False
23005,2022,COPD,5.1,False
23005,2022,Current Asthma,12.0,False
23009,2019,COPD,7.1,False
23009,2019,Current Asthma,10.3,False
23009,2020,COPD,6.6,False
23009,2020,Current Asthma,10.5,False
23009,2021,COPD,6.4,False
23009,2021,Current Asthma,11.2,False
23009,2022,COPD,6.2,False
23009,2022,Current Asthma,12.3,False
23011,2019,COPD,7.8,False
23011,2019,Current Asthma,10.6,False
23011,2020,COPD,7.5,False
23011,2020,Current Asthma,11.0,False
23011,2021,COPD,7.3,False
23011,2021,Current Asthma,11.8,False
23011,2022,COPD,7.3,False
23011,2022,Current Asthma,12.6,False
23013,2019,COPD,7.1,False
23013,2019,Current Asthma,10.4,False
23013,2021,COPD,6.5,False
23013,2021,Current Asthma,11.1,False
23013,2022,COPD,6.3,False
23013,2022,Current Asthma,12.1,False
23017,2019,COPD,8.6,False
23017,2019,Current Asthma,11.4,False
23017,2020,COPD,8.4,False
23017,2020,Current Asthma,12.0,False
23017,2021,COPD,8.3,False
23017,2021,Current Asthma,12.0,False
23017,2022,COPD,8.2,False
23017,2022,Current Asthma,13.6,True
23019,2019,COPD,8.2,False
23019,2019,Current Asthma,11.7,False
23019,2020,COPD,7.9,False
23019,2020,Current Asthma,11.8,False
23019,2021,COPD,7.5,False
23019,2021,Current Asthma,12.6,False
23019,2022,COPD,7.3,False
23019,2022,Current Asthma,13.4,True
23029,2019,COPD,9.4,False
23029,2019,Current Asthma,11.5,False
23029,2020,COPD,9.1,False
23029,2020,Current Asthma,12.0,False
23029,2021,COPD,9.0,False
23029,2021,Current Asthma,12.1,False
23029,2022,COPD,8.4,False
23029,2022,Current Asthma,13.5,True
23031,2019,COPD,6.8,False
23031,2019,Current Asthma,11.1,False
23031,2020,COPD,6.3,False
23031,2020,Current Asthma,10.5,False
23031,2021,COPD,6.3,False
23031,2021,Current Asthma,11.4,False
23031,2022,COPD,6.2,False
23031,2022,Current Asthma,12.8,True
24003,2019,COPD,5.2,False
24003,2019,Current Asthma,8.6,False
24003,2020,COPD,4.7,False
24003,2020,Current Asthma,9.2,False
24003,2021,COPD,4.7,False
24003,2021,Current Asthma,9.1,False
24003,2022,COPD,4.6,False
24003,2022,Current Asthma,10.0,False
24005,2019,COPD,5.6,False
24005,2019,Current Asthma,9.6,False
24005,2020,COPD,5.0,False
24005,2020,Current Asthma,10.0,False
24005,2021,COPD,5.0,False
24005,2021,Current Asthma,9.9,False
24009,2019,COPD,5.5,False
24009,2019,Current Asthma,9.2,False
24009,2020,COPD,5.1,False
24009,2020,Current Asthma,9.7,False
24009,2021,COPD,5.0,False
24009,2021,Current Asthma,9.8,False
24009,2022,COPD,5.0,False
24009,2022,Current Asthma,10.5,False
24013,2019,COPD,5.4,False
24013,2019,Current Asthma,8.5,False
24013,2020,COPD,5.0,False
24013,2020,Current Asthma,9.0,False
24013,2021,COPD,5.0,False
24013,2021,Current Asthma,9.6,False
24013,2022,COPD,5.0,False
24013,2022,Current Asthma,10.1,False
24015,2019,COPD,6.8,False
24015,2019,Current Asthma,9.3,False
24015,2020,COPD,6.3,False
24015,2020,Current Asthma,9.7,False
24015,2021,COPD,6.3,False
24015,2021,Current Asthma,10.4,False
24015,2022,COPD,6.6,False
24015,2022,Current Asthma,10.5,False
24017,2019,COPD,5.6,False
24017,2019,Current Asthma,9.8,False
24017,2020,COPD,4.9,False
24017,2020,Current Asthma,10.4,False
24017,2021,COPD,5.0,False
24017,2021,Current Asthma,10.0,False
24017,2022,COPD,5.0,False
24017,2022,Current Asthma,10.7,False
24019,2019,COPD,7.4,False
24019,2019,Current Asthma,10.7,False
24019,2020,COPD,7.2,False
24019,2020,Current Asthma,10.9,False
24019,2021,COPD,6.8,False
24019,2021,Current Asthma,11.0,False
24019,2022,COPD,7.7,False
24019,2022,Current Asthma,11.7,False
24021,2019,COPD,5.1,False
24021,2019,Current Asthma,8.6,False
24021,2020,COPD,4.8,False
24021,2020,Current Asthma,9.5,False
24021,2021,COPD,4.6,False
24021,2021,Current Asthma,9.4,False
24021,2022,COPD,4.6,False
24021,2022,Current Asthma,9.5,False
24023,2019,COPD,7.6,False
24023,2019,Current Asthma,9.9,False
24023,2020,COPD,6.9,False
24023,2020,Current Asthma,10.1,False
24023,2021,COPD,6.9,False
24023,2021,Current Asthma,10.3,False
24023,2022,COPD,7.1,False
24023,2022,Current Asthma,11.3,False
24025,2019,COPD,5.6,False
24025,2019,Current Asthma,8.8,False
24025,2020,COPD,5.3,False
24025,2020,Current Asthma,9.8,False
24025,2021,COPD,5.1,False
24025,2021,Current Asthma,10.0,False
24025,2022,COPD,5.2,False
24025,2022,Current Asthma,10.2,False
24027,2019,COPD,3.8,False
24027,2019,Current Asthma,7.7,False
24027,2020,COPD,3.6,False
24027,2020,Current Asthma,8.4,False
24027,2021,COPD,3.5,False
24027,2021,Current Asthma,8.7,False
24027,2022,COPD,3.5,False
24027,2022,Current Asthma,9.1,False
24031,2019,COPD,3.9,False
24031,2019,Current Asthma,8.1,False
24031,2020,COPD,3.8,False
24031,2020,Current Asthma,8.3,False
24031,2021,COPD,3.5,False
24031,2021,Current Asthma,8.6,False
24031,2022,COPD,3.8,False
24031,2022,Current Asthma,9.2,False
24033,2019,COPD,4.7,False
24033,2019,Current Asthma,8.8,False
24033,2020,COPD,4.5,False
24033,2020,Current Asthma,9.9,False
24033,2021,COPD,4.5,False
24033,2021,Current Asthma,10.6,False
24033,2022,COPD,5.0,False
24033,2022,Current Asthma,11.5,False
24043,2019,COPD,7.4,False
24043,2019,Current Asthma,10.1,False
24043,2020,COPD,6.6,False
24043,2020,Current Asthma,10.5,False
24043,2021,COPD,7.1,False
24043,2021,Current Asthma,10.9,False
24043,2022,COPD,7.2,False
24043,2022,Current Asthma,10.8,False
24510,2019,COPD,7.0,False
24510,2019,Current Asthma,11.8,False
24510,2020,COPD,6.4,False
24510,2020,Current Asthma,11.6,False
24510,2021,COPD,6.3,False
24510,2021,Current Asthma,12.2,False
25001,2019,COPD,5.1,False
25001,2019,Current Asthma,10.3,False
25001,2020,COPD,4.6,False
25001,2020,Current Asthma,10.6,False
25001,2021,COPD,5.1,False
25001,2021,Current Asthma,10.8,False
25001,2022,COPD,4.9,False
25001,2022,Current Asthma,11.8,False
25003,2019,COPD,6.0,False
25003,2019,Current Asthma,10.3,False
25003,2020,COPD,5.6,False
25003,2020,Current Asthma,11.1,False
25003,2021,COPD,6.1,False
25003,2021,Current Asthma,11.2,False
25003,2022,COPD,5.9,False
25003,2022,Current Asthma,12.2,False
25005,2019,COPD,6.5,False
25005,2019,Current Asthma,10.5,False
25005,2020,COPD,6.1,False
25005,2020,Current Asthma,11.7,False
25005,2021,COPD,6.9,False
25005,2021,Current Asthma,12.0,False
25005,2022,COPD,6.5,False
25005,2022,Current Asthma,12.7,False
25007,2019,COPD,5.2,False
25007,2019,Current Asthma,9.7,False
25007,2020,COPD,4.8,False
25007,2020,Current Asthma,10.6,False
25007,2021,COPD,5.3,False
25007,2021,Current Asthma,10.9,False
25007,2022,COPD,4.9,False
25007,2022,Current Asthma,11.7,False
25009,2019,COPD,4.9,False
25009,2019,Current Asthma,8.9,False
25009,2020,COPD,4.9,False
25009,2020,Current Asthma,11.0,False
25009,2021,COPD,5.4,False
25009,2021,Current Asthma,11.0,False
25009,2022,COPD,5.3,False
25009,2022,Current Asthma,11.5,False
25011,2019,COPD,5.8,False
25011,2019,Current Asthma,9.7,False
25011,2020,COPD,5.4,False
25011,2020,Current Asthma,10.9,False
25011,2021,COPD,6.0,False
25011,2021,Current Asthma,11.4,False
25011,2022,COPD,6.0,False
25011,2022,Current Asthma,12.0,False
25013,2019,COPD,6.1,False
25013,2019,Current Asthma,10.6,False
25013,2020,COPD,6.0,False
25013,2020,Current Asthma,11.6,False
25013,2021,COPD,6.7,False
25013,2021,Current Asthma,12.1,False
25013,2022,COPD,6.7,False
25013,2022,Current Asthma,12.8,True
25015,2019,COPD,5.4,False
25015,2019,Current Asthma,10.0,False
25015,2020,COPD,4.9,False
25015,2020,Current Asthma,10.6,False
25015,2021,COPD,5.5,False
25015,2021,Current Asthma,11.1,False
25015,2022,COPD,5.2,False
25015,2022,Current Asthma,12.1,False
25017,2019,COPD,4.2,False
25017,2019,Current Asthma,9.0,False
25017,2020,COPD,3.9,False
25017,2020,Current Asthma,9.7,False
25017,2021,COPD,4.3,False
25017,2021,Current Asthma,9.9,False
25017,2022,COPD,4.1,False
25017,2022,Current Asthma,11.1,False
25021,2019,COPD,4.4,False
25021,2019,Current Asthma,9.1,False
25021,2020,COPD,4.0,False
25021,2020,Current Asthma,9.9,False
25021,2021,COPD,4.5,False
25021,2021,Current Asthma,10.1,False
25021,2022,COPD,4.2,False
25021,2022,Current Asthma,10.8,False
25023,2019,COPD,5.3,False
25023,2019,Current Asthma,10.1,False
25023,2020,COPD,4.8,False
25023,2020,Current Asthma,10.5,False
25023,2021,COPD,5.4,False
25023,2021,Current Asthma,11.3,False
25023,2022,COPD,5.3,False
25023,2022,Current Asthma,12.1,False
25025,2019,COPD,4.9,False
25025,2019,Current Asthma,10.3,False
25025,2020,COPD,4.9,False
25025,2020,Current Asthma,11.2,False
25025,2021,COPD,5.5,False
25025,2021,Current Asthma,11.0,False
25025,2022,COPD,5.3,False
25025,2022,Current Asthma,11.4,False
25027,2019,COPD,5.3,False
25027,2019,Current Asthma,10.4,False
25027,2020,COPD,5.2,False
25027,2020,Current Asthma,10.6,False
25027,2021,COPD,5.7,False
25027,2021,Current Asthma,11.7,False
25027,2022,COPD,5.5,False
25027,2022,Current Asthma,12.1,False
26005,2019,COPD,7.3,False
26005,2019,Current Asthma,10.2,False
26005,2020,COPD,6.6,False
26005,2020,Current Asthma,10.7,False
26005,2021,COPD,6.7,False
26005,2021,Current Asthma,11.0,False
26005,2022,COPD,6.8,False
26005,2022,Current Asthma,11.1,False
26017,2019,COPD,8.1,False
26017,2019,Current Asthma,10.9,False
26017,2020,COPD,7.6,False
26017,2020,Current Asthma,11.1,False
26017,2021,COPD,7.3,False
26017,2021,Current Asthma,11.4,False
26017,2022,COPD,7.5,False
26017,2022,Current Asthma,11.6,False
26019,2019,COPD,7.1,False
26019,2019,Current Asthma,10.4,False
26019,2020,COPD,6.4,False
26019,2020,Current Asthma,10.7,False
26019,2021,COPD,6.3,False
26019,2021,Current Asthma,10.7,False
26019,2022,COPD,6.5,False
26019,2022,Current Asthma,11.3,False
26021,2019,COPD,7.8,False
26021,2019,Current Asthma,10.8,False
26021,2020,COPD,7.1,False
26021,2020,Current Asthma,11.2,False
26021,2021,COPD,7.0,False
26021,2021,Current Asthma,11.2,False
26021,2022,COPD,7.4,False
26021,2022,Current Asthma,11.9,False
26027,2019,COPD,7.8,False
26027,2019,Current Asthma,10.7,False
26027,2020,COPD,7.1,False
26027,2020,Current Asthma,11.2,False
26027,2021,COPD,7.2,False
26027,2021,Current Asthma,11.1,False
26027,2022,COPD,7.6,False
26027,2022,Current Asthma,11.8,False
26037,2019,COPD,6.6,False
26037,2019,Current Asthma,10.2,False
26037,2020,COPD,5.9,False
26037,2020,Current Asthma,10.5,False
26037,2021,COPD,5.8,False
26037,2021,Current Asthma,10.6,False
26037,2022,COPD,6.1,False
26037,2022,Current Asthma,11.3,False
26049,2019,COPD,8.6,False
26049,2019,Current Asthma,11.9,False
26049,2020,COPD,7.6,False
26049,2020,Current Asthma,12.0,False
26049,2021,COPD,7.7,False
26049,2021,Current Asthma,11.8,False
26049,2022,COPD,8.0,False
26049,2022,Current Asthma,12.4,False
26063,2019,COPD,8.4,False
26063,2019,Current Asthma,10.8,False
26063,2020,COPD,7.8,False
26063,2020,Current Asthma,11.2,False
26063,2021,COPD,7.5,False
26063,2021,Current Asthma,11.1,False
26063,2022,COPD,7.9,False
26063,2022,Current Asthma,11.7,False
26065,2019,COPD,7.1,False
26065,2019,Current Asthma,11.0,False
26065,2020,COPD,6.3,False
26065,2020,Current Asthma,10.8,False
26065,2021,COPD,6.4,False
26065,2021,Current Asthma,11.5,False
26065,2022,COPD,6.7,False
26065,2022,Current Asthma,11.6,False
26077,2019,COPD,6.8,False
26077,2019,Current Asthma,10.8,False
26077,2020,COPD,6.3,False
26077,2020,Current Asthma,11.1,False
26077,2021,COPD,6.3,False
26077,2021,Current Asthma,11.1,False
26077,2022,COPD,6.6,False
26077,2022,Current Asthma,11.5,False
26081,2019,COPD,6.5,False
26081,2019,Current Asthma,10.1,False
26081,2020,COPD,6.0,False
26081,2020,Current Asthma,10.5,False
26081,2021,COPD,5.9,False
26081,2021,Current Asthma,10.4,False
26081,2022,COPD,6.0,False
26081,2022,Current Asthma,11.0,False
26091,2019,COPD,7.6,False
26091,2019,Current Asthma,10.6,False
26091,2020,COPD,7.0,False
26091,2020,Current Asthma,11.0,False
26091,2021,COPD,7.0,False
26091,2021,Current Asthma,11.0,False
26091,2022,COPD,7.2,False
26091,2022,Current Asthma,11.4,False
26099,2019,COPD,7.5,False
26099,2019,Current Asthma,10.9,False
26099,2020,COPD,6.5,False
26099,2020,Current Asthma,11.4,False
26099,2021,COPD,6.7,False
26099,2021,Current Asthma,11.2,False
26099,2022,COPD,6.9,False
26099,2022,Current Asthma,11.4,False
26101,2019,COPD,8.0,False
26101,2019,Current Asthma,10.6,False
26101,2021,COPD,7.1,False
26101,2021,Current Asthma,10.8,False
26101,2022,COPD,7.6,False
26101,2022,Current Asthma,11.6,False
26105,2019,COPD,8.0,False
26105,2019,Current Asthma,10.7,False
26105,2020,COPD,7.5,False
26105,2020,Current Asthma,11.1,False
26105,2021,COPD,7.2,False
26105,2021,Current Asthma,11.1,False
26105,2022,COPD,7.6,False
26105,2022,Current Asthma,11.6,False
26121,2019,COPD,8.2,False
26121,2019,Current Asthma,11.3,False
26121,2020,COPD,7.4,False
26121,2020,Current Asthma,11.5,False
26121,2021,COPD,7.3,False
26121,2021,Current Asthma,11.3,False
26121,2022,COPD,7.8,False
26121,2022,Current Asthma,12.2,False
26125,2019,COPD,5.5,False
26125,2019,Current Asthma,9.8,False
26125,2020,COPD,5.0,False
26125,2020,Current Asthma,10.1,False
26125,2021,COPD,4.7,False
26125,2021,Current Asthma,10.2,False
26125,2022,COPD,5.0,False
26125,2022,Current Asthma,10.6,False
26139,2019,COPD,6.3,False
26139,2019,Current Asthma,10.1,False
26139,2020,COPD,5.9,False
26139,2020,Current Asthma,10.3,False
26139,2021,COPD,5.6,False
26139,2021,Current Asthma,10.2,False
26139,2022,COPD,5.8,False
26139,2022,Current Asthma,11.0,False
26147,2019,COPD,8.0,False
26147,2019,Current Asthma,10.8,False
26147,2020,COPD,7.2,False
26147,2020,Current Asthma,11.2,False
26147,2021,COPD,7.1,False
26147,2021,Current Asthma,11.2,False
26147,2022,COPD,7.4,False
26147,2022,Current Asthma,11.7,False
26153,2019,COPD,9.1,False
26153,2019,Current Asthma,11.4,False
26153,2020,COPD,8.2,False
26153,2020,Current Asthma,11.7,False
26153,2021,COPD,8.1,False
26153,2021,Current Asthma,11.6,False
26153,2022,COPD,8.5,False
26153,2022,Current Asthma,12.3,False
26157,2019,COPD,8.7,False
26157,2019,Current Asthma,10.8,False
26157,2020,COPD,7.8,False
26157,2020,Current Asthma,11.1,False
26157,2021,COPD,7.9,False
26157,2021,Current Asthma,11.1,False
26157,2022,COPD,8.1,False
26157,2022,Current Asthma,11.7,False
26161,2019,COPD,5.6,False
26161,2019,Current Asthma,9.6,False
26161,2020,COPD,5.0,False
26161,2020,Current Asthma,11.4,False
26161,2021,COPD,5.0,False
26161,2021,Current Asthma,10.3,False
26161,2022,COPD,5.3,False
26161,2022,Current Asthma,10.7,False
26163,2019,COPD,8.4,False
26163,2019,Current Asthma,11.8,False
26163,2020,COPD,7.4,False
26163,2020,Current Asthma,13.0,True
26163,2021,COPD,7.9,False
26163,2021,Current Asthma,12.2,False
26163,2022,COPD,8.1,False
26163,2022,Current Asthma,12.4,False
26165,2019,COPD,8.9,False
26165,2019,Current Asthma,11.2,False
26165,2020,COPD,7.7,False
26165,2020,Current Asthma,11.3,False
26165,2021,COPD,7.6,False
26165,2021,Current Asthma,11.1,False
26165,2022,COPD,8.3,False
26165,2022,Current Asthma,11.9,False
27003,2019,COPD,4.6,False
27003,2019,Current Asthma,8.4,False
27003,2020,COPD,4.4,False
27003,2020,Current Asthma,9.2,False
27003,2021,COPD,4.7,False
27003,2021,Current Asthma,9.5,False
27003,2022,COPD,4.6,False
27003,2022,Current Asthma,9.9,False
27005,2019,COPD,5.7,False
27005,2019,Current Asthma,9.3,False
27005,2020,COPD,5.4,False
27005,2020,Current Asthma,9.3,False
27005,2021,COPD,5.6,False
27005,2021,Current Asthma,9.9,False
27005,2022,COPD,5.6,False
27005,2022,Current Asthma,10.3,False
27007,2019,COPD,6.4,False
27007,2019,Current Asthma,10.1,False
27007,2020,COPD,6.1,False
27007,2020,Current Asthma,10.2,False
27007,2021,COPD,6.1,False
27007,2021,Current Asthma,10.6,False
27007,2022,COPD,6.3,False
27007,2022,Current Asthma,11.3,False
27017,2019,COPD,5.6,False
27017,2019,Current Asthma,9.3,False
27017,2020,COPD,5.4,False
27017,2020,Current Asthma,9.3,False
27017,2021,COPD,5.5,False
27017,2021,Current Asthma,9.8,False
27017,2022,COPD,5.4,False
27017,2022,Current Asthma,10.6,False
27021,2019,COPD,6.1,False
27021,2019,Current Asthma,9.9,False
27021,2020,COPD,5.8,False
27021,2020,Current Asthma,9.4,False
27021,2021,COPD,5.9,False
27021,2021,Current Asthma,10.0,False
27021,2022,COPD,5.9,False
27021,2022,Current Asthma,10.6,False
27035,2019,COPD,5.6,False
27035,2019,Current Asthma,9.2,False
27035,2020,COPD,5.1,False
27035,2020,Current Asthma,8.9,False
27035,2021,COPD,5.4,False
27035,2021,Current Asthma,9.8,False
27035,2022,COPD,5.2,False
27035,2022,Current Asthma,10.5,False
27037,2019,COPD,3.9,False
27037,2019,Current Asthma,8.3,False
27037,2020,COPD,3.9,False
27037,2020,Current Asthma,8.8,False
27037,2021,COPD,4.0,False
27037,2021,Current Asthma,9.1,False
27037,2022,COPD,4.0,False
27037,2022,Current Asthma,9.8,False
27049,2019,COPD,5.0,False
27049,2019,Current Asthma,9.0,False
27049,2020,COPD,4.8,False
27049,2020,Current Asthma,8.8,False
27049,2021,COPD,5.1,False
27049,2021,Current Asthma,9.6,False
27049,2022,COPD,5.1,False
27049,2022,Current Asthma,10.1,False
27053,2019,COPD,4.0,False
27053,2019,Current Asthma,8.3,False
27053,2020,COPD,3.6,False
27053,2020,Current Asthma,9.0,False
27053,2021,COPD,3.9,False
27053,2021,Current Asthma,9.3,False
27053,2022,COPD,4.0,False
27053,2022,Current Asthma,9.6,False
27075,2019,COPD,5.1,False
27075,2019,Current Asthma,9.0,False
27075,2020,COPD,4.8,False
27075,2020,Current Asthma,9.0,False
27075,2021,COPD,5.1,False
27075,2021,Current Asthma,9.4,False
27075,2022,COPD,5.4,False
27075,2022,Current Asthma,10.1,False
27083,2019,COPD,5.6,False
27083,2019,Current Asthma,9.2,False
27083,2020,COPD,5.2,False
27083,2020,Current Asthma,9.0,False
27083,2021,COPD,5.4,False
27083,2021,Current Asthma,9.5,False
27083,2022,COPD,5.3,False
27083,2022,Current Asthma,10.1,False
27095,2019,COPD,6.2,False
27095,2019,Current Asthma,9.7,False
27095,2020,COPD,5.9,False
27095,2020,Current Asthma,9.3,False
27095,2021,COPD,6.1,False
27095,2021,Current Asthma,10.1,False
27109,2019,COPD,4.2,False
27109,2019,Current Asthma,8.7,False
27109,2020,COPD,4.1,False
27109,2020,Current Asthma,9.0,False
27109,2021,COPD,4.2,False
27109,2021,Current Asthma,9.3,False
27109,2022,COPD,4.2,False
27109,2022,Current Asthma,9.8,False
27123,2019,COPD,4.8,False
27123,2019,Current Asthma,9.2,False
27123,2020,COPD,4.5,False
27123,2020,Current Asthma,8.7,False
27123,2021,COPD,4.5,False
27123,2021,Current Asthma,9.4,False
27123,2022,COPD,4.8,False
27123,2022,Current Asthma,10.1,False
27139,2019,COPD,4.1,False
27139,2019,Current Asthma,8.3,False
27139,2020,COPD,3.9,False
27139,2020,Current Asthma,8.4,False
27139,2021,COPD,3.9,False
27139,2021,Current Asthma,9.1,False
27139,2022,COPD,4.0,False
27139,2022,Current Asthma,9.5,False
27145,2019,COPD,5.3,False
27145,2019,Current Asthma,9.1,False
27145,2020,COPD,5.2,False
27145,2020,Current Asthma,8.9,False
27145,2021,COPD,5.4,False
27145,2021,Current Asthma,9.5,False
27145,2022,COPD,5.4,False
27145,2022,Current Asthma,10.3,False
27163,2019,COPD,3.8,False
27163,2019,Current Asthma,8.4,False
27163,2020,COPD,3.8,False
27163,2020,Current Asthma,8.5,False
27163,2021,COPD,3.8,False
27163,2021,Current Asthma,8.7,False
27163,2022,COPD,3.8,False
27163,2022,Current Asthma,9.3,False
27171,2019,COPD,4.5,False
27171,2019,Current Asthma,8.4,False
27171,2020,COPD,4.3,False
27171,2020,Current Asthma,8.7,False
27171,2021,COPD,4.5,False
27171,2021,Current Asthma,9.1,False
27171,2022,COPD,4.4,False
27171,2022,Current Asthma,10.0,False
28011,2019,COPD,9.0,False
28011,2019,Current Asthma,11.8,False
28011,2020,COPD,8.1,False
28011,2020,Current Asthma,11.2,False
28011,2021,COPD,8.9,False
28011,2021,Current Asthma,11.8,False
28011,2022,COPD,9.4,False
28011,2022,Current Asthma,11.2,False
28033,2019,COPD,5.9,False
28033,2019,Current Asthma,9.3,False
28033,2020,COPD,5.7,False
28033,2020,Current Asthma,9.4,False
28033,2021,COPD,5.9,False
28033,2021,Current Asthma,9.8,False
28033,2022,COPD,5.8,False
28033,2022,Current Asthma,9.6,False
28035,2019,COPD,7.7,False
28035,2019,Current Asthma,10.5,False
28035,2020,COPD,7.2,False
28035,2020,Current Asthma,10.2,False
28035,2021,COPD,7.5,False
28035,2021,Current Asthma,10.7,False
28035,2022,COPD,7.5,False
28035,2022,Current Asthma,10.0,False
28045,2019,COPD,7.4,False
28045,2019,Current Asthma,9.5,False
28045,2020,COPD,6.4,False
28045,2020,Current Asthma,9.1,False
28045,2021,COPD,7.1,False
28045,2021,Current Asthma,9.8,False
28045,2022,COPD,6.9,False
28045,2022,Current Asthma,9.4,False
28047,2019,COPD,7.2,False
28047,2019,Current Asthma,9.9,False
28047,2020,COPD,6.7,False
28047,2020,Current Asthma,9.3,False
28047,2021,COPD,7.0,False
28047,2021,Current Asthma,10.0,False
28047,2022,COPD,7.0,False
28047,2022,Current Asthma,9.7,False
28049,2019,COPD,6.7,False
28049,2019,Current Asthma,10.7,False
28049,2020,COPD,6.2,False
28049,2020,Current Asthma,10.2,False
28049,2021,COPD,6.7,False
28049,2021,Current Asthma,11.1,False
28049,2022,COPD,7.0,False
28049,2022,Current Asthma,10.6,False
28059,2019,COPD,6.6,False
28059,2019,Current Asthma,9.4,False
28059,2020,COPD,6.5,False
28059,2020,Current Asthma,9.4,False
28059,2021,COPD,6.7,False
28059,2021,Current Asthma,9.9,False
28059,2022,COPD,6.7,False
28059,2022,Current Asthma,9.5,False
28075,2019,COPD,7.7,False
28075,2019,Current Asthma,10.3,False
28075,2020,COPD,7.3,False
28075,2020,Current Asthma,10.0,False
28075,2021,COPD,7.8,False
28075,2021,Current Asthma,10.7,False
28075,2022,COPD,8.2,False
28075,2022,Current Asthma,10.4,False
28081,2019,COPD,6.9,False
28081,2019,Current Asthma,9.7,False
28081,2020,COPD,6.2,False
28081,2020,Current Asthma,9.8,False
28081,2021,COPD,6.5,False
28081,2021,Current Asthma,10.2,False
28081,2022,COPD,6.6,False
28081,2022,Current Asthma,9.8,False
29019,2019,COPD,6.8,False
29019,2019,Current Asthma,9.6,False
29019,2020,COPD,6.5,False
29019,2020,Current Asthma,9.7,False
29019,2021,COPD,6.4,False
29019,2021,Current Asthma,9.7,False
29019,2022,COPD,6.3,False
29019,2022,Current Asthma,10.3,False
29021,2019,COPD,8.5,False
29021,2019,Current Asthma,10.0,False
29021,2020,COPD,8.2,False
29021,2020,Current Asthma,9.7,False
29021,2021,COPD,8.5,False
29021,2021,Current Asthma,10.0,False
29021,2022,COPD,8.2,False
29021,2022,Current Asthma,10.9,False
29027,2019,COPD,7.7,False
29027,2019,Current Asthma,10.1,False
29027,2020,COPD,7.3,False
29027,2020,Current Asthma,9.7,False
29027,2021,COPD,7.4,False
29027,2021,Current Asthma,9.7,False
29027,2022,COPD,7.3,False
29027,2022,Current Asthma,10.6,False
29037,2019,COPD,7.0,False
29037,2019,Current Asthma,10.1,False
29037,2020,COPD,6.5,False
29037,2020,Current Asthma,9.4,False
29037,2021,COPD,6.7,False
29037,2021,Current Asthma,9.6,False
29037,2022,COPD,6.2,False
29037,2022,Current Asthma,10.2,False
29047,2019,COPD,6.2,False
29047,2019,Current Asthma,9.6,False
29047,2020,COPD,6.2,False
29047,2020,Current Asthma,9.6,False
29047,2021,COPD,6.1,False
29047,2021,Current Asthma,9.5,False
29047,2022,COPD,5.8,False
29047,2022,Current Asthma,10.3,False
29049,2019,COPD,7.3,False
29049,2019,Current Asthma,9.6,False
29049,2020,COPD,7.1,False
29049,2020,Current Asthma,9.3,False
29049,2021,COPD,7.5,False
29049,2021,Current Asthma,9.5,False
29049,2022,COPD,7.1,False
29049,2022,Current Asthma,10.5,False
29077,2019,COPD,7.8,False
29077,2019,Current Asthma,9.8,False
29077,2020,COPD,7.5,False
29077,2020,Current Asthma,9.6,False
29077,2021,COPD,7.5,False
29077,2021,Current Asthma,9.8,False
29077,2022,COPD,7.3,False
29077,2022,Current Asthma,10.8,False
29095,2019,COPD,7.3,False
29095,2019,Current Asthma,10.7,False
29095,2020,COPD,6.8,False
29095,2020,Current Asthma,9.9,False
29095,2021,COPD,6.8,False
29095,2021,Current Asthma,10.1,False
29095,2022,COPD,6.7,False
29095,2022,Current Asthma,10.5,False
29097,2019,COPD,8.2,False
29097,2019,Current Asthma,10.2,False
29097,2020,COPD,8.4,False
29097,2020,Current Asthma,9.7,False
29097,2021,COPD,8.7,False
29097,2021,Current Asthma,10.5,False
29097,2022,COPD,8.4,False
29097,2022,Current Asthma,10.8,False
29099,2019,COPD,7.3,False
29099,2019,Current Asthma,9.5,False
29099,2020,COPD,7.2,False
29099,2020,Current Asthma,9.6,False
29099,2021,COPD,7.1,False
29099,2021,Current Asthma,9.4,False
29099,2022,COPD,6.8,False
29099,2022,Current Asthma,10.5,False
29113,2019,COPD,7.9,False
29113,2019,Current Asthma,10.0,False
29113,2020,COPD,7.6,False
29113,2020,Current Asthma,9.7,False
29113,2021,COPD,7.4,False
29113,2021,Current Asthma,9.7,False
29113,2022,COPD,7.1,False
29113,2022,Current Asthma,10.6,False
29510,2019,COPD,7.4,False
29510,2019,Current Asthma,10.5,False
29510,2020,COPD,6.9,False
29510,2020,Current Asthma,10.6,False
29510,2021,COPD,7.3,False
29510,2021,Current Asthma,10.4,False
30013,2019,COPD,6.5,False
30013,2019,Current Asthma,10.6,False
30013,2020,COPD,6.3,False
30013,2020,Current Asthma,11.0,False
30013,2021,COPD,6.2,False
30013,2021,Current Asthma,10.4,False
30013,2022,COPD,6.5,False
30013,2022,Current Asthma,12.4,False
30017,2022,COPD,6.2,False
30017,2022,Current Asthma,11.2,False
30027,2019,COPD,6.3,False
30027,2019,Current Asthma,10.0,False
30027,2020,COPD,6.0,False
30027,2020,Current Asthma,10.1,False
30027,2021,COPD,6.1,False
30027,2021,Current Asthma,10.1,False
30027,2022,COPD,6.5,False
30027,2022,Current Asthma,11.3,False
30029,2019,COPD,5.8,False
30029,2019,Current Asthma,9.6,False
30029,2020,COPD,5.7,False
30029,2020,Current Asthma,9.9,False
30029,2021,COPD,5.5,False
30029,2021,Current Asthma,10.2,False
30029,2022,COPD,5.7,False
30029,2022,Current Asthma,10.8,False
30031,2019,COPD,4.8,False
30031,2019,Current Asthma,9.0,False
30031,2020,COPD,4.6,False
30031,2020,Current Asthma,9.2,False
30031,2021,COPD,4.6,False
30031,2021,Current Asthma,9.6,False
30031,2022,COPD,4.8,False
30031,2022,Current Asthma,10.7,False
30049,2019,COPD,5.2,False
30049,2019,Current Asthma,9.4,False
30049,2020,COPD,5.3,False
30049,2020,Current Asthma,10.1,False
30049,2021,COPD,5.0,False
30049,2021,Current Asthma,9.8,False
30049,2022,COPD,5.2,False
30049,2022,Current Asthma,11.3,False
30053,2019,COPD,7.3,False
30053,2019,Current Asthma,10.4,False
30053,2020,COPD,7.3,False
30053,2020,Current Asthma,10.6,False
30053,2021,COPD,7.3,False
30053,2021,Current Asthma,10.7,False
30053,2022,COPD,7.6,False
30053,2022,Current Asthma,11.8,False
30063,2019,COPD,5.4,False
30063,2019,Current Asthma,9.2,False
30063,2020,COPD,5.2,False
30063,2020,Current Asthma,10.0,False
30063,2021,COPD,5.1,False
30063,2021,Current Asthma,10.2,False
30063,2022,COPD,5.2,False
30063,2022,Current Asthma,10.8,False
30081,2019,COPD,6.2,False
30081,2019,Current Asthma,9.9,False
30081,2020,COPD,5.9,False
30081,2020,Current Asthma,10.1,False
30081,2021,COPD,5.8,False
30081,2021,Current Asthma,9.9,False
30081,2022,COPD,5.6,False
30081,2022,Current Asthma,10.7,False
30083,2019,COPD,5.5,False
30083,2019,Current Asthma,9.2,False
30083,2020,COPD,5.5,False
30083,2020,Current Asthma,10.0,False
30083,2021,COPD,5.6,False
30083,2021,Current Asthma,9.9,False
30083,2022,COPD,5.5,False
30083,2022,Current Asthma,10.8,False
30087,2019,COPD,7.3,False
30087,2019,Current Asthma,10.8,False
30087,2020,COPD,7.4,False
30087,2020,Current Asthma,11.4,False
30087,2021,COPD,7.5,False
30087,2021,Current Asthma,11.8,False
30087,2022,COPD,8.1,False
30087,2022,Current Asthma,13.0,True
30089,2019,COPD,7.8,False
30089,2019,Current Asthma,10.7,False
30089,2020,COPD,7.5,False
30089,2020,Current Asthma,10.7,False
30089,2021,COPD,7.5,False
30089,2021,Current Asthma,10.7,False
30089,2022,COPD,7.5,False
30089,2022,Current Asthma,11.4,False
30093,2019,COPD,6.7,False
30093,2019,Current Asthma,10.6,False
30093,2020,COPD,6.4,False
30093,2020,Current Asthma,10.3,False
30093,2021,COPD,6.5,False
30093,2021,Current Asthma,10.3,False
30093,2022,COPD,6.6,False
30093,2022,Current Asthma,11.2,False
30111,2019,COPD,5.5,False
30111,2019,Current Asthma,9.9,False
30111,2020,COPD,5.6,False
30111,2020,Current Asthma,10.8,False
30111,2021,COPD,5.6,False
30111,2021,Current Asthma,10.3,False
30111,2022,COPD,5.6,False
30111,2022,Current Asthma,10.8,False
31025,2019,COPD,5.1,False
31025,2019,Current Asthma,8.1,False
31025,2020,COPD,4.9,False
31025,2020,Current Asthma,8.2,False
31025,2021,COPD,5.3,False
31025,2021,Current Asthma,8.7,False
31025,2022,COPD,5.1,False
31025,2022,Current Asthma,9.2,False
31055,2019,COPD,5.1,False
31055,2019,Current Asthma,8.5,False
31055,2020,COPD,4.6,False
31055,2020,Current Asthma,8.3,False
31055,2021,COPD,5.1,False
31055,2021,Current Asthma,8.8,False
31055,2022,COPD,5.2,False
31055,2022,Current Asthma,8.7,False
31067,2021,COPD,6.4,False
31067,2021,Current Asthma,8.8,False
31067,2022,COPD,6.4,False
31067,2022,Current Asthma,9.6,False
31079,2020,COPD,5.7,False
31079,2020,Current Asthma,8.6,False
31079,2021,COPD,5.7,False
31079,2021,Current Asthma,8.6,False
31079,2022,COPD,6.1,False
31079,2022,Current Asthma,8.8,False
31109,2019,COPD,4.9,False
31109,2019,Current Asthma,8.4,False
31109,2020,COPD,4.6,False
31109,2020,Current Asthma,8.2,False
31109,2021,COPD,5.0,False
31109,2021,Current Asthma,8.6,False
31109,2022,COPD,5.3,False
31109,2022,Current Asthma,9.2,False
31153,2019,COPD,4.2,False
31153,2019,Current Asthma,7.5,True
31153,2020,COPD,4.1,False
31153,2020,Current Asthma,7.8,False
31153,2021,COPD,4.3,False
31153,2021,Current Asthma,8.0,False
31153,2022,COPD,4.4,False
31153,2022,Current Asthma,8.6,False
31157,2020,COPD,5.5,False
31157,2020,Current Asthma,8.7,False
31157,2021,COPD,5.5,False
31157,2021,Current Asthma,8.7,False
31157,2022,COPD,6.1,False
31157,2022,Current Asthma,9.3,False
31177,2022,COPD,4.9,False
31177,2022,Current Asthma,9.0,False
32001,2019,COPD,7.1,False
32001,2019,Current Asthma,9.4,False
32001,2020,COPD,7.0,False
32001,2020,Current Asthma,10.3,False
32001,2021,COPD,6.7,False
32001,2021,Current Asthma,10.2,False
32001,2022,COPD,6.9,False
32001,2022,Current Asthma,11.3,False
32003,2019,COPD,6.4,False
32003,2019,Current Asthma,8.9,False
32003,2020,COPD,6.3,False
32003,2020,Current Asthma,10.3,False
32003,2021,COPD,6.4,False
32003,2021,Current Asthma,9.6,False
32003,2022,COPD,6.3,False
32003,2022,Current Asthma,10.1,False
32005,2019,COPD,5.8,False
32005,2019,Current Asthma,8.8,False
32005,2020,COPD,5.6,False
32005,2020,Current Asthma,10.0,False
32005,2021,COPD,5.7,False
32005,2021,Current Asthma,9.5,False
32005,2022,COPD,5.5,False
32005,2022,Current Asthma,10.3,False
32007,2019,COPD,6.5,False
32007,2019,Current Asthma,9.0,False
32007,2020,COPD,6.8,False
32007,2020,Current Asthma,10.2,False
32007,2021,COPD,6.9,False
32007,2021,Current Asthma,10.1,False
32007,2022,COPD,6.9,False
32007,2022,Current Asthma,10.6,False
32019,2019,COPD,7.3,False
32019,2019,Current Asthma,9.6,False
32019,2020,COPD,7.3,False
32019,2020,Current Asthma,10.7,False
32019,2021,COPD,7.0,False
32019,2021,Current Asthma,10.1,False
32019,2022,COPD,6.8,False
32019,2022,Current Asthma,10.9,False
32023,2019,COPD,8.2,False
32023,2019,Current Asthma,10.1,False
32023,2020,COPD,7.9,False
32023,2020,Current Asthma,10.7,False
32023,2021,COPD,7.8,False
32023,2021,Current Asthma,10.4,False
32023,2022,COPD,7.8,False
32023,2022,Current Asthma,11.4,False
32031,2019,COPD,5.9,False
32031,2019,Current Asthma,9.7,False
32031,2020,COPD,5.9,False
32031,2020,Current Asthma,9.8,False
32031,2021,COPD,6.1,False
32031,2021,Current Asthma,9.9,False
32031,2022,COPD,5.8,False
32031,2022,Current Asthma,10.4,False
32033,2019,COPD,7.3,False
32033,2019,Current Asthma,9.0,False
32033,2020,COPD,7.2,False
32033,2020,Current Asthma,10.0,False
32033,2021,COPD,6.9,False
32033,2021,Current Asthma,9.6,False
32033,2022,COPD,7.4,False
32033,2022,Current Asthma,10.8,False
32510,2019,COPD,6.6,False
32510,2019,Current Asthma,9.0,False
32510,2020,COPD,6.6,False
32510,2020,Current Asthma,10.1,False
32510,2021,COPD,6.4,False
32510,2021,Current Asthma,9.9,False
32510,2022,COPD,6.4,False
32510,2022,Current Asthma,10.5,False
33001,2019,COPD,5.8,False
33001,2019,Current Asthma,10.2,False
33001,2020,COPD,5.9,False
33001,2020,Current Asthma,10.9,False
33001,2021,COPD,6.0,False
33001,2021,Current Asthma,11.2,False
33001,2022,COPD,5.7,False
33001,2022,Current Asthma,10.4,False
33005,2019,COPD,6.1,False
33005,2019,Current Asthma,10.6,False
33005,2020,COPD,5.8,False
33005,2020,Current Asthma,11.0,False
33005,2021,COPD,6.2,False
33005,2021,Current Asthma,11.4,False
33005,2022,COPD,5.7,False
33005,2022,Current Asthma,10.7,False
33007,2019,COPD,7.4,False
33007,2019,Current Asthma,10.7,False
33007,2020,COPD,7.1,False
33007,2020,Current Asthma,10.9,False
33007,2021,COPD,7.5,False
33007,2021,Current Asthma,11.4,False
33007,2022,COPD,7.1,False
33007,2022,Current Asthma,11.6,False
33009,2019,COPD,5.9,False
33009,2019,Current Asthma,10.1,False
33009,2020,COPD,5.5,False
33009,2020,Current Asthma,10.8,False
33009,2021,COPD,5.8,False
33009,2021,Current Asthma,10.7,False
33009,2022,COPD,5.3,False
33009,2022,Current Asthma,10.5,False
33011,2019,COPD,5.5,False
33011,2019,Current Asthma,10.7,False
33011,2020,COPD,5.1,False
33011,2020,Current Asthma,11.1,False
33011,2021,COPD,5.5,False
33011,2021,Current Asthma,11.6,False
33011,2022,COPD,4.9,False
33011,2022,Current Asthma,10.6,False
33013,2019,COPD,5.7,False
33013,2019,Current Asthma,10.1,False
33013,2020,COPD,5.3,False
33013,2020,Current Asthma,10.9,False
33013,2021,COPD,5.9,False
33013,2021,Current Asthma,11.4,False
33013,2022,COPD,5.3,False
33013,2022,Current Asthma,11.0,False
33015,2019,COPD,4.9,False
33015,2019,Current Asthma,9.5,False
33015,2020,COPD,4.9,False
33015,2020,Current Asthma,9.7,False
33015,2021,COPD,5.2,False
33015,2021,Current Asthma,10.2,False
33015,2022,COPD,4.6,False
33015,2022,Current Asthma,10.1,False
34001,2020,COPD,6.0,False
34001,2020,Current Asthma,10.2,False
34001,2021,COPD,5.9,False
34001,2021,Current Asthma,10.0,False
34001,2022,COPD,5.3,False
34001,2022,Current Asthma,9.5,False
34003,2020,COPD,3.9,False
34003,2020,Current Asthma,8.4,False
34003,2021,COPD,3.9,False
34003,2021,Current Asthma,8.2,False
34003,2022,COPD,3.6,False
34003,2022,Current Asthma,8.0,False
34007,2020,COPD,5.6,False
34007,2020,Current Asthma,10.2,False
34007,2021,COPD,5.6,False
34007,2021,Current Asthma,10.2,False
34007,2022,COPD,5.0,False
34007,2022,Current Asthma,9.7,False
34011,2020,COPD,7.0,False
34011,2020,Current Asthma,10.5,False
34011,2021,COPD,7.2,False
34011,2021,Current Asthma,10.5,False
34011,2022,COPD,6.6,False
34011,2022,Current Asthma,9.7,False
34013,2020,COPD,5.4,False
34013,2020,Current Asthma,10.7,False
34013,2021,COPD,5.5,False
34013,2021,Current Asthma,10.0,False
34013,2022,COPD,5.1,False
34013,2022,Current Asthma,9.8,False
34015,2020,COPD,5.2,False
34015,2020,Current Asthma,9.8,False
34015,2021,COPD,5.2,False
34015,2021,Current Asthma,9.9,False
34015,2022,COPD,4.7,False
34015,2022,Current Asthma,9.8,False
34017,2020,COPD,4.5,False
34017,2020,Current Asthma,8.7,False
34017,2021,COPD,4.4,False
34017,2021,Current Asthma,9.0,False
34017,2022,COPD,4.2,False
34017,2022,Current Asthma,8.4,False
34019,2020,COPD,4.2,False
34019,2020,Current Asthma,8.9,False
34019,2021,COPD,4.2,False
34019,2021,Current Asthma,8.9,False
34019,2022,COPD,3.8,False
34019,2022,Current Asthma,8.8,False
34021,2020,COPD,4.8,False
34021,2020,Current Asthma,9.5,False
34021,2021,COPD,4.8,False
34021,2021,Current Asthma,9.4,False
34021,2022,COPD,4.4,False
34021,2022,Current Asthma,8.9,False
34023,2020,COPD,4.3,False
34023,2020,Current Asthma,8.5,False
34023,2021,COPD,4.2,False
34023,2021,Current Asthma,8.7,False
34023,2022,COPD,3.9,False
34023,2022,Current Asthma,8.3,False
34025,2020,COPD,4.7,False
34025,2020,Current Asthma,9.1,False
34025,2021,COPD,4.5,False
34025,2021,Current Asthma,9.2,False
34025,2022,COPD,4.0,False
34025,2022,Current Asthma,8.9,False
34027,2020,COPD,3.9,False
34027,2020,Current Asthma,8.1,False
34027,2021,COPD,4.0,False
34027,2021,Current Asthma,8.7,False
34027,2022,COPD,3.5,False
34027,2022,Current Asthma,8.4,False
34029,2020,COPD,5.6,False
34029,2020,Current Asthma,10.4,False
34029,2021,COPD,5.8,False
34029,2021,Current Asthma,9.8,False
34029,2022,COPD,5.3,False
34029,2022,Current Asthma,9.4,False
34031,2020,COPD,5.4,False
34031,2020,Current Asthma,9.5,False
34031,2021,COPD,5.5,False
34031,2021,Current Asthma,9.4,False
34031,2022,COPD,5.2,False
34031,2022,Current Asthma,8.9,False
34039,2020,COPD,4.7,False
34039,2020,Current Asthma,9.1,False
34039,2021,COPD,4.7,False
34039,2021,Current Asthma,9.2,False
34039,2022,COPD,4.5,False
34039,2022,Current Asthma,9.0,False
34041,2020,COPD,5.2,False
34041,2020,Current Asthma,9.6,False
34041,2021,COPD,5.2,False
34041,2021,Current Asthma,9.5,False
34041,2022,COPD,4.7,False
34041,2022,Current Asthma,9.3,False
35001,2019,COPD,4.6,False
35001,2019,Current Asthma,9.0,False
35001,2020,COPD,4.8,False
35001,2020,Current Asthma,10.0,False
35001,2021,COPD,5.1,False
35001,2021,Current Asthma,10.8,False
35001,2022,COPD,4.9,False
35001,2022,Current Asthma,9.8,False
35015,2019,COPD,5.2,False
35015,2019,Current Asthma,8.8,False
35015,2020,COPD,5.3,False
35015,2020,Current Asthma,9.8,False
35015,2021,COPD,5.9,False
35015,2021,Current Asthma,10.4,False
35015,2022,COPD,5.5,False
35015,2022,Current Asthma,9.7,False
35025,2019,COPD,5.7,False
35025,2019,Current Asthma,9.2,False
35025,2020,COPD,5.8,False
35025,2020,Current Asthma,9.7,False
35025,2021,COPD,6.2,False
35025,2021,Current Asthma,10.5,False
35025,2022,COPD,6.3,False
35025,2022,Current Asthma,9.5,False
35029,2019,COPD,6.6,False
35029,2019,Current Asthma,9.3,False
35029,2020,COPD,6.9,False
35029,2020,Current Asthma,10.4,False
35029,2021,COPD,7.7,False
35029,2021,Current Asthma,11.0,False
35029,2022,COPD,7.8,False
35029,2022,Current Asthma,9.9,False
35039,2019,COPD,4.9,False
35039,2019,Current Asthma,8.7,False
35039,2020,COPD,5.2,False
35039,2020,Current Asthma,10.2,False
35039,2021,COPD,5.4,False
35039,2021,Current Asthma,10.5,False
35039,2022,COPD,5.5,False
35039,2022,Current Asthma,10.1,False
35043,2019,COPD,4.6,False
35043,2019,Current Asthma,8.7,False
35043,2020,COPD,4.7,False
35043,2020,Current Asthma,9.9,False
35043,2021,COPD,5.0,False
35043,2021,Current Asthma,10.3,False
35043,2022,COPD,4.6,False
35043,2022,Current Asthma,9.7,False
35045,2019,COPD,7.2,False
35045,2019,Current Asthma,9.9,False
35045,2020,COPD,7.0,False
35045,2020,Current Asthma,11.8,False
35045,2021,COPD,7.9,False
35045,2021,Current Asthma,12.7,False
35045,2022,COPD,8.1,False
35045,2022,Current Asthma,12.1,False
35049,2019,COPD,4.2,False
35049,2019,Current Asthma,8.0,False
35049,2020,COPD,4.3,False
35049,2020,Current Asthma,9.2,False
35049,2021,COPD,4.6,False
35049,2021,Current Asthma,10.0,False
35049,2022,COPD,4.5,False
35049,2022,Current Asthma,9.2,False
35055,2019,COPD,4.8,False
35055,2019,Current Asthma,8.6,False
35055,2020,COPD,4.9,False
35055,2020,Current Asthma,9.5,False
35055,2021,COPD,5.2,False
35055,2021,Current Asthma,10.1,False
35055,2022,COPD,4.9,False
35055,2022,Current Asthma,9.5,False
35061,2019,COPD,5.0,False
35061,2019,Current Asthma,8.7,False
35061,2020,COPD,5.3,False
35061,2020,Current Asthma,9.8,False
35061,2021,COPD,5.6,False
35061,2021,Current Asthma,10.6,False
35061,2022,COPD,5.6,False
35061,2022,Current Asthma,9.6,False
36001,2019,COPD,6.0,False
36001,2019,Current Asthma,9.8,False
36001,2020,COPD,5.4,False
36001,2020,Current Asthma,10.4,False
36001,2021,COPD,5.9,False
36001,2021,Current Asthma,11.2,False
36001,2022,COPD,5.2,False
36001,2022,Current Asthma,10.9,False
36005,2019,COPD,6.5,False
36005,2019,Current Asthma,10.8,False
36005,2020,COPD,6.4,False
36005,2020,Current Asthma,11.7,False
36005,2021,COPD,6.6,False
36005,2021,Current Asthma,12.1,False
36005,2022,COPD,6.4,False
36005,2022,Current Asthma,11.8,False
36013,2019,COPD,8.2,False
36013,2019,Current Asthma,10.5,False
36013,2020,COPD,7.4,False
36013,2020,Current Asthma,10.8,False
36013,2021,COPD,8.1,False
36013,2021,Current Asthma,12.0,False
36013,2022,COPD,7.1,False
36013,2022,Current Asthma,11.3,False
36027,2019,COPD,5.9,False
36027,2019,Current Asthma,9.7,False
36027,2020,COPD,5.2,False
36027,2020,Current Asthma,10.2,False
36027,2021,COPD,5.7,False
36027,2021,Current Asthma,10.9,False
36027,2022,COPD,4.9,False
36027,2022,Current Asthma,10.4,False
36029,2019,COPD,6.8,False
36029,2019,Current Asthma,10.4,False
36029,2020,COPD,6.0,False
36029,2020,Current Asthma,10.7,False
36029,2021,COPD,6.5,False
36029,2021,Current Asthma,11.8,False
36029,2022,COPD,5.8,False
36029,2022,Current Asthma,11.6,False
36031,2019,COPD,7.0,False
36031,2019,Current Asthma,10.0,False
36031,2020,COPD,6.2,False
36031,2020,Current Asthma,10.1,False
36031,2021,COPD,6.7,False
36031,2021,Current Asthma,11.4,False
36031,2022,COPD,6.2,False
36031,2022,Current Asthma,10.9,False
36043,2019,COPD,7.9,False
36043,2019,Current Asthma,10.8,False
36045,2019,COPD,7.8,False
36045,2019,Current Asthma,10.1,False
36045,2020,COPD,6.7,False
36045,2020,Current Asthma,10.1,False
36045,2021,COPD,7.3,False
36045,2021,Current Asthma,11.4,False
36045,2022,COPD,6.6,False
36045,2022,Current Asthma,11.3,False
36047,2019,COPD,5.8,False
36047,2019,Current Asthma,8.8,False
36047,2020,COPD,5.6,False
36047,2020,Current Asthma,10.2,False
36047,2021,COPD,5.5,False
36047,2021,Current Asthma,10.5,False
36047,2022,COPD,5.4,False
36047,2022,Current Asthma,10.4,False
36055,2019,COPD,6.3,False
36055,2019,Current Asthma,10.2,False
36055,2020,COPD,5.7,False
36055,2020,Current Asthma,10.7,False
36055,2021,COPD,6.0,False
36055,2021,Current Asthma,12.0,False
36055,2022,COPD,5.4,False
36055,2022,Current Asthma,11.0,False
36059,2019,COPD,4.7,False
36059,2019,Current Asthma,8.6,False
36059,2020,COPD,4.2,False
36059,2020,Current Asthma,8.7,False
36059,2021,COPD,4.3,False
36059,2021,Current Asthma,9.4,False
36059,2022,COPD,3.9,False
36059,2022,Current Asthma,9.6,False
36061,2019,COPD,4.5,False
36061,2019,Current Asthma,9.4,False
36061,2020,COPD,4.2,False
36061,2020,Current Asthma,9.3,False
36061,2021,COPD,4.4,False
36061,2021,Current Asthma,10.2,False
36061,2022,COPD,4.1,False
36061,2022,Current Asthma,9.6,False
36063,2019,COPD,7.6,False
36063,2019,Current Asthma,11.1,False
36063,2020,COPD,6.4,False
36063,2020,Current Asthma,10.6,False
36063,2021,COPD,7.3,False
36063,2021,Current Asthma,12.1,False
36063,2022,COPD,6.2,False
36063,2022,Current Asthma,11.4,False
36065,2019,COPD,7.7,False
36065,2019,Current Asthma,10.2,False
36065,2020,COPD,6.6,False
36065,2020,Current Asthma,10.5,False
36065,2021,COPD,7.5,False
36065,2021,Current Asthma,11.3,False
36065,2022,COPD,6.7,False
36065,2022,Current Asthma,11.1,False
36067,2019,COPD,6.7,False
36067,2019,Current Asthma,10.5,False
36067,2020,COPD,6.0,False
36067,2020,Current Asthma,10.4,False
36067,2021,COPD,6.6,False
36067,2021,Current Asthma,11.5,False
36067,2022,COPD,5.8,False
36067,2022,Current Asthma,11.4,False
36071,2019,COPD,5.8,False
36071,2019,Current Asthma,9.3,False
36071,2020,COPD,5.6,False
36071,2020,Current Asthma,10.6,False
36071,2021,COPD,6.3,False
36071,2021,Current Asthma,11.1,False
36071,2022,COPD,5.5,False
36071,2022,Current Asthma,10.5,False
36075,2019,COPD,8.4,False
36075,2019,Current Asthma,11.0,False
36075,2020,COPD,7.4,False
36075,2020,Current Asthma,11.0,False
36075,2021,COPD,8.0,False
36075,2021,Current Asthma,12.0,False
36075,2022,COPD,7.1,False
36075,2022,Current Asthma,11.4,False
36079,2019,COPD,5.1,False
36079,2019,Current Asthma,8.9,False
36079,2020,COPD,4.6,False
36079,2020,Current Asthma,9.6,False
36079,2021,COPD,5.0,False
36079,2021,Current Asthma,10.1,False
36079,2022,COPD,4.3,False
36079,2022,Current Asthma,9.9,False
36081,2019,COPD,5.2,False
36081,2019,Current Asthma,8.1,False
36081,2020,COPD,4.7,False
36081,2020,Current Asthma,9.0,False
36081,2021,COPD,4.7,False
36081,2021,Current Asthma,9.1,False
36081,2022,COPD,4.6,False
36081,2022,Current Asthma,8.9,False
36085,2019,COPD,5.7,False
36085,2019,Current Asthma,9.6,False
36085,2020,COPD,5.3,False
36085,2020,Current Asthma,9.3,False
36085,2021,COPD,5.7,False
36085,2021,Current Asthma,10.2,False
36085,2022,COPD,5.2,False
36085,2022,Current Asthma,10.2,False
36087,2019,COPD,5.7,False
36087,2019,Current Asthma,9.4,False
36087,2020,COPD,5.4,False
36087,2020,Current Asthma,10.0,False
36087,2021,COPD,5.9,False
36087,2021,Current Asthma,10.5,False
36087,2022,COPD,5.4,False
36087,2022,Current Asthma,10.6,False
36091,2019,COPD,5.7,False
36091,2019,Current Asthma,9.5,False
36091,2020,COPD,5.1,False
36091,2020,Current Asthma,9.9,False
36091,2021,COPD,5.5,False
36091,2021,Current Asthma,10.6,False
36091,2022,COPD,4.7,False
36091,2022,Current Asthma,10.4,False
36101,2019,COPD,8.0,False
36101,2019,Current Asthma,11.0,False
36101,2020,COPD,7.0,False
36101,2020,Current Asthma,10.8,False
36101,2021,COPD,7.3,False
36101,2021,Current Asthma,11.6,False
36101,2022,COPD,6.7,False
36101,2022,Current Asthma,11.2,False
36103,2019,COPD,5.3,False
36103,2019,Current Asthma,8.7,False
36103,2020,COPD,4.8,False
36103,2020,Current Asthma,9.6,False
36103,2021,COPD,5.1,False
36103,2021,Current Asthma,9.9,False
36103,2022,COPD,4.5,False
36103,2022,Current Asthma,10.2,False
36109,2019,COPD,6.2,False
36109,2019,Current Asthma,9.8,False
36109,2020,COPD,5.6,False
36109,2020,Current Asthma,10.0,False
36109,2021,COPD,5.8,False
36109,2021,Current Asthma,11.3,False
36109,2022,COPD,5.0,False
36109,2022,Current Asthma,10.6,False
36117,2019,COPD,7.4,False
36117,2019,Current Asthma,10.2,False
36117,2020,COPD,6.5,False
36117,2020,Current Asthma,10.4,False
36117,2021,COPD,6.7,False
36117,2021,Current Asthma,11.3,False
36117,2022,COPD,6.2,False
36117,2022,Current Asthma,11.2,False
36119,2019,COPD,4.8,False
36119,2019,Current Asthma,9.0,False
36119,2020,COPD,4.5,False
36119,2020,Current Asthma,9.3,False
36119,2021,COPD,4.5,False
36119,2021,Current Asthma,9.9,False
36119,2022,COPD,4.1,False
36119,2022,Current Asthma,9.3,False
37003,2019,COPD,8.1,False
37003,2019,Current Asthma,9.6,False
37003,2020,COPD,7.3,False
37003,2020,Current Asthma,9.4,False
37003,2021,COPD,7.2,False
37003,2021,Current Asthma,9.7,False
37003,2022,COPD,7.5,False
37003,2022,Current Asthma,10.9,False
37021,2019,COPD,6.5,False
37021,2019,Current Asthma,8.9,False
37021,2020,COPD,5.9,False
37021,2020,Current Asthma,8.9,False
37021,2021,COPD,5.9,False
37021,2021,Current Asthma,9.4,False
37021,2022,COPD,5.8,False
37021,2022,Current Asthma,10.4,False
37027,2019,COPD,8.7,False
37027,2019,Current Asthma,10.0,False
37027,2020,COPD,7.7,False
37027,2020,Current Asthma,9.7,False
37027,2021,COPD,7.9,False
37027,2021,Current Asthma,10.1,False
37027,2022,COPD,7.8,False
37027,2022,Current Asthma,11.1,False
37031,2019,COPD,6.7,False
37031,2019,Current Asthma,9.0,False
37031,2020,COPD,5.8,False
37031,2020,Current Asthma,9.0,False
37031,2021,COPD,6.2,False
37031,2021,Current Asthma,9.4,False
37031,2022,COPD,5.9,False
37031,2022,Current Asthma,10.6,False
37035,2019,COPD,7.2,False
37035,2019,Current Asthma,9.2,False
37035,2020,COPD,6.5,False
37035,2020,Current Asthma,9.3,False
37035,2021,COPD,6.8,False
37035,2021,Current Asthma,9.7,False
37035,2022,COPD,6.6,False
37035,2022,Current Asthma,10.7,False
37051,2019,COPD,7.0,False
37051,2019,Current Asthma,9.6,False
37051,2020,COPD,6.4,False
37051,2020,Current Asthma,10.1,False
37051,2021,COPD,6.6,False
37051,2021,Current Asthma,10.5,False
37051,2022,COPD,6.6,False
37051,2022,Current Asthma,11.5,False
37057,2019,COPD,8.1,False
37057,2019,Current Asthma,9.8,False
37057,2020,COPD,7.3,False
37057,2020,Current Asthma,9.4,False
37057,2021,COPD,7.3,False
37057,2021,Current Asthma,10.1,False
37057,2022,COPD,7.2,False
37057,2022,Current Asthma,11.1,False
37063,2019,COPD,5.6,False
37063,2019,Current Asthma,8.9,False
37063,2020,COPD,4.9,False
37063,2020,Current Asthma,9.4,False
37063,2021,COPD,5.2,False
37063,2021,Current Asthma,9.7,False
37063,2022,COPD,5.0,False
37063,2022,Current Asthma,10.8,False
37065,2019,COPD,8.9,False
37065,2019,Current Asthma,11.2,False
37065,2020,COPD,7.7,False
37065,2020,Current Asthma,11.0,False
37065,2021,COPD,8.1,False
37065,2021,Current Asthma,11.5,False
37065,2022,COPD,8.1,False
37065,2022,Current Asthma,12.6,False
37067,2019,COPD,6.6,False
37067,2019,Current Asthma,9.5,False
37067,2020,COPD,6.0,False
37067,2020,Current Asthma,9.2,False
37067,2021,COPD,6.3,False
37067,2021,Current Asthma,10.0,False
37067,2022,COPD,6.2,False
37067,2022,Current Asthma,11.1,False
37077,2019,COPD,7.3,False
37077,2019,Current Asthma,9.8,False
37077,2020,COPD,6.5,False
37077,2020,Current Asthma,9.7,False
37077,2021,COPD,6.9,False
37077,2021,Current Asthma,10.2,False
37077,2022,COPD,6.7,False
37077,2022,Current Asthma,11.3,False
37081,2019,COPD,6.5,False
37081,2019,Current Asthma,9.5,False
37081,2020,COPD,5.7,False
37081,2020,Current Asthma,9.3,False
37081,2021,COPD,5.9,False
37081,2021,Current Asthma,9.8,False
37081,2022,COPD,6.0,False
37081,2022,Current Asthma,11.2,False
37087,2019,COPD,7.3,False
37087,2019,Current Asthma,9.4,False
37087,2020,COPD,6.6,False
37087,2020,Current Asthma,9.4,False
37087,2021,COPD,6.9,False
37087,2021,Current Asthma,9.8,False
37087,2022,COPD,6.6,False
37087,2022,Current Asthma,10.8,False
37101,2019,COPD,6.9,False
37101,2019,Current Asthma,9.3,False
37101,2020,COPD,6.3,False
37101,2020,Current Asthma,9.3,False
37101,2021,COPD,6.5,False
37101,2021,Current Asthma,9.7,False
37101,2022,COPD,6.0,False
37101,2022,Current Asthma,10.7,False
37107,2019,COPD,8.8,False
37107,2019,Current Asthma,10.7,False
37107,2020,COPD,7.8,False
37107,2020,Current Asthma,10.8,False
37107,2021,COPD,8.6,False
37107,2021,Current Asthma,11.2,False
37107,2022,COPD,8.9,False
37107,2022,Current Asthma,12.3,False
37109,2019,COPD,7.0,False
37109,2019,Current Asthma,9.0,False
37109,2020,COPD,6.3,False
37109,2020,Current Asthma,9.1,False
37109,2021,COPD,6.5,False
37109,2021,Current Asthma,9.5,False
37109,2022,COPD,6.2,False
37109,2022,Current Asthma,10.6,False
37117,2019,COPD,8.5,False
37117,2019,Current Asthma,10.8,False
37117,2020,COPD,7.8,False
37117,2020,Current Asthma,10.6,False
37117,2021,COPD,8.1,False
37117,2021,Current Asthma,11.2,False
37117,2022,COPD,8.0,False
37117,2022,Current Asthma,12.2,False
37119,2019,COPD,5.4,False
37119,2019,Current Asthma,8.7,False
37119,2020,COPD,4.7,False
37119,2020,Current Asthma,8.7,False
37119,2021,COPD,5.1,False
37119,2021,Current Asthma,9.4,False
37119,2022,COPD,5.0,False
37119,2022,Current Asthma,10.4,False
37121,2019,COPD,7.9,False
37121,2019,Current Asthma,9.4,False
37121,2020,COPD,6.9,False
37121,2020,Current Asthma,9.2,False
37121,2021,COPD,7.1,False
37121,2021,Current Asthma,9.7,False
37121,2022,COPD,6.8,False
37121,2022,Current Asthma,10.8,False
37123,2019,COPD,8.0,False
37123,2019,Current Asthma,9.6,False
37123,2020,COPD,7.2,False
37123,2020,Current Asthma,9.7,False
37123,2021,COPD,7.7,False
37123,2021,Current Asthma,10.3,False
37123,2022,COPD,7.7,False
37123,2022,Current Asthma,11.2,False
37129,2019,COPD,6.4,False
37129,2019,Current Asthma,9.2,False
37129,2020,COPD,5.8,False
37129,2020,Current Asthma,9.3,False
37129,2021,COPD,5.8,False
37129,2021,Current Asthma,9.6,False
37129,2022,COPD,5.7,False
37129,2022,Current Asthma,10.6,False
37131,2020,COPD,7.6,False
37131,2020,Current Asthma,10.9,False
37131,2021,COPD,8.2,False
37131,2021,Current Asthma,11.3,False
37131,2022,COPD,8.0,False
37131,2022,Current Asthma,12.3,False
37147,2019,COPD,7.3,False
37147,2019,Current Asthma,10.2,False
37147,2020,COPD,6.3,False
37147,2020,Current Asthma,10.0,False
37147,2021,COPD,6.6,False
37147,2021,Current Asthma,10.3,False
37147,2022,COPD,6.7,False
37147,2022,Current Asthma,11.5,False
37157,2019,COPD,8.5,False
37157,2019,Current Asthma,10.1,False
37157,2020,COPD,7.4,False
37157,2020,Current Asthma,9.9,False
37157,2021,COPD,7.9,False
37157,2021,Current Asthma,10.5,False
37157,2022,COPD,7.8,False
37157,2022,Current Asthma,11.4,False
37159,2019,COPD,7.8,False
37159,2019,Current Asthma,9.7,False
37159,2020,COPD,7.1,False
37159,2020,Current Asthma,9.6,False
37159,2021,COPD,7.4,False
37159,2021,Current Asthma,10.1,False
37159,2022,COPD,7.2,False
37159,2022,Current Asthma,11.0,False
37173,2019,COPD,9.7,False
37173,2019,Current Asthma,10.8,False
37173,2020,COPD,8.2,False
37173,2020,Current Asthma,10.5,False
37173,2021,COPD,8.4,False
37173,2021,Current Asthma,11.1,False
37173,2022,COPD,8.6,False
37173,2022,Current Asthma,12.3,False
37179,2019,COPD,6.0,False
37179,2019,Current Asthma,8.7,False
37179,2020,COPD,5.2,False
37179,2020,Current Asthma,8.7,False
37179,2021,COPD,5.4,False
37179,2021,Current Asthma,9.1,False
37179,2022,COPD,5.2,False
37179,2022,Current Asthma,10.2,False
37183,2019,COPD,4.9,False
37183,2019,Current Asthma,8.2,False
37183,2020,COPD,4.4,False
37183,2020,Current Asthma,8.3,False
37183,2021,COPD,4.5,False
37183,2021,Current Asthma,8.9,False
37183,2022,COPD,4.4,False
37183,2022,Current Asthma,10.0,False
37199,2019,COPD,8.3,False
37199,2019,Current Asthma,9.6,False
37199,2020,COPD,7.2,False
37199,2020,Current Asthma,9.4,False
37199,2021,COPD,7.5,False
37199,2021,Current Asthma,9.8,False
37199,2022,COPD,7.5,False
37199,2022,Current Asthma,11.0,False
38013,2019,COPD,5.4,False
38013,2019,Current Asthma,8.7,False
38013,2020,COPD,5.2,False
38013,2020,Current Asthma,9.1,False
38013,2021,COPD,5.1,False
38013,2021,Current Asthma,8.7,False
38013,2022,COPD,5.1,False
38013,2022,Current Asthma,9.9,False
38015,2019,COPD,4.9,False
38015,2019,Current Asthma,8.2,False
38015,2020,COPD,4.8,False
38015,2020,Current Asthma,9.3,False
38015,2021,COPD,4.7,False
38015,2021,Current Asthma,8.9,False
38015,2022,COPD,4.9,False
38015,2022,Current Asthma,9.9,False
38017,2019,COPD,4.8,False
38017,2019,Current Asthma,8.2,False
38017,2020,COPD,4.9,False
38017,2020,Current Asthma,9.2,False
38017,2021,COPD,4.6,False
38017,2021,Current Asthma,8.7,False
38017,2022,COPD,4.7,False
38017,2022,Current Asthma,9.8,False
38025,2019,COPD,5.4,False
38025,2019,Current Asthma,8.8,False
38025,2020,COPD,5.6,False
38025,2020,Current Asthma,9.1,False
38025,2021,COPD,5.5,False
38025,2021,Current Asthma,8.9,False
38025,2022,COPD,5.6,False
38025,2022,Current Asthma,10.2,False
38053,2019,COPD,5.7,False
38053,2019,Current Asthma,8.5,False
38053,2020,COPD,5.8,False
38053,2020,Current Asthma,9.5,False
38053,2021,COPD,5.8,False
38053,2021,Current Asthma,9.1,False
38053,2022,COPD,5.7,False
38053,2022,Current Asthma,10.3,False
38057,2019,COPD,5.4,False
38057,2019,Current Asthma,8.6,False
38057,2020,COPD,5.7,False
38057,2020,Current Asthma,9.3,False
38057,2021,COPD,5.8,False
38057,2021,Current Asthma,9.0,False
38057,2022,COPD,6.1,False
38057,2022,Current Asthma,10.5,False
38101,2019,COPD,5.1,False
38101,2019,Current Asthma,8.3,False
38101,2020,COPD,5.1,False
38101,2020,Current Asthma,8.8,False
38101,2021,COPD,5.2,False
38101,2021,Current Asthma,8.7,False
38101,2022,COPD,5.1,False
38101,2022,Current Asthma,10.0,False
38105,2019,COPD,5.2,False
38105,2019,Current Asthma,8.1,False
39001,2019,COPD,11.8,True
39001,2019,Current Asthma,11.5,False
39001,2020,COPD,10.9,True
39001,2020,Current Asthma,11.2,False
39003,2019,COPD,8.6,False
39003,2019,Current Asthma,10.1,False
39003,2020,COPD,8.4,False
39003,2020,Current Asthma,10.7,False
39003,2021,COPD,8.0,False
39003,2021,Current Asthma,10.6,False
39003,2022,COPD,7.7,False
39003,2022,Current Asthma,11.2,False
39007,2019,COPD,10.5,True
39007,2019,Current Asthma,10.9,False
39007,2020,COPD,10.4,True
39007,2020,Current Asthma,11.0,False
39007,2021,COPD,10.0,False
39007,2021,Current Asthma,10.9,False
39007,2022,COPD,9.0,False
39007,2022,Current Asthma,11.4,False
39013,2019,COPD,9.0,False
39013,2019,Current Asthma,10.1,False
39013,2020,COPD,8.7,False
39013,2020,Current Asthma,10.2,False
39013,2021,COPD,8.2,False
39013,2021,Current Asthma,10.3,False
39013,2022,COPD,7.9,False
39013,2022,Current Asthma,11.2,False
39017,2019,COPD,7.7,False
39017,2019,Current Asthma,10.2,False
39017,2020,COPD,7.4,False
39017,2020,Current Asthma,10.0,False
39017,2021,COPD,7.1,False
39017,2021,Current Asthma,10.3,False
39017,2022,COPD,6.6,False
39017,2022,Current Asthma,10.8,False
39023,2019,COPD,9.2,False
39023,2019,Current Asthma,11.1,False
39023,2020,COPD,9.1,False
39023,2020,Current Asthma,10.9,False
39023,2021,COPD,8.6,False
39023,2021,Current Asthma,10.9,False
39023,2022,COPD,8.1,False
39023,2022,Current Asthma,11.5,False
39025,2019,COPD,7.8,False
39025,2019,Current Asthma,9.9,False
39025,2020,COPD,7.6,False
39025,2020,Current Asthma,10.4,False
39025,2021,COPD,7.2,False
39025,2021,Current Asthma,10.1,False
39025,2022,COPD,6.4,False
39025,2022,Current Asthma,10.7,False
39027,2019,COPD,9.3,False
39027,2019,Current Asthma,10.6,False
39027,2020,COPD,8.9,False
39027,2020,Current Asthma,10.8,False
39027,2021,COPD,8.4,False
39027,2021,Current Asthma,10.7,False
39027,2022,COPD,7.9,False
39027,2022,Current Asthma,11.3,False
39035,2019,COPD,7.6,False
39035,2019,Current Asthma,11.1,False
39035,2020,COPD,7.1,False
39035,2020,Current Asthma,10.7,False
39035,2021,COPD,7.4,False
39035,2021,Current Asthma,10.7,False
39035,2022,COPD,6.6,False
39035,2022,Current Asthma,11.7,False
39041,2019,COPD,5.5,False
39041,2019,Current Asthma,8.6,False
39041,2020,COPD,5.1,False
39041,2020,Current Asthma,9.3,False
39041,2021,COPD,4.7,False
39041,2021,Current Asthma,9.0,False
39041,2022,COPD,4.4,False
39041,2022,Current Asthma,9.5,False
39049,2019,COPD,7.1,False
39049,2019,Current Asthma,9.9,False
39049,2020,COPD,7.0,False
39049,2020,Current Asthma,10.3,False
39049,2021,COPD,6.7,False
39049,2021,Current Asthma,10.2,False
39049,2022,COPD,6.2,False
39049,2022,Current Asthma,11.1,False
39055,2019,COPD,7.0,False
39055,2019,Current Asthma,9.8,False
39055,2020,COPD,6.8,False
39055,2020,Current Asthma,9.8,False
39055,2021,COPD,6.5,False
39055,2021,Current Asthma,9.9,False
39055,2022,COPD,5.9,False
39055,2022,Current Asthma,10.5,False
39057,2019,COPD,7.0,False
39057,2019,Current Asthma,10.2,False
39057,2020,COPD,6.8,False
39057,2020,Current Asthma,9.8,False
39057,2021,COPD,6.4,False
39057,2021,Current Asthma,10.1,False
39057,2022,COPD,5.8,False
39057,2022,Current Asthma,10.9,False
39061,2019,COPD,7.3,False
39061,2019,Current Asthma,10.1,False
39061,2020,COPD,7.1,False
39061,2020,Current Asthma,10.6,False
39061,2021,COPD,6.5,False
39061,2021,Current Asthma,10.5,False
39061,2022,COPD,6.4,False
39061,2022,Current Asthma,11.5,False
39067,2019,COPD,9.9,False
39067,2019,Current Asthma,10.8,False
39067,2020,COPD,9.5,False
39067,2020,Current Asthma,10.7,False
39067,2021,COPD,9.0,False
39067,2021,Current Asthma,10.7,False
39081,2019,COPD,9.4,False
39081,2019,Current Asthma,10.8,False
39081,2020,COPD,9.2,False
39081,2020,Current Asthma,10.8,False
39081,2021,COPD,9.0,False
39081,2021,Current Asthma,10.9,False
39081,2022,COPD,8.2,False
39081,2022,Current Asthma,11.9,False
39083,2019,COPD,8.5,False
39083,2019,Current Asthma,10.3,False
39083,2020,COPD,8.1,False
39083,2020,Current Asthma,10.1,False
39083,2021,COPD,8.1,False
39083,2021,Current Asthma,10.5,False
39083,2022,COPD,7.2,False
39083,2022,Current Asthma,11.1,False
39085,2019,COPD,7.3,False
39085,2019,Current Asthma,9.9,False
39085,2020,COPD,7.0,False
39085,2020,Current Asthma,9.9,False
39085,2021,COPD,6.7,False
39085,2021,Current Asthma,9.9,False
39085,2022,COPD,6.1,False
39085,2022,Current Asthma,10.8,False
39087,2019,COPD,10.3,True
39087,2019,Current Asthma,11.3,False
39087,2020,COPD,10.3,True
39087,2020,Current Asthma,11.3,False
39087,2021,COPD,9.6,False
39087,2021,Current Asthma,11.2,False
39087,2022,COPD,8.8,False
39087,2022,Current Asthma,11.8,False
39089,2019,COPD,7.8,False
39089,2019,Current Asthma,10.0,False
39089,2020,COPD,7.6,False
39089,2020,Current Asthma,10.3,False
39089,2021,COPD,7.0,False
39089,2021,Current Asthma,10.1,False
39089,2022,COPD,6.6,False
39089,2022,Current Asthma,10.9,False
39093,2019,COPD,8.0,False
39093,2019,Current Asthma,10.2,False
39093,2020,COPD,7.7,False
39093,2020,Current Asthma,10.2,False
39093,2021,COPD,7.4,False
39093,2021,Current Asthma,10.6,False
39093,2022,COPD,6.7,False
39093,2022,Current Asthma,11.0,False
39095,2019,COPD,8.7,False
39095,2019,Current Asthma,10.8,False
39095,2020,COPD,8.5,False
39095,2020,Current Asthma,11.5,False
39095,2021,COPD,7.9,False
39095,2021,Current Asthma,11.2,False
39095,2022,COPD,7.6,False
39095,2022,Current Asthma,11.3,False
39097,2019,COPD,8.5,False
39097,2019,Current Asthma,10.0,False
39097,2020,COPD,8.1,False
39097,2020,Current Asthma,10.0,False
39097,2021,COPD,7.6,False
39097,2021,Current Asthma,9.9,False
39097,2022,COPD,6.9,False
39097,2022,Current Asthma,10.6,False
39099,2019,COPD,8.5,False
39099,2019,Current Asthma,10.4,False
39099,2020,COPD,8.4,False
39099,2020,Current Asthma,10.9,False
39099,2021,COPD,8.2,False
39099,2021,Current Asthma,10.6,False
39099,2022,COPD,7.6,False
39099,2022,Current Asthma,11.1,False
39103,2019,COPD,6.7,False
39103,2019,Current Asthma,9.5,False
39103,2020,COPD,6.5,False
39103,2020,Current Asthma,9.7,False
39103,2021,COPD,6.1,False
39103,2021,Current Asthma,9.7,False
39103,2022,COPD,5.7,False
39103,2022,Current Asthma,10.6,False
39109,2019,COPD,8.0,False
39109,2019,Current Asthma,10.0,False
39109,2020,COPD,7.6,False
39109,2020,Current Asthma,10.1,False
39109,2021,COPD,7.0,False
39109,2021,Current Asthma,10.0,False
39109,2022,COPD,6.6,False
39109,2022,Current Asthma,10.9,False
39113,2019,COPD,8.5,False
39113,2019,Current Asthma,11.0,False
39113,2020,COPD,8.3,False
39113,2020,Current Asthma,11.1,False
39113,2021,COPD,7.8,False
39113,2021,Current Asthma,11.0,False
39113,2022,COPD,7.1,False
39113,2022,Current Asthma,11.6,False
39133,2019,COPD,7.8,False
39133,2019,Current Asthma,10.1,False
39133,2020,COPD,7.8,False
39133,2020,Current Asthma,10.1,False
39133,2021,COPD,7.2,False
39133,2021,Current Asthma,10.4,False
39133,2022,COPD,6.8,False
39133,2022,Current Asthma,10.9,False
39135,2019,COPD,8.3,False
39135,2019,Current Asthma,10.3,False
39135,2020,COPD,8.1,False
39135,2020,Current Asthma,10.1,False
39135,2021,COPD,7.6,False
39135,2021,Current Asthma,10.2,False
39135,2022,COPD,7.3,False
39135,2022,Current Asthma,11.1,False
39145,2019,COPD,11.1,True
39145,2019,Current Asthma,11.3,False
39145,2020,COPD,11.0,True
39145,2020,Current Asthma,11.5,False
39145,2021,COPD,10.3,True
39145,2021,Current Asthma,11.4,False
39145,2022,COPD,9.8,False
39145,2022,Current Asthma,11.6,False
39151,2019,COPD,8.3,False
39151,2019,Current Asthma,10.8,False
39151,2020,COPD,8.3,False
39151,2020,Current Asthma,10.1,False
39151,2021,COPD,7.9,False
39151,2021,Current Asthma,10.5,False
39151,2022,COPD,7.3,False
39151,2022,Current Asthma,11.3,False
39153,2019,COPD,7.7,False
39153,2019,Current Asthma,10.4,False
39153,2020,COPD,7.5,False
39153,2020,Current Asthma,10.4,False
39153,2021,COPD,7.1,False
39153,2021,Current Asthma,10.5,False
39153,2022,COPD,6.6,False
39153,2022,Current Asthma,11.3,False
39155,2019,COPD,9.4,False
39155,2019,Current Asthma,10.6,False
39155,2020,COPD,9.4,False
39155,2020,Current Asthma,11.0,False
39155,2021,COPD,8.8,False
39155,2021,Current Asthma,10.9,False
39155,2022,COPD,8.2,False
39155,2022,Current Asthma,11.4,False
39165,2019,COPD,6.3,False
39165,2019,Current Asthma,9.1,False
39165,2020,COPD,6.0,False
39165,2020,Current Asthma,9.4,False
39165,2021,COPD,5.6,False
39165,2021,Current Asthma,9.3,False
39165,2022,COPD,5.1,False
39165,2022,Current Asthma,9.9,False
39167,2019,COPD,8.9,False
39167,2019,Current Asthma,10.6,False
39167,2020,COPD,8.8,False
39167,2020,Current Asthma,10.3,False
39167,2021,COPD,8.7,False
39167,2021,Current Asthma,10.5,False
39167,2022,COPD,7.8,False
39167,2022,Current Asthma,11.0,False
39173,2019,COPD,7.4,False
39173,2019,Current Asthma,9.8,False
39173,2020,COPD,7.2,False
39173,2020,Current Asthma,10.0,False
39173,2021,COPD,6.8,False
39173,2021,Current Asthma,10.2,False
39173,2022,COPD,6.2,False
39173,2022,Current Asthma,10.6,False
40001,2019,COPD,12.0,True
40001,2019,Current Asthma,12.4,False
40001,2020,COPD,11.4,True
40001,2020,Current Asthma,13.1,True
40001,2021,COPD,10.7,True
40001,2021,Current Asthma,13.3,True
40001,2022,COPD,10.3,True
40001,2022,Current Asthma,13.6,True
40017,2019,COPD,6.4,False
40017,2019,Current Asthma,9.4,False
40017,2020,COPD,6.2,False
40017,2020,Current Asthma,10.3,False
40017,2021,COPD,5.8,False
40017,2021,Current Asthma,10.9,False
40017,2022,COPD,5.7,False
40017,2022,Current Asthma,10.7,False
40019,2019,COPD,8.1,False
40019,2019,Current Asthma,10.2,False
40019,2020,COPD,8.2,False
40019,2020,Current Asthma,11.0,False
40019,2021,COPD,7.8,False
40019,2021,Current Asthma,11.5,False
40019,2022,COPD,7.7,False
40019,2022,Current Asthma,11.7,False
40023,2019,COPD,10.6,True
40023,2019,Current Asthma,11.8,False
40027,2019,COPD,6.6,False
40027,2019,Current Asthma,9.5,False
40027,2020,COPD,6.4,False
40027,2020,Current Asthma,10.3,False
40027,2021,COPD,6.2,False
40027,2021,Current Asthma,10.8,False
40027,2022,COPD,6.2,False
40027,2022,Current Asthma,11.0,False
40031,2019,COPD,7.7,False
40031,2019,Current Asthma,10.4,False
40031,2020,COPD,7.6,False
40031,2020,Current Asthma,10.6,False
40031,2021,COPD,7.2,False
40031,2021,Current Asthma,11.5,False
40031,2022,COPD,7.4,False
40031,2022,Current Asthma,11.3,False
40037,2019,COPD,8.3,False
40037,2019,Current Asthma,10.6,False
40037,2020,COPD,8.1,False
40037,2020,Current Asthma,11.0,False
40037,2021,COPD,7.8,False
40037,2021,Current Asthma,11.3,False
40037,2022,COPD,7.6,False
40037,2022,Current Asthma,11.8,False
40039,2019,COPD,8.0,False
40039,2019,Current Asthma,10.2,False
40043,2019,COPD,8.0,False
40043,2019,Current Asthma,10.0,False
40043,2020,COPD,8.0,False
40043,2020,Current Asthma,10.6,False
40043,2021,COPD,7.7,False
40043,2021,Current Asthma,11.2,False
40043,2022,COPD,7.6,False
40043,2022,Current Asthma,11.4,False
40069,2020,COPD,9.0,False
40069,2020,Current Asthma,11.6,False
40071,2019,COPD,8.4,False
40071,2019,Current Asthma,10.7,False
40071,2020,COPD,8.3,False
40071,2020,Current Asthma,11.4,False
40071,2021,COPD,8.4,False
40071,2021,Current Asthma,11.7,False
40071,2022,COPD,8.2,False
40071,2022,Current Asthma,12.0,False
40075,2021,COPD,8.7,False
40075,2021,Current Asthma,11.8,False
40075,2022,COPD,9.1,False
40075,2022,Current Asthma,11.9,False
40087,2021,COPD,6.5,False
40087,2021,Current Asthma,10.8,False
40087,2022,COPD,6.3,False
40087,2022,Current Asthma,11.1,False
40097,2019,COPD,9.5,False
40097,2019,Current Asthma,11.2,False
40097,2020,COPD,9.3,False
40097,2020,Current Asthma,11.7,False
40097,2021,COPD,8.6,False
40097,2021,Current Asthma,12.1,False
40097,2022,COPD,8.5,False
40097,2022,Current Asthma,12.5,False
40105,2019,COPD,9.2,False
40105,2019,Current Asthma,11.0,False
40105,2022,COPD,8.4,False
40105,2022,Current Asthma,12.5,False
40109,2019,COPD,6.9,False
40109,2019,Current Asthma,10.1,False
40109,2020,COPD,6.6,False
40109,2020,Current Asthma,10.5,False
40109,2021,COPD,6.5,False
40109,2021,Current Asthma,10.8,False
40109,2022,COPD,6.6,False
40109,2022,Current Asthma,11.5,False
40113,2019,COPD,8.5,False
40113,2019,Current Asthma,10.7,False
40113,2020,COPD,8.0,False
40113,2020,Current Asthma,11.2,False
40113,2021,COPD,7.6,False
40113,2021,Current Asthma,11.6,False
40113,2022,COPD,7.4,False
40113,2022,Current Asthma,12.3,False
40115,2019,COPD,9.9,False
40115,2019,Current Asthma,11.4,False
40115,2020,COPD,9.7,False
40115,2020,Current Asthma,11.9,False
40115,2021,COPD,9.1,False
40115,2021,Current Asthma,12.4,False
40115,2022,COPD,9.4,False
40115,2022,Current Asthma,12.7,False
40121,2019,COPD,9.0,False
40121,2019,Current Asthma,10.4,False
40121,2020,COPD,8.8,False
40121,2020,Current Asthma,11.4,False
40121,2021,COPD,8.3,False
40121,2021,Current Asthma,11.7,False
40121,2022,COPD,8.3,False
40121,2022,Current Asthma,12.0,False
40135,2019,COPD,10.6,True
40135,2019,Current Asthma,11.8,False
40135,2020,COPD,10.1,False
40135,2020,Current Asthma,12.0,False
40135,2021,COPD,9.7,False
40135,2021,Current Asthma,12.5,False
40135,2022,COPD,9.7,False
40135,2022,Current Asthma,13.0,True
40143,2019,COPD,7.0,False
40143,2019,Current Asthma,9.6,False
40143,2020,COPD,7.2,False
40143,2020,Current Asthma,10.9,False
40143,2021,COPD,6.5,False
40143,2021,Current Asthma,11.1,False
40143,2022,COPD,6.7,False
40143,2022,Current Asthma,11.3,False
40147,2020,COPD,7.5,False
40147,2020,Current Asthma,10.9,False
40147,2021,COPD,7.4,False
40147,2021,Current Asthma,11.5,False
41001,2019,COPD,6.4,False
41001,2019,Current Asthma,10.5,False
41001,2020,COPD,6.5,False
41001,2020,Current Asthma,10.9,False
41001,2021,COPD,6.9,False
41001,2021,Current Asthma,11.2,False
41001,2022,COPD,6.8,False
41001,2022,Current Asthma,12.2,False
41003,2019,COPD,5.2,False
41003,2019,Current Asthma,10.3,False
41003,2020,COPD,5.2,False
41003,2020,Current Asthma,10.4,False
41003,2021,COPD,5.5,False
41003,2021,Current Asthma,10.5,False
41003,2022,COPD,5.7,False
41003,2022,Current Asthma,11.7,False
41005,2019,COPD,4.6,False
41005,2019,Current Asthma,9.5,False
41005,2020,COPD,4.9,False
41005,2020,Current Asthma,10.1,False
41005,2021,COPD,5.0,False
41005,2021,Current Asthma,10.7,False
41005,2022,COPD,5.0,False
41005,2022,Current Asthma,11.7,False
41009,2019,COPD,6.3,False
41009,2019,Current Asthma,10.5,False
41009,2020,COPD,6.1,False
41009,2020,Current Asthma,10.9,False
41009,2021,COPD,6.5,False
41009,2021,Current Asthma,11.1,False
41009,2022,COPD,6.4,False
41009,2022,Current Asthma,12.3,False
41013,2019,COPD,6.5,False
41013,2019,Current Asthma,10.7,False
41013,2020,COPD,6.5,False
41013,2020,Current Asthma,11.1,False
41013,2021,COPD,6.5,False
41013,2021,Current Asthma,11.1,False
41013,2022,COPD,6.2,False
41013,2022,Current Asthma,12.2,False
41017,2019,COPD,5.2,False
41017,2019,Current Asthma,9.7,False
41017,2020,COPD,5.2,False
41017,2020,Current Asthma,10.5,False
41017,2021,COPD,5.4,False
41017,2021,Current Asthma,10.7,False
41017,2022,COPD,5.2,False
41017,2022,Current Asthma,11.7,False
41019,2019,COPD,6.9,False
41019,2019,Current Asthma,10.9,False
41019,2020,COPD,6.8,False
41019,2020,Current Asthma,11.1,False
41019,2021,COPD,7.0,False
41019,2021,Current Asthma,11.3,False
41023,2019,COPD,7.2,False
41023,2019,Current Asthma,11.0,False
41023,2020,COPD,6.9,False
41023,2020,Current Asthma,11.3,False
41023,2021,COPD,7.2,False
41023,2021,Current Asthma,11.4,False
41023,2022,COPD,7.2,False
41023,2022,Current Asthma,12.6,False
41025,2019,COPD,6.5,False
41025,2019,Current Asthma,10.7,False
41025,2020,COPD,6.7,False
41025,2020,Current Asthma,11.0,False
41025,2021,COPD,7.8,False
41025,2021,Current Asthma,11.6,False
41025,2022,COPD,8.0,False
41025,2022,Current Asthma,12.9,True
41029,2019,COPD,6.1,False
41029,2019,Current Asthma,10.4,False
41029,2020,COPD,6.2,False
41029,2020,Current Asthma,11.2,False
41029,2021,COPD,6.5,False
41029,2021,Current Asthma,11.0,False
41029,2022,COPD,6.3,False
41029,2022,Current Asthma,12.2,False
41031,2019,COPD,6.5,False
41031,2019,Current Asthma,10.7,False
41031,2020,COPD,6.6,False
41031,2020,Current Asthma,11.1,False
41031,2021,COPD,6.8,False
41031,2021,Current Asthma,11.3,False
41031,2022,COPD,6.6,False
41031,2022,Current Asthma,12.2,False
41033,2019,COPD,7.2,False
41033,2019,Current Asthma,11.0,False
41033,2020,COPD,7.4,False
41033,2020,Current Asthma,11.7,False
41033,2021,COPD,7.6,False
41033,2021,Current Asthma,11.6,False
41033,2022,COPD,7.7,False
41033,2022,Current Asthma,12.7,False
41035,2019,COPD,6.9,False
41035,2019,Current Asthma,10.8,False
41035,2020,COPD,7.4,False
41035,2020,Current Asthma,11.5,False
41035,2021,COPD,7.6,False
41035,2021,Current Asthma,11.5,False
41035,2022,COPD,7.6,False
41035,2022,Current Asthma,12.7,False
41037,2019,COPD,7.4,False
41037,2019,Current Asthma,10.8,False
41037,2020,COPD,7.3,False
41037,2020,Current Asthma,11.0,False
41037,2021,COPD,7.8,False
41037,2021,Current Asthma,11.3,False
41037,2022,COPD,7.6,False
41037,2022,Current Asthma,12.2,False
41039,2019,COPD,6.2,False
41039,2019,Current Asthma,11.2,False
41039,2020,COPD,6.2,False
41039,2020,Current Asthma,11.6,False
41039,2021,COPD,6.4,False
41039,2021,Current Asthma,11.6,False
41039,2022,COPD,6.5,False
41039,2022,Current Asthma,12.3,False
41043,2019,COPD,6.5,False
41043,2019,Current Asthma,11.1,False
41043,2020,COPD,6.4,False
41043,2020,Current Asthma,11.3,False
41043,2021,COPD,6.7,False
41043,2021,Current Asthma,11.3,False
41043,2022,COPD,6.8,False
41043,2022,Current Asthma,12.6,False
41047,2019,COPD,5.9,False
41047,2019,Current Asthma,10.6,False
41047,2020,COPD,6.5,False
41047,2020,Current Asthma,11.0,False
41047,2021,COPD,6.6,False
41047,2021,Current Asthma,11.5,False
41047,2022,COPD,6.4,False
41047,2022,Current Asthma,12.2,False
41051,2019,COPD,4.9,False
41051,2019,Current Asthma,9.9,False
41051,2020,COPD,5.0,False
41051,2020,Current Asthma,10.1,False
41051,2021,COPD,5.2,False
41051,2021,Current Asthma,10.9,False
41051,2022,COPD,5.1,False
41051,2022,Current Asthma,11.7,False
41059,2019,COPD,6.6,False
41059,2019,Current Asthma,10.3,False
41059,2020,COPD,6.7,False
41059,2020,Current Asthma,10.7,False
41059,2021,COPD,7.0,False
41059,2021,Current Asthma,11.0,False
41059,2022,COPD,7.0,False
41059,2022,Current Asthma,12.0,False
41061,2019,COPD,6.6,False
41061,2019,Current Asthma,10.8,False
41061,2020,COPD,6.6,False
41061,2020,Current Asthma,11.1,False
41061,2021,COPD,6.8,False
41061,2021,Current Asthma,11.2,False
41061,2022,COPD,7.0,False
41061,2022,Current Asthma,12.4,False
41063,2019,COPD,6.1,False
41063,2019,Current Asthma,10.7,False
41063,2020,COPD,5.8,False
41063,2020,Current Asthma,10.9,False
41063,2021,COPD,5.9,False
41063,2021,Current Asthma,11.0,False
41063,2022,COPD,5.8,False
41063,2022,Current Asthma,12.1,False
41065,2019,COPD,6.1,False
41065,2019,Current Asthma,10.3,False
41065,2020,COPD,6.4,False
41065,2020,Current Asthma,11.0,False
41065,2021,COPD,6.7,False
41065,2021,Current Asthma,11.1,False
41067,2019,COPD,4.3,False
41067,2019,Current Asthma,9.3,False
41067,2020,COPD,4.4,False
41067,2020,Current Asthma,10.0,False
41067,2021,COPD,4.5,False
41067,2021,Current Asthma,10.0,False
41067,2022,COPD,4.7,False
41067,2022,Current Asthma,11.2,False
42001,2019,COPD,6.6,False
42001,2019,Current Asthma,10.1,False
42001,2020,COPD,6.4,False
42001,2020,Current Asthma,10.0,False
42001,2021,COPD,6.2,False
42001,2021,Current Asthma,10.5,False
42003,2019,COPD,5.7,False
42003,2019,Current Asthma,10.0,False
42003,2020,COPD,5.8,False
42003,2020,Current Asthma,10.0,False
42003,2021,COPD,5.4,False
42003,2021,Current Asthma,10.6,False
42005,2019,COPD,7.6,False
42005,2019,Current Asthma,10.7,False
42005,2020,COPD,7.4,False
42005,2020,Current Asthma,10.5,False
42005,2021,COPD,7.0,False
42005,2021,Current Asthma,10.7,False
42007,2019,COPD,6.8,False
42007,2019,Current Asthma,10.9,False
42007,2020,COPD,6.5,False
42007,2020,Current Asthma,10.2,False
42007,2021,COPD,6.4,False
42007,2021,Current Asthma,10.7,False
42011,2019,COPD,6.3,False
42011,2019,Current Asthma,10.0,False
42011,2020,COPD,6.5,False
42011,2020,Current Asthma,10.0,False
42011,2021,COPD,6.4,False
42011,2021,Current Asthma,10.5,False
42013,2019,COPD,7.4,False
42013,2019,Current Asthma,10.8,False
42013,2020,COPD,7.4,False
42013,2020,Current Asthma,10.5,False
42013,2021,COPD,7.0,False
42013,2021,Current Asthma,10.9,False
42015,2019,COPD,7.6,False
42015,2019,Current Asthma,10.8,False
42015,2020,COPD,7.7,False
42015,2020,Current Asthma,10.5,False
42015,2021,COPD,7.4,False
42015,2021,Current Asthma,10.9,False
42017,2019,COPD,5.1,False
42017,2019,Current Asthma,9.5,False
42017,2020,COPD,5.1,False
42017,2020,Current Asthma,9.4,False
42017,2021,COPD,4.9,False
42017,2021,Current Asthma,10.0,False
42021,2019,COPD,7.3,False
42021,2019,Current Asthma,10.7,False
42021,2020,COPD,7.3,False
42021,2020,Current Asthma,10.4,False
42021,2021,COPD,7.0,False
42021,2021,Current Asthma,10.9,False
42027,2019,COPD,6.3,False
42027,2019,Current Asthma,9.9,False
42027,2020,COPD,6.4,False
42027,2020,Current Asthma,10.1,False
42027,2021,COPD,6.1,False
42027,2021,Current Asthma,10.2,False
42029,2019,COPD,4.7,False
42029,2019,Current Asthma,9.2,False
42029,2020,COPD,4.7,False
42029,2020,Current Asthma,9.3,False
42029,2021,COPD,4.5,False
42029,2021,Current Asthma,9.7,False
42041,2019,COPD,5.7,False
42041,2019,Current Asthma,9.8,False
42041,2020,COPD,5.6,False
42041,2020,Current Asthma,9.5,False
42041,2021,COPD,5.3,False
42041,2021,Current Asthma,10.1,False
42043,2019,COPD,6.3,False
42043,2019,Current Asthma,10.4,False
42043,2020,COPD,6.0,False
42043,2020,Current Asthma,10.3,False
42043,2021,COPD,6.0,False
42043,2021,Current Asthma,10.7,False
42045,2019,COPD,5.6,False
42045,2019,Current Asthma,10.1,False
42045,2020,COPD,5.5,False
42045,2020,Current Asthma,9.9,False
42045,2021,COPD,5.4,False
42045,2021,Current Asthma,10.3,False
42049,2019,COPD,7.2,False
42049,2019,Current Asthma,10.4,False
42049,2020,COPD,7.1,False
42049,2020,Current Asthma,10.2,False
42049,2021,COPD,6.9,False
42049,2021,Current Asthma,11.1,False
42051,2019,COPD,8.2,False
42051,2019,Current Asthma,11.0,False
42051,2020,COPD,8.2,False
42051,2020,Current Asthma,10.5,False
42051,2021,COPD,7.8,False
42051,2021,Current Asthma,11.1,False
42055,2019,COPD,6.9,False
42055,2019,Current Asthma,10.2,False
42055,2020,COPD,6.9,False
42055,2020,Current Asthma,10.4,False
42055,2021,COPD,6.6,False
42055,2021,Current Asthma,10.6,False
42059,2019,COPD,7.6,False
42059,2019,Current Asthma,10.5,False
42059,2020,COPD,7.6,False
42059,2020,Current Asthma,10.4,False
42059,2021,COPD,7.3,False
42059,2021,Current Asthma,10.7,False
42063,2019,COPD,7.7,False
42063,2019,Current Asthma,10.6,False
42063,2020,COPD,7.6,False
42063,2020,Current Asthma,10.6,False
42063,2021,COPD,7.2,False
42063,2021,Current Asthma,10.9,False
42069,2019,COPD,6.8,False
42069,2019,Current Asthma,10.0,False
42069,2020,COPD,6.8,False
42069,2020,Current Asthma,10.1,False
42069,2021,COPD,6.5,False
42069,2021,Current Asthma,10.6,False
42071,2019,COPD,6.4,False
42071,2019,Current Asthma,10.3,False
42071,2020,COPD,6.5,False
42071,2020,Current Asthma,10.2,False
42071,2021,COPD,6.1,False
42071,2021,Current Asthma,10.6,False
42073,2019,COPD,7.4,False
42073,2019,Current Asthma,10.6,False
42073,2020,COPD,7.4,False
42073,2020,Current Asthma,10.5,False
42073,2021,COPD,7.2,False
42073,2021,Current Asthma,11.0,False
42075,2019,COPD,6.7,False
42075,2019,Current Asthma,9.9,False
42075,2021,COPD,6.6,False
42075,2021,Current Asthma,10.5,False
42077,2019,COPD,5.8,False
42077,2019,Current Asthma,9.5,False
42077,2020,COPD,6.1,False
42077,2020,Current Asthma,10.1,False
42077,2021,COPD,6.0,False
42077,2021,Current Asthma,10.5,False
42079,2019,COPD,6.9,False
42079,2019,Current Asthma,10.1,False
42079,2020,COPD,7.2,False
42079,2020,Current Asthma,10.3,False
42079,2021,COPD,7.1,False
42079,2021,Current Asthma,10.5,False
42081,2019,COPD,7.1,False
42081,2019,Current Asthma,10.5,False
42081,2020,COPD,7.1,False
42081,2020,Current Asthma,10.3,False
42081,2021,COPD,6.9,False
42081,2021,Current Asthma,11.1,False
42085,2019,COPD,7.3,False
42085,2019,Current Asthma,10.7,False
42085,2020,COPD,7.4,False
42085,2020,Current Asthma,10.5,False
42085,2021,COPD,7.2,False
42085,2021,Current Asthma,10.8,False
42091,2019,COPD,4.7,False
42091,2019,Current Asthma,9.5,False
42091,2020,COPD,4.7,False
42091,2020,Current Asthma,9.0,False
42091,2021,COPD,4.6,False
42091,2021,Current Asthma,9.8,False
42095,2019,COPD,5.7,False
42095,2019,Current Asthma,9.7,False
42095,2020,COPD,5.8,False
42095,2020,Current Asthma,9.8,False
42095,2021,COPD,5.6,False
42095,2021,Current Asthma,10.2,False
42101,2019,COPD,6.9,False
42101,2019,Current Asthma,11.4,False
42101,2020,COPD,7.0,False
42101,2020,Current Asthma,11.9,False
42101,2021,COPD,6.6,False
42101,2021,Current Asthma,11.8,False
42115,2019,COPD,7.4,False
42115,2019,Current Asthma,10.4,False
42115,2020,COPD,7.4,False
42115,2020,Current Asthma,10.4,False
42115,2021,COPD,7.2,False
42115,2021,Current Asthma,10.7,False
42125,2019,COPD,6.4,False
42125,2019,Current Asthma,10.2,False
42125,2020,COPD,6.3,False
42125,2020,Current Asthma,10.0,False
42125,2021,COPD,6.0,False
42125,2021,Current Asthma,10.4,False
42129,2019,COPD,6.3,False
42129,2019,Current Asthma,9.9,False
42129,2020,COPD,6.1,False
42129,2020,Current Asthma,10.1,False
42129,2021,COPD,6.0,False
42129,2021,Current Asthma,10.5,False
42131,2020,COPD,6.8,False
42131,2020,Current Asthma,10.0,False
42131,2021,COPD,6.6,False
42131,2021,Current Asthma,10.6,False
42133,2019,COPD,6.5,False
42133,2019,Current Asthma,9.9,False
42133,2020,COPD,6.5,False
42133,2020,Current Asthma,10.5,False
42133,2021,COPD,6.2,False
42133,2021,Current Asthma,10.6,False
44003,2019,COPD,6.8,False
44003,2019,Current Asthma,10.7,False
44003,2020,COPD,6.0,False
44003,2020,Current Asthma,11.9,False
44003,2021,COPD,5.4,False
44003,2021,Current Asthma,11.4,False
44003,2022,COPD,5.7,False
44003,2022,Current Asthma,11.8,False
44007,2019,COPD,6.8,False
44007,2019,Current Asthma,11.6,False
44007,2020,COPD,6.5,False
44007,2020,Current Asthma,12.6,False
44007,2021,COPD,5.6,False
44007,2021,Current Asthma,12.2,False
44007,2022,COPD,6.0,False
44007,2022,Current Asthma,12.4,False
44009,2019,COPD,5.9,False
44009,2019,Current Asthma,10.6,False
44009,2020,COPD,5.5,False
44009,2020,Current Asthma,11.6,False
44009,2021,COPD,5.0,False
44009,2021,Current Asthma,11.5,False
44009,2022,COPD,5.1,False
44009,2022,Current Asthma,10.9,False
45003,2020,COPD,6.8,False
45003,2020,Current Asthma,9.9,False
45003,2021,COPD,6.4,False
45003,2021,Current Asthma,9.7,False
45003,2022,COPD,6.1,False
45003,2022,Current Asthma,9.9,False
45007,2020,COPD,7.2,False
45007,2020,Current Asthma,10.1,False
45007,2021,COPD,7.0,False
45007,2021,Current Asthma,9.7,False
45007,2022,COPD,7.0,False
45007,2022,Current Asthma,10.2,False
45015,2020,COPD,6.5,False
45015,2020,Current Asthma,9.9,False
45015,2021,COPD,6.1,False
45015,2021,Current Asthma,9.3,False
45015,2022,COPD,5.7,False
45015,2022,Current Asthma,9.5,False
45019,2019,COPD,5.7,False
45019,2019,Current Asthma,9.4,False
45019,2020,COPD,5.4,False
45019,2020,Current Asthma,9.6,False
45019,2021,COPD,5.1,False
45019,2021,Current Asthma,9.0,False
45019,2022,COPD,5.0,False
45019,2022,Current Asthma,8.8,False
45031,2020,COPD,8.0,False
45031,2020,Current Asthma,11.0,False
45031,2021,COPD,7.7,False
45031,2021,Current Asthma,10.4,False
45031,2022,COPD,7.9,False
45031,2022,Current Asthma,10.8,False
45041,2019,COPD,7.5,False
45041,2019,Current Asthma,10.3,False
45041,2020,COPD,7.2,False
45041,2020,Current Asthma,10.9,False
45041,2021,COPD,7.0,False
45041,2021,Current Asthma,9.9,False
45041,2022,COPD,7.0,False
45041,2022,Current Asthma,10.3,False
45045,2019,COPD,5.9,False
45045,2019,Current Asthma,8.7,False
45045,2020,COPD,5.9,False
45045,2020,Current Asthma,9.9,False
45045,2021,COPD,5.6,False
45045,2021,Current Asthma,9.0,False
45045,2022,COPD,5.7,False
45045,2022,Current Asthma,9.5,False
45051,2020,COPD,6.9,False
45051,2020,Current Asthma,9.6,False
45051,2021,COPD,6.6,False
45051,2021,Current Asthma,9.5,False
45051,2022,COPD,6.7,False
45051,2022,Current Asthma,9.3,False
45063,2019,COPD,6.4,False
45063,2019,Current Asthma,9.2,False
45063,2020,COPD,6.4,False
45063,2020,Current Asthma,9.7,False
45063,2021,COPD,6.1,False
45063,2021,Current Asthma,9.2,False
45063,2022,COPD,5.9,False
45063,2022,Current Asthma,9.3,False
45079,2019,COPD,5.8,False
45079,2019,Current Asthma,9.7,False
45079,2020,COPD,5.8,False
45079,2020,Current Asthma,10.6,False
45079,2021,COPD,5.7,False
45079,2021,Current Asthma,10.0,False
45079,2022,COPD,5.7,False
45079,2022,Current Asthma,9.9,False
45083,2019,COPD,7.0,False
45083,2019,Current Asthma,9.5,False
45083,2020,COPD,6.8,False
45083,2020,Current Asthma,10.1,False
45083,2021,COPD,6.8,False
45083,2021,Current Asthma,10.0,False
45083,2022,COPD,6.7,False
45083,2022,Current Asthma,9.7,False
45091,2019,COPD,6.0,False
45091,2019,Current Asthma,8.9,False
45091,2020,COPD,5.8,False
45091,2020,Current Asthma,9.7,False
45091,2021,COPD,5.5,False
45091,2021,Current Asthma,9.1,False
45091,2022,COPD,5.3,False
45091,2022,Current Asthma,9.3,False
46011,2019,COPD,4.6,False
46011,2019,Current Asthma,7.8,False
46011,2020,COPD,4.8,False
46011,2020,Current Asthma,8.7,False
46011,2021,COPD,4.9,False
46011,2021,Current Asthma,8.9,False
46011,2022,COPD,5.5,False
46011,2022,Current Asthma,9.7,False
46013,2020,COPD,4.7,False
46013,2020,Current Asthma,8.5,False
46013,2021,COPD,5.2,False
46013,2021,Current Asthma,8.4,False
46013,2022,COPD,5.4,False
46013,2022,Current Asthma,9.8,False
46029,2019,COPD,5.5,False
46029,2019,Current Asthma,8.5,False
46029,2020,COPD,5.5,False
46029,2020,Current Asthma,8.6,False
46029,2021,COPD,5.8,False
46029,2021,Current Asthma,8.9,False
46029,2022,COPD,6.1,False
46029,2022,Current Asthma,10.4,False
46065,2019,COPD,5.0,False
46065,2019,Current Asthma,8.8,False
46065,2020,COPD,4.8,False
46065,2020,Current Asthma,9.1,False
46065,2021,COPD,5.1,False
46065,2021,Current Asthma,9.0,False
46065,2022,COPD,5.0,False
46065,2022,Current Asthma,10.3,False
46099,2019,COPD,4.8,False
46099,2019,Current Asthma,8.0,False
46099,2020,COPD,4.8,False
46099,2020,Current Asthma,9.3,False
46099,2021,COPD,5.0,False
46099,2021,Current Asthma,8.8,False
46099,2022,COPD,5.3,False
46099,2022,Current Asthma,9.7,False
46103,2019,COPD,5.3,False
46103,2019,Current Asthma,8.3,False
46103,2020,COPD,5.4,False
46103,2020,Current Asthma,9.1,False
46103,2021,COPD,5.2,False
46103,2021,Current Asthma,8.7,False
46103,2022,COPD,5.6,False
46103,2022,Current Asthma,10.3,False
47001,2019,COPD,8.8,False
47001,2019,Current Asthma,9.9,False
47001,2020,COPD,8.1,False
47001,2020,Current Asthma,10.7,False
47001,2021,COPD,8.1,False
47001,2021,Current Asthma,10.5,False
47001,2022,COPD,7.9,False
47001,2022,Current Asthma,10.8,False
47009,2019,COPD,8.3,False
47009,2019,Current Asthma,9.6,False
47009,2020,COPD,7.4,False
47009,2020,Current Asthma,10.4,False
47009,2021,COPD,7.6,False
47009,2021,Current Asthma,10.2,False
47009,2022,COPD,7.3,False
47009,2022,Current Asthma,10.6,False
47037,2019,COPD,7.0,False
47037,2019,Current Asthma,9.5,False
47037,2020,COPD,6.5,False
47037,2020,Current Asthma,10.4,False
47037,2021,COPD,6.4,False
47037,2021,Current Asthma,10.5,False
47037,2022,COPD,6.3,False
47037,2022,Current Asthma,10.6,False
47045,2019,COPD,9.7,False
47045,2019,Current Asthma,10.4,False
47045,2020,COPD,8.9,False
47045,2020,Current Asthma,11.2,False
47045,2021,COPD,8.7,False
47045,2021,Current Asthma,10.9,False
47045,2022,COPD,8.8,False
47045,2022,Current Asthma,11.5,False
47065,2019,COPD,7.4,False
47065,2019,Current Asthma,9.5,False
47065,2020,COPD,6.8,False
47065,2020,Current Asthma,10.2,False
47065,2021,COPD,7.0,False
47065,2021,Current Asthma,10.7,False
47065,2022,COPD,6.7,False
47065,2022,Current Asthma,11.1,False
47089,2019,COPD,9.3,False
47089,2019,Current Asthma,10.2,False
47089,2020,COPD,8.5,False
47089,2020,Current Asthma,10.5,False
47089,2021,COPD,8.5,False
47089,2021,Current Asthma,10.6,False
47089,2022,COPD,7.9,False
47089,2022,Current Asthma,11.0,False
47093,2019,COPD,7.5,False
47093,2019,Current Asthma,9.4,False
47093,2020,COPD,6.9,False
47093,2020,Current Asthma,10.6,False
47093,2021,COPD,7.0,False
47093,2021,Current Asthma,10.1,False
47093,2022,COPD,6.8,False
47093,2022,Current Asthma,10.6,False
47099,2019,COPD,10.4,True
47099,2019,Current Asthma,10.6,False
47099,2020,COPD,9.8,False
47099,2020,Current Asthma,11.0,False
47099,2021,COPD,9.8,False
47099,2021,Current Asthma,10.9,False
47099,2022,COPD,9.6,False
47099,2022,Current Asthma,11.3,False
47105,2019,COPD,7.9,False
47105,2019,Current Asthma,9.2,False
47105,2020,COPD,7.3,False
47105,2020,Current Asthma,10.1,False
47105,2021,COPD,7.4,False
47105,2021,Current Asthma,10.2,False
47105,2022,COPD,7.2,False
47105,2022,Current Asthma,10.5,False
47107,2019,COPD,10.0,False
47107,2019,Current Asthma,10.5,False
47107,2020,COPD,9.1,False
47107,2020,Current Asthma,10.7,False
47107,2021,COPD,9.0,False
47107,2021,Current Asthma,10.8,False
47107,2022,COPD,8.6,False
47107,2022,Current Asthma,11.2,False
47113,2019,COPD,8.5,False
47113,2019,Current Asthma,10.0,False
47113,2020,COPD,8.0,False
47113,2020,Current Asthma,11.0,False
47113,2021,COPD,8.1,False
47113,2021,Current Asthma,11.1,False
47113,2022,COPD,7.9,False
47113,2022,Current Asthma,11.6,False
47119,2019,COPD,7.8,False
47119,2019,Current Asthma,9.5,False
47119,2020,COPD,7.1,False
47119,2020,Current Asthma,10.2,False
47119,2021,COPD,7.2,False
47119,2021,Current Asthma,10.3,False
47119,2022,COPD,6.8,False
47119,2022,Current Asthma,10.7,False
47125,2019,COPD,7.5,False
47125,2019,Current Asthma,9.7,False
47125,2020,COPD,6.9,False
47125,2020,Current Asthma,10.4,False
47125,2021,COPD,6.8,False
47125,2021,Current Asthma,10.3,False
47125,2022,COPD,6.5,False
47125,2022,Current Asthma,10.7,False
47141,2019,COPD,9.1,False
47141,2019,Current Asthma,9.8,False
47141,2020,COPD,8.6,False
47141,2020,Current Asthma,10.4,False
47141,2021,COPD,8.6,False
47141,2021,Current Asthma,10.7,False
47141,2022,COPD,8.4,False
47141,2022,Current Asthma,10.9,False
47145,2019,COPD,8.9,False
47145,2019,Current Asthma,10.1,False
47145,2020,COPD,8.1,False
47145,2020,Current Asthma,10.3,False
47145,2021,COPD,8.0,False
47145,2021,Current Asthma,10.4,False
47145,2022,COPD,8.2,False
47145,2022,Current Asthma,11.0,False
47155,2019,COPD,9.2,False
47155,2019,Current Asthma,9.7,False
47155,2020,COPD,8.7,False
47155,2020,Current Asthma,10.6,False
47155,2021,COPD,8.5,False
47155,2021,Current Asthma,10.6,False
47155,2022,COPD,8.2,False
47155,2022,Current Asthma,10.8,False
47157,2019,COPD,7.9,False
47157,2019,Current Asthma,10.0,False
47157,2020,COPD,7.2,False
47157,2020,Current Asthma,11.2,False
47157,2021,COPD,7.4,False
47157,2021,Current Asthma,11.0,False
47157,2022,COPD,7.3,False
47157,2022,Current Asthma,11.7,False
47163,2019,COPD,9.4,False
47163,2019,Current Asthma,10.3,False
47163,2020,COPD,8.4,False
47163,2020,Current Asthma,10.9,False
47163,2021,COPD,8.5,False
47163,2021,Current Asthma,10.8,False
47163,2022,COPD,8.3,False
47163,2022,Current Asthma,11.3,False
47165,2019,COPD,7.4,False
47165,2019,Current Asthma,9.4,False
47165,2020,COPD,6.9,False
47165,2020,Current Asthma,10.2,False
47165,2021,COPD,7.0,False
47165,2021,Current Asthma,10.4,False
47165,2022,COPD,6.5,False
47165,2022,Current Asthma,10.7,False
47187,2019,COPD,5.1,False
47187,2019,Current Asthma,8.2,False
47187,2020,COPD,4.7,False
47187,2020,Current Asthma,9.0,False
47187,2021,COPD,4.6,False
47187,2021,Current Asthma,9.2,False
47187,2022,COPD,4.5,False
47187,2022,Current Asthma,9.8,False
47189,2019,COPD,6.9,False
47189,2019,Current Asthma,9.0,False
47189,2020,COPD,6.4,False
47189,2020,Current Asthma,10.0,False
47189,2021,COPD,6.4,False
47189,2021,Current Asthma,9.9,False
47189,2022,COPD,6.0,False
47189,2022,Current Asthma,10.4,False
48013,2020,COPD,5.8,False
48013,2020,Current Asthma,8.7,False
48013,2021,COPD,6.1,False
48013,2021,Current Asthma,9.2,False
48013,2022,COPD,5.8,False
48013,2022,Current Asthma,9.2,False
48027,2019,COPD,6.0,False
48027,2019,Current Asthma,8.7,False
48027,2020,COPD,6.3,False
48027,2020,Current Asthma,9.7,False
48027,2021,COPD,6.5,False
48027,2021,Current Asthma,10.0,False
48027,2022,COPD,6.0,False
48027,2022,Current Asthma,10.7,False
48029,2019,COPD,5.0,False
48029,2019,Current Asthma,7.8,False
48029,2020,COPD,5.4,False
48029,2020,Current Asthma,9.1,False
48029,2021,COPD,5.7,False
48029,2021,Current Asthma,9.3,False
48029,2022,COPD,5.0,False
48029,2022,Current Asthma,9.0,False
48037,2019,COPD,7.4,False
48037,2019,Current Asthma,9.3,False
48037,2020,COPD,7.2,False
48037,2020,Current Asthma,9.9,False
48037,2021,COPD,7.6,False
48037,2021,Current Asthma,10.3,False
48037,2022,COPD,7.1,False
48037,2022,Current Asthma,10.9,False
48039,2019,COPD,5.0,False
48039,2019,Current Asthma,7.6,False
48039,2020,COPD,5.2,False
48039,2020,Current Asthma,8.5,False
48039,2021,COPD,5.4,False
48039,2021,Current Asthma,8.9,False
48039,2022,COPD,4.8,False
48039,2022,Current Asthma,9.3,False
48041,2020,COPD,6.6,False
48041,2020,Current Asthma,9.5,False
48041,2021,COPD,6.7,False
48041,2021,Current Asthma,9.8,False
48041,2022,COPD,6.3,False
48041,2022,Current Asthma,9.8,False
48043,2019,COPD,5.1,False
48043,2019,Current Asthma,7.7,False
48043,2020,COPD,5.7,False
48043,2020,Current Asthma,8.8,False
48043,2021,COPD,5.3,False
48043,2021,Current Asthma,8.8,False
48043,2022,COPD,4.5,False
48043,2022,Current Asthma,9.0,False
48061,2019,COPD,6.4,False
48061,2019,Current Asthma,8.1,False
48061,2020,COPD,6.2,False
48061,2020,Current Asthma,8.7,False
48061,2021,COPD,6.5,False
48061,2021,Current Asthma,9.1,False
48061,2022,COPD,5.9,False
48061,2022,Current Asthma,8.7,False
48085,2019,COPD,4.4,False
48085,2019,Current Asthma,7.3,True
48085,2020,COPD,4.3,False
48085,2020,Current Asthma,8.2,False
48085,2021,COPD,4.4,False
48085,2021,Current Asthma,8.5,False
48085,2022,COPD,4.0,False
48085,2022,Current Asthma,8.8,False
48113,2019,COPD,5.9,False
48113,2019,Current Asthma,8.3,False
48113,2020,COPD,5.9,False
48113,2020,Current Asthma,9.1,False
48113,2021,COPD,6.0,False
48113,2021,Current Asthma,9.9,False
48113,2022,COPD,5.5,False
48113,2022,Current Asthma,9.7,False
48121,2019,COPD,4.7,False
48121,2019,Current Asthma,7.6,False
48121,2020,COPD,4.7,False
48121,2020,Current Asthma,8.7,False
48121,2021,COPD,4.8,False
48121,2021,Current Asthma,8.8,False
48121,2022,COPD,4.2,False
48121,2022,Current Asthma,9.3,False
48135,2019,COPD,5.6,False
48135,2019,Current Asthma,8.0,False
48135,2020,COPD,6.0,False
48135,2020,Current Asthma,8.9,False
48135,2021,COPD,6.5,False
48135,2021,Current Asthma,9.3,False
48135,2022,COPD,5.9,False
48135,2022,Current Asthma,9.2,False
48139,2019,COPD,5.8,False
48139,2019,Current Asthma,8.3,False
48139,2020,COPD,5.9,False
48139,2020,Current Asthma,9.2,False
48139,2021,COPD,6.0,False
48139,2021,Current Asthma,9.5,False
48139,2022,COPD,5.3,False
48139,2022,Current Asthma,10.0,False
48141,2019,COPD,4.9,False
48141,2019,Current Asthma,7.4,True
48141,2020,COPD,5.3,False
48141,2020,Current Asthma,8.9,False
48141,2021,COPD,5.4,False
48141,2021,Current Asthma,8.8,False
48141,2022,COPD,4.8,False
48141,2022,Current Asthma,8.6,False
48167,2019,COPD,5.7,False
48167,2019,Current Asthma,8.0,False
48167,2020,COPD,5.7,False
48167,2020,Current Asthma,9.3,False
48167,2021,COPD,5.9,False
48167,2021,Current Asthma,9.4,False
48167,2022,COPD,5.3,False
48167,2022,Current Asthma,9.8,False
48183,2019,COPD,7.5,False
48183,2019,Current Asthma,9.4,False
48183,2020,COPD,7.5,False
48183,2020,Current Asthma,10.2,False
48183,2021,COPD,7.6,False
48183,2021,Current Asthma,10.4,False
48183,2022,COPD,6.9,False
48183,2022,Current Asthma,10.7,False
48201,2019,COPD,5.5,False
48201,2019,Current Asthma,7.9,False
48201,2020,COPD,5.6,False
48201,2020,Current Asthma,8.8,False
48201,2021,COPD,6.0,False
48201,2021,Current Asthma,9.5,False
48201,2022,COPD,5.5,False
48201,2022,Current Asthma,9.2,False
48203,2019,COPD,7.5,False
48203,2019,Current Asthma,9.4,False
48203,2020,COPD,7.5,False
48203,2020,Current Asthma,10.2,False
48203,2021,COPD,7.5,False
48203,2021,Current Asthma,10.3,False
48203,2022,COPD,6.9,False
48203,2022,Current Asthma,10.8,False
48215,2019,COPD,6.2,False
48215,2019,Current Asthma,7.9,False
48215,2020,COPD,6.4,False
48215,2020,Current Asthma,8.8,False
48215,2021,COPD,6.9,False
48215,2021,Current Asthma,9.5,False
48215,2022,COPD,6.0,False
48215,2022,Current Asthma,8.7,False
48221,2019,COPD,6.3,False
48221,2019,Current Asthma,8.4,False
48221,2020,COPD,6.1,False
48221,2020,Current Asthma,9.2,False
48221,2021,COPD,6.2,False
48221,2021,Current Asthma,9.4,False
48221,2022,COPD,5.5,False
48221,2022,Current Asthma,9.9,False
48231,2019,COPD,7.4,False
48231,2019,Current Asthma,8.9,False
48231,2020,COPD,7.3,False
48231,2020,Current Asthma,9.8,False
48231,2021,COPD,7.4,False
48231,2021,Current Asthma,10.0,False
48231,2022,COPD,6.7,False
48231,2022,Current Asthma,10.3,False
48245,2019,COPD,6.9,False
48245,2019,Current Asthma,9.0,False
48245,2020,COPD,7.1,False
48245,2020,Current Asthma,9.9,False
48245,2021,COPD,7.5,False
48245,2021,Current Asthma,10.3,False
48245,2022,COPD,7.0,False
48245,2022,Current Asthma,10.6,False
48251,2019,COPD,6.7,False
48251,2019,Current Asthma,8.5,False
48251,2020,COPD,6.8,False
48251,2020,Current Asthma,9.4,False
48251,2021,COPD,6.9,False
48251,2021,Current Asthma,9.6,False
48251,2022,COPD,6.2,False
48251,2022,Current Asthma,10.2,False
48255,2020,COPD,6.8,False
48255,2020,Current Asthma,8.8,False
48255,2021,COPD,7.4,False
48255,2021,Current Asthma,9.2,False
48255,2022,COPD,6.9,False
48255,2022,Current Asthma,9.2,False
48257,2019,COPD,6.4,False
48257,2019,Current Asthma,8.5,False
48257,2020,COPD,6.5,False
48257,2020,Current Asthma,9.5,False
48257,2021,COPD,6.6,False
48257,2021,Current Asthma,9.8,False
48257,2022,COPD,5.9,False
48257,2022,Current Asthma,10.4,False
48273,2019,COPD,5.6,False
48273,2019,Current Asthma,8.1,False
48273,2020,COPD,5.8,False
48273,2020,Current Asthma,8.8,False
48273,2021,COPD,6.2,False
48273,2021,Current Asthma,9.3,False
48273,2022,COPD,5.8,False
48273,2022,Current Asthma,9.1,False
48303,2019,COPD,6.1,False
48303,2019,Current Asthma,8.5,False
48303,2020,COPD,6.4,False
48303,2020,Current Asthma,9.4,False
48303,2021,COPD,6.5,False
48303,2021,Current Asthma,9.9,False
48303,2022,COPD,6.0,False
48303,2022,Current Asthma,9.7,False
48309,2019,COPD,6.9,False
48309,2019,Current Asthma,9.0,False
48309,2020,COPD,7.2,False
48309,2020,Current Asthma,9.9,False
48309,2021,COPD,7.3,False
48309,2021,Current Asthma,10.1,False
48309,2022,COPD,6.5,False
48309,2022,Current Asthma,10.4,False
48323,2019,COPD,6.4,False
48323,2019,Current Asthma,8.4,False
48323,2020,COPD,5.9,False
48323,2020,Current Asthma,8.6,False
48323,2021,COPD,6.4,False
48323,2021,Current Asthma,9.6,False
48323,2022,COPD,5.7,False
48323,2022,Current Asthma,8.9,False
48339,2019,COPD,5.7,False
48339,2019,Current Asthma,8.0,False
48339,2020,COPD,5.6,False
48339,2020,Current Asthma,8.9,False
48339,2021,COPD,5.8,False
48339,2021,Current Asthma,9.3,False
48339,2022,COPD,5.1,False
48339,2022,Current Asthma,9.5,False
48349,2019,COPD,7.5,False
48349,2019,Current Asthma,9.2,False
48349,2020,COPD,7.7,False
48349,2020,Current Asthma,10.1,False
48349,2021,COPD,8.0,False
48349,2021,Current Asthma,10.2,False
48349,2022,COPD,7.6,False
48349,2022,Current Asthma,10.6,False
48355,2019,COPD,5.7,False
48355,2019,Current Asthma,8.3,False
48355,2020,COPD,5.7,False
48355,2020,Current Asthma,9.2,False
48355,2021,COPD,6.1,False
48355,2021,Current Asthma,9.3,False
48355,2022,COPD,5.5,False
48355,2022,Current Asthma,9.3,False
48361,2019,COPD,7.5,False
48361,2019,Current Asthma,9.0,False
48361,2020,COPD,7.3,False
48361,2020,Current Asthma,9.7,False
48361,2021,COPD,7.5,False
48361,2021,Current Asthma,10.0,False
48361,2022,COPD,6.9,False
48361,2022,Current Asthma,10.6,False
48367,2019,COPD,6.2,False
48367,2019,Current Asthma,8.5,False
48367,2020,COPD,6.3,False
48367,2020,Current Asthma,9.2,False
48367,2021,COPD,6.3,False
48367,2021,Current Asthma,9.5,False
48367,2022,COPD,5.5,False
48367,2022,Current Asthma,10.0,False
48375,2019,COPD,7.5,False
48375,2019,Current Asthma,8.7,False
48375,2020,COPD,8.0,False
48375,2020,Current Asthma,9.7,False
48375,2021,COPD,8.4,False
48375,2021,Current Asthma,10.1,False
48375,2022,COPD,7.7,False
48375,2022,Current Asthma,10.1,False
48397,2019,COPD,4.8,False
48397,2019,Current Asthma,7.8,False
48397,2020,COPD,4.7,False
48397,2020,Current Asthma,8.7,False
48397,2021,COPD,4.8,False
48397,2021,Current Asthma,9.0,False
48397,2022,COPD,4.2,False
48397,2022,Current Asthma,9.6,False
48423,2019,COPD,6.7,False
48423,2019,Current Asthma,9.0,False
48423,2020,COPD,6.5,False
48423,2020,Current Asthma,9.5,False
48423,2021,COPD,6.9,False
48423,2021,Current Asthma,10.3,False
48423,2022,COPD,6.2,False
48423,2022,Current Asthma,10.5,False
48439,2019,COPD,5.7,False
48439,2019,Current Asthma,8.1,False
48439,2020,COPD,5.7,False
48439,2020,Current Asthma,9.5,False
48439,2021,COPD,6.1,False
48439,2021,Current Asthma,9.6,False
48439,2022,COPD,5.3,False
48439,2022,Current Asthma,10.0,False
48453,2019,COPD,4.5,False
48453,2019,Current Asthma,7.8,False
48453,2020,COPD,4.5,False
48453,2020,Current Asthma,8.5,False
48453,2021,COPD,4.7,False
48453,2021,Current Asthma,8.4,False
48453,2022,COPD,4.2,False
48453,2022,Current Asthma,9.1,False
48469,2019,COPD,5.9,False
48469,2019,Current Asthma,8.1,False
48469,2020,COPD,6.3,False
48469,2020,Current Asthma,9.1,False
48469,2021,COPD,6.8,False
48469,2021,Current Asthma,9.5,False
48469,2022,COPD,6.1,False
48469,2022,Current Asthma,9.7,False
48479,2019,COPD,5.9,False
48479,2019,Current Asthma,8.2,False
48479,2020,COPD,5.7,False
48479,2020,Current Asthma,9.0,False
48479,2021,COPD,6.0,False
48479,2021,Current Asthma,9.4,False
48479,2022,COPD,5.2,False
48479,2022,Current Asthma,8.6,False
48493,2020,COPD,5.7,False
48493,2020,Current Asthma,8.8,False
48493,2021,COPD,5.9,False
48493,2021,Current Asthma,9.1,False
48493,2022,COPD,5.2,False
48493,2022,Current Asthma,9.4,False
49003,2019,COPD,5.2,False
49003,2019,Current Asthma,10.0,False
49003,2020,COPD,5.3,False
49003,2020,Current Asthma,10.7,False
49003,2021,COPD,5.5,False
49003,2021,Current Asthma,10.2,False
49003,2022,COPD,5.4,False
49003,2022,Current Asthma,11.1,False
49005,2019,COPD,5.1,False
49005,2019,Current Asthma,9.6,False
49005,2020,COPD,5.3,False
49005,2020,Current Asthma,10.6,False
49005,2021,COPD,5.4,False
49005,2021,Current Asthma,10.3,False
49005,2022,COPD,5.3,False
49005,2022,Current Asthma,10.4,False
49007,2019,COPD,5.7,False
49007,2019,Current Asthma,10.5,False
49007,2020,COPD,6.1,False
49007,2020,Current Asthma,11.7,False
49007,2021,COPD,6.5,False
49007,2021,Current Asthma,11.0,False
49007,2022,COPD,6.6,False
49007,2022,Current Asthma,11.7,False
49011,2019,COPD,4.2,False
49011,2019,Current Asthma,9.7,False
49011,2020,COPD,4.2,False
49011,2020,Current Asthma,11.5,False
49011,2021,COPD,4.3,False
49011,2021,Current Asthma,9.8,False
49011,2022,COPD,4.3,False
49011,2022,Current Asthma,10.9,False
49013,2019,COPD,6.2,False
49013,2019,Current Asthma,10.3,False
49013,2020,COPD,6.5,False
49013,2020,Current Asthma,11.2,False
49013,2021,COPD,6.6,False
49013,2021,Current Asthma,10.8,False
49013,2022,COPD,6.5,False
49013,2022,Current Asthma,11.3,False
49017,2019,COPD,5.6,False
49017,2019,Current Asthma,9.7,False
49017,2020,COPD,5.8,False
49017,2020,Current Asthma,10.8,False
49017,2021,COPD,5.9,False
49017,2021,Current Asthma,10.3,False
49017,2022,COPD,5.2,False
49017,2022,Current Asthma,10.8,False
49021,2019,COPD,6.0,False
49021,2019,Current Asthma,10.1,False
49021,2020,COPD,6.2,False
49021,2020,Current Asthma,11.2,False
49021,2021,COPD,6.3,False
49021,2021,Current Asthma,10.7,False
49021,2022,COPD,5.9,False
49021,2022,Current Asthma,11.0,False
49035,2019,COPD,4.6,False
49035,2019,Current Asthma,10.4,False
49035,2020,COPD,4.6,False
49035,2020,Current Asthma,10.9,False
49035,2021,COPD,4.8,False
49035,2021,Current Asthma,9.7,False
49035,2022,COPD,4.5,False
49035,2022,Current Asthma,10.9,False
49037,2019,COPD,7.8,False
49037,2019,Current Asthma,11.9,False
49037,2020,COPD,7.5,False
49037,2020,Current Asthma,12.5,False
49037,2021,COPD,7.3,False
49037,2021,Current Asthma,11.9,False
49037,2022,COPD,8.0,False
49037,2022,Current Asthma,13.3,True
49045,2019,COPD,5.2,False
49045,2019,Current Asthma,10.1,False
49045,2020,COPD,5.2,False
49045,2020,Current Asthma,10.3,False
49045,2021,COPD,5.1,False
49045,2021,Current Asthma,10.2,False
49045,2022,COPD,4.8,False
49045,2022,Current Asthma,11.3,False
49047,2019,COPD,6.4,False
49047,2019,Current Asthma,10.5,False
49047,2020,COPD,6.5,False
49047,2020,Current Asthma,11.0,False
49047,2021,COPD,6.7,False
49047,2021,Current Asthma,11.4,False
49047,2022,COPD,6.3,False
49047,2022,Current Asthma,11.5,False
49049,2019,COPD,4.4,False
49049,2019,Current Asthma,8.8,False
49049,2020,COPD,4.4,False
49049,2020,Current Asthma,10.1,False
49049,2021,COPD,4.5,False
49049,2021,Current Asthma,9.8,False
49049,2022,COPD,4.4,False
49049,2022,Current Asthma,9.8,False
49053,2019,COPD,5.1,False
49053,2019,Current Asthma,9.1,False
49053,2020,COPD,5.0,False
49053,2020,Current Asthma,10.5,False
49053,2021,COPD,5.2,False
49053,2021,Current Asthma,10.0,False
49053,2022,COPD,5.1,False
49053,2022,Current Asthma,10.9,False
49057,2019,COPD,5.0,False
49057,2019,Current Asthma,10.0,False
49057,2020,COPD,5.2,False
49057,2020,Current Asthma,11.0,False
49057,2021,COPD,5.3,False
49057,2021,Current Asthma,10.3,False
49057,2022,COPD,4.9,False
49057,2022,Current Asthma,11.4,False
50003,2019,COPD,6.5,False
50003,2019,Current Asthma,11.1,False
50003,2020,COPD,5.9,False
50003,2020,Current Asthma,10.4,False
50003,2021,COPD,5.7,False
50003,2021,Current Asthma,11.1,False
50003,2022,COPD,5.6,False
50003,2022,Current Asthma,11.7,False
50007,2019,COPD,5.2,False
50007,2019,Current Asthma,9.6,False
50007,2020,COPD,4.8,False
50007,2020,Current Asthma,9.7,False
50007,2021,COPD,4.8,False
50007,2021,Current Asthma,10.7,False
50007,2022,COPD,4.6,False
50007,2022,Current Asthma,10.9,False
50021,2019,COPD,6.4,False
50021,2019,Current Asthma,10.7,False
50021,2020,COPD,5.8,False
50021,2020,Current Asthma,10.4,False
50021,2021,COPD,5.8,False
50021,2021,Current Asthma,11.1,False
50021,2022,COPD,6.1,False
50021,2022,Current Asthma,12.0,False
51013,2019,COPD,3.6,False
51013,2019,Current Asthma,7.9,False
51013,2020,COPD,3.5,False
51013,2020,Current Asthma,8.1,False
51013,2021,COPD,3.6,False
51013,2021,Current Asthma,9.1,False
51013,2022,COPD,3.4,False
51013,2022,Current Asthma,9.0,False
51041,2019,COPD,5.7,False
51041,2019,Current Asthma,9.2,False
51041,2020,COPD,5.2,False
51041,2020,Current Asthma,9.5,False
51041,2021,COPD,5.3,False
51041,2021,Current Asthma,10.3,False
51041,2022,COPD,4.9,False
51041,2022,Current Asthma,10.6,False
51059,2019,COPD,4.0,False
51059,2019,Current Asthma,7.7,False
51059,2020,COPD,3.8,False
51059,2020,Current Asthma,8.0,False
51059,2021,COPD,3.8,False
51059,2021,Current Asthma,9.0,False
51071,2019,COPD,7.8,False
51071,2019,Current Asthma,9.8,False
51071,2020,COPD,7.0,False
51071,2020,Current Asthma,9.7,False
51071,2021,COPD,7.5,False
51071,2021,Current Asthma,10.6,False
51071,2022,COPD,7.1,False
51071,2022,Current Asthma,11.0,False
51087,2019,COPD,5.4,False
51087,2019,Current Asthma,9.3,False
51087,2020,COPD,5.0,False
51087,2020,Current Asthma,9.3,False
51087,2021,COPD,5.0,False
51087,2021,Current Asthma,10.3,False
51087,2022,COPD,5.0,False
51087,2022,Current Asthma,10.6,False
51107,2019,COPD,3.9,False
51107,2019,Current Asthma,7.5,True
51107,2020,COPD,3.7,False
51107,2020,Current Asthma,8.1,False
51107,2021,COPD,3.7,False
51107,2021,Current Asthma,8.7,False
51107,2022,COPD,3.6,False
51107,2022,Current Asthma,8.9,False
51143,2021,COPD,8.1,False
51143,2021,Current Asthma,11.3,False
51143,2022,COPD,8.2,False
51143,2022,Current Asthma,11.4,False
51147,2019,COPD,7.7,False
51147,2019,Current Asthma,10.5,False
51147,2020,COPD,7.6,False
51147,2020,Current Asthma,10.7,False
51147,2021,COPD,8.0,False
51147,2021,Current Asthma,11.5,False
51147,2022,COPD,7.8,False
51147,2022,Current Asthma,11.7,False
51153,2019,COPD,5.0,False
51153,2019,Current Asthma,8.3,False
51153,2020,COPD,4.5,False
51153,2020,Current Asthma,8.8,False
51153,2021,COPD,4.8,False
51153,2021,Current Asthma,9.7,False
51153,2022,COPD,4.5,False
51153,2022,Current Asthma,9.7,False
51161,2019,COPD,6.1,False
51161,2019,Current Asthma,8.9,False
51161,2020,COPD,5.7,False
51161,2020,Current Asthma,9.3,False
51161,2021,COPD,5.8,False
51161,2021,Current Asthma,10.0,False
51179,2019,COPD,5.0,False
51179,2019,Current Asthma,8.6,False
51179,2020,COPD,4.7,False
51179,2020,Current Asthma,8.9,False
51179,2021,COPD,4.9,False
51179,2021,Current Asthma,9.9,False
51179,2022,COPD,4.6,False
51179,2022,Current Asthma,10.2,False
51197,2019,COPD,8.3,False
51197,2019,Current Asthma,10.0,False
51197,2020,COPD,7.5,False
51197,2020,Current Asthma,9.8,False
51197,2021,COPD,8.0,False
51197,2021,Current Asthma,10.9,False
51197,2022,COPD,7.6,False
51197,2022,Current Asthma,11.3,False
51760,2019,COPD,7.4,False
51760,2019,Current Asthma,10.6,False
51760,2020,COPD,6.3,False
51760,2020,Current Asthma,10.8,False
51760,2021,COPD,6.5,False
51760,2021,Current Asthma,11.2,False
53001,2019,COPD,6.8,False
53001,2019,Current Asthma,10.1,False
53001,2020,COPD,7.1,False
53001,2020,Current Asthma,11.4,False
53001,2021,COPD,7.2,False
53001,2021,Current Asthma,11.6,False
53001,2022,COPD,6.7,False
53001,2022,Current Asthma,10.6,False
53003,2019,COPD,6.8,False
53003,2019,Current Asthma,10.9,False
53003,2020,COPD,6.9,False
53003,2020,Current Asthma,11.9,False
53003,2021,COPD,6.7,False
53003,2021,Current Asthma,12.0,False
53003,2022,COPD,6.2,False
53003,2022,Current Asthma,12.0,False
53005,2019,COPD,5.5,False
53005,2019,Current Asthma,10.3,False
53005,2020,COPD,5.5,False
53005,2020,Current Asthma,10.9,False
53005,2021,COPD,5.3,False
53005,2021,Current Asthma,10.7,False
53005,2022,COPD,5.1,False
53005,2022,Current Asthma,10.9,False
53007,2019,COPD,5.6,False
53007,2019,Current Asthma,9.6,False
53007,2020,COPD,5.9,False
53007,2020,Current Asthma,11.0,False
53007,2021,COPD,5.8,False
53007,2021,Current Asthma,10.9,False
53007,2022,COPD,5.1,False
53007,2022,Current Asthma,10.6,False
53009,2019,COPD,6.2,False
53009,2019,Current Asthma,10.5,False
53009,2020,COPD,6.1,False
53009,2020,Current Asthma,11.2,False
53009,2021,COPD,5.9,False
53009,2021,Current Asthma,11.4,False
53009,2022,COPD,5.4,False
53009,2022,Current Asthma,11.8,False
53011,2019,COPD,5.3,False
53011,2019,Current Asthma,10.3,False
53011,2020,COPD,5.4,False
53011,2020,Current Asthma,11.0,False
53011,2021,COPD,5.4,False
53011,2021,Current Asthma,10.9,False
53011,2022,COPD,4.9,False
53011,2022,Current Asthma,11.6,False
53013,2019,COPD,6.1,False
53013,2019,Current Asthma,10.5,False
53013,2020,COPD,5.8,False
53013,2020,Current Asthma,11.1,False
53013,2021,COPD,5.8,False
53013,2021,Current Asthma,11.3,False
53013,2022,COPD,5.5,False
53013,2022,Current Asthma,11.7,False
53015,2019,COPD,6.8,False
53015,2019,Current Asthma,11.1,False
53015,2020,COPD,6.7,False
53015,2020,Current Asthma,12.4,False
53015,2021,COPD,6.5,False
53015,2021,Current Asthma,12.1,False
53015,2022,COPD,6.2,False
53015,2022,Current Asthma,12.4,False
53021,2019,COPD,5.7,False
53021,2019,Current Asthma,9.5,False
53021,2020,COPD,6.0,False
53021,2020,Current Asthma,10.6,False
53021,2021,COPD,6.1,False
53021,2021,Current Asthma,10.8,False
53021,2022,COPD,5.6,False
53021,2022,Current Asthma,10.5,False
53023,2019,COPD,5.7,False
53023,2019,Current Asthma,10.3,False
53023,2020,COPD,5.2,False
53023,2020,Current Asthma,10.6,False
53023,2021,COPD,5.8,False
53023,2021,Current Asthma,11.3,False
53023,2022,COPD,5.1,False
53023,2022,Current Asthma,11.3,False
53025,2019,COPD,6.4,False
53025,2019,Current Asthma,9.8,False
53025,2020,COPD,6.5,False
53025,2020,Current Asthma,11.1,False
53025,2021,COPD,6.4,False
53025,2021,Current Asthma,11.4,False
53025,2022,COPD,5.9,False
53025,2022,Current Asthma,10.8,False
53027,2019,COPD,6.7,False
53027,2019,Current Asthma,10.5,False
53027,2020,COPD,7.0,False
53027,2020,Current Asthma,11.8,False
53027,2021,COPD,7.0,False
53027,2021,Current Asthma,11.9,False
53027,2022,COPD,6.4,False
53027,2022,Current Asthma,11.6,False
53031,2019,COPD,5.2,False
53031,2019,Current Asthma,9.9,False
53031,2020,COPD,5.2,False
53031,2020,Current Asthma,10.7,False
53031,2021,COPD,5.3,False
53031,2021,Current Asthma,11.0,False
53031,2022,COPD,4.6,False
53031,2022,Current Asthma,11.0,False
53033,2019,COPD,3.9,False
53033,2019,Current Asthma,8.8,False
53033,2020,COPD,3.8,False
53033,2020,Current Asthma,9.2,False
53033,2021,COPD,3.8,False
53033,2021,Current Asthma,9.7,False
53033,2022,COPD,3.3,False
53033,2022,Current Asthma,9.7,False
53035,2019,COPD,5.1,False
53035,2019,Current Asthma,9.7,False
53035,2020,COPD,5.1,False
53035,2020,Current Asthma,10.4,False
53035,2021,COPD,5.0,False
53035,2021,Current Asthma,10.8,False
53035,2022,COPD,4.6,False
53035,2022,Current Asthma,11.3,False
53037,2019,COPD,6.1,False
53037,2019,Current Asthma,10.4,False
53037,2020,COPD,6.1,False
53037,2020,Current Asthma,11.2,False
53037,2021,COPD,6.0,False
53037,2021,Current Asthma,11.0,False
53037,2022,COPD,5.5,False
53037,2022,Current Asthma,11.3,False
53039,2019,COPD,6.2,False
53039,2019,Current Asthma,10.5,False
53039,2020,COPD,6.6,False
53039,2020,Current Asthma,11.2,False
53041,2019,COPD,6.6,False
53041,2019,Current Asthma,10.3,False
53041,2020,COPD,6.7,False
53041,2020,Current Asthma,11.2,False
53041,2021,COPD,6.8,False
53041,2021,Current Asthma,11.7,False
53041,2022,COPD,6.0,False
53041,2022,Current Asthma,11.4,False
53045,2019,COPD,6.6,False
53045,2019,Current Asthma,10.4,False
53045,2020,COPD,6.6,False
53045,2020,Current Asthma,11.1,False
53045,2021,COPD,6.4,False
53045,2021,Current Asthma,11.2,False
53045,2022,COPD,5.7,False
53045,2022,Current Asthma,11.2,False
53047,2019,COPD,7.2,False
53047,2019,Current Asthma,10.7,False
53047,2020,COPD,7.8,False
53047,2020,Current Asthma,12.1,False
53047,2021,COPD,7.4,False
53047,2021,Current Asthma,12.0,False
53047,2022,COPD,6.7,False
53047,2022,Current Asthma,11.7,False
53051,2021,COPD,6.2,False
53051,2021,Current Asthma,11.3,False
53051,2022,COPD,6.3,False
53051,2022,Current Asthma,11.7,False
53053,2019,COPD,5.5,False
53053,2019,Current Asthma,10.2,False
53053,2020,COPD,5.4,False
53053,2020,Current Asthma,10.7,False
53053,2021,COPD,5.5,False
53053,2021,Current Asthma,10.9,False
53053,2022,COPD,4.9,False
53053,2022,Current Asthma,10.8,False
53057,2019,COPD,5.6,False
53057,2019,Current Asthma,9.9,False
53057,2020,COPD,5.7,False
53057,2020,Current Asthma,10.5,False
53057,2021,COPD,5.5,False
53057,2021,Current Asthma,11.0,False
53057,2022,COPD,5.2,False
53057,2022,Current Asthma,11.1,False
53061,2019,COPD,4.7,False
53061,2019,Current Asthma,10.0,False
53061,2020,COPD,5.0,False
53061,2020,Current Asthma,10.9,False
53061,2021,COPD,4.7,False
53061,2021,Current Asthma,10.2,False
53061,2022,COPD,4.4,False
53061,2022,Current Asthma,11.1,False
53063,2019,COPD,5.8,False
53063,2019,Current Asthma,10.7,False
53063,2020,COPD,6.1,False
53063,2020,Current Asthma,11.4,False
53063,2021,COPD,5.9,False
53063,2021,Current Asthma,11.6,False
53063,2022,COPD,5.4,False
53063,2022,Current Asthma,11.6,False
53065,2019,COPD,6.9,False
53065,2019,Current Asthma,11.3,False
53065,2020,COPD,6.8,False
53065,2020,Current Asthma,11.5,False
53065,2021,COPD,6.7,False
53065,2021,Current Asthma,11.6,False
53065,2022,COPD,6.4,False
53065,2022,Current Asthma,12.2,False
53067,2019,COPD,5.0,False
53067,2019,Current Asthma,9.7,False
53067,2020,COPD,5.3,False
53067,2020,Current Asthma,10.4,False
53067,2021,COPD,5.1,False
53067,2021,Current Asthma,11.3,False
53067,2022,COPD,4.6,False
53067,2022,Current Asthma,11.3,False
53071,2019,COPD,5.5,False
53071,2019,Current Asthma,9.9,False
53071,2020,COPD,5.8,False
53071,2020,Current Asthma,10.8,False
53071,2021,COPD,5.8,False
53071,2021,Current Asthma,11.1,False
53071,2022,COPD,5.2,False
53071,2022,Current Asthma,11.1,False
53073,2019,COPD,5.6,False
53073,2019,Current Asthma,10.1,False
53073,2020,COPD,5.6,False
53073,2020,Current Asthma,11.0,False
53073,2021,COPD,5.6,False
53073,2021,Current Asthma,10.9,False
53073,2022,COPD,4.9,False
53073,2022,Current Asthma,10.8,False
53075,2019,COPD,6.3,False
53075,2019,Current Asthma,10.8,False
53075,2020,COPD,6.6,False
53075,2020,Current Asthma,11.2,False
53075,2021,COPD,6.5,False
53075,2021,Current Asthma,11.6,False
53075,2022,COPD,6.2,False
53075,2022,Current Asthma,11.9,False
53077,2019,COPD,6.4,False
53077,2019,Current Asthma,10.1,False
53077,2020,COPD,6.9,False
53077,2020,Current Asthma,11.2,False
53077,2021,COPD,6.8,False
53077,2021,Current Asthma,11.4,False
53077,2022,COPD,6.0,False
53077,2022,Current Asthma,10.7,False
54003,2019,COPD,8.2,False
54003,2019,Current Asthma,10.8,False
54003,2020,COPD,8.3,False
54003,2020,Current Asthma,11.1,False
54003,2021,COPD,8.3,False
54003,2021,Current Asthma,11.6,False
54003,2022,COPD,7.5,False
54003,2022,Current Asthma,12.2,False
54009,2019,COPD,8.7,False
54009,2019,Current Asthma,10.4,False
54009,2020,COPD,8.8,False
54009,2020,Current Asthma,11.0,False
54009,2021,COPD,8.5,False
54009,2021,Current Asthma,11.4,False
54009,2022,COPD,7.6,False
54009,2022,Current Asthma,11.9,False
54011,2019,COPD,9.6,False
54011,2019,Current Asthma,11.1,False
54011,2020,COPD,10.4,True
54011,2020,Current Asthma,12.1,False
54011,2021,COPD,10.0,False
54011,2021,Current Asthma,12.3,False
54011,2022,COPD,8.8,False
54011,2022,Current Asthma,12.9,True
54029,2019,COPD,9.2,False
54029,2019,Current Asthma,10.8,False
54029,2020,COPD,9.6,False
54029,2020,Current Asthma,11.7,False
54029,2021,COPD,8.9,False
54029,2021,Current Asthma,11.6,False
54029,2022,COPD,8.4,False
54029,2022,Current Asthma,12.3,False
54039,2019,COPD,8.8,False
54039,2019,Current Asthma,11.4,False
54039,2020,COPD,9.0,False
54039,2020,Current Asthma,11.1,False
54039,2021,COPD,9.0,False
54039,2021,Current Asthma,11.5,False
54039,2022,COPD,8.0,False
54039,2022,Current Asthma,12.1,False
54051,2021,COPD,9.1,False
54051,2021,Current Asthma,11.3,False
54051,2022,COPD,8.7,False
54051,2022,Current Asthma,12.1,False
54061,2019,COPD,7.9,False
54061,2019,Current Asthma,10.4,False
54061,2020,COPD,8.3,False
54061,2020,Current Asthma,10.7,False
54061,2021,COPD,7.5,False
54061,2021,Current Asthma,11.0,False
54061,2022,COPD,7.3,False
54061,2022,Current Asthma,11.5,False
54069,2019,COPD,7.8,False
54069,2019,Current Asthma,10.6,False
54069,2020,COPD,8.5,False
54069,2020,Current Asthma,11.3,False
54069,2021,COPD,8.2,False
54069,2021,Current Asthma,11.4,False
54069,2022,COPD,7.7,False
54069,2022,Current Asthma,12.1,False
54107,2019,COPD,9.3,False
54107,2019,Current Asthma,11.1,False
54107,2020,COPD,9.6,False
54107,2020,Current Asthma,11.7,False
54107,2021,COPD,9.6,False
54107,2021,Current Asthma,12.1,False
54107,2022,COPD,8.7,False
54107,2022,Current Asthma,12.1,False
55003,2019,COPD,6.8,False
55003,2019,Current Asthma,10.5,False
55003,2020,COPD,7.0,False
55003,2020,Current Asthma,10.9,False
55003,2021,COPD,6.5,False
55003,2021,Current Asthma,11.2,False
55003,2022,COPD,6.9,False
55003,2022,Current Asthma,11.6,False
55009,2019,COPD,5.1,False
55009,2019,Current Asthma,9.6,False
55009,2020,COPD,5.2,False
55009,2020,Current Asthma,9.7,False
55009,2021,COPD,5.0,False
55009,2021,Current Asthma,10.0,False
55009,2022,COPD,5.4,False
55009,2022,Current Asthma,10.7,False
55021,2019,COPD,5.2,False
55021,2019,Current Asthma,9.3,False
55021,2020,COPD,5.3,False
55021,2020,Current Asthma,9.7,False
55021,2021,COPD,5.1,False
55021,2021,Current Asthma,10.0,False
55021,2022,COPD,5.6,False
55021,2022,Current Asthma,10.9,False
55025,2019,COPD,4.1,False
55025,2019,Current Asthma,9.3,False
55025,2020,COPD,4.2,False
55025,2020,Current Asthma,9.4,False
55025,2021,COPD,4.1,False
55025,2021,Current Asthma,10.0,False
55025,2022,COPD,4.3,False
55025,2022,Current Asthma,9.9,False
55027,2019,COPD,5.6,False
55027,2019,Current Asthma,9.5,False
55027,2020,COPD,5.7,False
55027,2020,Current Asthma,9.7,False
55027,2021,COPD,5.5,False
55027,2021,Current Asthma,10.2,False
55027,2022,COPD,5.8,False
55027,2022,Current Asthma,10.8,False
55029,2019,COPD,4.8,False
55029,2019,Current Asthma,9.2,False
55029,2020,COPD,4.9,False
55029,2020,Current Asthma,9.5,False
55029,2021,COPD,4.9,False
55029,2021,Current Asthma,10.1,False
55029,2022,COPD,5.1,False
55029,2022,Current Asthma,10.8,False
55035,2019,COPD,5.4,False
55035,2019,Current Asthma,9.7,False
55035,2020,COPD,5.3,False
55035,2020,Current Asthma,9.8,False
55035,2021,COPD,5.2,False
55035,2021,Current Asthma,10.2,False
55035,2022,COPD,5.4,False
55035,2022,Current Asthma,10.7,False
55039,2019,COPD,5.4,False
55039,2019,Current Asthma,9.8,False
55039,2020,COPD,5.4,False
55039,2020,Current Asthma,9.7,False
55039,2021,COPD,5.3,False
55039,2021,Current Asthma,10.3,False
55039,2022,COPD,5.7,False
55039,2022,Current Asthma,11.1,False
55041,2019,COPD,6.9,False
55041,2019,Current Asthma,10.6,False
55041,2020,COPD,7.0,False
55041,2020,Current Asthma,10.7,False
55041,2021,COPD,6.7,False
55041,2021,Current Asthma,11.2,False
55041,2022,COPD,7.6,False
55041,2022,Current Asthma,12.5,False
55043,2019,COPD,6.1,False
55043,2019,Current Asthma,9.9,False
55043,2020,COPD,6.4,False
55043,2020,Current Asthma,10.0,False
55043,2021,COPD,6.1,False
55043,2021,Current Asthma,10.6,False
55043,2022,COPD,6.5,False
55043,2022,Current Asthma,11.1,False
55053,2021,COPD,6.3,False
55053,2021,Current Asthma,10.6,False
55053,2022,COPD,6.8,False
55053,2022,Current Asthma,11.2,False
55055,2019,COPD,5.1,False
55055,2019,Current Asthma,9.4,False
55055,2020,COPD,5.3,False
55055,2020,Current Asthma,9.7,False
55055,2021,COPD,5.1,False
55055,2021,Current Asthma,10.3,False
55055,2022,COPD,5.4,False
55055,2022,Current Asthma,10.9,False
55059,2019,COPD,5.2,False
55059,2019,Current Asthma,9.6,False
55059,2020,COPD,5.5,False
55059,2020,Current Asthma,10.1,False
55059,2021,COPD,5.2,False
55059,2021,Current Asthma,10.2,False
55059,2022,COPD,5.7,False
55059,2022,Current Asthma,11.0,False
55061,2019,COPD,5.3,False
55061,2019,Current Asthma,9.4,False
55061,2020,COPD,5.4,False
55061,2020,Current Asthma,9.7,False
55061,2021,COPD,5.3,False
55061,2021,Current Asthma,10.2,False
55061,2022,COPD,5.7,False
55061,2022,Current Asthma,10.7,False
55063,2019,COPD,5.2,False
55063,2019,Current Asthma,9.1,False
55063,2020,COPD,5.1,False
55063,2020,Current Asthma,9.7,False
55063,2021,COPD,5.1,False
55063,2021,Current Asthma,10.5,False
55063,2022,COPD,5.5,False
55063,2022,Current Asthma,11.2,False
55071,2019,COPD,5.6,False
55071,2019,Current Asthma,9.8,False
55071,2020,COPD,5.5,False
55071,2020,Current Asthma,9.7,False
55071,2021,COPD,5.6,False
55071,2021,Current Asthma,10.4,False
55071,2022,COPD,5.9,False
55071,2022,Current Asthma,10.8,False
55073,2019,COPD,5.3,False
55073,2019,Current Asthma,9.5,False
55073,2020,COPD,5.4,False
55073,2020,Current Asthma,9.6,False
55073,2021,COPD,5.1,False
55073,2021,Current Asthma,10.0,False
55073,2022,COPD,5.5,False
55073,2022,Current Asthma,10.3,False
55079,2019,COPD,5.6,False
55079,2019,Current Asthma,10.1,False
55079,2020,COPD,5.8,False
55079,2020,Current Asthma,10.1,False
55079,2021,COPD,5.8,False
55079,2021,Current Asthma,11.5,False
55079,2022,COPD,6.3,False
55079,2022,Current Asthma,11.8,False
55081,2021,COPD,6.0,False
55081,2021,Current Asthma,10.6,False
55081,2022,COPD,6.8,False
55081,2022,Current Asthma,11.3,False
55087,2019,COPD,5.0,False
55087,2019,Current Asthma,9.1,False
55087,2020,COPD,5.0,False
55087,2020,Current Asthma,9.6,False
55087,2021,COPD,4.8,False
55087,2021,Current Asthma,10.3,False
55087,2022,COPD,5.2,False
55087,2022,Current Asthma,10.6,False
55089,2019,COPD,4.0,False
55089,2019,Current Asthma,8.8,False
55089,2020,COPD,4.1,False
55089,2020,Current Asthma,9.2,False
55089,2021,COPD,4.0,False
55089,2021,Current Asthma,9.8,False
55089,2022,COPD,4.2,False
55089,2022,Current Asthma,10.3,False
55101,2019,COPD,5.3,False
55101,2019,Current Asthma,9.9,False
55101,2020,COPD,5.6,False
55101,2020,Current Asthma,10.1,False
55101,2021,COPD,5.4,False
55101,2021,Current Asthma,10.6,False
55101,2022,COPD,5.6,False
55101,2022,Current Asthma,11.3,False
55105,2019,COPD,5.7,False
55105,2019,Current Asthma,9.5,False
55105,2020,COPD,5.8,False
55105,2020,Current Asthma,10.2,False
55105,2021,COPD,5.5,False
55105,2021,Current Asthma,10.6,False
55105,2022,COPD,5.8,False
55105,2022,Current Asthma,11.2,False
55111,2019,COPD,5.5,False
55111,2019,Current Asthma,9.5,False
55111,2020,COPD,5.6,False
55111,2020,Current Asthma,9.7,False
55111,2021,COPD,5.5,False
55111,2021,Current Asthma,10.4,False
55111,2022,COPD,5.7,False
55111,2022,Current Asthma,10.9,False
55117,2019,COPD,5.0,False
55117,2019,Current Asthma,9.0,False
55117,2020,COPD,5.1,False
55117,2020,Current Asthma,9.3,False
55117,2021,COPD,5.1,False
55117,2021,Current Asthma,9.9,False
55117,2022,COPD,5.3,False
55117,2022,Current Asthma,10.3,False
55125,2019,COPD,5.6,False
55125,2019,Current Asthma,9.7,False
55125,2020,COPD,5.6,False
55125,2020,Current Asthma,10.1,False
55125,2021,COPD,5.4,False
55125,2021,Current Asthma,10.7,False
55125,2022,COPD,5.6,False
55125,2022,Current Asthma,11.3,False
55127,2019,COPD,5.2,False
55127,2019,Current Asthma,9.0,False
55127,2020,COPD,5.3,False
55127,2020,Current Asthma,9.7,False
55127,2021,COPD,5.2,False
55127,2021,Current Asthma,10.2,False
55127,2022,COPD,5.4,False
55127,2022,Current Asthma,10.5,False
55133,2019,COPD,3.9,False
55133,2019,Current Asthma,8.6,False
55133,2020,COPD,4.1,False
55133,2020,Current Asthma,8.9,False
55133,2021,COPD,4.0,False
55133,2021,Current Asthma,9.8,False
55133,2022,COPD,4.1,False
55133,2022,Current Asthma,10.3,False
56001,2019,COPD,5.9,False
56001,2019,Current Asthma,9.1,False
56001,2020,COPD,5.6,False
56001,2020,Current Asthma,9.6,False
56001,2021,COPD,6.0,False
56001,2021,Current Asthma,9.8,False
56001,2022,COPD,5.9,False
56001,2022,Current Asthma,10.3,False
56003,2019,COPD,6.9,False
56003,2019,Current Asthma,9.3,False
56003,2020,COPD,6.5,False
56003,2020,Current Asthma,10.0,False
56003,2021,COPD,6.7,False
56003,2021,Current Asthma,10.0,False
56003,2022,COPD,7.0,False
56003,2022,Current Asthma,10.5,False
56005,2019,COPD,6.5,False
56005,2019,Current Asthma,8.9,False
56005,2020,COPD,6.3,False
56005,2020,Current Asthma,9.8,False
56005,2021,COPD,6.4,False
56005,2021,Current Asthma,9.5,False
56005,2022,COPD,6.1,False
56005,2022,Current Asthma,10.3,False
56007,2019,COPD,6.4,False
56007,2019,Current Asthma,8.7,False
56007,2020,COPD,6.5,False
56007,2020,Current Asthma,9.5,False
56007,2021,COPD,7.0,False
56007,2021,Current Asthma,9.9,False
56007,2022,COPD,6.7,False
56007,2022,Current Asthma,10.0,False
56009,2019,COPD,6.4,False
56009,2019,Current Asthma,9.1,False
56009,2020,COPD,6.3,False
56009,2020,Current Asthma,9.9,False
56009,2021,COPD,6.4,False
56009,2021,Current Asthma,9.7,False
56009,2022,COPD,6.5,False
56009,2022,Current Asthma,10.4,False
56013,2019,COPD,6.8,False
56013,2019,Current Asthma,9.4,False
56013,2020,COPD,6.7,False
56013,2020,Current Asthma,10.7,False
56013,2021,COPD,7.1,False
56013,2021,Current Asthma,10.6,False
56013,2022,COPD,6.8,False
56013,2022,Current Asthma,11.1,False
56019,2019,COPD,5.9,False
56019,2019,Current Asthma,9.1,False
56019,2020,COPD,6.2,False
56019,2020,Current Asthma,9.9,False
56019,2021,COPD,6.4,False
56019,2021,Current Asthma,9.8,False
56019,2022,COPD,6.6,False
56019,2022,Current Asthma,10.4,False
56021,2019,COPD,6.0,False
56021,2019,Current Asthma,9.5,False
56021,2020,COPD,5.7,False
56021,2020,Current Asthma,9.7,False
56021,2021,COPD,6.0,False
56021,2021,Current Asthma,9.7,False
56021,2022,COPD,5.9,False
56021,2022,Current Asthma,10.1,False
56023,2019,COPD,6.3,False
56023,2019,Current Asthma,9.0,False
56023,2020,COPD,5.9,False
56023,2020,Current Asthma,9.8,False
56023,2021,COPD,5.9,False
56023,2021,Current Asthma,9.5,False
56023,2022,COPD,5.9,False
56023,2022,Current Asthma,10.1,False
56025,2019,COPD,6.3,False
56025,2019,Current Asthma,8.8,False
56025,2020,COPD,6.2,False
56025,2020,Current Asthma,9.9,False
56025,2021,COPD,6.3,False
56025,2021,Current Asthma,9.9,False
56025,2022,COPD,6.3,False
56025,2022,Current Asthma,10.4,False
56029,2019,COPD,5.5,False
56029,2019,Current Asthma,8.9,False
56029,2022,COPD,5.6,False
56029,2022,Current Asthma,10.0,False
56031,2020,COPD,6.3,False
56031,2020,Current Asthma,9.9,False
56031,2021,COPD,6.3,False
56031,2021,Current Asthma,9.8,False
56031,2022,COPD,6.6,False
56031,2022,Current Asthma,10.5,False
56033,2019,COPD,5.7,False
56033,2019,Current Asthma,8.7,False
56033,2020,COPD,5.7,False
56033,2020,Current Asthma,9.6,False
56033,2021,COPD,5.7,False
56033,2021,Current Asthma,9.4,False
56033,2022,COPD,5.6,False
56033,2022,Current Asthma,10.2,False
56035,2019,COPD,5.8,False
56035,2019,Current Asthma,8.6,False
56035,2020,COPD,5.5,False
56035,2020,Current Asthma,9.5,False
56035,2021,COPD,5.7,False
56035,2021,Current Asthma,9.1,False
56035,2022,COPD,5.4,False
56035,2022,Current Asthma,10.0,False
56037,2019,COPD,5.8,False
56037,2019,Current Asthma,8.6,False
56037,2020,COPD,6.1,False
56037,2020,Current Asthma,9.5,False
56037,2021,COPD,6.3,False
56037,2021,Current Asthma,9.5,False
56037,2022,COPD,6.4,False
56037,2022,Current Asthma,10.3,False
56039,2019,COPD,4.3,False
56039,2019,Current Asthma,7.9,False
56039,2020,COPD,4.3,False
56039,2020,Current Asthma,8.8,False
56039,2021,COPD,4.4,False
56039,2021,Current Asthma,8.7,False
56039,2022,COPD,4.0,False
56039,2022,Current Asthma,9.0,False
56041,2019,COPD,6.8,False
56041,2019,Current Asthma,9.4,False
56041,2020,COPD,6.3,False
56041,2020,Current Asthma,10.1,False
56041,2021,COPD,6.4,False
56041,2021,Current Asthma,9.5,False
56041,2022,COPD,6.2,False
56041,2022,Current Asthma,10.3,False
56045,2019,COPD,6.7,False
56045,2019,Current Asthma,9.0,False
56045,2020,COPD,6.8,False
56045,2020,Current Asthma,9.8,False
56045,2021,COPD,6.9,False
56045,2021,Current Asthma,9.7,False
56045,2022,COPD,6.5,False
56045,2022,Current Asthma,10.0,False
