CountyFIPS,Year,Days_with_AQI,Good_Days,Moderate_Days,USG_Days,Unhealthy_Days,Very_Unhealthy_Days,Hazardous_Days,Max_AQI,AQI_90th_Percentile,Median_AQI,Days_NO2,Days_Ozone,Days_PM2_5,Days_PM10,AQI_Coverage_Pct,Poor_Air_Days,Poor_Air_Days_Pct,is_extreme_aqi,is_extreme_aqi_high,is_extreme_aqi_low
1003,2019,271,221,50,0,0,0,0,80,55,40,0,198,73,0,74.24657534246575,0,0.0,False,False,False
1003,2020,269,223,46,0,0,0,0,74,54,38,0,178,91,0,73.49726775956285,0,0.0,False,False,False
1003,2021,280,248,32,0,0,0,0,63,52,37,0,199,81,0,76.71232876712328,0,0.0,False,False,False
1003,2022,281,237,44,0,0,0,0,97,52,39,0,201,80,0,76.98630136986301,0,0.0,False,False,False
1033,2019,263,238,25,0,0,0,0,65,50,38,0,219,44,0,72.05479452054794,0,0.0,False,False,False
1049,2019,361,303,58,0,0,0,0,90,54,39,0,306,55,0,98.9041095890411,0,0.0,False,False,False
1049,2020,364,332,32,0,0,0,0,91,49,37,0,309,55,0,99.4535519125683,0,0.0,False,False,False
1049,2021,361,315,46,0,0,0,0,84,53,37,0,298,63,0,98.9041095890411,0,0.0,False,False,False
1049,2022,364,323,41,0,0,0,0,97,52,38,0,305,59,0,99.72602739726028,0,0.0,False,False,False
1051,2019,228,208,20,0,0,0,0,100,50,39,0,228,0,0,62.465753424657535,0,0.0,False,False,False
1051,2020,197,197,0,0,0,0,0,47,41,31,0,197,0,0,53.825136612021865,0,0.0,False,False,False
1051,2021,241,238,3,0,0,0,0,87,44,32,0,241,0,0,66.02739726027397,0,0.0,False,False,False
1051,2022,240,232,8,0,0,0,0,74,44,33,0,240,0,0,65.75342465753424,0,0.0,False,False,False
1055,2019,279,201,78,0,0,0,0,90,58,44,0,201,78,0,76.43835616438356,0,0.0,False,False,False
1055,2020,276,239,37,0,0,0,0,93,53,36,0,191,85,0,75.40983606557377,0,0.0,False,False,False
1055,2021,286,235,51,0,0,0,0,80,57,38,0,201,85,0,78.35616438356165,0,0.0,False,False,False
1055,2022,359,224,135,0,0,0,0,93,60,46,0,93,266,0,98.35616438356163,0,0.0,False,False,False
1069,2019,280,230,50,0,0,0,0,77,55,38,0,181,99,0,76.71232876712328,0,0.0,False,False,False
1073,2019,365,85,267,13,0,0,0,150,80,58,0,75,289,1,100.0,13,3.5616438356164384,False,False,False
1073,2020,366,119,244,3,0,0,0,129,70,54,0,58,308,0,100.0,3,0.819672131147541,False,False,False
1073,2021,365,104,256,3,2,0,0,189,77,56,1,47,317,0,100.0,5,1.36986301369863,False,False,False
1073,2022,365,128,235,2,0,0,0,105,71,54,0,66,299,0,100.0,2,0.547945205479452,False,False,False
1089,2019,361,189,172,0,0,0,0,93,62,49,0,99,255,7,98.9041095890411,0,0.0,False,False,False
1089,2020,364,210,154,0,0,0,0,89,59,47,0,72,288,4,99.4535519125683,0,0.0,False,False,False
1089,2021,357,189,166,2,0,0,0,105,62,49,0,59,285,13,97.80821917808218,2,0.5602240896358543,False,False,False
1089,2022,365,201,164,0,0,0,0,97,61,48,0,68,293,4,100.0,0,0.0,False,False,False
1097,2019,352,167,185,0,0,0,0,82,64,52,0,69,283,0,96.43835616438356,0,0.0,False,False,False
1097,2020,348,188,160,0,0,0,0,78,62,49,0,84,264,0,95.08196721311477,0,0.0,False,False,False
1097,2021,361,125,236,0,0,0,0,83,62,53,0,35,326,0,98.9041095890411,0,0.0,False,False,False
1097,2022,363,235,128,0,0,0,0,93,58,44,0,99,264,0,99.45205479452056,0,0.0,False,False,False
1101,2019,365,84,280,1,0,0,0,122,71,57,0,18,346,1,100.0,1,0.273972602739726,False,False,False
1101,2020,361,70,289,2,0,0,0,116,70,58,0,18,343,0,98.63387978142076,2,0.554016620498615,False,False,False
1101,2021,354,222,132,0,0,0,0,93,60,44,0,86,268,0,96.986301369863,0,0.0,False,False,False
1101,2022,363,269,94,0,0,0,0,96,57,41,0,163,200,0,99.45205479452056,0,0.0,False,False,False
1103,2019,365,247,118,0,0,0,0,93,58,45,0,145,220,0,100.0,0,0.0,False,False,False
1103,2020,355,251,104,0,0,0,0,75,58,41,0,96,259,0,96.99453551912568,0,0.0,False,False,False
1103,2021,365,209,156,0,0,0,0,97,63,47,0,71,294,0,100.0,0,0.0,False,False,False
1103,2022,365,208,156,1,0,0,0,111,63,47,0,82,283,0,100.0,1,0.273972602739726,False,False,False
1113,2019,363,195,168,0,0,0,0,84,63,48,0,64,299,0,99.45205479452056,0,0.0,False,False,False
1113,2020,365,236,129,0,0,0,0,99,61,44,0,49,316,0,99.72677595628416,0,0.0,False,False,False
1113,2021,364,214,147,3,0,0,0,142,65,47,0,51,313,0,99.72602739726028,3,0.8241758241758242,False,False,False
1113,2022,364,208,156,0,0,0,0,97,61,46,0,69,295,0,99.72602739726028,0,0.0,False,False,False
1117,2019,244,202,39,3,0,0,0,119,61,42,0,244,0,0,66.84931506849315,3,1.2295081967213115,False,False,False
1117,2020,241,232,9,0,0,0,0,67,46,34,0,241,0,0,65.84699453551912,0,0.0,False,False,False
1117,2021,243,231,12,0,0,0,0,77,48,35,0,243,0,0,66.57534246575342,0,0.0,False,False,False
1117,2022,245,225,19,1,0,0,0,105,50,37,0,245,0,0,67.12328767123287,1,0.4081632653061224,False,False,False
1125,2019,264,217,47,0,0,0,0,87,54,39,0,173,91,0,72.32876712328768,0,0.0,False,False,False
1125,2020,278,247,31,0,0,0,0,97,52,34,0,186,92,0,75.95628415300546,0,0.0,False,False,False
1125,2021,280,246,34,0,0,0,0,90,52,34,0,188,92,0,76.71232876712328,0,0.0,False,False,False
1125,2022,280,240,40,0,0,0,0,87,54,37,0,195,85,0,76.71232876712328,0,0.0,False,False,False
2020,2019,365,254,102,5,4,0,0,163,67,32,0,0,285,75,100.0,9,2.4657534246575343,False,False,False
2020,2020,366,294,72,0,0,0,0,92,55,27,0,0,267,93,100.0,0,0.0,False,False,False
2020,2021,365,289,74,2,0,0,0,132,57,28,0,0,277,86,100.0,2,0.547945205479452,False,False,False
2020,2022,365,302,62,1,0,0,0,125,56,24,0,0,200,158,100.0,1,0.273972602739726,False,False,False
2050,2019,317,302,13,1,1,0,0,185,34,13,0,0,212,105,86.84931506849315,2,0.6309148264984227,True,False,True
2090,2019,365,205,121,18,16,1,4,503,103,44,6,98,258,3,100.0,39,10.684931506849315,True,True,False
2090,2020,366,231,98,17,20,0,0,177,106,39,0,76,287,3,100.0,37,10.10928961748634,True,True,False
2090,2021,365,211,120,21,13,0,0,189,97,42,0,66,298,1,100.0,34,9.315068493150685,True,True,False
2090,2022,365,213,105,18,27,1,1,310,118,43,0,88,274,3,100.0,47,12.876712328767123,True,True,False
2110,2019,362,280,79,3,0,0,0,145,60,27,0,0,340,22,99.17808219178085,3,0.8287292817679558,False,False,False
2110,2020,361,320,40,1,0,0,0,101,52,19,0,0,336,25,98.63387978142076,1,0.2770083102493075,True,False,True
2110,2021,357,315,42,0,0,0,0,89,53,20,0,0,353,4,97.80821917808218,0,0.0,True,False,True
2110,2022,342,291,51,0,0,0,0,95,56,21,0,0,342,0,93.69863013698632,0,0.0,False,False,False
2170,2019,361,262,96,3,0,0,0,127,66,25,0,0,313,48,98.9041095890411,3,0.8310249307479225,False,False,False
2170,2020,359,317,41,1,0,0,0,103,53,17,0,0,303,56,98.08743169398907,1,0.2785515320334262,True,False,True
2170,2021,354,307,44,2,1,0,0,163,54,15,0,0,300,54,96.986301369863,3,0.847457627118644,True,False,True
2170,2022,341,301,40,0,0,0,0,89,53,12,0,0,252,89,93.42465753424658,0,0.0,True,False,True
4001,2019,359,357,2,0,0,0,0,64,21,11,0,0,62,297,98.35616438356163,0,0.0,True,False,True
4001,2020,364,356,8,0,0,0,0,63,30,14,0,0,53,311,99.4535519125683,0,0.0,True,False,True
4001,2021,359,353,6,0,0,0,0,90,30,15,0,0,67,292,98.35616438356163,0,0.0,True,False,True
4001,2022,363,359,4,0,0,0,0,57,27,11,0,0,58,305,99.45205479452056,0,0.0,True,False,True
4003,2019,365,253,112,0,0,0,0,97,64,46,0,305,45,15,100.0,0,0.0,False,False,False
4003,2020,366,271,93,2,0,0,0,108,61,45,0,301,4,61,100.0,2,0.546448087431694,False,False,False
4003,2021,365,259,104,2,0,0,0,105,60,45,0,307,2,56,100.0,2,0.547945205479452,False,False,False
4003,2022,365,291,73,1,0,0,0,101,61,44,0,331,2,32,100.0,1,0.273972602739726,False,False,False
4005,2019,365,280,85,0,0,0,0,80,61,45,0,349,16,0,100.0,0,0.0,False,False,False
4005,2020,366,302,64,0,0,0,0,93,58,44,0,345,21,0,100.0,0,0.0,False,False,False
4005,2021,365,265,100,0,0,0,0,93,64,46,0,356,9,0,100.0,0,0.0,False,False,False
4005,2022,365,279,85,1,0,0,0,101,64,44,0,358,7,0,100.0,1,0.273972602739726,False,False,False
4007,2019,365,210,139,16,0,0,0,146,87,48,0,349,1,15,100.0,16,4.383561643835616,True,True,False
4007,2020,366,256,99,8,3,0,0,174,74,44,0,338,1,27,100.0,11,3.0054644808743167,False,False,False
4007,2021,365,239,116,8,2,0,0,180,80,46,0,341,4,20,100.0,10,2.73972602739726,False,False,False
4007,2022,365,245,102,16,2,0,0,177,84,45,0,339,2,24,100.0,18,4.931506849315069,False,False,False
4012,2019,364,303,61,0,0,0,0,77,58,44,0,357,6,1,99.72602739726028,0,0.0,False,False,False
4012,2020,366,292,72,2,0,0,0,125,58,44,0,350,9,7,100.0,2,0.546448087431694,False,False,False
4012,2021,362,254,107,0,1,0,0,187,71,46,0,351,7,4,99.17808219178085,1,0.2762430939226519,False,False,False
4012,2022,359,275,83,1,0,0,0,130,64,44,0,337,12,10,98.35616438356163,1,0.2785515320334262,False,False,False
4013,2019,365,50,277,38,0,0,0,147,101,67,2,204,92,67,100.0,38,10.41095890410959,True,True,False
4013,2020,366,11,154,60,66,75,0,282,216,112,0,271,63,32,100.0,201,54.91803278688525,True,True,False
4013,2021,365,12,128,91,61,73,0,297,213,122,0,295,27,43,100.0,225,61.64383561643836,True,True,False
4013,2022,365,27,242,73,17,6,0,264,136,75,1,204,83,77,100.0,96,26.301369863013697,True,True,False
4015,2019,365,358,7,0,0,0,0,69,29,14,0,0,52,313,100.0,0,0.0,True,False,True
4015,2020,358,348,9,1,0,0,0,116,36,19,0,0,51,307,97.81420765027322,1,0.2793296089385474,True,False,True
4015,2021,363,360,2,0,1,0,0,156,34,19,0,0,2,361,99.45205479452056,1,0.2754820936639118,True,False,True
4015,2022,357,340,16,1,0,0,0,115,32,17,0,0,0,357,97.80821917808218,1,0.2801120448179272,True,False,True
4017,2019,365,294,70,1,0,0,0,112,58,44,0,357,1,7,100.0,1,0.273972602739726,False,False,False
4017,2020,366,314,50,2,0,0,0,136,54,43,0,359,4,3,100.0,2,0.546448087431694,False,False,False
4017,2021,365,292,72,1,0,0,0,101,61,44,0,337,4,24,100.0,1,0.273972602739726,False,False,False
4017,2022,364,307,57,0,0,0,0,93,58,44,0,356,5,3,99.72602739726028,0,0.0,False,False,False
4019,2019,365,207,156,2,0,0,0,103,71,49,0,237,51,77,100.0,2,0.547945205479452,False,False,False
4019,2020,366,124,229,12,0,1,0,277,77,55,0,169,99,98,100.0,13,3.551912568306011,False,False,False
4019,2021,365,93,258,13,0,0,1,313,85,56,0,147,145,73,100.0,14,3.8356164383561646,True,True,False
4019,2022,365,147,205,13,0,0,0,142,81,53,0,196,94,75,100.0,13,3.5616438356164384,False,False,False
4021,2019,365,104,228,21,2,3,7,929,100,63,0,148,66,151,100.0,33,9.04109589041096,True,True,False
4021,2020,366,86,196,74,8,0,2,1194,121,73,0,123,60,183,100.0,84,22.950819672131143,True,True,False
4021,2021,365,72,240,49,4,0,0,198,108,70,0,135,48,182,100.0,53,14.52054794520548,True,True,False
4021,2022,365,91,238,28,3,2,3,689,100,61,0,138,40,187,100.0,36,9.863013698630136,True,True,False
4023,2019,362,250,110,2,0,0,0,120,67,39,0,0,323,39,99.17808219178085,2,0.5524861878453038,False,False,False
4023,2020,360,208,147,4,1,0,0,170,71,44,0,0,303,57,98.36065573770492,5,1.3888888888888888,False,False,False
4023,2021,360,169,189,1,1,0,0,171,71,52,0,0,295,65,98.63013698630137,2,0.5555555555555556,False,False,False
4023,2022,357,220,136,1,0,0,0,138,69,43,0,0,328,29,97.80821917808218,1,0.2801120448179272,False,False,False
4025,2019,357,298,59,0,0,0,0,87,54,43,0,355,2,0,97.80821917808218,0,0.0,False,False,False
4025,2020,331,265,65,1,0,0,0,119,61,45,0,331,0,0,90.43715846994536,1,0.3021148036253776,False,False,False
4025,2021,331,302,29,0,0,0,0,64,50,44,0,331,0,0,90.68493150684932,0,0.0,False,False,False
4025,2022,365,341,24,0,0,0,0,87,48,40,0,365,0,0,100.0,0,0.0,False,False,False
4027,2019,365,226,136,3,0,0,0,129,67,47,0,214,120,31,100.0,3,0.821917808219178,False,False,False
4027,2020,366,206,157,2,0,0,1,319,70,49,0,174,152,40,100.0,3,0.819672131147541,False,False,False
4027,2021,365,186,173,5,1,0,0,170,71,50,0,174,146,45,100.0,6,1.643835616438356,False,False,False
4027,2022,365,228,128,9,0,0,0,142,73,46,0,199,98,68,100.0,9,2.4657534246575343,False,False,False
5019,2019,355,347,8,0,0,0,0,67,46,32,0,355,0,0,97.26027397260276,0,0.0,False,False,False
5019,2020,342,341,1,0,0,0,0,67,40,29,0,342,0,0,93.44262295081968,0,0.0,False,False,False
5019,2021,338,328,10,0,0,0,0,90,45,32,0,338,0,0,92.6027397260274,0,0.0,False,False,False
5019,2022,363,350,13,0,0,0,0,90,46,35,0,363,0,0,99.45205479452056,0,0.0,False,False,False
5035,2019,365,212,152,1,0,0,0,101,60,47,0,107,258,0,100.0,1,0.273972602739726,False,False,False
5035,2020,366,244,119,3,0,0,0,115,60,45,3,104,259,0,100.0,3,0.819672131147541,False,False,False
5035,2021,365,222,139,4,0,0,0,122,63,45,2,98,265,0,100.0,4,1.095890410958904,False,False,False
5035,2022,365,215,146,3,1,0,0,156,64,46,3,103,259,0,100.0,4,1.095890410958904,False,False,False
5113,2019,361,291,69,1,0,0,0,119,58,40,0,287,74,0,98.9041095890411,1,0.2770083102493075,False,False,False
5113,2020,359,322,37,0,0,0,0,84,51,37,0,299,60,0,98.08743169398907,0,0.0,False,False,False
5113,2021,360,299,61,0,0,0,0,93,56,40,0,293,67,0,98.63013698630137,0,0.0,False,False,False
5113,2022,350,308,40,2,0,0,0,105,52,34,0,268,82,0,95.8904109589041,2,0.5714285714285714,False,False,False
5119,2019,365,145,220,0,0,0,0,81,64,53,2,88,275,0,100.0,0,0.0,False,False,False
5119,2020,366,186,178,2,0,0,0,132,64,50,3,68,295,0,100.0,2,0.546448087431694,False,False,False
5119,2021,365,114,249,2,0,0,0,112,73,54,2,36,327,0,100.0,2,0.547945205479452,False,False,False
5119,2022,365,153,211,1,0,0,0,115,67,52,0,68,297,0,100.0,1,0.273972602739726,False,False,False
5139,2019,241,135,106,0,0,0,0,99,59,46,0,0,241,0,66.02739726027397,0,0.0,False,False,False
5143,2019,365,193,172,0,0,0,0,97,61,48,0,118,247,0,100.0,0,0.0,False,False,False
5143,2020,366,251,114,1,0,0,0,150,58,44,0,129,237,0,100.0,1,0.273224043715847,False,False,False
5143,2021,365,206,158,1,0,0,0,119,66,48,0,101,264,0,100.0,1,0.273972602739726,False,False,False
5143,2022,365,214,148,3,0,0,0,119,61,47,0,149,216,0,100.0,3,0.821917808219178,False,False,False
6001,2019,365,183,174,8,0,0,0,150,67,50,11,94,260,0,100.0,8,2.191780821917808,False,False,False
6001,2020,366,169,177,8,11,1,0,243,81,52,6,87,273,0,100.0,20,5.46448087431694,False,False,False
6001,2021,365,155,200,9,1,0,0,151,71,53,3,99,263,0,100.0,10,2.73972602739726,False,False,False
6001,2022,365,185,175,5,0,0,0,122,70,49,2,108,255,0,100.0,5,1.36986301369863,False,False,False
6005,2019,355,308,45,2,0,0,0,115,51,39,0,355,0,0,97.26027397260276,2,0.5633802816901409,False,False,False
6005,2020,359,327,29,2,1,0,0,156,50,37,0,359,0,0,98.08743169398907,3,0.8356545961002786,False,False,False
6005,2021,365,307,54,4,0,0,0,133,67,37,0,365,0,0,100.0,4,1.095890410958904,False,False,False
6005,2022,364,333,30,1,0,0,0,112,50,36,0,364,0,0,99.72602739726028,1,0.2747252747252747,False,False,False
6007,2019,365,171,189,3,2,0,0,180,71,51,0,121,243,1,100.0,5,1.36986301369863,False,False,False
6007,2020,366,149,178,18,16,3,2,508,110,54,0,159,204,3,100.0,39,10.655737704918032,True,True,False
6007,2021,365,160,174,18,10,3,0,257,90,53,0,177,185,3,100.0,31,8.493150684931507,True,True,False
6007,2022,365,191,171,3,0,0,0,119,77,50,0,239,126,0,100.0,3,0.821917808219178,False,False,False
6009,2019,360,288,71,1,0,0,0,108,60,43,0,297,62,1,98.63013698630137,1,0.2777777777777778,False,False,False
6009,2020,364,206,135,10,12,1,0,210,79,48,0,182,177,5,99.4535519125683,23,6.318681318681318,False,False,False
6009,2021,364,220,135,6,3,0,0,178,77,46,0,216,148,0,99.72602739726028,9,2.4725274725274726,False,False,False
6009,2022,364,286,77,1,0,0,0,115,58,41,0,237,126,1,99.72602739726028,1,0.2747252747252747,False,False,False
6011,2019,365,260,105,0,0,0,0,85,61,41,0,152,173,40,100.0,0,0.0,False,False,False
6011,2020,366,218,116,9,22,1,0,221,87,42,0,148,190,28,100.0,32,8.743169398907105,True,True,False
6011,2021,365,111,238,9,6,1,0,225,76,55,0,60,291,14,100.0,16,4.383561643835616,False,False,False
6011,2022,363,240,122,1,0,0,0,105,59,44,0,185,171,7,99.45205479452056,1,0.2754820936639118,False,False,False
6013,2019,365,238,123,4,0,0,0,129,64,43,3,171,190,1,100.0,4,1.095890410958904,False,False,False
6013,2020,366,192,156,7,10,1,0,221,75,49,2,107,257,0,100.0,18,4.918032786885246,False,False,False
6013,2021,365,195,165,5,0,0,0,150,69,47,0,139,226,0,100.0,5,1.36986301369863,False,False,False
6013,2022,365,175,188,2,0,0,0,129,67,51,0,102,263,0,100.0,2,0.547945205479452,False,False,False
6015,2019,248,210,38,0,0,0,0,74,53,26,0,0,248,0,67.94520547945206,0,0.0,False,False,False
6015,2020,292,193,90,4,3,2,0,245,61,42,0,0,292,0,79.78142076502732,9,3.0821917808219177,False,False,False
6015,2021,323,259,64,0,0,0,0,72,54,31,0,0,323,0,88.4931506849315,0,0.0,False,False,False
6015,2022,344,299,45,0,0,0,0,74,52,29,0,0,344,0,94.24657534246576,0,0.0,False,False,False
6017,2019,365,273,86,6,0,0,0,122,74,43,0,353,3,9,100.0,6,1.643835616438356,False,False,False
6017,2020,366,256,87,17,6,0,0,190,90,43,0,346,13,7,100.0,23,6.284153005464481,True,True,False
6017,2021,365,247,96,16,4,1,1,375,93,43,0,349,9,7,100.0,22,6.027397260273973,True,True,False
6017,2022,365,258,93,12,2,0,0,186,77,43,0,353,8,4,100.0,14,3.8356164383561646,False,False,False
6019,2019,365,113,186,64,2,0,0,187,115,63,1,229,118,17,100.0,66,18.08219178082192,True,True,False
6019,2020,366,75,192,59,31,8,1,346,154,76,0,149,204,13,100.0,99,27.049180327868854,True,True,False
6019,2021,365,62,221,63,17,2,0,278,130,68,0,146,209,10,100.0,82,22.46575342465753,True,True,False
6019,2022,365,78,217,67,3,0,0,159,115,71,0,192,160,13,100.0,70,19.17808219178082,True,True,False
6021,2019,362,274,88,0,0,0,0,86,58,42,0,232,119,11,99.17808219178085,0,0.0,False,False,False
6021,2020,364,200,135,7,19,3,0,221,84,46,0,151,202,11,99.4535519125683,29,7.967032967032966,False,False,False
6021,2021,365,244,106,9,6,0,0,192,65,42,0,183,172,10,100.0,15,4.10958904109589,False,False,False
6021,2022,360,264,95,1,0,0,0,104,61,42,0,255,98,7,98.63013698630137,1,0.2777777777777778,False,False,False
6023,2019,363,340,23,0,0,0,0,69,44,28,1,253,70,37,99.45205479452056,0,0.0,False,False,False
6023,2020,366,318,44,3,1,0,0,180,53,29,0,225,81,60,100.0,4,1.092896174863388,False,False,False
6023,2021,365,333,32,0,0,0,0,64,48,29,0,219,78,56,100.0,0,0.0,False,False,False
6023,2022,365,340,25,0,0,0,0,74,42,24,0,217,84,63,100.0,0,0.0,False,False,False
6025,2019,365,94,250,19,2,0,0,185,93,61,0,185,128,52,100.0,21,5.753424657534247,True,True,False
6025,2020,366,94,244,26,2,0,0,166,97,60,1,153,146,66,100.0,28,7.650273224043716,True,True,False
6025,2021,365,84,252,22,4,1,2,436,97,60,0,134,126,105,100.0,29,7.945205479452055,True,True,False
6025,2022,365,86,232,34,5,2,6,791,106,61,2,131,131,101,100.0,47,12.876712328767123,True,True,False
6027,2019,365,226,127,6,2,1,3,653,84,47,0,313,23,29,100.0,12,3.287671232876712,False,False,False
6027,2020,366,158,153,23,16,8,8,705,130,57,0,218,128,20,100.0,55,15.027322404371583,True,True,False
6027,2021,365,100,223,24,12,3,3,558,115,61,0,152,185,28,100.0,42,11.506849315068491,True,True,False
6027,2022,365,117,217,18,4,4,5,1551,97,58,0,188,130,47,100.0,31,8.493150684931507,True,True,False
6029,2019,365,91,179,87,6,1,1,553,122,69,1,228,108,28,100.0,95,26.02739726027397,True,True,False
6029,2020,366,56,180,98,28,4,0,267,140,83,0,184,166,16,100.0,130,35.51912568306011,True,True,False
6029,2021,365,35,202,97,29,1,1,314,147,84,0,151,199,15,100.0,128,35.06849315068493,True,True,False
6029,2022,365,47,196,109,12,1,0,289,136,80,0,189,153,23,100.0,122,33.42465753424658,True,True,False
6031,2019,365,123,201,37,2,0,2,508,105,58,0,166,130,69,100.0,41,11.232876712328768,True,True,False
6031,2020,366,76,220,54,13,2,1,548,124,70,0,118,199,49,100.0,70,19.12568306010929,True,True,False
6031,2021,365,84,230,40,10,0,1,685,109,64,0,119,168,78,100.0,51,13.972602739726028,True,True,False
6031,2022,365,71,244,48,2,0,0,187,108,69,0,163,149,53,100.0,50,13.6986301369863,True,True,False
6033,2019,360,360,0,0,0,0,0,50,42,31,0,351,8,1,98.63013698630137,0,0.0,False,False,False
6033,2020,351,341,6,1,3,0,0,190,44,32,0,324,25,2,95.90163934426228,4,1.1396011396011396,False,False,False
6033,2021,356,348,7,0,1,0,0,157,43,33,0,335,19,2,97.53424657534246,1,0.2808988764044944,False,False,False
6033,2022,363,359,4,0,0,0,0,76,43,32,0,350,13,0,99.45205479452056,0,0.0,False,False,False
6037,2019,365,34,245,57,28,1,0,201,136,72,24,166,170,5,100.0,86,23.56164383561644,True,True,False
6037,2020,366,35,194,77,43,17,0,250,166,85,9,180,175,2,100.0,137,37.43169398907104,True,True,False
6037,2021,365,9,259,70,26,1,0,281,143,79,13,148,199,5,100.0,97,26.575342465753423,True,True,False
6037,2022,365,17,254,65,28,1,0,209,140,74,19,170,167,9,100.0,94,25.753424657534246,True,True,False
6039,2019,365,167,185,13,0,0,0,140,84,52,0,225,103,37,100.0,13,3.5616438356164384,False,False,False
6039,2020,366,104,209,34,15,4,0,275,113,64,0,173,174,19,100.0,53,14.48087431693989,True,True,False
6039,2021,365,133,197,28,7,0,0,194,100,58,0,210,131,24,100.0,35,9.58904109589041,True,True,False
6039,2022,365,147,205,13,0,0,0,136,87,54,0,212,129,24,100.0,13,3.5616438356164384,True,True,False
6041,2019,363,291,71,1,0,0,0,133,55,37,10,151,202,0,99.45205479452056,1,0.2754820936639118,False,False,False
6041,2020,366,272,85,4,4,1,0,231,62,36,8,148,210,0,100.0,9,2.459016393442623,False,False,False
6041,2021,365,267,98,0,0,0,0,88,60,38,2,149,214,0,100.0,0,0.0,False,False,False
6041,2022,365,275,90,0,0,0,0,91,57,37,2,151,212,0,100.0,0,0.0,False,False,False
6043,2019,365,192,159,9,5,0,0,185,84,50,0,247,118,0,100.0,14,3.8356164383561646,False,False,False
6043,2020,366,195,123,27,10,6,5,1073,111,49,0,275,84,7,100.0,48,13.114754098360656,True,True,False
6043,2021,365,193,140,25,7,0,0,162,97,49,0,292,73,0,100.0,32,8.767123287671232,True,True,False
6043,2022,365,211,125,8,21,0,0,198,89,48,0,276,88,1,100.0,29,7.945205479452055,True,True,False
6045,2019,361,290,71,0,0,0,0,80,54,36,0,155,199,7,98.9041095890411,0,0.0,False,False,False
6045,2020,366,240,103,10,10,0,3,716,79,40,0,112,252,2,100.0,23,6.284153005464481,False,False,False
6045,2021,365,210,147,6,2,0,0,185,69,46,0,76,289,0,100.0,8,2.191780821917808,False,False,False
6045,2022,365,129,234,2,0,0,0,103,69,54,0,26,339,0,100.0,2,0.547945205479452,False,False,False
6047,2019,365,176,182,7,0,0,0,119,80,51,0,202,161,2,100.0,7,1.9178082191780823,False,False,False
6047,2020,366,131,203,17,15,0,0,194,96,57,0,164,201,1,100.0,32,8.743169398907105,True,True,False
6047,2021,365,155,177,31,2,0,0,166,100,54,0,210,151,4,100.0,33,9.04109589041096,True,True,False
6047,2022,365,140,212,13,0,0,0,143,87,56,0,195,141,29,100.0,13,3.5616438356164384,True,True,False
6051,2019,365,242,108,6,0,0,9,4227,83,34,0,0,322,43,100.0,15,4.10958904109589,False,False,False
6051,2020,366,183,117,13,14,11,28,2088,224,51,0,0,331,35,100.0,66,18.0327868852459,True,True,False
6051,2021,364,260,78,12,11,0,3,2971,84,27,0,0,241,123,99.72602739726028,26,7.142857142857142,False,False,False
6051,2022,365,276,61,5,7,1,15,8368,68,27,0,0,255,110,100.0,28,7.671232876712329,False,False,False
6053,2019,365,303,61,1,0,0,0,144,54,39,0,228,127,8,100.0,1,0.273972602739726,False,False,False
6053,2020,366,259,92,4,8,3,0,275,64,39,0,171,171,24,100.0,15,4.098360655737705,False,False,False
6053,2021,365,261,104,0,0,0,0,80,57,41,0,161,194,10,100.0,0,0.0,False,False,False
6053,2022,365,299,66,0,0,0,0,80,54,39,0,198,144,23,100.0,0,0.0,False,False,False
6055,2019,363,295,66,2,0,0,0,119,54,37,0,211,150,0,99.45205479452056,2,0.5509641873278237,False,False,False
6055,2020,365,259,91,7,7,1,0,224,66,39,0,163,199,0,99.72677595628416,15,4.10958904109589,False,False,False
6057,2019,361,251,105,5,0,0,0,122,71,45,0,272,89,0,98.9041095890411,5,1.3850415512465373,False,False,False
6057,2020,366,223,111,15,11,6,0,277,91,46,0,173,193,0,100.0,32,8.743169398907105,True,True,False
6057,2021,365,183,129,34,13,4,2,326,115,50,0,208,157,0,100.0,53,14.52054794520548,True,True,False
6057,2022,365,185,161,11,3,5,0,293,87,50,0,258,107,0,100.0,19,5.205479452054795,True,True,False
6059,2019,365,157,192,15,1,0,0,172,87,53,7,188,164,6,100.0,16,4.383561643835616,True,True,False
6059,2020,366,118,207,28,11,2,0,218,108,56,4,153,207,2,100.0,41,11.202185792349727,True,True,False
6059,2021,365,109,238,18,0,0,0,148,87,55,5,124,232,4,100.0,18,4.931506849315069,True,True,False
6059,2022,365,143,215,5,2,0,0,156,71,53,9,133,217,6,100.0,7,1.9178082191780823,False,False,False
6061,2019,365,198,158,9,0,0,0,136,77,49,0,218,145,2,100.0,9,2.4657534246575343,False,False,False
6061,2020,366,130,195,20,15,6,0,247,108,57,0,181,177,8,100.0,41,11.202185792349727,True,True,False
6061,2021,365,130,187,30,9,6,3,692,115,58,0,220,144,1,100.0,48,13.150684931506849,True,True,False
6061,2022,365,156,185,15,4,3,2,442,90,54,0,241,123,1,100.0,24,6.575342465753424,True,True,False
6063,2019,341,220,116,5,0,0,0,138,71,34,0,0,341,0,93.42465753424658,5,1.466275659824047,False,False,False
6063,2020,360,135,175,16,17,10,7,755,146,56,0,0,360,0,98.36065573770492,50,13.88888888888889,True,True,False
6063,2021,365,97,184,37,24,16,7,654,170,67,0,0,365,0,100.0,84,23.013698630136982,True,True,False
6063,2022,359,148,182,25,4,0,0,175,96,55,0,0,359,0,98.35616438356163,29,8.07799442896936,True,True,False
6065,2019,365,53,192,91,29,0,0,185,147,77,0,219,102,44,100.0,120,32.87671232876712,True,True,False
6065,2020,366,42,179,98,36,9,2,584,159,87,0,211,124,31,100.0,145,39.61748633879781,True,True,False
6065,2021,365,19,210,89,44,2,1,329,158,89,0,191,127,47,100.0,136,37.26027397260274,True,True,False
6065,2022,365,41,198,86,31,2,7,1683,151,77,0,196,110,59,100.0,126,34.52054794520548,True,True,False
6067,2019,365,175,180,10,0,0,0,140,84,52,1,188,169,7,100.0,10,2.73972602739726,False,False,False
6067,2020,366,145,185,17,16,3,0,226,100,55,0,166,191,9,100.0,36,9.836065573770492,True,True,False
6067,2021,365,146,183,30,4,1,1,381,100,55,0,195,166,4,100.0,36,9.863013698630136,True,True,False
6067,2022,365,162,184,17,2,0,0,164,93,53,0,200,164,1,100.0,19,5.205479452054795,True,True,False
6069,2019,365,318,47,0,0,0,0,90,52,39,0,308,51,6,100.0,0,0.0,False,False,False
6069,2020,366,271,78,8,9,0,0,174,68,41,0,241,117,8,100.0,17,4.644808743169399,False,False,False
6069,2021,365,295,70,0,0,0,0,100,55,41,0,280,79,6,100.0,0,0.0,False,False,False
6069,2022,365,297,68,0,0,0,0,97,57,42,0,299,65,1,100.0,0,0.0,False,False,False
6071,2019,365,29,203,71,54,8,0,213,172,81,4,214,140,7,100.0,133,36.43835616438356,True,True,False
6071,2020,366,33,170,76,69,18,0,236,185,93,6,219,128,13,100.0,163,44.53551912568306,True,True,False
6071,2021,365,17,202,73,61,11,1,486,172,87,7,191,155,12,100.0,146,40.0,True,True,False
6071,2022,365,23,212,67,56,7,0,225,166,77,9,197,142,17,100.0,130,35.61643835616438,True,True,False
6073,2019,365,38,302,23,2,0,0,169,93,66,1,133,228,3,100.0,25,6.849315068493151,True,True,False
6073,2020,366,33,284,35,14,0,0,192,108,74,0,100,263,3,100.0,49,13.387978142076504,True,True,False
6073,2021,365,52,297,16,0,0,0,133,90,67,0,163,199,3,100.0,16,4.383561643835616,True,True,False
6073,2022,365,42,297,25,1,0,0,156,97,63,1,150,190,24,100.0,26,7.123287671232877,True,True,False
6075,2019,365,251,113,1,0,0,0,108,58,39,15,119,231,0,100.0,1,0.273972602739726,False,False,False
6075,2020,366,227,131,3,4,1,0,223,67,42,5,118,243,0,100.0,8,2.185792349726776,False,False,False
6075,2021,365,255,110,0,0,0,0,86,60,39,8,162,195,0,100.0,0,0.0,False,False,False
6075,2022,364,260,104,0,0,0,0,88,59,36,18,152,192,0,99.72602739726028,0,0.0,False,False,False
6077,2019,365,202,151,11,1,0,0,190,82,47,1,201,149,14,100.0,12,3.287671232876712,False,False,False
6077,2020,366,162,173,16,13,2,0,215,97,54,0,129,223,14,100.0,31,8.469945355191257,True,True,False
6077,2021,365,140,209,15,1,0,0,153,84,55,0,114,231,20,100.0,16,4.383561643835616,False,False,False
6077,2022,365,192,164,8,0,1,0,208,86,48,0,172,169,24,100.0,9,2.4657534246575343,True,True,False
6079,2019,365,196,166,3,0,0,0,108,74,49,0,239,109,17,100.0,3,0.821917808219178,False,False,False
6079,2020,366,161,174,21,7,1,2,334,90,53,0,179,181,6,100.0,31,8.469945355191257,True,True,False
6079,2021,365,154,203,8,0,0,0,133,77,53,0,190,167,8,100.0,8,2.191780821917808,False,False,False
6079,2022,365,117,245,3,0,0,0,115,75,55,0,160,203,2,100.0,3,0.821917808219178,False,False,False
6081,2019,365,276,87,2,0,0,0,122,57,39,14,135,216,0,100.0,2,0.547945205479452,False,False,False
6081,2020,366,257,99,5,5,0,0,199,64,37,11,136,219,0,100.0,10,2.73224043715847,False,False,False
6081,2021,365,290,75,0,0,0,0,90,56,36,3,199,163,0,100.0,0,0.0,False,False,False
6081,2022,365,267,98,0,0,0,0,85,60,36,7,179,179,0,100.0,0,0.0,False,False,False
6083,2019,365,242,122,1,0,0,0,105,63,45,0,228,128,9,100.0,1,0.273972602739726,False,False,False
6083,2020,366,199,154,9,4,0,0,174,68,48,0,156,207,3,100.0,13,3.551912568306011,False,False,False
6083,2021,365,240,124,1,0,0,0,101,60,44,0,180,184,1,100.0,1,0.273972602739726,False,False,False
6083,2022,365,198,167,0,0,0,0,93,60,48,0,138,223,4,100.0,0,0.0,False,False,False
6085,2019,365,205,156,4,0,0,0,136,68,48,1,134,229,1,100.0,4,1.095890410958904,False,False,False
6085,2020,366,174,172,11,9,0,0,198,81,52,3,107,256,0,100.0,20,5.46448087431694,False,False,False
6085,2021,365,147,211,7,0,0,0,147,72,53,0,90,275,0,100.0,7,1.9178082191780823,False,False,False
6085,2022,365,188,172,5,0,0,0,119,73,49,0,131,234,0,100.0,5,1.36986301369863,False,False,False
6087,2019,365,291,74,0,0,0,0,74,54,39,0,166,199,0,100.0,0,0.0,False,False,False
6087,2020,366,261,85,6,10,1,3,624,68,39,0,138,228,0,100.0,20,5.46448087431694,False,False,False
6087,2021,365,298,67,0,0,0,0,80,54,37,0,187,178,0,100.0,0,0.0,False,False,False
6087,2022,365,287,78,0,0,0,0,93,56,35,0,180,185,0,100.0,0,0.0,False,False,False
6089,2019,364,306,58,0,0,0,0,100,54,42,0,349,13,2,99.72602739726028,0,0.0,False,False,False
6089,2020,366,286,72,6,2,0,0,171,67,41,0,325,41,0,100.0,8,2.185792349726776,False,False,False
6089,2021,365,222,111,15,12,5,0,240,93,46,0,271,94,0,100.0,32,8.767123287671232,True,True,False
6089,2022,365,253,106,6,0,0,0,119,71,45,0,303,62,0,100.0,6,1.643835616438356,False,False,False
6093,2019,365,302,59,2,2,0,0,164,54,38,0,239,126,0,100.0,4,1.095890410958904,False,False,False
6093,2020,366,272,71,10,9,2,2,468,66,39,0,210,156,0,100.0,23,6.284153005464481,False,False,False
6093,2021,364,237,96,7,21,3,0,210,86,43,0,178,186,0,99.72602739726028,31,8.516483516483516,True,True,False
6093,2022,362,269,86,2,4,0,1,454,62,41,0,203,159,0,99.17808219178085,7,1.9337016574585637,False,False,False
6095,2019,365,226,138,1,0,0,0,119,64,45,1,129,235,0,100.0,1,0.273972602739726,False,False,False
6095,2020,366,183,167,9,6,1,0,228,77,51,0,125,240,1,100.0,16,4.371584699453552,False,False,False
6095,2021,365,215,147,3,0,0,0,126,66,44,0,172,193,0,100.0,3,0.821917808219178,False,False,False
6095,2022,365,235,130,0,0,0,0,93,67,43,0,197,168,0,100.0,0,0.0,False,False,False
6097,2019,365,318,47,0,0,0,0,87,52,36,1,202,155,7,100.0,0,0.0,False,False,False
6097,2020,366,290,69,1,6,0,0,199,57,36,1,166,192,7,100.0,7,1.912568306010929,False,False,False
6097,2021,365,283,82,0,0,0,0,89,57,37,0,156,203,6,100.0,0,0.0,False,False,False
6097,2022,365,286,79,0,0,0,0,82,56,36,0,194,168,3,100.0,0,0.0,False,False,False
6099,2019,365,168,174,22,1,0,0,177,92,52,0,208,147,10,100.0,23,6.301369863013699,True,True,False
6099,2020,366,131,198,21,16,0,0,195,102,60,1,169,182,14,100.0,37,10.10928961748634,True,True,False
6099,2021,365,84,234,42,5,0,0,172,105,61,0,136,225,4,100.0,47,12.876712328767123,True,True,False
6099,2022,365,108,234,22,1,0,0,166,95,57,0,128,218,19,100.0,23,6.301369863013699,True,True,False
6101,2019,365,200,163,2,0,0,0,110,71,48,0,200,159,6,100.0,2,0.547945205479452,False,False,False
6101,2020,366,162,173,15,13,2,1,356,90,53,0,140,222,4,100.0,31,8.469945355191257,True,True,False
6101,2021,364,102,240,17,5,0,0,175,90,59,0,95,268,1,99.72602739726028,22,6.043956043956044,True,True,False
6101,2022,364,154,205,5,0,0,0,119,81,52,0,178,186,0,99.72602739726028,5,1.3736263736263736,False,False,False
6103,2019,365,263,102,0,0,0,0,93,64,43,0,299,66,0,100.0,0,0.0,False,False,False
6103,2020,366,216,117,12,19,2,0,218,94,46,0,214,152,0,100.0,33,9.01639344262295,True,True,False
6103,2021,365,207,122,21,15,0,0,193,100,47,0,256,109,0,100.0,36,9.863013698630136,True,True,False
6103,2022,365,245,117,3,0,0,0,108,74,44,0,281,84,0,100.0,3,0.821917808219178,False,False,False
6105,2019,269,225,42,2,0,0,0,113,56,23,0,0,269,0,73.6986301369863,2,0.7434944237918215,False,False,False
6105,2020,343,215,100,12,13,3,0,211,81,36,0,0,343,0,93.71584699453553,28,8.16326530612245,False,False,False
6105,2021,328,201,81,4,19,9,14,1217,168,38,0,0,328,0,89.86301369863014,46,14.02439024390244,True,True,False
6105,2022,353,227,111,5,5,3,2,342,72,34,0,0,353,0,96.7123287671233,15,4.2492917847025495,False,False,False
6107,2019,365,98,186,78,2,1,0,280,122,67,0,210,136,19,100.0,81,22.19178082191781,True,True,False
6107,2020,366,52,179,103,30,2,0,225,145,80,0,164,190,12,100.0,135,36.885245901639344,True,True,False
6107,2021,365,49,182,93,38,2,1,961,154,81,0,173,187,5,100.0,134,36.71232876712329,True,True,False
6107,2022,365,58,193,106,8,0,0,182,129,77,0,192,158,15,100.0,114,31.232876712328768,True,True,False
6109,2019,358,273,83,2,0,0,0,108,67,43,0,358,0,0,98.08219178082192,2,0.5586592178770949,False,False,False
6109,2020,353,277,71,5,0,0,0,143,64,41,0,353,0,0,96.448087431694,5,1.41643059490085,False,False,False
6109,2021,360,295,63,2,0,0,0,136,61,41,0,360,0,0,98.63013698630137,2,0.5555555555555556,False,False,False
6109,2022,250,237,12,1,0,0,0,108,48,39,0,250,0,0,68.4931506849315,1,0.4,False,False,False
6111,2019,365,175,181,9,0,0,0,126,77,51,3,226,127,9,100.0,9,2.4657534246575343,False,False,False
6111,2020,366,185,155,21,5,0,0,174,90,50,0,239,119,8,100.0,26,7.103825136612022,True,True,False
6111,2021,365,157,198,10,0,0,0,122,80,53,0,214,140,11,100.0,10,2.73972602739726,False,False,False
6111,2022,365,171,183,11,0,0,0,140,80,52,1,242,122,0,100.0,11,3.0136986301369864,False,False,False
6113,2019,365,252,112,1,0,0,0,136,63,43,1,249,114,1,100.0,1,0.273972602739726,False,False,False
6113,2020,366,215,123,14,13,1,0,209,86,45,1,168,197,0,100.0,28,7.650273224043716,True,True,False
6113,2021,365,242,117,4,2,0,0,159,68,42,0,215,149,1,100.0,6,1.643835616438356,False,False,False
6113,2022,365,283,80,2,0,0,0,101,64,42,0,278,87,0,100.0,2,0.547945205479452,False,False,False
8001,2019,365,183,181,1,0,0,0,132,67,50,30,129,152,54,100.0,1,0.273972602739726,False,False,False
8001,2020,366,192,162,11,1,0,0,151,74,49,60,163,97,46,100.0,12,3.278688524590164,False,False,False
8001,2021,365,188,154,22,1,0,0,151,93,49,52,174,88,51,100.0,23,6.301369863013699,True,True,False
8001,2022,365,180,171,14,0,0,0,126,84,51,50,189,89,37,100.0,14,3.8356164383561646,False,False,False
8005,2019,365,222,137,6,0,0,0,140,80,47,0,348,17,0,100.0,6,1.643835616438356,False,False,False
8005,2020,366,243,112,9,2,0,0,159,77,46,0,350,16,0,100.0,11,3.0054644808743167,False,False,False
8005,2021,365,220,108,34,3,0,0,161,101,46,0,352,13,0,100.0,37,10.136986301369864,True,True,False
8005,2022,365,237,116,12,0,0,0,129,84,46,0,355,10,0,100.0,12,3.287671232876712,False,False,False
8007,2019,363,331,30,2,0,0,0,124,50,31,3,186,0,174,99.45205479452056,2,0.5509641873278237,False,False,False
8007,2020,365,302,63,0,0,0,0,93,58,43,0,319,0,46,99.72677595628416,0,0.0,False,False,False
8007,2021,365,269,96,0,0,0,0,93,64,45,0,345,0,20,100.0,0,0.0,False,False,False
8007,2022,365,313,48,3,0,1,0,227,56,42,0,329,0,36,100.0,4,1.095890410958904,False,False,False
8013,2019,365,192,168,5,0,0,0,119,74,50,0,234,131,0,100.0,5,1.36986301369863,False,False,False
8013,2020,366,173,172,19,2,0,0,181,84,51,0,213,152,1,100.0,21,5.737704918032787,False,False,False
8013,2021,365,154,176,32,3,0,0,160,100,52,0,228,136,1,100.0,35,9.58904109589041,True,True,False
8013,2022,365,224,134,7,0,0,0,129,77,47,0,260,105,0,100.0,7,1.9178082191780823,False,False,False
8019,2019,294,183,109,2,0,0,0,126,74,47,0,294,0,0,80.54794520547945,2,0.6802721088435374,False,False,False
8019,2020,239,140,87,10,2,0,0,156,84,49,0,239,0,0,65.30054644808743,12,5.02092050209205,False,False,False
8019,2021,357,206,127,22,2,0,0,154,93,49,0,357,0,0,97.80821917808218,24,6.722689075630252,True,True,False
8019,2022,359,244,110,5,0,0,0,126,74,47,0,359,0,0,98.35616438356163,5,1.392757660167131,False,False,False
8029,2019,365,338,27,0,0,0,0,80,50,41,0,340,25,0,100.0,0,0.0,False,False,False
8029,2020,365,312,53,0,0,0,0,97,54,41,0,304,61,0,99.72677595628416,0,0.0,False,False,False
8029,2021,365,294,69,2,0,0,0,141,59,43,0,319,39,7,100.0,2,0.547945205479452,False,False,False
8031,2019,365,139,223,2,1,0,0,153,77,54,80,133,152,0,100.0,3,0.821917808219178,False,False,False
8031,2020,366,137,212,17,0,0,0,150,80,53,83,115,167,1,100.0,17,4.644808743169399,False,False,False
8031,2021,365,128,202,31,4,0,0,166,100,55,107,142,116,0,100.0,35,9.58904109589041,True,True,False
8031,2022,365,161,197,7,0,0,0,112,77,52,88,156,120,1,100.0,7,1.9178082191780823,False,False,False
8035,2019,361,220,130,10,1,0,0,154,79,47,0,289,72,0,98.9041095890411,11,3.0470914127423825,False,False,False
8035,2020,361,221,123,14,3,0,0,159,80,47,0,285,76,0,98.63387978142076,17,4.709141274238228,False,False,False
8035,2021,358,195,121,34,8,0,0,177,108,48,0,295,63,0,98.08219178082192,42,11.731843575418994,True,True,False
8035,2022,365,242,105,17,1,0,0,169,87,46,0,312,53,0,100.0,18,4.931506849315069,True,True,False
8041,2019,365,249,116,0,0,0,0,100,67,46,0,320,45,0,100.0,0,0.0,False,False,False
8041,2020,366,241,118,6,1,0,0,151,74,46,0,318,48,0,100.0,7,1.912568306010929,False,False,False
8041,2021,365,224,113,28,0,0,0,140,93,47,0,333,32,0,100.0,28,7.671232876712329,True,True,False
8041,2022,365,249,114,2,0,0,0,115,74,46,0,330,35,0,100.0,2,0.547945205479452,False,False,False
8045,2019,365,248,115,2,0,0,0,105,74,48,0,364,1,0,100.0,2,0.547945205479452,False,False,False
8045,2020,366,232,129,5,0,0,0,150,75,48,0,347,19,0,100.0,5,1.366120218579235,False,False,False
8045,2021,365,198,156,10,1,0,0,158,87,49,0,357,8,0,100.0,11,3.0136986301369864,True,True,False
8045,2022,365,221,142,2,0,0,0,108,67,49,0,365,0,0,100.0,2,0.547945205479452,False,False,False
8047,2020,357,278,70,9,0,0,0,136,67,45,0,357,0,0,97.54098360655738,9,2.5210084033613445,False,False,False
8047,2021,363,250,94,18,1,0,0,151,84,46,0,363,0,0,99.45205479452056,19,5.234159779614325,False,False,False
8047,2022,365,286,75,4,0,0,0,112,64,45,0,365,0,0,100.0,4,1.095890410958904,False,False,False
8051,2019,362,264,96,2,0,0,0,101,67,46,0,362,0,0,99.17808219178085,2,0.5524861878453038,False,False,False
8051,2020,335,270,62,3,0,0,0,115,58,44,0,335,0,0,91.53005464480874,3,0.8955223880597015,False,False,False
8051,2021,365,262,102,1,0,0,0,101,71,46,0,365,0,0,100.0,1,0.273972602739726,False,False,False
8051,2022,365,281,82,2,0,0,0,108,64,46,0,365,0,0,100.0,2,0.547945205479452,False,False,False
8057,2022,236,216,20,0,0,0,0,71,49,40,0,165,70,1,64.65753424657534,0,0.0,False,False,False
8059,2019,365,238,111,16,0,0,0,129,87,46,2,363,0,0,100.0,16,4.383561643835616,True,True,False
8059,2020,366,231,108,23,4,0,0,161,90,46,0,366,0,0,100.0,27,7.377049180327869,True,True,False
8059,2021,365,222,88,44,11,0,0,172,115,47,2,363,0,0,100.0,55,15.068493150684931,True,True,False
8059,2022,365,234,100,30,1,0,0,166,97,47,0,365,0,0,100.0,31,8.493150684931507,True,True,False
8067,2019,365,267,98,0,0,0,0,87,61,44,3,317,45,0,100.0,0,0.0,False,False,False
8067,2020,366,273,91,2,0,0,0,133,61,45,0,326,40,0,100.0,2,0.546448087431694,False,False,False
8067,2021,364,239,121,4,0,0,0,140,71,47,0,325,38,0,99.72602739726028,4,1.098901098901099,False,False,False
8067,2022,365,266,98,1,0,0,0,108,71,46,0,349,16,0,100.0,1,0.273972602739726,False,False,False
8069,2019,365,183,176,6,0,0,0,129,77,50,0,307,58,0,100.0,6,1.643835616438356,False,False,False
8069,2020,366,197,147,20,2,0,0,159,89,49,0,291,75,0,100.0,22,6.0109289617486334,True,True,False
8069,2021,365,164,151,46,4,0,0,159,112,54,0,298,67,0,100.0,50,13.6986301369863,True,True,False
8069,2022,365,176,179,10,0,0,0,126,84,51,0,296,69,0,100.0,10,2.73972602739726,False,False,False
8077,2019,364,238,125,1,0,0,0,101,67,47,0,283,78,1,99.72602739726028,1,0.2747252747252747,False,False,False
8077,2020,366,262,101,3,0,0,0,108,64,44,0,255,110,1,100.0,3,0.819672131147541,False,False,False
8077,2021,365,247,116,2,0,0,0,139,65,46,0,271,94,0,100.0,2,0.547945205479452,False,False,False
8077,2022,365,282,82,1,0,0,0,108,58,44,0,293,70,2,100.0,1,0.273972602739726,False,False,False
8083,2019,365,279,86,0,0,0,0,97,61,46,0,365,0,0,100.0,0,0.0,False,False,False
8083,2020,366,301,63,2,0,0,0,126,58,44,0,366,0,0,100.0,2,0.546448087431694,False,False,False
8083,2021,365,280,83,2,0,0,0,115,64,44,0,364,1,0,100.0,2,0.547945205479452,False,False,False
8083,2022,365,300,65,0,0,0,0,87,61,44,0,358,7,0,100.0,0,0.0,False,False,False
8099,2019,346,343,3,0,0,0,0,76,28,14,0,0,0,346,94.7945205479452,0,0.0,True,False,True
8099,2020,350,327,19,1,2,1,0,238,42,17,0,0,0,350,95.62841530054644,4,1.1428571428571428,True,False,True
8099,2021,361,345,14,1,0,0,1,584,39,19,0,0,0,361,98.9041095890411,2,0.554016620498615,True,False,True
8099,2022,354,330,22,0,1,0,1,330,41,18,0,0,0,354,96.986301369863,2,0.5649717514124294,True,False,True
8101,2021,220,203,16,1,0,0,0,138,48,23,0,0,83,137,60.273972602739725,1,0.4545454545454545,False,False,False
8101,2022,349,317,29,3,0,0,0,121,48,21,0,0,107,242,95.61643835616438,3,0.8595988538681949,False,False,False
8103,2019,365,252,113,0,0,0,0,100,55,47,0,194,171,0,100.0,0,0.0,False,False,False
8103,2020,365,263,99,3,0,0,0,115,57,45,1,185,179,0,99.72677595628416,3,0.821917808219178,False,False,False
8103,2021,365,212,148,4,1,0,0,156,77,48,0,251,114,0,100.0,5,1.36986301369863,False,False,False
8103,2022,365,243,120,2,0,0,0,122,64,47,0,300,65,0,100.0,2,0.547945205479452,False,False,False
8107,2019,356,353,2,1,0,0,0,137,27,13,0,0,0,356,97.53424657534246,1,0.2808988764044944,True,False,True
8107,2020,358,353,5,0,0,0,0,68,29,14,0,0,0,358,97.81420765027322,0,0.0,True,False,True
8107,2021,354,347,7,0,0,0,0,68,31,15,0,0,0,354,96.986301369863,0,0.0,True,False,True
8107,2022,356,356,0,0,0,0,0,43,25,13,0,0,0,356,97.53424657534246,0,0.0,True,False,True
8113,2019,241,189,52,0,0,0,0,87,58,45,0,185,0,56,66.02739726027397,0,0.0,False,False,False
8113,2020,247,155,90,2,0,0,0,136,67,48,0,191,0,56,67.4863387978142,2,0.8097165991902834,False,False,False
8113,2021,252,165,87,0,0,0,0,97,67,48,0,199,0,53,69.04109589041096,0,0.0,False,False,False
8113,2022,255,194,60,1,0,0,0,108,64,45,0,198,0,57,69.86301369863014,1,0.392156862745098,False,False,False
8123,2019,365,152,205,8,0,0,0,129,77,53,0,228,137,0,100.0,8,2.191780821917808,False,False,False
8123,2020,366,166,187,13,0,0,0,140,84,52,1,223,142,0,100.0,13,3.551912568306011,False,False,False
8123,2021,365,156,169,39,1,0,0,154,101,54,0,259,106,0,100.0,40,10.95890410958904,True,True,False
8123,2022,365,170,185,10,0,0,0,133,87,51,2,265,98,0,100.0,10,2.73972602739726,True,True,False
9001,2019,365,221,123,18,3,0,0,161,77,46,2,159,204,0,100.0,21,5.753424657534247,False,False,False
9001,2020,366,217,136,12,1,0,0,161,80,47,6,150,210,0,100.0,13,3.551912568306011,False,False,False
9001,2021,363,225,119,13,6,0,0,185,74,46,9,133,221,0,99.45205479452056,19,5.234159779614325,False,False,False
9003,2019,365,252,108,5,0,0,0,122,59,43,12,163,190,0,100.0,5,1.36986301369863,False,False,False
9003,2020,366,255,111,0,0,0,0,98,60,42,11,145,209,0,100.0,0,0.0,False,False,False
9003,2021,365,247,115,3,0,0,0,136,63,42,12,127,226,0,100.0,3,0.821917808219178,False,False,False
9005,2019,365,327,38,0,0,0,0,97,51,37,0,311,54,0,100.0,0,0.0,False,False,False
9005,2020,362,300,62,0,0,0,0,84,54,39,0,250,110,0,98.90710382513662,0,0.0,False,False,False
9005,2021,364,300,61,3,0,0,0,142,58,38,0,249,114,0,99.72602739726028,3,0.8241758241758242,False,False,False
9007,2019,205,175,23,6,1,0,0,154,61,41,0,205,0,0,56.16438356164384,7,3.414634146341464,False,False,False
9007,2020,208,182,24,2,0,0,0,129,54,39,0,208,0,0,56.830601092896174,2,0.9615384615384616,False,False,False
9007,2021,207,171,25,10,1,0,0,151,80,39,0,207,0,0,56.71232876712329,11,5.314009661835748,False,False,False
9009,2019,365,228,123,12,2,0,0,159,70,44,3,181,180,1,100.0,14,3.8356164383561646,False,False,False
9009,2020,366,210,143,11,2,0,0,174,77,46,7,158,198,2,100.0,13,3.551912568306011,False,False,False
9009,2021,365,220,131,12,2,0,0,159,69,46,8,138,218,1,100.0,14,3.8356164383561646,False,False,False
9011,2019,364,295,62,7,0,0,0,129,56,40,0,161,203,0,99.72602739726028,7,1.9230769230769231,False,False,False
9011,2020,365,274,87,3,1,0,0,172,61,41,0,149,216,0,99.72677595628416,4,1.095890410958904,False,False,False
9011,2021,363,277,79,7,0,0,0,129,60,39,0,135,228,0,99.45205479452056,7,1.9283746556473829,False,False,False
9013,2019,212,187,20,5,0,0,0,126,54,42,0,212,0,0,58.08219178082192,5,2.358490566037736,False,False,False
9013,2020,206,192,14,0,0,0,0,93,48,39,0,206,0,0,56.28415300546448,0,0.0,False,False,False
9013,2021,201,170,30,1,0,0,0,101,58,39,0,201,0,0,55.06849315068493,1,0.4975124378109453,False,False,False
9015,2019,360,344,15,1,0,0,0,105,46,36,0,360,0,0,98.63013698630137,1,0.2777777777777778,False,False,False
9015,2020,356,345,11,0,0,0,0,87,44,35,0,356,0,0,97.26775956284152,0,0.0,False,False,False
9015,2021,361,331,29,1,0,0,0,140,48,34,0,361,0,0,98.9041095890411,1,0.2770083102493075,False,False,False
10001,2019,365,248,117,0,0,0,0,85,61,44,0,198,167,0,100.0,0,0.0,False,False,False
10001,2020,362,296,66,0,0,0,0,80,54,39,0,208,154,0,98.90710382513662,0,0.0,False,False,False
10001,2021,360,260,98,2,0,0,0,108,58,42,0,183,177,0,98.63013698630137,2,0.5555555555555556,False,False,False
10001,2022,364,277,87,0,0,0,0,84,58,42,0,177,187,0,99.72602739726028,0,0.0,False,False,False
10003,2019,365,207,155,3,0,0,0,136,71,47,3,178,184,0,100.0,3,0.821917808219178,False,False,False
10003,2020,366,231,133,2,0,0,0,105,63,46,3,139,224,0,100.0,2,0.546448087431694,False,False,False
10003,2021,365,195,166,4,0,0,0,144,67,48,0,137,228,0,100.0,4,1.095890410958904,False,False,False
10003,2022,365,208,157,0,0,0,0,93,63,48,1,164,200,0,100.0,0,0.0,False,False,False
10005,2019,365,251,114,0,0,0,0,93,61,44,0,205,160,0,100.0,0,0.0,False,False,False
10005,2020,366,286,80,0,0,0,0,87,56,42,0,190,176,0,100.0,0,0.0,False,False,False
10005,2021,365,277,88,0,0,0,0,100,57,40,0,232,133,0,100.0,0,0.0,False,False,False
10005,2022,365,274,91,0,0,0,0,87,58,43,0,225,140,0,100.0,0,0.0,False,False,False
11001,2019,365,195,165,4,1,0,0,159,73,49,16,160,189,0,100.0,5,1.36986301369863,False,False,False
11001,2020,366,248,117,0,1,0,0,171,58,44,25,138,203,0,100.0,1,0.273224043715847,False,False,False
11001,2021,365,172,185,7,1,0,0,153,71,51,22,108,235,0,100.0,8,2.191780821917808,False,False,False
11001,2022,365,198,163,4,0,0,0,128,63,49,14,125,226,0,100.0,4,1.095890410958904,False,False,False
12001,2019,364,289,75,0,0,0,0,80,55,39,0,158,206,0,99.72602739726028,0,0.0,False,False,False
12001,2020,366,274,91,1,0,0,0,105,56,42,0,100,266,0,100.0,1,0.273224043715847,False,False,False
12001,2022,362,292,70,0,0,0,0,84,54,41,0,131,231,0,99.17808219178085,0,0.0,False,False,False
12005,2019,357,240,117,0,0,0,0,87,59,44,0,108,249,0,97.80821917808218,0,0.0,False,False,False
12005,2020,363,210,151,2,0,0,0,146,62,47,0,92,271,0,99.18032786885246,2,0.5509641873278237,False,False,False
12005,2022,365,218,147,0,0,0,0,99,59,46,0,101,264,0,100.0,0,0.0,False,False,False
12009,2019,351,308,43,0,0,0,0,90,51,39,0,223,128,0,96.16438356164385,0,0.0,False,False,False
12009,2020,366,265,101,0,0,0,0,85,57,43,0,142,224,0,100.0,0,0.0,False,False,False
12009,2022,365,288,77,0,0,0,0,80,54,43,0,179,186,0,100.0,0,0.0,False,False,False
12011,2019,363,213,150,0,0,0,0,90,58,47,1,55,305,0,99.45205479452056,0,0.0,False,False,False
12011,2020,366,192,172,2,0,0,0,142,60,49,0,59,307,0,100.0,2,0.546448087431694,False,False,False
12011,2022,365,197,168,0,0,0,0,100,61,49,1,58,306,0,100.0,0,0.0,False,False,False
12021,2019,362,291,71,0,0,0,0,90,54,40,0,111,251,0,99.17808219178085,0,0.0,False,False,False
12021,2020,364,267,97,0,0,0,0,87,58,41,0,73,291,0,99.4535519125683,0,0.0,False,False,False
12021,2022,347,277,70,0,0,0,0,82,53,40,0,115,232,0,95.06849315068492,0,0.0,False,False,False
12023,2019,363,229,134,0,0,0,0,90,61,46,0,102,261,0,99.45205479452056,0,0.0,False,False,False
12023,2020,311,197,111,1,2,0,0,160,61,44,0,38,273,0,84.97267759562843,3,0.964630225080386,False,False,False
12023,2022,363,234,129,0,0,0,0,91,60,45,0,101,262,0,99.45205479452056,0,0.0,False,False,False
12031,2019,361,164,196,1,0,0,0,114,67,51,0,72,289,0,98.9041095890411,1,0.2770083102493075,False,False,False
12031,2020,366,162,201,3,0,0,0,125,63,52,0,38,328,0,100.0,3,0.819672131147541,False,False,False
12031,2022,365,144,221,0,0,0,0,93,64,53,1,49,315,0,100.0,0,0.0,False,False,False
12033,2019,365,248,116,1,0,0,0,101,61,44,0,193,172,0,100.0,1,0.273972602739726,False,False,False
12033,2020,360,176,184,0,0,0,0,82,63,51,0,82,278,0,98.36065573770492,0,0.0,False,False,False
12033,2022,365,191,173,1,0,0,0,133,64,49,0,106,259,0,100.0,1,0.273972602739726,False,False,False
12035,2019,270,265,5,0,0,0,0,74,45,34,0,270,0,0,73.97260273972603,0,0.0,False,False,False
12035,2020,366,363,3,0,0,0,0,64,43,31,0,366,0,0,100.0,0,0.0,False,False,False
12035,2022,361,352,9,0,0,0,0,100,44,34,0,361,0,0,98.9041095890411,0,0.0,False,False,False
12047,2019,316,214,102,0,0,0,0,81,58,44,0,0,316,0,86.57534246575342,0,0.0,False,False,False
12047,2020,298,190,106,1,1,0,0,155,58,46,0,0,298,0,81.4207650273224,2,0.6711409395973155,False,False,False
12047,2022,294,165,129,0,0,0,0,73,58,47,0,0,294,0,80.54794520547945,0,0.0,False,False,False
12055,2019,233,224,9,0,0,0,0,84,46,36,0,233,0,0,63.83561643835617,0,0.0,False,False,False
12055,2020,358,345,13,0,0,0,0,74,44,31,0,358,0,0,97.81420765027322,0,0.0,False,False,False
12055,2022,349,337,11,1,0,0,0,112,46,33,0,349,0,0,95.61643835616438,1,0.2865329512893982,False,False,False
12057,2019,365,202,158,5,0,0,0,126,67,49,0,104,261,0,100.0,5,1.36986301369863,False,False,False
12057,2020,366,176,187,3,0,0,0,112,63,52,0,65,300,1,100.0,3,0.819672131147541,False,False,False
12057,2022,365,175,189,1,0,0,0,126,64,51,0,91,274,0,100.0,1,0.273972602739726,False,False,False
12061,2019,335,324,11,0,0,0,0,90,47,36,0,335,0,0,91.78082191780824,0,0.0,False,False,False
12061,2020,338,323,15,0,0,0,0,87,47,37,0,338,0,0,92.34972677595628,0,0.0,False,False,False
12061,2022,357,349,8,0,0,0,0,67,44,33,0,357,0,0,97.80821917808218,0,0.0,False,False,False
12069,2019,330,301,28,1,0,0,0,101,50,35,0,330,0,0,90.41095890410958,1,0.303030303030303,False,False,False
12069,2020,366,354,12,0,0,0,0,87,45,32,0,366,0,0,100.0,0,0.0,False,False,False
12069,2022,364,349,15,0,0,0,0,87,47,35,0,364,0,0,99.72602739726028,0,0.0,False,False,False
12071,2019,365,289,75,1,0,0,0,108,55,40,0,155,206,4,100.0,1,0.273972602739726,False,False,False
12071,2020,366,284,82,0,0,0,0,100,55,39,0,176,190,0,100.0,0,0.0,False,False,False
12071,2022,302,238,64,0,0,0,0,80,55,42,0,138,164,0,82.73972602739727,0,0.0,False,False,False
12073,2019,360,215,144,1,0,0,0,119,63,46,0,80,280,0,98.63013698630137,1,0.2777777777777778,False,False,False
12073,2020,366,185,178,2,1,0,0,163,63,49,0,33,333,0,100.0,3,0.819672131147541,False,False,False
12073,2022,364,211,153,0,0,0,0,93,60,47,0,55,309,0,99.72602739726028,0,0.0,False,False,False
12081,2019,365,333,30,2,0,0,0,108,49,36,0,365,0,0,100.0,2,0.547945205479452,False,False,False
12081,2020,366,355,11,0,0,0,0,97,44,33,0,366,0,0,100.0,0,0.0,False,False,False
12081,2022,349,336,13,0,0,0,0,80,46,33,0,349,0,0,95.61643835616438,0,0.0,False,False,False
12083,2019,365,244,121,0,0,0,0,88,58,44,0,111,254,0,100.0,0,0.0,False,False,False
12083,2020,366,229,137,0,0,0,0,100,59,46,0,66,300,0,100.0,0,0.0,False,False,False
12083,2022,363,259,104,0,0,0,0,93,55,44,0,128,235,0,99.45205479452056,0,0.0,False,False,False
12085,2019,352,288,64,0,0,0,0,85,54,41,0,115,237,0,96.43835616438356,0,0.0,False,False,False
12085,2020,365,275,90,0,0,0,0,96,57,42,0,93,272,0,99.72677595628416,0,0.0,False,False,False
12085,2022,356,280,75,1,0,0,0,108,54,42,0,95,261,0,97.53424657534246,1,0.2808988764044944,False,False,False
12086,2019,363,245,116,2,0,0,0,146,57,44,1,59,301,1,99.45205479452056,2,0.5509641873278237,False,False,False
12086,2020,366,226,140,0,0,0,0,90,62,45,1,63,302,0,100.0,0,0.0,False,False,False
12086,2022,365,259,104,2,0,0,0,136,59,44,13,78,274,0,100.0,2,0.547945205479452,False,False,False
12089,2019,270,203,67,0,0,0,0,74,55,41,0,0,270,0,73.97260273972603,0,0.0,False,False,False
12091,2019,363,335,28,0,0,0,0,84,48,36,0,342,0,21,99.45205479452056,0,0.0,False,False,False
12091,2020,364,355,9,0,0,0,0,74,46,34,0,334,0,30,99.4535519125683,0,0.0,False,False,False
12095,2019,360,293,67,0,0,0,0,93,55,39,1,210,148,0,98.63013698630137,0,0.0,False,False,False
12095,2020,366,354,12,0,0,0,0,93,45,34,0,366,0,0,100.0,0,0.0,False,False,False
12095,2022,365,317,48,0,0,0,0,97,52,39,0,305,60,0,100.0,0,0.0,False,False,False
12097,2019,364,338,22,4,0,0,0,122,48,34,0,364,0,0,99.72602739726028,4,1.098901098901099,False,False,False
12097,2020,366,354,12,0,0,0,0,90,44,32,0,366,0,0,100.0,0,0.0,False,False,False
12097,2022,364,348,16,0,0,0,0,80,46,34,0,364,0,0,99.72602739726028,0,0.0,False,False,False
12099,2019,357,273,84,0,0,0,0,94,56,40,0,108,249,0,97.80821917808218,0,0.0,False,False,False
12099,2020,361,267,94,0,0,0,0,93,58,42,0,121,222,18,98.63387978142076,0,0.0,False,False,False
12099,2022,365,275,90,0,0,0,0,90,57,41,0,122,243,0,100.0,0,0.0,False,False,False
12101,2019,365,336,29,0,0,0,0,97,49,36,0,365,0,0,100.0,0,0.0,False,False,False
12101,2020,366,355,11,0,0,0,0,77,46,35,0,366,0,0,100.0,0,0.0,False,False,False
12101,2022,361,332,29,0,0,0,0,87,50,37,0,361,0,0,98.9041095890411,0,0.0,False,False,False
12103,2019,365,223,142,0,0,0,0,100,61,47,0,99,265,1,100.0,0,0.0,False,False,False
12103,2020,366,226,140,0,0,0,0,100,60,46,0,76,290,0,100.0,0,0.0,False,False,False
12103,2022,365,226,139,0,0,0,0,87,58,46,1,112,249,3,100.0,0,0.0,False,False,False
12105,2019,365,268,97,0,0,0,0,100,58,42,0,138,227,0,100.0,0,0.0,False,False,False
12105,2020,365,252,113,0,0,0,0,87,59,42,0,105,258,2,99.72677595628416,0,0.0,False,False,False
12105,2022,363,264,99,0,0,0,0,87,56,44,0,141,222,0,99.45205479452056,0,0.0,False,False,False
12107,2019,351,346,5,0,0,0,0,54,29,17,0,0,0,351,96.16438356164385,0,0.0,True,False,True
12107,2020,366,365,1,0,0,0,0,67,27,14,0,0,0,366,100.0,0,0.0,True,False,True
12107,2022,323,321,2,0,0,0,0,58,27,16,0,0,0,323,88.4931506849315,0,0.0,True,False,True
12111,2019,352,342,10,0,0,0,0,77,46,34,0,352,0,0,96.43835616438356,0,0.0,False,False,False
12111,2020,360,351,9,0,0,0,0,74,44,33,0,360,0,0,98.36065573770492,0,0.0,False,False,False
12111,2022,358,352,6,0,0,0,0,77,44,33,0,358,0,0,98.08219178082192,0,0.0,False,False,False
12113,2019,364,229,135,0,0,0,0,93,60,44,0,119,245,0,99.72602739726028,0,0.0,False,False,False
12113,2020,365,223,142,0,0,0,0,86,61,47,0,100,265,0,99.72677595628416,0,0.0,False,False,False
12113,2022,365,239,125,1,0,0,0,109,60,44,0,123,242,0,100.0,1,0.273972602739726,False,False,False
12115,2019,365,268,97,0,0,0,0,100,57,43,0,114,251,0,100.0,0,0.0,False,False,False
12115,2020,366,244,122,0,0,0,0,90,60,44,0,88,278,0,100.0,0,0.0,False,False,False
12115,2022,358,234,124,0,0,0,0,100,59,45,0,110,248,0,98.08219178082192,0,0.0,False,False,False
12117,2019,365,296,68,1,0,0,0,110,56,39,0,192,172,1,100.0,1,0.273972602739726,False,False,False
12117,2020,365,287,78,0,0,0,0,84,55,40,0,135,227,3,99.72677595628416,0,0.0,False,False,False
12117,2022,363,288,75,0,0,0,0,87,54,42,0,158,205,0,99.45205479452056,0,0.0,False,False,False
12127,2019,350,274,76,0,0,0,0,80,55,41,0,149,201,0,95.8904109589041,0,0.0,False,False,False
12127,2020,362,252,110,0,0,0,0,77,56,44,0,116,246,0,98.90710382513662,0,0.0,False,False,False
12127,2022,365,242,123,0,0,0,0,93,57,45,0,103,262,0,100.0,0,0.0,False,False,False
12129,2019,361,275,86,0,0,0,0,84,58,39,0,154,207,0,98.9041095890411,0,0.0,False,False,False
12129,2020,363,265,96,0,2,0,0,164,58,41,0,102,257,0,99.18032786885246,2,0.5509641873278237,False,False,False
12129,2022,365,279,86,0,0,0,0,97,56,41,0,110,255,0,100.0,0,0.0,False,False,False
13021,2019,362,216,143,3,0,0,0,137,64,46,0,92,270,0,99.17808219178085,3,0.8287292817679558,False,False,False
13021,2020,366,262,104,0,0,0,0,97,57,42,0,61,305,0,100.0,0,0.0,False,False,False
13021,2021,365,198,165,2,0,0,0,131,66,48,0,47,318,0,100.0,2,0.547945205479452,False,False,False
13021,2022,365,216,149,0,0,0,0,91,60,46,0,58,307,0,100.0,0,0.0,False,False,False
13051,2019,335,204,131,0,0,0,0,87,60,46,0,70,265,0,91.78082191780824,0,0.0,False,False,False
13051,2020,365,232,132,1,0,0,0,131,59,46,0,47,318,0,99.72677595628416,1,0.273972602739726,False,False,False
13051,2021,363,176,186,1,0,0,0,103,63,51,0,31,332,0,99.45205479452056,1,0.2754820936639118,False,False,False
13051,2022,335,199,136,0,0,0,0,97,60,46,0,84,251,0,91.78082191780824,0,0.0,False,False,False
13055,2019,244,231,13,0,0,0,0,71,48,40,0,244,0,0,66.84931506849315,0,0.0,False,False,False
13055,2020,245,244,1,0,0,0,0,58,43,32,0,245,0,0,66.93989071038251,0,0.0,False,False,False
13055,2021,245,238,7,0,0,0,0,80,45,33,0,245,0,0,67.12328767123287,0,0.0,False,False,False
13055,2022,245,236,9,0,0,0,0,77,47,35,0,245,0,0,67.12328767123287,0,0.0,False,False,False
13059,2019,365,171,194,0,0,0,0,87,65,52,0,69,296,0,100.0,0,0.0,False,False,False
13059,2020,366,249,117,0,0,0,0,99,59,44,0,80,286,0,100.0,0,0.0,False,False,False
13059,2021,365,195,169,1,0,0,0,107,65,49,0,61,304,0,100.0,1,0.273972602739726,False,False,False
13059,2022,362,201,161,0,0,0,0,88,63,47,0,109,253,0,99.17808219178085,0,0.0,False,False,False
13067,2019,282,191,90,1,0,0,0,119,61,44,0,191,91,0,77.26027397260275,1,0.3546099290780142,False,False,False
13067,2020,285,243,42,0,0,0,0,91,54,36,0,195,90,0,77.8688524590164,0,0.0,False,False,False
13067,2021,285,218,67,0,0,0,0,80,57,41,0,188,97,0,78.08219178082192,0,0.0,False,False,False
13067,2022,285,231,53,1,0,0,0,105,57,40,0,193,92,0,78.08219178082192,1,0.3508771929824561,False,False,False
13073,2019,245,229,16,0,0,0,0,74,49,39,0,245,0,0,67.12328767123287,0,0.0,False,False,False
13073,2020,241,239,2,0,0,0,0,51,44,31,0,241,0,0,65.84699453551912,0,0.0,False,False,False
13073,2021,245,239,6,0,0,0,0,67,46,33,0,245,0,0,67.12328767123287,0,0.0,False,False,False
13073,2022,245,238,7,0,0,0,0,71,45,34,0,245,0,0,67.12328767123287,0,0.0,False,False,False
13089,2019,365,173,188,3,1,0,0,159,67,52,20,94,251,0,100.0,4,1.095890410958904,False,False,False
13089,2020,366,215,150,1,0,0,0,106,61,46,14,64,288,0,100.0,1,0.273224043715847,False,False,False
13089,2021,365,190,173,2,0,0,0,119,66,49,18,59,288,0,100.0,2,0.547945205479452,False,False,False
13089,2022,365,177,186,2,0,0,0,147,65,51,18,63,283,0,100.0,2,0.547945205479452,False,False,False
13095,2019,356,163,191,2,0,0,0,107,68,52,0,0,356,0,97.53424657534246,2,0.5617977528089888,False,False,False
13095,2020,366,194,170,2,0,0,0,114,65,49,0,0,366,0,100.0,2,0.546448087431694,False,False,False
13095,2021,352,166,182,4,0,0,0,133,69,51,0,0,352,0,96.43835616438356,4,1.1363636363636365,False,False,False
13095,2022,358,180,173,4,1,0,0,151,64,50,0,0,358,0,98.08219178082192,5,1.3966480446927374,False,False,False
13097,2019,245,212,28,5,0,0,0,126,58,40,0,245,0,0,67.12328767123287,5,2.0408163265306123,False,False,False
13097,2020,245,238,7,0,0,0,0,77,44,32,0,245,0,0,66.93989071038251,0,0.0,False,False,False
13097,2021,244,215,27,2,0,0,0,101,58,38,0,244,0,0,66.84931506849315,2,0.819672131147541,False,False,False
13097,2022,243,215,27,1,0,0,0,133,54,38,0,243,0,0,66.57534246575342,1,0.411522633744856,False,False,False
13115,2019,363,140,223,0,0,0,0,90,66,54,0,0,363,0,99.45205479452056,0,0.0,False,False,False
13115,2020,327,208,119,0,0,0,0,82,58,42,0,0,327,0,89.34426229508196,0,0.0,False,False,False
13115,2021,354,234,118,2,0,0,0,141,62,38,0,0,354,0,96.986301369863,2,0.5649717514124294,False,False,False
13115,2022,356,256,100,0,0,0,0,84,57,37,0,0,356,0,97.53424657534246,0,0.0,False,False,False
13121,2019,365,122,236,6,1,0,0,172,74,55,5,77,283,0,100.0,7,1.9178082191780823,False,False,False
13121,2020,366,166,198,2,0,0,0,125,66,52,3,37,326,0,100.0,2,0.546448087431694,False,False,False
13121,2021,365,147,214,4,0,0,0,150,71,53,3,44,318,0,100.0,4,1.095890410958904,False,False,False
13121,2022,365,162,200,2,1,0,0,169,65,52,3,66,296,0,100.0,3,0.821917808219178,False,False,False
13127,2019,279,235,44,0,0,0,0,80,54,37,0,203,76,0,76.43835616438356,0,0.0,False,False,False
13127,2020,285,256,29,0,0,0,0,97,51,33,0,198,87,0,77.8688524590164,0,0.0,False,False,False
13127,2021,322,267,55,0,0,0,0,80,54,38,0,185,137,0,88.21917808219179,0,0.0,False,False,False
13127,2022,356,221,134,1,0,0,0,106,62,45,0,59,297,0,97.53424657534246,1,0.2808988764044944,False,False,False
13135,2019,355,154,199,2,0,0,0,112,71,52,0,91,264,0,97.26027397260276,2,0.5633802816901409,False,False,False
13135,2020,364,246,117,1,0,0,0,101,60,43,0,95,269,0,99.4535519125683,1,0.2747252747252747,False,False,False
13135,2021,324,173,149,2,0,0,0,108,67,49,0,71,253,0,88.76712328767124,2,0.6172839506172839,False,False,False
13135,2022,365,226,139,0,0,0,0,97,62,44,0,130,235,0,100.0,0,0.0,False,False,False
13139,2019,340,181,159,0,0,0,0,90,62,49,0,0,340,0,93.15068493150685,0,0.0,False,False,False
13139,2020,360,221,139,0,0,0,0,99,60,44,0,0,360,0,98.36065573770492,0,0.0,False,False,False
13139,2021,365,209,156,0,0,0,0,83,62,46,0,0,365,0,100.0,0,0.0,False,False,False
13139,2022,364,217,147,0,0,0,0,79,60,46,0,0,364,0,99.72602739726028,0,0.0,False,False,False
13151,2019,363,234,122,7,0,0,0,150,64,43,0,119,244,0,99.45205479452056,7,1.9283746556473829,False,False,False
13151,2020,366,291,75,0,0,0,0,96,55,36,0,116,250,0,100.0,0,0.0,False,False,False
13151,2021,360,259,100,1,0,0,0,112,63,39,0,140,220,0,98.63013698630137,1,0.2777777777777778,False,False,False
13151,2022,351,262,86,3,0,0,0,105,60,40,0,147,204,0,96.16438356164385,3,0.8547008547008548,False,False,False
13153,2019,354,173,179,1,1,0,0,153,65,51,0,0,354,0,96.986301369863,2,0.5649717514124294,False,False,False
13153,2020,363,202,160,1,0,0,0,114,62,47,0,0,363,0,99.18032786885246,1,0.2754820936639118,False,False,False
13153,2021,359,182,173,4,0,0,0,111,65,49,0,0,359,0,98.35616438356163,4,1.1142061281337048,False,False,False
13153,2022,362,214,147,1,0,0,0,102,61,45,0,0,362,0,99.17808219178085,1,0.2762430939226519,False,False,False
13185,2019,310,177,133,0,0,0,0,71,60,47,0,0,310,0,84.93150684931507,0,0.0,False,False,False
13185,2020,202,143,58,1,0,0,0,141,60,40,0,0,202,0,55.19125683060109,1,0.495049504950495,False,False,False
13185,2021,358,213,145,0,0,0,0,86,60,46,0,0,358,0,98.08219178082192,0,0.0,False,False,False
13185,2022,354,191,163,0,0,0,0,100,63,48,0,0,354,0,96.986301369863,0,0.0,False,False,False
13213,2019,269,225,44,0,0,0,0,93,54,42,0,230,39,0,73.6986301369863,0,0.0,False,False,False
13213,2020,272,257,15,0,0,0,0,61,46,34,0,227,45,0,74.31693989071039,0,0.0,False,False,False
13213,2021,276,240,36,0,0,0,0,87,52,38,0,223,53,0,75.61643835616438,0,0.0,False,False,False
13213,2022,279,248,30,1,0,0,0,105,51,38,0,229,50,0,76.43835616438356,1,0.3584229390681003,False,False,False
13215,2019,364,209,155,0,0,0,0,90,62,47,0,91,273,0,99.72602739726028,0,0.0,False,False,False
13215,2020,366,257,108,1,0,0,0,101,59,42,0,84,282,0,100.0,1,0.273224043715847,False,False,False
13215,2021,353,233,118,1,1,0,0,155,63,43,0,87,266,0,96.7123287671233,2,0.56657223796034,False,False,False
13215,2022,365,214,149,2,0,0,0,149,62,45,0,73,292,0,100.0,2,0.547945205479452,False,False,False
13245,2019,364,159,203,2,0,0,0,101,67,52,0,67,279,18,99.72602739726028,2,0.5494505494505495,False,False,False
13245,2020,366,175,190,1,0,0,0,114,64,51,0,44,307,15,100.0,1,0.273224043715847,False,False,False
13245,2021,364,174,183,7,0,0,0,145,70,51,0,77,286,1,99.72602739726028,7,1.9230769230769231,False,False,False
13245,2022,365,195,170,0,0,0,0,99,62,49,0,64,301,0,100.0,0,0.0,False,False,False
13247,2019,241,186,50,5,0,0,0,129,67,43,0,241,0,0,66.02739726027397,5,2.0746887966804977,False,False,False
13247,2020,244,232,12,0,0,0,0,77,46,34,0,244,0,0,66.66666666666666,0,0.0,False,False,False
13247,2021,243,216,27,0,0,0,0,93,54,39,0,243,0,0,66.57534246575342,0,0.0,False,False,False
13247,2022,243,214,29,0,0,0,0,90,54,39,0,243,0,0,66.57534246575342,0,0.0,False,False,False
13261,2019,238,211,27,0,0,0,0,97,54,39,0,238,0,0,65.20547945205479,0,0.0,False,False,False
13261,2020,240,237,3,0,0,0,0,64,44,32,0,240,0,0,65.57377049180327,0,0.0,False,False,False
13261,2021,245,228,17,0,0,0,0,74,49,35,0,245,0,0,67.12328767123287,0,0.0,False,False,False
13261,2022,238,224,14,0,0,0,0,93,47,35,0,238,0,0,65.20547945205479,0,0.0,False,False,False
13295,2019,356,185,171,0,0,0,0,84,62,49,0,0,356,0,97.53424657534246,0,0.0,False,False,False
13295,2021,233,93,139,1,0,0,0,110,68,53,0,0,233,0,63.83561643835617,1,0.4291845493562232,False,False,False
13295,2022,352,136,216,0,0,0,0,89,68,53,0,0,352,0,96.43835616438356,0,0.0,False,False,False
13303,2019,211,138,72,1,0,0,0,116,59,39,0,0,211,0,57.80821917808219,1,0.4739336492890995,False,False,False
13303,2020,354,230,122,2,0,0,0,112,59,43,0,0,354,0,96.72131147540983,2,0.5649717514124294,False,False,False
13303,2021,365,178,184,3,0,0,0,111,69,51,0,0,365,0,100.0,3,0.821917808219178,False,False,False
13303,2022,362,142,217,3,0,0,0,112,68,52,0,0,362,0,99.17808219178085,3,0.8287292817679558,False,False,False
15001,2019,365,357,8,0,0,0,0,81,34,21,0,0,365,0,100.0,0,0.0,False,False,False
15001,2020,366,352,14,0,0,0,0,83,41,23,0,0,366,0,100.0,0,0.0,False,False,False
15001,2021,365,336,29,0,0,0,0,65,48,27,0,0,365,0,100.0,0,0.0,False,False,False
15001,2022,365,328,37,0,0,0,0,71,51,33,0,0,365,0,100.0,0,0.0,False,False,False
15003,2019,365,360,5,0,0,0,0,62,41,28,5,266,93,1,100.0,0,0.0,False,False,False
15003,2020,366,363,3,0,0,0,0,63,38,28,1,229,133,3,100.0,0,0.0,False,False,False
15003,2021,365,364,1,0,0,0,0,58,39,28,2,266,89,7,100.0,0,0.0,False,False,False
15003,2022,365,356,9,0,0,0,0,57,40,29,2,177,185,1,100.0,0,0.0,False,False,False
15007,2019,363,361,2,0,0,0,0,70,31,16,104,0,259,0,99.45205479452056,0,0.0,True,False,True
15007,2020,365,361,4,0,0,0,0,52,32,15,69,0,296,0,99.72677595628416,0,0.0,True,False,True
15007,2021,364,364,0,0,0,0,0,47,29,17,35,0,329,0,99.72602739726028,0,0.0,True,False,True
15009,2019,362,339,19,3,1,0,0,171,39,20,0,0,362,0,99.17808219178085,4,1.1049723756906076,True,False,True
15009,2020,349,343,6,0,0,0,0,61,31,21,0,0,349,0,95.3551912568306,0,0.0,True,False,True
15009,2021,363,361,2,0,0,0,0,63,31,21,0,0,363,0,99.45205479452056,0,0.0,True,False,True
15009,2022,361,357,4,0,0,0,0,58,34,21,0,0,361,0,98.9041095890411,0,0.0,False,False,False
16001,2019,365,266,99,0,0,0,0,100,58,41,3,183,179,0,100.0,0,0.0,False,False,False
16001,2020,366,242,106,11,7,0,0,198,76,44,8,170,187,1,100.0,18,4.918032786885246,False,False,False
16001,2021,365,223,124,15,3,0,0,173,79,46,7,207,150,1,100.0,18,4.931506849315069,False,False,False
16001,2022,365,196,162,6,1,0,0,166,75,48,5,201,157,2,100.0,7,1.9178082191780823,False,False,False
16005,2019,365,330,35,0,0,0,0,64,50,24,0,0,265,100,100.0,0,0.0,False,False,False
16005,2020,362,284,72,2,4,0,0,165,61,38,0,135,165,62,98.90710382513662,6,1.6574585635359116,False,False,False
16005,2021,365,245,112,7,1,0,0,155,76,44,0,96,195,74,100.0,8,2.191780821917808,False,False,False
16005,2022,365,270,93,2,0,0,0,140,67,40,0,111,165,89,100.0,2,0.547945205479452,False,False,False
16013,2019,314,307,7,0,0,0,0,57,33,20,0,0,314,0,86.02739726027397,0,0.0,True,False,True
16013,2020,365,323,34,6,2,0,0,172,53,19,0,0,365,0,99.72677595628416,8,2.191780821917808,True,False,True
16013,2021,350,288,52,10,0,0,0,144,66,23,0,0,350,0,95.8904109589041,10,2.857142857142857,False,False,False
16013,2022,355,321,29,2,3,0,0,182,49,23,0,0,355,0,97.26027397260276,5,1.4084507042253522,False,False,False
16017,2019,365,291,73,1,0,0,0,115,60,27,0,0,298,67,100.0,1,0.273972602739726,False,False,False
16017,2020,365,283,72,5,5,0,0,190,58,32,0,0,316,49,99.72677595628416,10,2.73972602739726,False,False,False
16017,2021,364,260,94,4,4,2,0,203,63,37,0,0,319,45,99.72602739726028,10,2.7472527472527477,False,False,False
16017,2022,364,259,97,5,2,1,0,216,66,35,0,0,332,32,99.72602739726028,8,2.197802197802198,False,False,False
16019,2019,357,287,70,0,0,0,0,67,53,38,0,0,357,0,97.80821917808218,0,0.0,False,False,False
16019,2020,362,298,59,1,4,0,0,155,56,28,0,0,362,0,98.90710382513662,5,1.3812154696132597,False,False,False
16019,2021,356,275,72,9,0,0,0,144,67,31,0,0,356,0,97.53424657534246,9,2.528089887640449,False,False,False
16019,2022,357,306,50,1,0,0,0,109,53,27,0,0,357,0,97.80821917808218,1,0.2801120448179272,False,False,False
16021,2022,332,273,51,4,3,1,0,205,66,23,0,0,332,0,90.95890410958904,8,2.409638554216868,False,False,False
16027,2019,365,285,80,0,0,0,0,95,58,32,0,0,319,46,100.0,0,0.0,False,False,False
16027,2020,366,210,140,10,6,0,0,158,76,42,0,0,352,14,100.0,16,4.371584699453552,False,False,False
16027,2021,365,209,147,5,4,0,0,172,71,46,0,0,347,18,100.0,9,2.4657534246575343,False,False,False
16027,2022,364,189,167,7,1,0,0,155,76,49,0,0,351,13,99.72602739726028,8,2.197802197802198,False,False,False
16041,2019,364,315,46,3,0,0,0,112,54,23,0,0,364,0,99.72602739726028,3,0.8241758241758242,False,False,False
16041,2020,365,297,65,2,1,0,0,162,58,26,0,0,365,0,99.72677595628416,3,0.821917808219178,False,False,False
16041,2021,365,285,74,6,0,0,0,119,66,28,0,0,365,0,100.0,6,1.643835616438356,False,False,False
16041,2022,365,310,54,1,0,0,0,103,56,23,0,0,365,0,100.0,1,0.273972602739726,False,False,False
16049,2019,365,236,129,0,0,0,0,89,60,44,0,135,230,0,100.0,0,0.0,False,False,False
16049,2020,366,244,113,3,5,1,0,209,64,40,0,127,239,0,100.0,9,2.459016393442623,False,False,False
16049,2021,365,237,112,9,7,0,0,188,77,42,0,186,179,0,100.0,16,4.383561643835616,False,False,False
16049,2022,365,242,113,4,4,2,0,263,64,41,0,155,210,0,100.0,10,2.73972602739726,False,False,False
16053,2019,353,345,8,0,0,0,0,55,37,20,0,0,353,0,96.7123287671233,0,0.0,True,False,True
16053,2020,213,213,0,0,0,0,0,49,26,13,0,0,213,0,58.19672131147541,0,0.0,True,False,True
16055,2019,355,281,74,0,0,0,0,88,57,31,0,0,355,0,97.26027397260276,0,0.0,False,False,False
16055,2020,354,288,58,1,2,4,1,518,55,26,0,0,354,0,96.72131147540983,8,2.2598870056497176,False,False,False
16055,2021,357,268,81,3,5,0,0,195,60,31,0,0,357,0,97.80821917808218,8,2.2408963585434174,False,False,False
16055,2022,359,264,88,4,3,0,0,186,62,29,0,0,359,0,98.35616438356163,7,1.9498607242339836,False,False,False
16057,2019,350,343,7,0,0,0,0,55,35,14,0,0,350,0,95.8904109589041,0,0.0,True,False,True
16057,2020,361,319,35,0,1,4,2,415,52,21,0,0,361,0,98.63387978142076,7,1.9390581717451525,False,False,False
16057,2021,360,309,41,5,5,0,0,195,57,20,0,0,360,0,98.63013698630137,10,2.7777777777777777,True,False,True
16057,2022,361,312,44,1,4,0,0,192,53,13,0,0,361,0,98.9041095890411,5,1.3850415512465373,True,False,True
16059,2019,360,237,119,4,0,0,0,133,72,31,0,0,360,0,98.63013698630137,4,1.1111111111111112,False,False,False
16059,2020,365,194,160,8,3,0,0,168,80,46,0,0,365,0,99.72677595628416,11,3.0136986301369864,False,False,False
16059,2021,365,188,157,16,4,0,0,172,83,47,0,0,365,0,100.0,20,5.47945205479452,False,False,False
16059,2022,365,199,136,18,10,2,0,212,92,44,0,0,365,0,100.0,30,8.21917808219178,True,True,False
16069,2019,360,272,88,0,0,0,0,90,61,32,0,0,360,0,98.63013698630137,0,0.0,False,False,False
16069,2020,366,279,76,4,0,6,1,475,63,28,0,0,366,0,100.0,11,3.0054644808743167,False,False,False
16069,2021,365,251,96,15,2,1,0,204,77,34,0,0,365,0,100.0,18,4.931506849315069,False,False,False
16069,2022,365,252,107,2,4,0,0,195,63,34,0,0,365,0,100.0,6,1.643835616438356,False,False,False
16079,2019,365,225,137,3,0,0,0,117,75,38,0,0,359,6,100.0,3,0.821917808219178,False,False,False
16079,2020,366,221,138,0,3,3,1,440,68,41,0,0,364,2,100.0,7,1.912568306010929,False,False,False
16079,2021,363,186,162,9,6,0,0,179,75,49,0,0,362,1,99.45205479452056,15,4.132231404958678,False,False,False
16079,2022,365,217,141,4,3,0,0,172,71,42,0,0,363,2,100.0,7,1.9178082191780823,False,False,False
16083,2019,365,344,21,0,0,0,0,74,43,26,0,0,365,0,100.0,0,0.0,False,False,False
16083,2020,364,313,44,3,4,0,0,163,56,24,0,0,364,0,99.4535519125683,7,1.9230769230769231,False,False,False
16083,2021,361,298,56,7,0,0,0,144,61,28,0,0,361,0,98.9041095890411,7,1.9390581717451525,False,False,False
16083,2022,353,280,71,1,1,0,0,155,55,31,0,0,353,0,96.7123287671233,2,0.56657223796034,False,False,False
16085,2019,357,261,96,0,0,0,0,92,66,29,0,0,357,0,97.80821917808218,0,0.0,False,False,False
16085,2020,329,205,117,5,1,1,0,211,68,40,0,0,329,0,89.89071038251366,7,2.127659574468085,False,False,False
16085,2021,351,217,125,7,2,0,0,162,72,41,0,0,351,0,96.16438356164385,9,2.564102564102564,False,False,False
16085,2022,351,241,102,6,2,0,0,168,69,37,0,0,351,0,96.16438356164385,8,2.2792022792022792,False,False,False
17001,2019,241,208,33,0,0,0,0,93,54,41,0,241,0,0,66.02739726027397,0,0.0,False,False,False
17001,2020,244,220,24,0,0,0,0,84,50,38,0,244,0,0,66.66666666666666,0,0.0,False,False,False
17001,2021,242,219,23,0,0,0,0,93,50,40,0,242,0,0,66.3013698630137,0,0.0,False,False,False
17001,2022,237,230,7,0,0,0,0,71,47,39,0,237,0,0,64.93150684931507,0,0.0,False,False,False
17019,2019,365,225,140,0,0,0,0,100,64,45,0,179,186,0,100.0,0,0.0,False,False,False
17019,2020,366,250,114,2,0,0,0,126,61,44,0,156,210,0,100.0,2,0.546448087431694,False,False,False
17019,2021,365,236,129,0,0,0,0,99,63,44,0,143,222,0,100.0,0,0.0,False,False,False
17019,2022,365,223,141,1,0,0,0,126,62,44,0,152,213,0,100.0,1,0.273972602739726,False,False,False
17031,2019,365,80,276,9,0,0,0,133,79,58,8,58,295,4,100.0,9,2.4657534246575343,False,False,False
17031,2020,366,86,260,16,4,0,0,164,84,58,5,73,263,25,100.0,20,5.46448087431694,False,False,False
17031,2021,365,87,257,20,1,0,0,156,89,59,7,78,255,25,100.0,21,5.753424657534247,True,True,False
17031,2022,365,117,240,7,1,0,0,151,76,54,7,68,270,20,100.0,8,2.191780821917808,False,False,False
17043,2019,352,196,153,2,1,0,0,174,65,48,0,130,222,0,96.43835616438356,3,0.8522727272727272,False,False,False
17043,2020,366,213,149,3,1,0,0,154,64,47,0,114,252,0,100.0,4,1.092896174863388,False,False,False
17043,2021,365,179,184,2,0,0,0,105,69,51,0,100,265,0,100.0,2,0.547945205479452,False,False,False
17043,2022,365,199,165,1,0,0,0,129,67,47,0,100,265,0,100.0,1,0.273972602739726,False,False,False
17049,2019,245,224,21,0,0,0,0,84,50,40,0,245,0,0,67.12328767123287,0,0.0,False,False,False
17049,2021,237,226,11,0,0,0,0,77,46,37,0,237,0,0,64.93150684931507,0,0.0,False,False,False
17049,2022,239,215,24,0,0,0,0,100,51,38,0,239,0,0,65.47945205479452,0,0.0,False,False,False
17083,2019,347,221,124,2,0,0,0,119,62,46,0,170,177,0,95.06849315068492,2,0.5763688760806917,False,False,False
17083,2020,358,258,99,1,0,0,0,112,58,44,0,144,214,0,97.81420765027322,1,0.2793296089385474,False,False,False
17083,2021,360,225,133,2,0,0,0,112,61,45,0,120,240,0,98.63013698630137,2,0.5555555555555556,False,False,False
17083,2022,365,240,120,5,0,0,0,112,61,45,0,145,220,0,100.0,5,1.36986301369863,False,False,False
17085,2019,363,351,12,0,0,0,0,74,47,34,0,363,0,0,99.45205479452056,0,0.0,False,False,False
17085,2020,353,337,16,0,0,0,0,87,44,32,0,353,0,0,96.448087431694,0,0.0,False,False,False
17085,2021,362,336,26,0,0,0,0,97,47,36,0,362,0,0,99.17808219178085,0,0.0,False,False,False
17085,2022,343,328,15,0,0,0,0,84,46,34,0,343,0,0,93.97260273972604,0,0.0,False,False,False
17089,2019,284,210,70,4,0,0,0,112,66,42,0,204,80,0,77.8082191780822,4,1.4084507042253522,False,False,False
17089,2020,279,204,68,6,1,0,0,161,66,42,0,193,86,0,76.22950819672131,7,2.508960573476702,False,False,False
17089,2021,285,188,96,1,0,0,0,112,67,44,0,189,96,0,78.08219178082192,1,0.3508771929824561,False,False,False
17089,2022,285,189,93,3,0,0,0,129,67,42,0,176,109,0,78.08219178082192,3,1.0526315789473684,False,False,False
17097,2019,245,210,33,2,0,0,0,115,58,40,0,245,0,0,67.12328767123287,2,0.8163265306122449,False,False,False
17097,2020,241,199,31,10,1,0,0,185,74,39,0,241,0,0,65.84699453551912,11,4.564315352697095,False,False,False
17097,2021,244,180,55,9,0,0,0,136,77,42,0,244,0,0,66.84931506849315,9,3.6885245901639343,False,False,False
17097,2022,243,199,41,2,1,0,0,159,64,39,0,243,0,0,66.57534246575342,3,1.2345679012345678,False,False,False
17111,2019,340,161,177,2,0,0,0,126,65,52,0,88,252,0,93.15068493150685,2,0.5882352941176471,False,False,False
17111,2020,334,192,133,9,0,0,0,147,62,47,0,107,227,0,91.2568306010929,9,2.694610778443114,False,False,False
17111,2021,363,187,174,2,0,0,0,105,68,49,0,115,248,0,99.45205479452056,2,0.5509641873278237,False,False,False
17111,2022,365,199,163,3,0,0,0,126,66,47,0,112,253,0,100.0,3,0.821917808219178,False,False,False
17113,2019,364,187,177,0,0,0,0,100,65,49,0,116,248,0,99.72602739726028,0,0.0,False,False,False
17113,2020,364,207,154,3,0,0,0,136,61,48,0,111,253,0,99.4535519125683,3,0.8241758241758242,False,False,False
17113,2021,365,191,173,1,0,0,0,107,63,48,0,89,276,0,100.0,1,0.273972602739726,False,False,False
17113,2022,365,207,156,2,0,0,0,129,63,47,0,119,246,0,100.0,2,0.547945205479452,False,False,False
17115,2019,364,176,188,0,0,0,0,93,64,51,0,100,264,0,99.72602739726028,0,0.0,False,False,False
17115,2020,362,214,148,0,0,0,0,90,60,46,0,100,262,0,98.90710382513662,0,0.0,False,False,False
17115,2021,361,179,179,3,0,0,0,112,67,51,0,92,269,0,98.9041095890411,3,0.8310249307479225,False,False,False
17115,2022,365,209,154,2,0,0,0,115,62,46,0,111,254,0,100.0,2,0.547945205479452,False,False,False
17117,2019,357,340,17,0,0,0,0,87,47,33,112,245,0,0,97.80821917808218,0,0.0,False,False,False
17117,2020,364,346,18,0,0,0,0,93,45,31,129,235,0,0,99.4535519125683,0,0.0,False,False,False
17117,2021,358,339,19,0,0,0,0,93,48,31,131,227,0,0,98.08219178082192,0,0.0,False,False,False
17117,2022,363,352,9,2,0,0,0,108,45,33,122,241,0,0,99.45205479452056,2,0.5509641873278237,False,False,False
17119,2019,363,140,220,1,2,0,0,156,73,55,0,144,217,2,99.45205479452056,3,0.8264462809917356,False,False,False
17119,2020,365,129,233,3,0,0,0,112,71,54,0,91,273,1,99.72677595628416,3,0.821917808219178,False,False,False
17119,2021,365,82,277,6,0,0,0,143,74,57,0,65,300,0,100.0,6,1.643835616438356,False,False,False
17119,2022,363,134,220,9,0,0,0,147,71,54,0,113,250,0,99.45205479452056,9,2.479338842975207,False,False,False
17143,2019,364,236,126,2,0,0,0,101,62,44,0,153,211,0,99.72602739726028,2,0.5494505494505495,False,False,False
17143,2020,364,247,116,1,0,0,0,115,61,44,0,169,195,0,99.4535519125683,1,0.2747252747252747,False,False,False
17143,2021,361,181,179,1,0,0,0,101,65,50,0,92,269,0,98.9041095890411,1,0.2770083102493075,False,False,False
17143,2022,319,181,138,0,0,0,0,100,65,48,0,102,217,0,87.3972602739726,0,0.0,False,False,False
17161,2019,361,221,138,2,0,0,0,115,63,45,0,134,227,0,98.9041095890411,2,0.554016620498615,False,False,False
17161,2020,355,234,120,1,0,0,0,102,61,43,0,109,246,0,96.99453551912568,1,0.2816901408450704,False,False,False
17161,2021,361,191,167,3,0,0,0,112,66,49,0,95,266,0,98.9041095890411,3,0.8310249307479225,False,False,False
17161,2022,360,214,146,0,0,0,0,90,64,47,0,97,263,0,98.63013698630137,0,0.0,False,False,False
17167,2019,360,222,138,0,0,0,0,87,61,45,0,122,238,0,98.63013698630137,0,0.0,False,False,False
17167,2020,364,254,110,0,0,0,0,97,58,44,0,153,211,0,99.4535519125683,0,0.0,False,False,False
17167,2021,362,233,129,0,0,0,0,98,62,43,0,100,262,0,99.17808219178085,0,0.0,False,False,False
17167,2022,362,220,138,4,0,0,0,126,62,45,0,107,255,0,99.17808219178085,4,1.1049723756906076,False,False,False
17197,2019,365,179,186,0,0,0,0,84,66,51,0,75,290,0,100.0,0,0.0,False,False,False
17197,2020,363,183,176,3,1,0,0,156,64,50,0,79,284,0,99.18032786885246,4,1.1019283746556474,False,False,False
17197,2021,365,157,206,2,0,0,0,105,67,52,0,83,282,0,100.0,2,0.547945205479452,False,False,False
17197,2022,365,193,170,2,0,0,0,101,66,49,0,92,273,0,100.0,2,0.547945205479452,False,False,False
17201,2019,341,182,158,1,0,0,0,102,66,49,0,108,233,0,93.42465753424658,1,0.2932551319648094,False,False,False
17201,2020,366,205,160,1,0,0,0,101,64,47,0,84,282,0,100.0,1,0.273224043715847,False,False,False
17201,2021,360,190,170,0,0,0,0,100,68,49,0,114,246,0,98.63013698630137,0,0.0,False,False,False
17201,2022,363,237,126,0,0,0,0,97,61,43,0,123,240,0,99.45205479452056,0,0.0,False,False,False
18003,2019,365,200,164,1,0,0,0,101,64,49,0,163,202,0,100.0,1,0.273972602739726,False,False,False
18003,2020,366,232,132,2,0,0,0,120,61,45,0,150,216,0,100.0,2,0.546448087431694,False,False,False
18003,2021,365,257,108,0,0,0,0,100,63,40,0,226,139,0,100.0,0,0.0,False,False,False
18003,2022,351,326,23,2,0,0,0,115,48,35,0,351,0,0,96.16438356164385,2,0.5698005698005698,False,False,False
18005,2019,364,256,108,0,0,0,0,77,58,44,0,203,161,0,99.72602739726028,0,0.0,False,False,False
18005,2020,366,275,91,0,0,0,0,97,57,41,0,191,175,0,100.0,0,0.0,False,False,False
18005,2021,364,252,112,0,0,0,0,93,61,43,0,163,201,0,99.72602739726028,0,0.0,False,False,False
18005,2022,365,280,84,1,0,0,0,105,57,41,0,215,150,0,100.0,1,0.273972602739726,False,False,False
18019,2019,365,225,139,1,0,0,0,101,62,45,0,194,171,0,100.0,1,0.273972602739726,False,False,False
18019,2020,366,186,180,0,0,0,0,92,62,50,0,77,289,0,100.0,0,0.0,False,False,False
18019,2021,365,160,205,0,0,0,0,96,71,52,0,59,306,0,100.0,0,0.0,False,False,False
18019,2022,363,170,192,1,0,0,0,119,66,51,0,73,290,0,99.45205479452056,1,0.2754820936639118,False,False,False
18035,2019,352,299,53,0,0,0,0,71,56,36,0,272,80,0,96.43835616438356,0,0.0,False,False,False
18035,2020,365,303,62,0,0,0,0,97,55,35,0,291,74,0,99.72677595628416,0,0.0,False,False,False
18035,2021,362,299,63,0,0,0,0,97,57,37,0,293,69,0,99.17808219178085,0,0.0,False,False,False
18035,2022,359,303,55,1,0,0,0,115,54,38,0,308,51,0,98.35616438356163,1,0.2785515320334262,False,False,False
18039,2019,365,251,114,0,0,0,0,83,61,41,0,166,199,0,100.0,0,0.0,False,False,False
18039,2020,366,254,110,0,2,0,0,161,58,42,0,139,227,0,100.0,2,0.546448087431694,False,False,False
18039,2021,365,214,151,0,0,0,0,87,62,45,0,139,226,0,100.0,0,0.0,False,False,False
18039,2022,362,242,117,3,0,0,0,127,60,43,0,138,224,0,99.17808219178085,3,0.8287292817679558,False,False,False
18043,2019,361,336,25,0,0,0,0,87,48,35,0,361,0,0,98.9041095890411,0,0.0,False,False,False
18043,2020,363,347,15,1,0,0,0,143,44,32,0,363,0,0,99.18032786885246,1,0.2754820936639118,False,False,False
18043,2021,363,340,23,0,0,0,0,100,48,34,0,363,0,0,99.45205479452056,0,0.0,False,False,False
18043,2022,354,337,17,0,0,0,0,87,45,33,0,354,0,0,96.986301369863,0,0.0,False,False,False
18057,2019,365,214,149,2,0,0,0,119,64,47,0,145,220,0,100.0,2,0.547945205479452,False,False,False
18057,2020,366,247,119,0,0,0,0,97,59,44,0,155,211,0,100.0,0,0.0,False,False,False
18057,2021,365,232,133,0,0,0,0,100,66,44,0,155,210,0,100.0,0,0.0,False,False,False
18057,2022,365,241,124,0,0,0,0,100,63,43,0,160,205,0,100.0,0,0.0,False,False,False
18063,2019,361,348,13,0,0,0,0,93,47,34,0,361,0,0,98.9041095890411,0,0.0,False,False,False
18063,2020,366,348,18,0,0,0,0,87,45,32,0,366,0,0,100.0,0,0.0,False,False,False
18063,2021,365,347,18,0,0,0,0,80,46,33,0,365,0,0,100.0,0,0.0,False,False,False
18063,2022,352,338,14,0,0,0,0,87,46,34,0,352,0,0,96.43835616438356,0,0.0,False,False,False
18067,2019,361,236,124,1,0,0,0,108,59,44,0,192,169,0,98.9041095890411,1,0.2770083102493075,False,False,False
18067,2020,366,266,99,1,0,0,0,108,58,42,0,207,159,0,100.0,1,0.273224043715847,False,False,False
18067,2021,361,227,132,2,0,0,0,105,62,44,0,164,197,0,98.9041095890411,2,0.554016620498615,False,False,False
18067,2022,364,246,114,4,0,0,0,108,63,44,0,206,158,0,99.72602739726028,4,1.098901098901099,False,False,False
18069,2019,355,345,10,0,0,0,0,84,44,31,0,355,0,0,97.26027397260276,0,0.0,False,False,False
18083,2019,359,328,31,0,0,0,0,87,50,36,0,359,0,0,98.35616438356163,0,0.0,False,False,False
18083,2020,351,328,22,1,0,0,0,105,48,33,0,351,0,0,95.90163934426228,1,0.2849002849002849,False,False,False
18083,2021,360,320,38,2,0,0,0,108,51,36,0,360,0,0,98.63013698630137,2,0.5555555555555556,False,False,False
18083,2022,344,321,23,0,0,0,0,87,48,36,0,344,0,0,94.24657534246576,0,0.0,False,False,False
18089,2019,365,151,213,1,0,0,0,101,72,52,2,86,274,3,100.0,1,0.273972602739726,False,False,False
18089,2020,366,161,199,6,0,0,0,136,68,52,1,86,275,4,100.0,6,1.639344262295082,False,False,False
18089,2021,365,134,225,5,1,0,0,175,72,54,2,53,308,2,100.0,6,1.643835616438356,False,False,False
18089,2022,365,152,208,5,0,0,0,143,69,52,3,82,275,5,100.0,5,1.36986301369863,False,False,False
18091,2019,364,296,64,4,0,0,0,126,64,37,0,317,47,0,99.72602739726028,4,1.098901098901099,False,False,False
18091,2020,366,291,68,6,1,0,0,154,63,38,0,309,57,0,100.0,7,1.912568306010929,False,False,False
18091,2021,365,282,78,5,0,0,0,143,64,37,0,309,56,0,100.0,5,1.36986301369863,False,False,False
18091,2022,365,302,60,3,0,0,0,133,57,36,0,300,65,0,100.0,3,0.821917808219178,False,False,False
18095,2019,365,216,148,1,0,0,0,101,61,47,0,148,217,0,100.0,1,0.273972602739726,False,False,False
18095,2020,366,233,133,0,0,0,0,97,59,44,0,127,239,0,100.0,0,0.0,False,False,False
18095,2021,364,199,165,0,0,0,0,97,67,48,0,124,240,0,99.72602739726028,0,0.0,False,False,False
18095,2022,365,224,137,4,0,0,0,133,66,45,0,157,208,0,100.0,4,1.095890410958904,False,False,False
18097,2019,365,78,283,4,0,0,0,112,74,58,0,62,303,0,100.0,4,1.095890410958904,False,False,False
18097,2020,366,110,250,6,0,0,0,144,72,55,0,56,309,1,100.0,6,1.639344262295082,False,False,False
18097,2021,365,81,278,6,0,0,0,114,81,58,2,31,332,0,100.0,6,1.643835616438356,False,False,False
18097,2022,365,101,251,12,1,0,0,154,80,56,0,51,314,0,100.0,13,3.5616438356164384,False,False,False
18105,2019,346,220,126,0,0,0,0,72,58,43,0,0,346,0,94.7945205479452,0,0.0,False,False,False
18105,2020,357,240,117,0,0,0,0,72,57,41,0,0,357,0,97.54098360655738,0,0.0,False,False,False
18105,2021,352,223,129,0,0,0,0,95,61,43,0,0,352,0,96.43835616438356,0,0.0,False,False,False
18105,2022,347,265,82,0,0,0,0,96,55,38,0,0,347,0,95.06849315068492,0,0.0,False,False,False
18109,2019,364,344,20,0,0,0,0,87,48,35,0,364,0,0,99.72602739726028,0,0.0,False,False,False
18123,2019,358,322,36,0,0,0,0,80,51,37,0,358,0,0,98.08219178082192,0,0.0,False,False,False
18123,2020,366,352,13,1,0,0,0,105,45,34,0,366,0,0,100.0,1,0.273224043715847,False,False,False
18123,2021,363,334,29,0,0,0,0,97,50,36,0,363,0,0,99.45205479452056,0,0.0,False,False,False
18123,2022,365,344,20,1,0,0,0,119,48,36,0,365,0,0,100.0,1,0.273972602739726,False,False,False
18127,2019,365,236,125,4,0,0,0,115,64,44,0,164,188,13,100.0,4,1.095890410958904,False,False,False
18127,2020,366,247,113,5,1,0,0,151,61,43,0,193,165,8,100.0,6,1.639344262295082,False,False,False
18127,2021,365,204,154,7,0,0,0,136,68,47,0,149,205,11,100.0,7,1.9178082191780823,False,False,False
18127,2022,365,229,130,5,0,1,0,202,62,46,0,165,195,5,100.0,6,1.643835616438356,False,False,False
18129,2019,364,341,23,0,0,0,0,80,49,35,0,364,0,0,99.72602739726028,0,0.0,False,False,False
18129,2020,355,336,18,1,0,0,0,112,45,31,0,355,0,0,96.99453551912568,1,0.2816901408450704,False,False,False
18129,2021,360,344,16,0,0,0,0,77,45,32,0,360,0,0,98.63013698630137,0,0.0,False,False,False
18129,2022,364,349,15,0,0,0,0,97,45,33,0,364,0,0,99.72602739726028,0,0.0,False,False,False
18141,2019,365,217,148,0,0,0,0,100,66,46,0,178,187,0,100.0,0,0.0,False,False,False
18141,2020,366,207,154,4,1,0,0,166,65,47,0,137,229,0,100.0,5,1.366120218579235,False,False,False
18141,2021,365,169,195,1,0,0,0,105,71,52,0,96,269,0,100.0,1,0.273972602739726,False,False,False
18141,2022,365,167,192,6,0,0,0,122,73,52,1,103,261,0,100.0,6,1.643835616438356,False,False,False
18157,2019,351,210,141,0,0,0,0,78,61,43,0,0,351,0,96.16438356164385,0,0.0,False,False,False
18157,2020,348,167,181,0,0,0,0,73,61,51,0,0,348,0,95.08196721311477,0,0.0,False,False,False
18157,2021,349,213,136,0,0,0,0,97,62,44,0,0,349,0,95.61643835616438,0,0.0,False,False,False
18157,2022,350,268,82,0,0,0,0,96,56,36,0,0,350,0,95.8904109589041,0,0.0,False,False,False
18163,2019,365,229,136,0,0,0,0,90,59,46,0,155,210,0,100.0,0,0.0,False,False,False
18163,2020,366,248,116,2,0,0,0,101,61,43,0,174,192,0,100.0,2,0.546448087431694,False,False,False
18163,2021,365,176,188,1,0,0,0,109,68,51,0,76,289,0,100.0,1,0.273972602739726,False,False,False
18163,2022,365,172,193,0,0,0,0,100,66,51,0,94,271,0,100.0,0,0.0,False,False,False
18167,2019,365,161,203,1,0,0,0,102,67,52,0,110,255,0,100.0,1,0.273972602739726,False,False,False
18167,2020,366,223,142,1,0,0,0,112,61,46,0,135,231,0,100.0,1,0.273224043715847,False,False,False
18167,2021,365,172,193,0,0,0,0,99,67,51,0,100,265,0,100.0,0,0.0,False,False,False
18167,2022,365,203,160,2,0,0,0,115,63,47,0,109,256,0,100.0,2,0.547945205479452,False,False,False
18173,2019,365,337,28,0,0,0,0,93,50,36,0,365,0,0,100.0,0,0.0,False,False,False
18173,2020,366,347,17,2,0,0,0,112,47,33,0,366,0,0,100.0,2,0.546448087431694,False,False,False
18173,2021,365,337,27,1,0,0,0,105,48,35,0,365,0,0,100.0,1,0.273972602739726,False,False,False
18173,2022,365,326,38,1,0,0,0,101,51,37,0,365,0,0,100.0,1,0.273972602739726,False,False,False
19013,2019,363,238,125,0,0,0,0,85,63,41,0,0,363,0,99.45205479452056,0,0.0,False,False,False
19013,2020,366,239,127,0,0,0,0,92,59,42,0,0,366,0,100.0,0,0.0,False,False,False
19013,2021,365,211,154,0,0,0,0,96,63,47,0,0,365,0,100.0,0,0.0,False,False,False
19013,2022,364,232,132,0,0,0,0,84,59,44,0,0,364,0,99.72602739726028,0,0.0,False,False,False
19017,2019,243,228,15,0,0,0,0,90,46,37,0,243,0,0,66.57534246575342,0,0.0,False,False,False
19017,2020,244,232,12,0,0,0,0,87,45,35,0,244,0,0,66.66666666666666,0,0.0,False,False,False
19017,2021,244,223,21,0,0,0,0,90,49,40,0,244,0,0,66.84931506849315,0,0.0,False,False,False
19017,2022,243,235,8,0,0,0,0,67,47,37,0,243,0,0,66.57534246575342,0,0.0,False,False,False
19045,2019,364,192,172,0,0,0,0,91,65,49,0,94,270,0,99.72602739726028,0,0.0,False,False,False
19045,2020,324,199,125,0,0,0,0,87,62,45,0,125,199,0,88.52459016393442,0,0.0,False,False,False
19045,2021,365,134,229,2,0,0,0,112,70,55,0,62,303,0,100.0,2,0.547945205479452,False,False,False
19045,2022,364,165,198,1,0,0,0,107,67,52,0,74,290,0,99.72602739726028,1,0.2747252747252747,False,False,False
19085,2019,241,222,19,0,0,0,0,97,50,38,0,241,0,0,66.02739726027397,0,0.0,False,False,False
19085,2020,242,223,19,0,0,0,0,87,49,37,0,242,0,0,66.12021857923497,0,0.0,False,False,False
19085,2021,243,216,27,0,0,0,0,87,54,39,0,243,0,0,66.57534246575342,0,0.0,False,False,False
19085,2022,237,210,27,0,0,0,0,84,51,40,0,237,0,0,64.93150684931507,0,0.0,False,False,False
19103,2019,364,210,154,0,0,0,0,92,64,46,0,0,364,0,99.72602739726028,0,0.0,False,False,False
19103,2020,362,207,154,1,0,0,0,105,63,47,0,0,362,0,98.90710382513662,1,0.2762430939226519,False,False,False
19103,2021,364,172,190,2,0,0,0,121,67,52,0,0,364,0,99.72602739726028,2,0.5494505494505495,False,False,False
19103,2022,365,223,141,1,0,0,0,108,62,44,0,0,365,0,100.0,1,0.273972602739726,False,False,False
19113,2019,365,223,142,0,0,0,0,86,64,43,0,116,249,0,100.0,0,0.0,False,False,False
19113,2020,366,207,158,1,0,0,0,105,63,47,0,78,288,0,100.0,1,0.273224043715847,False,False,False
19113,2021,365,160,201,4,0,0,0,123,69,52,0,75,290,0,100.0,4,1.095890410958904,False,False,False
19113,2022,365,197,168,0,0,0,0,81,61,48,0,90,274,1,100.0,0,0.0,False,False,False
19137,2019,364,267,97,0,0,0,0,77,58,41,0,156,208,0,99.72602739726028,0,0.0,False,False,False
19137,2020,366,277,89,0,0,0,0,79,57,41,0,121,245,0,100.0,0,0.0,False,False,False
19137,2021,351,250,100,1,0,0,0,112,58,42,0,109,242,0,96.16438356164385,1,0.2849002849002849,False,False,False
19137,2022,363,305,58,0,0,0,0,79,54,39,0,169,194,0,99.45205479452056,0,0.0,False,False,False
19139,2019,365,238,127,0,0,0,0,93,61,42,0,0,365,0,100.0,0,0.0,False,False,False
19139,2020,366,245,120,1,0,0,0,124,59,40,0,0,366,0,100.0,1,0.273224043715847,False,False,False
19139,2021,365,211,154,0,0,0,0,90,63,45,0,0,363,2,100.0,0,0.0,False,False,False
19139,2022,365,235,130,0,0,0,0,89,58,42,0,0,363,2,100.0,0,0.0,False,False,False
19147,2019,364,246,118,0,0,0,0,93,60,44,0,102,262,0,99.72602739726028,0,0.0,False,False,False
19147,2020,366,273,93,0,0,0,0,87,57,40,0,151,215,0,100.0,0,0.0,False,False,False
19147,2021,362,250,108,2,2,0,0,167,64,43,0,136,226,0,99.17808219178085,4,1.1049723756906076,False,False,False
19147,2022,365,271,94,0,0,0,0,79,55,42,0,133,232,0,100.0,0,0.0,False,False,False
19153,2019,365,251,114,0,0,0,0,100,60,42,2,174,189,0,100.0,0,0.0,False,False,False
19153,2020,366,261,103,0,2,0,0,199,59,42,4,125,237,0,100.0,2,0.546448087431694,False,False,False
19153,2021,365,227,137,1,0,0,0,110,64,45,7,115,243,0,100.0,1,0.273972602739726,False,False,False
19153,2022,365,273,92,0,0,0,0,89,57,41,4,136,224,1,100.0,0,0.0,False,False,False
19163,2019,365,168,195,2,0,0,0,112,69,52,0,82,216,67,100.0,2,0.547945205479452,False,False,False
19163,2020,366,173,190,2,1,0,0,156,66,52,0,73,215,78,100.0,3,0.819672131147541,False,False,False
19163,2021,365,145,219,1,0,0,0,102,70,53,0,73,241,51,100.0,1,0.273972602739726,False,False,False
19163,2022,365,202,163,0,0,0,0,96,65,49,0,97,216,52,100.0,0,0.0,False,False,False
19177,2019,361,266,95,0,0,0,0,97,58,42,1,130,230,0,98.9041095890411,0,0.0,False,False,False
19177,2020,366,281,85,0,0,0,0,87,55,39,0,148,218,0,100.0,0,0.0,False,False,False
19177,2021,362,223,139,0,0,0,0,94,60,44,0,88,274,0,99.17808219178085,0,0.0,False,False,False
19177,2022,365,271,93,1,0,0,0,102,55,43,1,123,241,0,100.0,1,0.273972602739726,False,False,False
20057,2019,304,301,3,0,0,0,0,54,31,15,0,0,0,304,83.28767123287672,0,0.0,True,False,True
20057,2020,302,297,5,0,0,0,0,79,29,11,0,0,0,302,82.5136612021858,0,0.0,True,False,True
20057,2021,358,353,5,0,0,0,0,80,32,17,0,0,0,358,98.08219178082192,0,0.0,True,False,True
20057,2022,362,339,21,1,1,0,0,169,40,19,0,0,0,362,99.17808219178085,2,0.5524861878453038,True,False,True
20091,2019,362,308,54,0,0,0,0,77,53,38,0,246,116,0,99.17808219178085,0,0.0,False,False,False
20091,2020,365,250,114,1,0,0,0,117,61,41,0,142,221,2,99.72677595628416,1,0.273972602739726,False,False,False
20091,2021,364,207,153,4,0,0,0,138,65,46,0,117,247,0,99.72602739726028,4,1.098901098901099,False,False,False
20091,2022,365,227,137,1,0,0,0,115,64,44,0,138,226,1,100.0,1,0.273972602739726,False,False,False
20103,2019,362,347,15,0,0,0,0,97,45,33,0,362,0,0,99.17808219178085,0,0.0,False,False,False
20103,2020,366,356,10,0,0,0,0,77,44,32,0,366,0,0,100.0,0,0.0,False,False,False
20103,2021,348,330,16,2,0,0,0,126,47,34,0,348,0,0,95.34246575342463,2,0.5747126436781609,False,False,False
20103,2022,365,341,24,0,0,0,0,80,49,37,0,365,0,0,100.0,0,0.0,False,False,False
20133,2019,365,219,145,1,0,0,0,119,62,45,0,122,242,1,100.0,1,0.273972602739726,False,False,False
20133,2020,366,235,129,2,0,0,0,106,59,44,0,108,250,8,100.0,2,0.546448087431694,False,False,False
20133,2021,362,171,189,2,0,0,0,145,66,51,0,78,277,7,99.17808219178085,2,0.5524861878453038,False,False,False
20133,2022,360,201,159,0,0,0,0,94,66,48,1,144,208,7,98.63013698630137,0,0.0,False,False,False
20173,2019,365,282,83,0,0,0,0,97,58,41,8,253,100,4,100.0,0,0.0,False,False,False
20173,2020,366,296,67,3,0,0,0,114,56,40,3,251,104,8,100.0,3,0.819672131147541,False,False,False
20173,2021,365,224,136,5,0,0,0,141,66,46,6,188,163,8,100.0,5,1.36986301369863,False,False,False
20173,2022,365,183,178,4,0,0,0,119,71,50,0,166,191,8,100.0,4,1.095890410958904,False,False,False
20177,2019,365,216,148,0,1,0,0,161,63,45,0,128,237,0,100.0,1,0.273972602739726,False,False,False
20177,2020,366,227,135,2,2,0,0,169,61,44,0,128,235,3,100.0,4,1.092896174863388,False,False,False
20177,2021,365,189,173,2,1,0,0,151,65,49,0,86,279,0,100.0,3,0.821917808219178,False,False,False
20177,2022,350,220,130,0,0,0,0,87,62,44,0,172,177,1,95.8904109589041,0,0.0,False,False,False
20181,2019,358,354,4,0,0,0,0,58,31,12,0,0,0,358,98.08219178082192,0,0.0,True,False,True
20181,2020,303,282,20,1,0,0,0,106,44,13,0,0,0,303,82.78688524590164,1,0.33003300330033,True,False,True
20181,2021,320,308,11,0,0,1,0,221,38,17,0,0,0,320,87.67123287671232,1,0.3125,True,False,True
20181,2022,360,338,18,3,0,0,1,494,41,18,0,0,0,360,98.63013698630137,4,1.1111111111111112,True,False,True
20191,2019,365,287,78,0,0,0,0,97,57,41,3,244,110,8,100.0,0,0.0,False,False,False
20191,2020,366,231,132,3,0,0,0,117,63,45,0,123,229,14,100.0,3,0.819672131147541,False,False,False
20191,2021,365,167,194,4,0,0,0,147,68,52,0,94,266,5,100.0,4,1.095890410958904,False,False,False
20191,2022,365,197,165,3,0,0,0,115,67,48,0,146,205,14,100.0,3,0.821917808219178,False,False,False
20209,2019,365,239,125,1,0,0,0,137,63,43,24,155,185,1,100.0,1,0.273972602739726,False,False,False
20209,2020,366,146,215,5,0,0,0,116,67,53,0,58,305,3,100.0,5,1.366120218579235,False,False,False
20209,2021,365,154,204,7,0,0,0,145,69,53,0,78,287,0,100.0,7,1.9178082191780823,False,False,False
20209,2022,365,179,184,2,0,0,0,112,67,51,5,103,252,4,100.0,2,0.547945205479452,False,False,False
21013,2019,263,238,25,0,0,0,0,77,50,40,0,222,41,0,72.05479452054794,0,0.0,False,False,False
21013,2020,263,242,21,0,0,0,0,74,48,34,0,215,48,0,71.85792349726776,0,0.0,False,False,False
21013,2021,364,164,198,2,0,0,0,112,68,52,0,47,317,0,99.72602739726028,2,0.5494505494505495,False,False,False
21015,2019,239,222,17,0,0,0,0,80,49,39,0,239,0,0,65.47945205479452,0,0.0,False,False,False
21015,2020,242,218,24,0,0,0,0,87,50,36,0,242,0,0,66.12021857923497,0,0.0,False,False,False
21015,2021,244,225,19,0,0,0,0,90,49,39,0,244,0,0,66.84931506849315,0,0.0,False,False,False
21019,2019,365,259,106,0,0,0,0,74,58,44,4,124,236,1,100.0,0,0.0,False,False,False
21019,2020,366,285,81,0,0,0,0,89,57,41,2,115,248,1,100.0,0,0.0,False,False,False
21019,2021,360,231,128,1,0,0,0,102,61,44,8,70,282,0,98.63013698630137,1,0.2777777777777778,False,False,False
21029,2019,243,214,29,0,0,0,0,93,51,41,0,243,0,0,66.57534246575342,0,0.0,False,False,False
21029,2020,240,224,15,1,0,0,0,115,48,37,0,240,0,0,65.57377049180327,1,0.4166666666666667,False,False,False
21029,2021,237,212,24,1,0,0,0,143,51,37,0,237,0,0,64.93150684931507,1,0.4219409282700421,False,False,False
21037,2019,362,241,120,1,0,0,0,108,60,44,21,127,214,0,99.17808219178085,1,0.2762430939226519,False,False,False
21037,2020,366,246,120,0,0,0,0,93,59,43,0,117,249,0,100.0,0,0.0,False,False,False
21037,2021,362,230,131,1,0,0,0,101,64,44,2,94,266,0,99.17808219178085,1,0.2762430939226519,False,False,False
21043,2019,285,266,19,0,0,0,0,67,49,37,0,215,69,1,78.08219178082192,0,0.0,False,False,False
21043,2020,285,273,12,0,0,0,0,64,45,33,0,209,75,1,77.8688524590164,0,0.0,False,False,False
21043,2021,279,252,27,0,0,0,0,86,50,35,0,200,77,2,76.43835616438356,0,0.0,False,False,False
21047,2019,278,228,50,0,0,0,0,80,54,40,0,198,80,0,76.16438356164383,0,0.0,False,False,False
21047,2020,320,249,71,0,0,0,0,85,56,41,0,179,141,0,87.43169398907104,0,0.0,False,False,False
21047,2021,365,190,175,0,0,0,0,99,67,49,0,66,299,0,100.0,0,0.0,False,False,False
21059,2019,364,220,143,1,0,0,0,101,63,46,0,137,227,0,99.72602739726028,1,0.2747252747252747,False,False,False
21059,2020,366,254,111,1,0,0,0,105,59,43,1,126,239,0,100.0,1,0.273224043715847,False,False,False
21059,2021,363,200,163,0,0,0,0,99,68,48,0,88,275,0,99.45205479452056,0,0.0,False,False,False
21067,2019,364,231,133,0,0,0,0,80,58,46,5,127,232,0,99.72602739726028,0,0.0,False,False,False
21067,2020,366,258,108,0,0,0,0,86,57,42,5,114,247,0,100.0,0,0.0,False,False,False
21067,2021,363,214,148,1,0,0,0,108,66,47,16,66,280,1,99.45205479452056,1,0.2754820936639118,False,False,False
21089,2019,242,237,5,0,0,0,0,58,45,37,0,242,0,0,66.3013698630137,0,0.0,False,False,False
21089,2020,243,241,2,0,0,0,0,61,44,33,0,243,0,0,66.39344262295081,0,0.0,False,False,False
21089,2021,231,227,4,0,0,0,0,54,46,34,0,231,0,0,63.287671232876704,0,0.0,False,False,False
21091,2019,245,208,37,0,0,0,0,84,54,42,0,245,0,0,67.12328767123287,0,0.0,False,False,False
21091,2020,245,233,12,0,0,0,0,97,47,37,0,245,0,0,66.93989071038251,0,0.0,False,False,False
21091,2021,241,220,21,0,0,0,0,90,49,38,0,241,0,0,66.02739726027397,0,0.0,False,False,False
21093,2019,363,261,102,0,0,0,0,72,57,44,0,128,235,0,99.45205479452056,0,0.0,False,False,False
21093,2020,366,268,98,0,0,0,0,80,56,43,0,125,241,0,100.0,0,0.0,False,False,False
21093,2021,364,238,125,1,0,0,0,101,62,43,0,117,247,0,99.72602739726028,1,0.2747252747252747,False,False,False
21111,2019,365,124,239,2,0,0,0,136,71,54,1,99,265,0,100.0,2,0.547945205479452,False,False,False
21111,2020,366,151,208,7,0,0,0,115,64,52,3,89,274,0,100.0,7,1.912568306010929,False,False,False
21111,2021,365,138,221,6,0,0,0,126,74,54,0,68,297,0,100.0,6,1.643835616438356,False,False,False
21113,2019,245,221,24,0,0,0,0,67,50,43,0,245,0,0,67.12328767123287,0,0.0,False,False,False
21113,2020,243,232,11,0,0,0,0,77,47,37,0,243,0,0,66.39344262295081,0,0.0,False,False,False
21113,2021,227,211,15,1,0,0,0,101,49,38,0,227,0,0,62.19178082191781,1,0.4405286343612335,False,False,False
21139,2019,261,237,24,0,0,0,0,77,50,41,0,242,0,19,71.5068493150685,0,0.0,False,False,False
21139,2020,248,235,12,1,0,0,0,105,47,37,0,239,0,9,67.75956284153006,1,0.4032258064516129,False,False,False
21139,2021,243,225,18,0,0,0,0,93,48,39,0,243,0,0,66.57534246575342,0,0.0,False,False,False
21145,2019,361,186,175,0,0,0,0,97,63,50,2,101,257,1,98.9041095890411,0,0.0,False,False,False
21145,2020,366,239,126,1,0,0,0,111,61,44,4,102,260,0,100.0,1,0.273224043715847,False,False,False
21145,2021,363,221,140,2,0,0,0,109,64,44,21,93,247,2,99.45205479452056,2,0.5509641873278237,False,False,False
21185,2019,242,203,38,1,0,0,0,105,58,42,0,242,0,0,66.3013698630137,1,0.4132231404958678,False,False,False
21185,2020,239,218,21,0,0,0,0,97,49,38,0,239,0,0,65.30054644808743,0,0.0,False,False,False
21185,2021,244,216,27,1,0,0,0,105,54,39,0,244,0,0,66.84931506849315,1,0.4098360655737705,False,False,False
21193,2019,353,238,115,0,0,0,0,87,57,44,0,106,247,0,96.7123287671233,0,0.0,False,False,False
21193,2020,364,278,86,0,0,0,0,99,55,39,0,97,267,0,99.4535519125683,0,0.0,False,False,False
21193,2021,365,247,118,0,0,0,0,93,60,44,0,71,294,0,100.0,0,0.0,False,False,False
21195,2019,361,286,75,0,0,0,0,68,55,41,0,111,250,0,98.9041095890411,0,0.0,False,False,False
21195,2020,365,310,55,0,0,0,0,93,53,37,0,111,254,0,99.72677595628416,0,0.0,False,False,False
21195,2021,365,273,91,0,1,0,0,164,57,41,0,92,273,0,100.0,1,0.273972602739726,False,False,False
21199,2019,282,251,31,0,0,0,0,67,52,41,0,202,80,0,77.26027397260275,0,0.0,False,False,False
21199,2020,283,246,37,0,0,0,0,77,52,38,0,196,87,0,77.3224043715847,0,0.0,False,False,False
21199,2021,361,229,131,1,0,0,0,101,62,45,0,74,287,0,98.9041095890411,1,0.2770083102493075,False,False,False
21213,2019,244,222,22,0,0,0,0,67,50,40,0,244,0,0,66.84931506849315,0,0.0,False,False,False
21213,2020,221,217,4,0,0,0,0,67,46,36,0,221,0,0,60.38251366120219,0,0.0,False,False,False
21213,2021,243,222,21,0,0,0,0,90,50,37,0,243,0,0,66.57534246575342,0,0.0,False,False,False
21227,2019,348,237,111,0,0,0,0,76,58,44,0,98,250,0,95.34246575342463,0,0.0,False,False,False
21227,2020,366,237,129,0,0,0,0,97,58,44,0,76,290,0,100.0,0,0.0,False,False,False
21227,2021,363,218,143,2,0,0,0,117,65,45,0,78,285,0,99.45205479452056,2,0.5509641873278237,False,False,False
22005,2019,361,319,41,1,0,0,0,101,54,33,7,354,0,0,98.9041095890411,1,0.2770083102493075,False,False,False
22005,2020,364,350,14,0,0,0,0,100,46,31,6,358,0,0,99.4535519125683,0,0.0,False,False,False
22005,2021,356,338,16,1,1,0,0,159,45,31,10,346,0,0,97.53424657534246,2,0.5617977528089888,False,False,False
22005,2022,364,336,28,0,0,0,0,90,49,32,7,357,0,0,99.72602739726028,0,0.0,False,False,False
22015,2019,357,282,75,0,0,0,0,86,55,37,0,175,175,7,97.80821917808218,0,0.0,False,False,False
22015,2020,362,269,92,1,0,0,0,105,58,40,0,172,184,6,98.90710382513662,1,0.2762430939226519,False,False,False
22015,2021,365,172,193,0,0,0,0,88,64,51,0,61,297,7,100.0,0,0.0,False,False,False
22015,2022,358,162,196,0,0,0,0,99,64,52,0,55,299,4,98.08219178082192,0,0.0,False,False,False
22017,2019,356,271,85,0,0,0,0,82,59,39,0,251,105,0,97.53424657534246,0,0.0,False,False,False
22017,2020,349,289,59,1,0,0,0,126,55,36,0,255,94,0,95.3551912568306,1,0.2865329512893982,False,False,False
22017,2021,362,289,73,0,0,0,0,93,56,37,0,268,94,0,99.17808219178085,0,0.0,False,False,False
22017,2022,363,274,88,1,0,0,0,108,58,40,0,265,98,0,99.45205479452056,1,0.2754820936639118,False,False,False
22019,2019,365,131,234,0,0,0,0,90,65,53,1,69,295,0,100.0,0,0.0,False,False,False
22019,2020,349,179,169,1,0,0,0,116,64,49,2,96,251,0,95.3551912568306,1,0.2865329512893982,False,False,False
22019,2021,365,171,193,0,1,0,0,156,65,51,2,78,285,0,100.0,1,0.273972602739726,False,False,False
22019,2022,365,167,198,0,0,0,0,100,67,52,0,87,275,3,100.0,0,0.0,False,False,False
22033,2019,365,190,173,2,0,0,0,108,71,50,3,102,260,0,100.0,2,0.547945205479452,False,False,False
22033,2020,366,236,127,3,0,0,0,119,59,45,2,118,246,0,100.0,3,0.819672131147541,False,False,False
22033,2021,365,217,145,2,1,0,0,159,61,47,1,85,279,0,100.0,3,0.821917808219178,False,False,False
22033,2022,365,205,157,3,0,0,0,141,65,48,0,95,270,0,100.0,3,0.821917808219178,False,False,False
22047,2019,365,290,71,4,0,0,0,119,59,38,1,283,81,0,100.0,4,1.095890410958904,False,False,False
22047,2020,366,306,57,3,0,0,0,136,56,38,0,302,64,0,100.0,3,0.819672131147541,False,False,False
22047,2021,365,299,63,3,0,0,0,129,58,39,0,307,58,0,100.0,3,0.821917808219178,False,False,False
22047,2022,365,267,91,6,1,0,0,156,71,42,0,325,40,0,100.0,7,1.9178082191780823,False,False,False
22051,2019,365,269,96,0,0,0,0,84,58,42,2,204,159,0,100.0,0,0.0,False,False,False
22051,2020,366,280,86,0,0,0,0,87,59,40,1,184,181,0,100.0,0,0.0,False,False,False
22051,2021,355,277,76,2,0,0,0,105,55,40,1,163,191,0,97.26027397260276,2,0.5633802816901409,False,False,False
22051,2022,362,219,143,0,0,0,0,96,61,46,1,102,259,0,99.17808219178085,0,0.0,False,False,False
22055,2019,365,212,153,0,0,0,0,84,61,46,0,116,249,0,100.0,0,0.0,False,False,False
22055,2020,364,203,160,1,0,0,0,120,62,45,0,124,240,0,99.4535519125683,1,0.2747252747252747,False,False,False
22055,2021,365,243,122,0,0,0,0,87,60,42,0,145,219,1,100.0,0,0.0,False,False,False
22055,2022,364,213,149,2,0,0,0,103,63,47,0,126,236,2,99.72602739726028,2,0.5494505494505495,False,False,False
22057,2019,360,173,185,2,0,0,0,126,63,51,0,81,279,0,98.63013698630137,2,0.5555555555555556,False,False,False
22057,2020,366,212,153,1,0,0,0,115,61,48,0,71,295,0,100.0,1,0.273224043715847,False,False,False
22057,2021,347,204,143,0,0,0,0,84,60,45,0,112,235,0,95.06849315068492,0,0.0,False,False,False
22057,2022,351,238,112,1,0,0,0,109,59,43,0,129,222,0,96.16438356164385,1,0.2849002849002849,False,False,False
22063,2019,365,198,167,0,0,0,0,97,63,48,0,103,262,0,100.0,0,0.0,False,False,False
22063,2020,355,206,148,1,0,0,0,105,62,47,0,85,270,0,96.99453551912568,1,0.2816901408450704,False,False,False
22063,2021,348,186,161,1,0,0,0,133,62,48,6,83,259,0,95.34246575342463,1,0.2873563218390804,False,False,False
22063,2022,361,177,181,3,0,0,0,117,66,51,1,112,248,0,98.9041095890411,3,0.8310249307479225,False,False,False
22071,2019,365,292,73,0,0,0,0,90,57,36,52,0,307,6,100.0,0,0.0,False,False,False
22071,2020,366,297,69,0,0,0,0,90,55,33,65,0,293,6,100.0,0,0.0,False,False,False
22071,2021,357,308,49,0,0,0,0,69,53,33,57,0,296,2,97.80821917808218,0,0.0,False,False,False
22071,2022,365,286,77,2,0,0,0,102,56,35,53,0,305,5,100.0,2,0.547945205479452,False,False,False
22073,2019,363,310,53,0,0,0,0,71,52,36,0,300,63,0,99.45205479452056,0,0.0,False,False,False
22073,2020,362,324,37,1,0,0,0,111,51,34,0,289,73,0,98.90710382513662,1,0.2762430939226519,False,False,False
22073,2021,349,318,31,0,0,0,0,87,50,35,0,277,72,0,95.61643835616438,0,0.0,False,False,False
22073,2022,359,309,49,1,0,0,0,105,53,38,0,298,61,0,98.35616438356163,1,0.2785515320334262,False,False,False
22077,2019,351,322,26,3,0,0,0,112,49,33,0,351,0,0,96.16438356164385,3,0.8547008547008548,False,False,False
22077,2020,362,343,19,0,0,0,0,100,45,32,0,362,0,0,98.90710382513662,0,0.0,False,False,False
22077,2021,365,353,12,0,0,0,0,100,44,32,0,365,0,0,100.0,0,0.0,False,False,False
22077,2022,346,323,22,1,0,0,0,112,48,34,0,346,0,0,94.7945205479452,1,0.2890173410404624,False,False,False
22087,2019,365,159,205,1,0,0,0,112,64,52,0,82,283,0,100.0,1,0.273972602739726,False,False,False
22087,2020,357,229,128,0,0,0,0,86,58,44,0,138,218,1,97.54098360655738,0,0.0,False,False,False
22087,2021,359,206,153,0,0,0,0,80,61,47,0,117,242,0,98.35616438356163,0,0.0,False,False,False
22087,2022,365,209,155,1,0,0,0,108,61,47,0,144,221,0,100.0,1,0.273972602739726,False,False,False
22093,2019,359,344,15,0,0,0,0,97,46,29,0,359,0,0,98.35616438356163,0,0.0,False,False,False
22093,2020,357,351,6,0,0,0,0,90,44,29,0,357,0,0,97.54098360655738,0,0.0,False,False,False
22093,2021,330,326,4,0,0,0,0,58,41,28,0,330,0,0,90.41095890410958,0,0.0,False,False,False
22093,2022,361,345,16,0,0,0,0,93,46,32,0,361,0,0,98.9041095890411,0,0.0,False,False,False
22095,2019,364,334,30,0,0,0,0,93,48,33,0,364,0,0,99.72602739726028,0,0.0,False,False,False
22095,2020,351,341,10,0,0,0,0,80,45,31,0,351,0,0,95.90163934426228,0,0.0,False,False,False
22095,2021,336,327,8,1,0,0,0,108,45,31,0,336,0,0,92.05479452054794,1,0.2976190476190476,False,False,False
22095,2022,351,335,16,0,0,0,0,80,47,33,0,351,0,0,96.16438356164385,0,0.0,False,False,False
22099,2019,355,330,25,0,0,0,0,80,48,34,0,355,0,0,97.26027397260276,0,0.0,False,False,False
22099,2020,358,337,21,0,0,0,0,87,48,33,0,358,0,0,97.81420765027322,0,0.0,False,False,False
22099,2021,360,347,13,0,0,0,0,87,47,34,0,360,0,0,98.63013698630137,0,0.0,False,False,False
22099,2022,338,296,42,0,0,0,0,97,54,34,0,338,0,0,92.6027397260274,0,0.0,False,False,False
22103,2019,363,266,97,0,0,0,0,84,60,41,0,187,176,0,99.45205479452056,0,0.0,False,False,False
22103,2020,364,268,96,0,0,0,0,90,57,39,0,179,185,0,99.4535519125683,0,0.0,False,False,False
22103,2021,352,288,64,0,0,0,0,71,54,37,0,152,200,0,96.43835616438356,0,0.0,False,False,False
22103,2022,365,277,87,1,0,0,0,103,59,41,0,155,210,0,100.0,1,0.273972602739726,False,False,False
22121,2019,364,202,162,0,0,0,0,100,62,47,8,93,263,0,99.72602739726028,0,0.0,False,False,False
22121,2020,366,229,134,3,0,0,0,101,61,44,4,117,245,0,100.0,3,0.819672131147541,False,False,False
22121,2021,365,220,142,3,0,0,0,150,59,46,1,92,272,0,100.0,3,0.821917808219178,False,False,False
22121,2022,364,216,144,4,0,0,0,105,63,46,2,102,260,0,99.72602739726028,4,1.098901098901099,False,False,False
23001,2019,361,327,34,0,0,0,0,76,49,33,0,162,198,1,98.9041095890411,0,0.0,False,False,False
23001,2020,360,327,33,0,0,0,0,70,49,34,0,141,217,2,98.36065573770492,0,0.0,False,False,False
23001,2021,356,303,53,0,0,0,0,95,53,36,0,113,239,4,97.53424657534246,0,0.0,False,False,False
23001,2022,358,327,31,0,0,0,0,97,48,32,0,197,159,2,98.08219178082192,0,0.0,False,False,False
23003,2019,365,304,59,1,1,0,0,182,55,36,0,176,176,13,100.0,2,0.547945205479452,False,False,False
23003,2020,366,316,49,0,0,1,0,205,53,36,0,187,164,15,100.0,1,0.273224043715847,False,False,False
23003,2021,365,305,58,1,1,0,0,182,54,35,0,198,158,9,100.0,2,0.547945205479452,False,False,False
23003,2022,364,304,60,0,0,0,0,80,54,34,0,134,211,19,99.72602739726028,0,0.0,False,False,False
23005,2019,365,208,157,0,0,0,0,100,59,47,0,65,297,3,100.0,0,0.0,False,False,False
23005,2020,366,263,103,0,0,0,0,97,58,42,6,149,210,1,100.0,0,0.0,False,False,False
23005,2021,365,319,43,3,0,0,0,129,54,36,5,260,97,3,100.0,3,0.821917808219178,False,False,False
23005,2022,362,323,36,3,0,0,0,109,51,36,5,273,82,2,99.17808219178085,3,0.8287292817679558,False,False,False
23009,2019,365,339,25,1,0,0,0,105,49,37,0,320,42,1,100.0,1,0.273972602739726,False,False,False
23009,2020,366,336,29,1,0,0,0,105,50,36,0,348,18,0,100.0,1,0.273224043715847,False,False,False
23009,2021,365,324,38,3,0,0,0,133,52,36,0,332,32,0,100.0,3,0.821917808219178,False,False,False
23009,2022,361,326,34,1,0,0,0,112,50,36,0,328,33,0,98.9041095890411,1,0.2770083102493075,False,False,False
23011,2019,361,352,9,0,0,0,0,70,44,29,129,211,21,0,98.9041095890411,0,0.0,False,False,False
23011,2020,230,221,9,0,0,0,0,67,45,35,4,188,38,0,62.841530054644814,0,0.0,False,False,False
23011,2021,244,226,17,1,0,0,0,125,47,33,0,205,37,2,66.84931506849315,1,0.4098360655737705,False,False,False
23011,2022,203,194,9,0,0,0,0,84,46,30,0,165,36,2,55.61643835616439,0,0.0,False,False,False
23013,2019,213,204,9,0,0,0,0,84,47,36,0,213,0,0,58.35616438356165,0,0.0,False,False,False
23013,2021,211,192,17,2,0,0,0,119,50,35,0,211,0,0,57.80821917808219,2,0.9478672985781992,False,False,False
23013,2022,212,206,6,0,0,0,0,80,45,35,0,212,0,0,58.08219178082192,0,0.0,False,False,False
23017,2019,334,305,29,0,0,0,0,72,49,33,0,148,186,0,91.5068493150685,0,0.0,False,False,False
23017,2020,324,299,25,0,0,0,0,69,47,36,0,177,147,0,88.52459016393442,0,0.0,False,False,False
23017,2021,360,308,51,1,0,0,0,113,52,35,0,170,190,0,98.63013698630137,1,0.2777777777777778,False,False,False
23017,2022,358,324,34,0,0,0,0,96,50,33,0,189,169,0,98.08219178082192,0,0.0,False,False,False
23019,2019,362,336,26,0,0,0,0,72,47,33,0,177,182,3,99.17808219178085,0,0.0,False,False,False
23019,2020,363,338,25,0,0,0,0,76,47,33,0,184,177,2,99.18032786885246,0,0.0,False,False,False
23019,2021,362,326,36,0,0,0,0,100,50,33,0,194,166,2,99.17808219178085,0,0.0,False,False,False
23019,2022,361,324,37,0,0,0,0,87,51,33,0,176,185,0,98.9041095890411,0,0.0,False,False,False
23029,2019,363,360,3,0,0,0,0,71,45,34,0,362,1,0,99.45205479452056,0,0.0,False,False,False
23029,2020,353,351,2,0,0,0,0,61,44,33,0,344,9,0,96.448087431694,0,0.0,False,False,False
23029,2021,360,348,12,0,0,0,0,90,44,33,0,344,16,0,98.63013698630137,0,0.0,False,False,False
23029,2022,364,355,9,0,0,0,0,58,44,34,0,336,28,0,99.72602739726028,0,0.0,False,False,False
23031,2019,231,216,14,1,0,0,0,115,48,38,0,231,0,0,63.287671232876704,1,0.4329004329004329,False,False,False
23031,2020,235,223,12,0,0,0,0,87,47,39,0,235,0,0,64.20765027322405,0,0.0,False,False,False
23031,2021,240,217,20,3,0,0,0,129,50,37,0,240,0,0,65.75342465753424,3,1.25,False,False,False
23031,2022,246,230,14,2,0,0,0,126,49,38,0,246,0,0,67.3972602739726,2,0.8130081300813009,False,False,False
24003,2019,264,179,78,7,0,0,0,143,77,45,0,243,0,21,72.32876712328768,7,2.6515151515151514,False,False,False
24003,2020,262,235,25,2,0,0,0,108,51,39,0,240,0,22,71.58469945355192,2,0.7633587786259541,False,False,False
24003,2021,262,222,39,1,0,0,0,101,64,38,0,240,0,22,71.78082191780823,1,0.381679389312977,False,False,False
24003,2022,263,247,16,0,0,0,0,93,48,38,0,243,0,20,72.05479452054794,0,0.0,False,False,False
24005,2019,365,232,124,9,0,0,0,150,71,46,6,226,133,0,100.0,9,2.4657534246575343,False,False,False
24005,2020,365,257,106,2,0,0,0,105,59,43,12,177,176,0,99.72677595628416,2,0.547945205479452,False,False,False
24005,2021,365,207,148,10,0,0,0,140,71,47,10,178,177,0,100.0,10,2.73972602739726,False,False,False
24009,2019,232,214,18,0,0,0,0,71,49,39,0,232,0,0,63.56164383561645,0,0.0,False,False,False
24009,2020,238,235,3,0,0,0,0,67,44,35,0,238,0,0,65.02732240437157,0,0.0,False,False,False
24009,2021,223,205,17,1,0,0,0,105,49,39,0,223,0,0,61.09589041095891,1,0.4484304932735426,False,False,False
24009,2022,239,225,14,0,0,0,0,74,47,39,0,239,0,0,65.47945205479452,0,0.0,False,False,False
24013,2019,241,205,35,1,0,0,0,101,54,43,0,241,0,0,66.02739726027397,1,0.4149377593360996,False,False,False
24013,2020,242,225,17,0,0,0,0,84,49,39,0,242,0,0,66.12021857923497,0,0.0,False,False,False
24013,2021,243,208,34,1,0,0,0,112,54,41,0,243,0,0,66.57534246575342,1,0.411522633744856,False,False,False
24013,2022,243,210,32,1,0,0,0,112,54,42,0,243,0,0,66.57534246575342,1,0.411522633744856,False,False,False
24015,2019,361,265,93,3,0,0,0,150,61,42,0,203,158,0,98.9041095890411,3,0.8310249307479225,False,False,False
24015,2020,357,309,48,0,0,0,0,97,54,38,0,194,163,0,97.54098360655738,0,0.0,False,False,False
24015,2021,358,235,119,4,0,0,0,118,65,44,0,158,200,0,98.08219178082192,4,1.11731843575419,False,False,False
24015,2022,361,267,93,1,0,0,0,101,58,43,0,173,188,0,98.9041095890411,1,0.2770083102493075,False,False,False
24017,2019,221,202,19,0,0,0,0,77,50,40,0,221,0,0,60.54794520547945,0,0.0,False,False,False
24017,2020,236,235,1,0,0,0,0,58,44,34,0,236,0,0,64.48087431693989,0,0.0,False,False,False
24017,2021,242,215,26,1,0,0,0,105,51,38,0,242,0,0,66.3013698630137,1,0.4132231404958678,False,False,False
24017,2022,245,225,20,0,0,0,0,87,50,41,0,245,0,0,67.12328767123287,0,0.0,False,False,False
24019,2019,365,281,81,3,0,0,0,126,58,43,0,280,85,0,100.0,3,0.821917808219178,False,False,False
24019,2020,365,339,26,0,0,0,0,84,48,36,0,309,56,0,99.72677595628416,0,0.0,False,False,False
24019,2021,365,287,77,1,0,0,0,105,58,41,0,254,111,0,100.0,1,0.273972602739726,False,False,False
24019,2022,365,274,91,0,0,0,0,93,55,43,0,197,168,0,100.0,0,0.0,False,False,False
24021,2019,243,198,44,1,0,0,0,112,58,44,0,243,0,0,66.57534246575342,1,0.411522633744856,False,False,False
24021,2020,237,217,20,0,0,0,0,90,49,40,0,237,0,0,64.75409836065575,0,0.0,False,False,False
24021,2021,244,207,36,1,0,0,0,126,58,41,0,244,0,0,66.84931506849315,1,0.4098360655737705,False,False,False
24021,2022,236,212,23,1,0,0,0,115,51,41,0,236,0,0,64.65753424657534,1,0.423728813559322,False,False,False
24023,2019,365,311,54,0,0,0,0,71,53,39,0,238,125,0,100.0,0,0.0,False,False,False
24023,2020,365,345,20,0,0,0,0,71,47,37,0,297,68,0,99.72677595628416,0,0.0,False,False,False
24023,2021,365,312,53,0,0,0,0,92,54,39,0,266,99,0,100.0,0,0.0,False,False,False
24023,2022,365,330,35,0,0,0,0,97,50,38,2,271,91,0,100.0,0,0.0,False,False,False
24025,2019,359,229,121,9,0,0,0,133,71,45,0,210,149,0,98.35616438356163,9,2.5069637883008355,False,False,False
24025,2020,357,286,70,1,0,0,0,119,58,41,0,198,159,0,97.54098360655738,1,0.2801120448179272,False,False,False
24025,2021,357,219,129,9,0,0,0,122,71,46,0,174,183,0,97.80821917808218,9,2.5210084033613445,False,False,False
24025,2022,360,262,98,0,0,0,0,97,64,43,0,208,152,0,98.63013698630137,0,0.0,False,False,False
24027,2019,365,267,98,0,0,0,0,81,58,39,77,0,288,0,100.0,0,0.0,False,False,False
24027,2020,364,297,67,0,0,0,0,71,54,37,48,0,311,0,99.4535519125683,0,0.0,False,False,False
24027,2021,365,284,81,0,0,0,0,83,55,36,109,0,256,0,100.0,0,0.0,False,False,False
24027,2022,365,290,75,0,0,0,0,70,54,37,71,0,293,0,100.0,0,0.0,False,False,False
24031,2019,361,284,77,0,0,0,0,88,57,41,0,190,171,0,98.9041095890411,0,0.0,False,False,False
24031,2020,355,310,45,0,0,0,0,77,52,37,0,175,180,0,96.99453551912568,0,0.0,False,False,False
24031,2021,361,251,107,3,0,0,0,119,61,42,0,193,168,0,98.9041095890411,3,0.8310249307479225,False,False,False
24031,2022,355,241,113,1,0,0,0,119,59,43,0,168,187,0,97.26027397260276,1,0.2816901408450704,False,False,False
24033,2019,365,234,125,6,0,0,0,122,64,45,0,247,118,0,100.0,6,1.643835616438356,False,False,False
24033,2020,366,314,51,1,0,0,0,105,55,39,1,239,126,0,100.0,1,0.273224043715847,False,False,False
24033,2021,365,287,73,5,0,0,0,129,64,41,6,290,69,0,100.0,5,1.36986301369863,False,False,False
24033,2022,365,313,51,1,0,0,0,101,58,39,15,314,36,0,100.0,1,0.273972602739726,False,False,False
24043,2019,360,279,81,0,0,0,0,93,58,42,0,173,187,0,98.63013698630137,0,0.0,False,False,False
24043,2020,359,288,71,0,0,0,0,83,55,40,0,172,187,0,98.08743169398907,0,0.0,False,False,False
24043,2021,360,244,115,1,0,0,0,115,65,44,0,155,205,0,98.63013698630137,1,0.2777777777777778,False,False,False
24043,2022,344,283,61,0,0,0,0,87,54,40,0,184,160,0,94.24657534246576,0,0.0,False,False,False
24510,2019,363,217,140,6,0,0,0,126,65,46,15,142,206,0,99.45205479452056,6,1.6528925619834711,False,False,False
24510,2020,363,293,70,0,0,0,0,97,56,38,57,120,185,1,99.18032786885246,0,0.0,False,False,False
24510,2021,364,243,121,0,0,0,0,93,61,43,35,99,230,0,99.72602739726028,0,0.0,False,False,False
25001,2019,359,346,13,0,0,0,0,93,45,36,0,353,6,0,98.35616438356163,0,0.0,False,False,False
25001,2020,351,339,10,2,0,0,0,108,46,36,0,338,13,0,95.90163934426228,2,0.5698005698005698,False,False,False
25001,2021,359,331,25,3,0,0,0,126,49,36,0,346,13,0,98.35616438356163,3,0.8356545961002786,False,False,False
25001,2022,360,341,19,0,0,0,0,93,46,36,0,351,9,0,98.63013698630137,0,0.0,False,False,False
25003,2019,364,266,98,0,0,0,0,87,57,41,0,151,213,0,99.72602739726028,0,0.0,False,False,False
25003,2020,366,278,88,0,0,0,0,94,57,40,0,125,241,0,100.0,0,0.0,False,False,False
25003,2021,365,230,134,1,0,0,0,103,60,44,0,72,293,0,100.0,1,0.273972602739726,False,False,False
25003,2022,365,269,96,0,0,0,0,87,58,42,0,176,189,0,100.0,0,0.0,False,False,False
25005,2019,364,279,85,0,0,0,0,97,56,43,0,248,116,0,99.72602739726028,0,0.0,False,False,False
25005,2020,366,250,113,3,0,0,0,119,58,42,0,219,147,0,100.0,3,0.819672131147541,False,False,False
25005,2021,365,279,84,2,0,0,0,147,56,39,0,230,135,0,100.0,2,0.547945205479452,False,False,False
25005,2022,365,301,63,1,0,0,0,115,54,38,0,245,120,0,100.0,1,0.273972602739726,False,False,False
25007,2019,352,329,19,4,0,0,0,126,48,39,0,341,11,0,96.43835616438356,4,1.1363636363636365,False,False,False
25007,2020,357,345,11,1,0,0,0,126,46,37,0,337,20,0,97.54098360655738,1,0.2801120448179272,False,False,False
25007,2021,356,329,27,0,0,0,0,100,49,36,0,337,19,0,97.53424657534246,0,0.0,False,False,False
25007,2022,359,338,20,1,0,0,0,126,47,37,0,346,13,0,98.35616438356163,1,0.2785515320334262,False,False,False
25009,2019,364,288,75,1,0,0,0,122,55,41,2,193,169,0,99.72602739726028,1,0.2747252747252747,False,False,False
25009,2020,366,282,84,0,0,0,0,97,56,40,0,173,193,0,100.0,0,0.0,False,False,False
25009,2021,365,285,79,1,0,0,0,129,56,38,0,184,181,0,100.0,1,0.273972602739726,False,False,False
25009,2022,365,276,84,5,0,0,0,113,58,41,1,213,151,0,100.0,5,1.36986301369863,False,False,False
25011,2019,364,281,83,0,0,0,0,89,56,40,0,189,175,0,99.72602739726028,0,0.0,False,False,False
25011,2020,365,246,119,0,0,0,0,96,60,43,0,110,255,0,99.72677595628416,0,0.0,False,False,False
25011,2021,365,228,137,0,0,0,0,99,60,44,0,101,264,0,100.0,0,0.0,False,False,False
25011,2022,365,271,93,1,0,0,0,108,59,40,0,174,191,0,100.0,1,0.273972602739726,False,False,False
25013,2019,364,260,104,0,0,0,0,93,58,43,6,157,201,0,99.72602739726028,0,0.0,False,False,False
25013,2020,366,249,117,0,0,0,0,99,60,44,1,116,249,0,100.0,0,0.0,False,False,False
25013,2021,365,215,148,2,0,0,0,116,63,46,4,83,278,0,100.0,2,0.547945205479452,False,False,False
25013,2022,365,262,102,1,0,0,0,115,61,42,5,162,198,0,100.0,1,0.273972602739726,False,False,False
25015,2019,364,296,68,0,0,0,0,93,54,41,1,231,132,0,99.72602739726028,0,0.0,False,False,False
25015,2020,366,300,66,0,0,0,0,84,54,39,9,177,179,1,100.0,0,0.0,False,False,False
25015,2021,352,307,45,0,0,0,0,96,52,35,0,204,147,1,96.43835616438356,0,0.0,False,False,False
25015,2022,365,267,98,0,0,0,0,97,57,42,0,202,163,0,100.0,0,0.0,False,False,False
25017,2019,364,289,75,0,0,0,0,80,54,41,7,168,189,0,99.72602739726028,0,0.0,False,False,False
25017,2020,366,306,60,0,0,0,0,93,54,39,8,178,180,0,100.0,0,0.0,False,False,False
25017,2021,365,299,64,1,1,0,0,153,55,37,10,157,198,0,100.0,2,0.547945205479452,False,False,False
25017,2022,365,310,55,0,0,0,0,90,54,38,11,211,143,0,100.0,0,0.0,False,False,False
25021,2019,362,352,10,0,0,0,0,100,44,34,13,349,0,0,99.17808219178085,0,0.0,False,False,False
25021,2020,366,330,36,0,0,0,0,74,50,34,5,231,130,0,100.0,0,0.0,False,False,False
25021,2021,365,280,82,3,0,0,0,133,57,37,0,185,180,0,100.0,3,0.821917808219178,False,False,False
25021,2022,365,304,60,1,0,0,0,105,55,40,1,272,92,0,100.0,1,0.273972602739726,False,False,False
25023,2019,363,289,74,0,0,0,0,90,54,40,0,193,170,0,99.45205479452056,0,0.0,False,False,False
25023,2020,366,267,99,0,0,0,0,80,56,42,0,148,218,0,100.0,0,0.0,False,False,False
25023,2021,365,257,106,2,0,0,0,112,58,39,0,147,218,0,100.0,2,0.547945205479452,False,False,False
25023,2022,360,235,125,0,0,0,0,93,57,45,0,87,273,0,98.63013698630137,0,0.0,False,False,False
25025,2019,365,224,141,0,0,0,0,87,58,46,6,61,297,0,100.0,0,0.0,False,False,False
25025,2020,366,229,137,0,0,0,0,84,57,45,7,59,300,0,100.0,0,0.0,False,False,False
25025,2021,365,237,125,3,0,0,0,145,61,44,11,65,289,0,100.0,3,0.821917808219178,False,False,False
25025,2022,365,261,102,2,0,0,0,112,60,41,17,117,231,0,100.0,2,0.547945205479452,False,False,False
25027,2019,365,238,127,0,0,0,0,93,59,45,3,127,234,0,100.0,0,0.0,False,False,False
25027,2020,366,257,109,0,0,0,0,90,58,43,6,120,240,0,100.0,0,0.0,False,False,False
25027,2021,365,218,144,3,0,0,0,125,59,45,3,97,265,0,100.0,3,0.821917808219178,False,False,False
25027,2022,365,228,137,0,0,0,0,100,59,45,4,104,257,0,100.0,0,0.0,False,False,False
26005,2019,276,224,48,4,0,0,0,115,62,39,0,231,45,0,75.61643835616438,4,1.4492753623188406,False,False,False
26005,2020,359,275,78,6,0,0,0,136,58,37,0,202,157,0,98.08743169398907,6,1.6713091922005572,False,False,False
26005,2021,361,245,107,9,0,0,0,136,64,42,0,176,185,0,98.9041095890411,9,2.4930747922437675,False,False,False
26005,2022,344,256,82,4,2,0,0,195,64,40,0,191,153,0,94.24657534246576,6,1.744186046511628,False,False,False
26017,2019,316,252,64,0,0,0,0,85,55,34,0,0,316,0,86.57534246575342,0,0.0,False,False,False
26017,2020,365,325,40,0,0,0,0,77,52,22,0,0,365,0,99.72677595628416,0,0.0,False,False,False
26017,2021,363,290,73,0,0,0,0,86,56,28,0,0,363,0,99.45205479452056,0,0.0,False,False,False
26017,2022,354,287,67,0,0,0,0,85,55,32,0,0,354,0,96.986301369863,0,0.0,False,False,False
26019,2019,247,232,15,0,0,0,0,93,46,36,0,247,0,0,67.67123287671232,0,0.0,False,False,False
26019,2020,262,244,16,1,1,0,0,164,47,36,0,262,0,0,71.58469945355192,2,0.7633587786259541,False,False,False
26019,2021,251,222,29,0,0,0,0,100,51,36,0,251,0,0,68.76712328767123,0,0.0,False,False,False
26019,2022,243,218,22,2,1,0,0,151,51,36,0,243,0,0,66.57534246575342,3,1.2345679012345678,False,False,False
26021,2019,260,232,26,2,0,0,0,112,51,39,0,260,0,0,71.23287671232876,2,0.7692307692307693,False,False,False
26021,2020,258,217,34,7,0,0,0,150,61,38,0,258,0,0,70.49180327868852,7,2.713178294573644,False,False,False
26021,2021,250,209,38,3,0,0,0,129,67,40,0,250,0,0,68.4931506849315,3,1.2,False,False,False
26021,2022,232,197,30,4,1,0,0,156,61,39,0,232,0,0,63.56164383561645,5,2.155172413793104,False,False,False
26027,2019,255,229,26,0,0,0,0,90,51,39,0,255,0,0,69.86301369863014,0,0.0,False,False,False
26027,2020,253,212,36,5,0,0,0,122,61,39,0,253,0,0,69.12568306010928,5,1.9762845849802373,False,False,False
26027,2021,265,235,29,1,0,0,0,112,54,40,0,265,0,0,72.6027397260274,1,0.3773584905660377,False,False,False
26027,2022,233,212,19,2,0,0,0,119,50,38,0,233,0,0,63.83561643835617,2,0.8583690987124464,False,False,False
26037,2019,248,243,5,0,0,0,0,67,46,35,0,248,0,0,67.94520547945206,0,0.0,False,False,False
26037,2020,256,244,12,0,0,0,0,93,46,34,0,256,0,0,69.94535519125684,0,0.0,False,False,False
26037,2021,239,217,22,0,0,0,0,100,50,37,0,239,0,0,65.47945205479452,0,0.0,False,False,False
26037,2022,235,213,22,0,0,0,0,90,49,38,0,235,0,0,64.38356164383562,0,0.0,False,False,False
26049,2019,340,225,115,0,0,0,0,75,60,42,0,145,195,0,93.15068493150685,0,0.0,False,False,False
26049,2020,366,288,77,1,0,0,0,126,57,39,0,190,176,0,100.0,1,0.273224043715847,False,False,False
26049,2021,365,247,115,3,0,0,0,119,61,41,0,165,200,0,100.0,3,0.821917808219178,False,False,False
26049,2022,364,237,125,2,0,0,0,112,62,44,0,139,225,0,99.72602739726028,2,0.5494505494505495,False,False,False
26063,2019,259,250,9,0,0,0,0,90,46,36,0,259,0,0,70.95890410958904,0,0.0,False,False,False
26063,2020,266,246,13,7,0,0,0,150,48,36,0,266,0,0,72.6775956284153,7,2.631578947368421,False,False,False
26063,2021,246,221,23,2,0,0,0,101,51,37,0,246,0,0,67.3972602739726,2,0.8130081300813009,False,False,False
26063,2022,243,227,15,1,0,0,0,122,49,35,0,243,0,0,66.57534246575342,1,0.411522633744856,False,False,False
26065,2019,365,274,91,0,0,0,0,78,55,40,2,144,219,0,100.0,0,0.0,False,False,False
26065,2020,366,296,69,0,1,0,0,151,56,37,7,190,169,0,100.0,1,0.273224043715847,False,False,False
26065,2021,363,204,159,0,0,0,0,97,68,46,1,105,257,0,99.45205479452056,0,0.0,False,False,False
26065,2022,360,236,124,0,0,0,0,93,60,43,3,135,222,0,98.63013698630137,0,0.0,False,False,False
26077,2019,362,260,102,0,0,0,0,87,58,43,0,139,223,0,99.17808219178085,0,0.0,False,False,False
26077,2020,323,239,78,6,0,0,0,115,61,41,0,149,174,0,88.25136612021858,6,1.8575851393188851,False,False,False
26077,2021,349,177,172,0,0,0,0,100,70,50,0,72,277,0,95.61643835616438,0,0.0,False,False,False
26077,2022,352,177,172,3,0,0,0,134,69,50,0,103,249,0,96.43835616438356,3,0.8522727272727272,False,False,False
26081,2019,365,261,104,0,0,0,0,90,59,40,0,174,184,4,100.0,0,0.0,False,False,False
26081,2020,365,267,90,7,1,0,0,154,62,39,0,220,145,0,99.72677595628416,8,2.191780821917808,False,False,False
26081,2021,365,189,173,3,0,0,0,143,71,49,5,123,237,0,100.0,3,0.821917808219178,False,False,False
26081,2022,365,209,152,4,0,0,0,136,68,47,2,130,231,2,100.0,4,1.095890410958904,False,False,False
26091,2019,358,233,125,0,0,0,0,91,61,44,0,122,236,0,98.08219178082192,0,0.0,False,False,False
26091,2020,366,248,116,2,0,0,0,122,61,42,0,134,232,0,100.0,2,0.546448087431694,False,False,False
26091,2021,322,188,134,0,0,0,0,93,64,46,0,112,210,0,88.21917808219179,0,0.0,False,False,False
26091,2022,365,250,115,0,0,0,0,97,65,43,0,149,216,0,100.0,0,0.0,False,False,False
26099,2019,292,238,53,1,0,0,0,101,58,39,0,234,58,0,80.0,1,0.3424657534246575,False,False,False
26099,2020,299,252,35,12,0,0,0,126,63,36,0,251,48,0,81.69398907103826,12,4.013377926421405,False,False,False
26099,2021,365,180,182,3,0,0,0,115,71,51,0,114,251,0,100.0,3,0.821917808219178,False,False,False
26099,2022,365,223,140,2,0,0,0,126,70,44,0,145,220,0,100.0,2,0.547945205479452,False,False,False
26101,2019,269,243,25,1,0,0,0,101,50,36,0,233,36,0,73.6986301369863,1,0.3717472118959107,False,False,False
26101,2021,269,218,48,3,0,0,0,115,58,38,0,241,28,0,73.6986301369863,3,1.1152416356877324,False,False,False
26101,2022,267,235,29,2,1,0,0,156,52,35,0,225,42,0,73.15068493150685,3,1.1235955056179776,False,False,False
26105,2019,254,244,10,0,0,0,0,64,46,35,0,254,0,0,69.58904109589041,0,0.0,False,False,False
26105,2020,251,229,20,1,1,0,0,159,49,37,0,251,0,0,68.5792349726776,2,0.796812749003984,False,False,False
26105,2021,243,206,34,3,0,0,0,115,54,38,0,243,0,0,66.57534246575342,3,1.2345679012345678,False,False,False
26105,2022,236,219,15,1,1,0,0,161,49,36,0,236,0,0,64.65753424657534,2,0.847457627118644,False,False,False
26121,2019,262,236,25,1,0,0,0,133,50,38,0,262,0,0,71.78082191780823,1,0.381679389312977,False,False,False
26121,2020,248,210,32,6,0,0,0,143,64,37,0,248,0,0,67.75956284153006,6,2.419354838709677,False,False,False
26121,2021,265,209,48,8,0,0,0,129,71,40,0,265,0,0,72.6027397260274,8,3.018867924528302,False,False,False
26121,2022,243,211,25,5,2,0,0,187,58,37,0,243,0,0,66.57534246575342,7,2.880658436213992,False,False,False
26125,2019,293,233,58,2,0,0,0,122,60,39,0,228,65,0,80.27397260273973,2,0.6825938566552902,False,False,False
26125,2020,298,244,48,6,0,0,0,126,61,37,0,237,61,0,81.4207650273224,6,2.013422818791946,False,False,False
26125,2021,296,227,68,1,0,0,0,101,64,39,0,233,63,0,81.0958904109589,1,0.3378378378378378,False,False,False
26125,2022,282,236,46,0,0,0,0,100,56,39,0,223,59,0,77.26027397260275,0,0.0,False,False,False
26139,2019,360,300,60,0,0,0,0,100,61,37,78,216,63,3,98.63013698630137,0,0.0,False,False,False
26139,2020,365,303,56,6,0,0,0,150,59,35,79,227,56,3,99.72677595628416,6,1.643835616438356,False,False,False
26139,2021,365,186,175,4,0,0,0,108,71,49,0,101,264,0,100.0,4,1.095890410958904,False,False,False
26139,2022,332,194,134,2,2,0,0,164,67,46,0,101,231,0,90.95890410958904,4,1.2048192771084338,False,False,False
26147,2019,365,266,96,3,0,0,0,108,60,41,0,138,227,0,100.0,3,0.821917808219178,False,False,False
26147,2020,328,247,80,1,0,0,0,105,60,39,0,135,193,0,89.61748633879782,1,0.3048780487804878,False,False,False
26147,2021,365,198,160,7,0,0,0,140,71,48,0,118,247,0,100.0,7,1.9178082191780823,False,False,False
26147,2022,359,232,125,2,0,0,0,133,67,43,0,143,216,0,98.35616438356163,2,0.5571030640668524,False,False,False
26153,2019,364,339,25,0,0,0,0,90,46,31,0,222,142,0,99.72602739726028,0,0.0,False,False,False
26153,2020,347,323,21,3,0,0,0,133,48,34,0,232,115,0,94.80874316939892,3,0.8645533141210375,False,False,False
26153,2021,360,269,88,3,0,0,0,112,58,37,0,175,185,0,98.63013698630137,3,0.8333333333333334,False,False,False
26153,2022,362,318,43,1,0,0,0,126,55,35,0,162,200,0,99.17808219178085,1,0.2762430939226519,False,False,False
26157,2019,355,345,10,0,0,0,0,77,46,33,0,355,0,0,97.26027397260276,0,0.0,False,False,False
26157,2020,343,330,11,2,0,0,0,101,44,32,0,343,0,0,93.71584699453553,2,0.5830903790087464,False,False,False
26157,2021,353,327,25,1,0,0,0,101,48,34,0,353,0,0,96.7123287671233,1,0.28328611898017,False,False,False
26157,2022,361,334,26,1,0,0,0,105,49,34,0,361,0,0,98.9041095890411,1,0.2770083102493075,False,False,False
26161,2019,365,248,117,0,0,0,0,89,61,44,0,174,191,0,100.0,0,0.0,False,False,False
26161,2020,366,236,124,5,1,0,0,160,61,43,0,150,216,0,100.0,6,1.639344262295082,False,False,False
26161,2021,365,212,153,0,0,0,0,100,65,46,0,150,215,0,100.0,0,0.0,False,False,False
26161,2022,365,222,142,1,0,0,0,101,68,46,0,152,213,0,100.0,1,0.273972602739726,False,False,False
26163,2019,365,81,275,9,0,0,0,142,77,58,4,28,325,8,100.0,9,2.4657534246575343,False,False,False
26163,2020,366,118,238,8,2,0,0,188,75,55,3,43,316,4,100.0,10,2.73224043715847,False,False,False
26163,2021,365,86,275,4,0,0,0,118,84,58,5,33,319,8,100.0,4,1.095890410958904,False,False,False
26163,2022,365,63,287,15,0,0,0,131,79,58,2,29,323,11,100.0,15,4.10958904109589,False,False,False
26165,2019,340,322,18,0,0,0,0,74,46,34,0,340,0,0,93.15068493150685,0,0.0,False,False,False
26165,2020,356,341,15,0,0,0,0,100,44,33,0,356,0,0,97.26775956284152,0,0.0,False,False,False
26165,2021,360,334,25,1,0,0,0,105,47,34,0,360,0,0,98.63013698630137,1,0.2777777777777778,False,False,False
26165,2022,359,331,24,4,0,0,0,136,49,35,0,359,0,0,98.35616438356163,4,1.1142061281337048,False,False,False
27003,2019,364,274,89,1,0,0,0,122,59,39,5,205,152,0,99.72602739726028,1,0.2747252747252747,False,False,False
27003,2020,366,289,77,0,0,0,0,87,57,38,6,196,163,1,100.0,0,0.0,False,False,False
27003,2021,365,258,100,5,2,0,0,162,68,41,6,217,141,1,100.0,7,1.9178082191780823,False,False,False
27003,2022,365,289,76,0,0,0,0,93,55,40,4,241,117,3,100.0,0,0.0,False,False,False
27005,2019,360,325,34,1,0,0,0,105,50,31,0,170,190,0,98.63013698630137,1,0.2777777777777778,False,False,False
27005,2020,366,325,40,1,0,0,0,101,51,34,0,218,148,0,100.0,1,0.273224043715847,False,False,False
27005,2021,357,147,199,6,4,1,0,208,72,52,0,28,329,0,97.80821917808218,11,3.081232492997199,False,False,False
27005,2022,354,321,32,1,0,0,0,125,49,36,0,174,180,0,96.986301369863,1,0.2824858757062147,False,False,False
27007,2019,352,307,43,1,1,0,0,191,53,26,0,0,352,0,96.43835616438356,2,0.5681818181818182,False,False,False
27007,2020,359,318,41,0,0,0,0,76,51,30,0,0,359,0,98.08743169398907,0,0.0,False,False,False
27007,2021,341,281,51,5,2,2,0,283,61,29,0,0,341,0,93.42465753424658,9,2.6392961876832843,False,False,False
27007,2022,346,318,28,0,0,0,0,65,47,23,0,0,346,0,94.7945205479452,0,0.0,False,False,False
27017,2019,356,341,15,0,0,0,0,80,45,28,0,206,150,0,97.53424657534246,0,0.0,False,False,False
27017,2020,354,347,7,0,0,0,0,84,42,25,0,188,166,0,96.72131147540983,0,0.0,False,False,False
27017,2021,365,318,43,4,0,0,0,143,54,31,0,191,174,0,100.0,4,1.095890410958904,False,False,False
27017,2022,355,351,4,0,0,0,0,57,41,25,0,186,169,0,97.26027397260276,0,0.0,False,False,False
27021,2019,350,321,28,1,0,0,0,125,44,18,0,0,350,0,95.8904109589041,1,0.2857142857142857,True,False,True
27021,2020,346,316,30,0,0,0,0,78,46,22,0,0,346,0,94.53551912568308,0,0.0,False,False,False
27021,2021,352,103,237,7,4,1,0,275,69,54,0,0,352,0,96.43835616438356,12,3.4090909090909087,False,False,False
27021,2022,348,309,39,0,0,0,0,64,52,32,0,0,348,0,95.34246575342463,0,0.0,False,False,False
27035,2019,359,324,34,1,0,0,0,101,50,31,0,162,197,0,98.35616438356163,1,0.2785515320334262,False,False,False
27035,2020,359,338,21,0,0,0,0,79,45,31,0,177,182,0,98.08743169398907,0,0.0,False,False,False
27035,2021,357,289,63,2,2,1,0,246,61,36,0,179,178,0,97.80821917808218,5,1.400560224089636,False,False,False
27035,2022,365,324,41,0,0,0,0,67,52,37,0,195,170,0,100.0,0,0.0,False,False,False
27037,2019,365,269,96,0,0,0,0,90,61,36,23,0,342,0,100.0,0,0.0,False,False,False
27037,2020,366,260,105,1,0,0,0,135,57,40,4,0,362,0,100.0,1,0.273224043715847,False,False,False
27037,2021,365,252,110,1,2,0,0,157,63,39,16,0,349,0,100.0,3,0.821917808219178,False,False,False
27037,2022,365,286,79,0,0,0,0,82,55,34,72,0,293,0,100.0,0,0.0,False,False,False
27049,2019,216,203,13,0,0,0,0,97,48,37,0,216,0,0,59.17808219178082,0,0.0,False,False,False
27049,2020,210,201,9,0,0,0,0,87,46,35,0,210,0,0,57.377049180327866,0,0.0,False,False,False
27049,2021,212,189,23,0,0,0,0,90,58,39,0,212,0,0,58.08219178082192,0,0.0,False,False,False
27049,2022,220,210,10,0,0,0,0,71,47,38,0,220,0,0,60.273972602739725,0,0.0,False,False,False
27053,2019,365,187,178,0,0,0,0,95,65,49,3,41,230,91,100.0,0,0.0,False,False,False
27053,2020,366,206,158,1,1,0,0,158,61,48,9,12,289,56,100.0,2,0.546448087431694,False,False,False
27053,2021,365,213,149,0,3,0,0,157,66,45,18,92,219,36,100.0,3,0.821917808219178,False,False,False
27053,2022,365,244,121,0,0,0,0,96,62,42,11,79,255,20,100.0,0,0.0,False,False,False
27075,2019,363,333,30,0,0,0,0,83,48,31,0,117,213,33,99.45205479452056,0,0.0,False,False,False
27075,2020,365,344,21,0,0,0,0,71,46,34,0,156,209,0,99.72677595628416,0,0.0,False,False,False
27075,2021,362,315,43,3,1,0,0,160,54,31,0,183,179,0,99.17808219178085,4,1.1049723756906076,False,False,False
27075,2022,357,342,15,0,0,0,0,78,44,31,0,206,151,0,97.80821917808218,0,0.0,False,False,False
27083,2019,362,306,56,0,0,0,0,87,54,34,0,163,199,0,99.17808219178085,0,0.0,False,False,False
27083,2020,360,309,51,0,0,0,0,80,54,35,0,167,193,0,98.36065573770492,0,0.0,False,False,False
27083,2021,359,263,91,3,2,0,0,187,64,39,0,159,200,0,98.35616438356163,5,1.392757660167131,False,False,False
27083,2022,356,303,51,0,2,0,0,172,54,38,0,180,176,0,97.53424657534246,2,0.5617977528089888,False,False,False
27095,2019,247,239,8,0,0,0,0,90,44,32,0,247,0,0,67.67123287671232,0,0.0,False,False,False
27095,2020,245,240,5,0,0,0,0,87,44,33,0,245,0,0,66.93989071038251,0,0.0,False,False,False
27095,2021,245,232,13,0,0,0,0,71,47,36,0,245,0,0,67.12328767123287,0,0.0,False,False,False
27109,2019,364,271,93,0,0,0,0,86,60,40,0,137,227,0,99.72602739726028,0,0.0,False,False,False
27109,2020,366,292,73,1,0,0,0,111,56,38,0,195,171,0,100.0,1,0.273224043715847,False,False,False
27109,2021,361,275,84,2,0,0,0,125,61,39,0,201,160,0,98.9041095890411,2,0.554016620498615,False,False,False
27109,2022,359,280,78,1,0,0,0,110,58,41,0,133,226,0,98.35616438356163,1,0.2785515320334262,False,False,False
27123,2019,365,246,119,0,0,0,0,91,63,39,0,0,346,19,100.0,0,0.0,False,False,False
27123,2020,366,252,113,0,1,0,0,163,58,40,0,0,350,16,100.0,1,0.273224043715847,False,False,False
27123,2021,365,252,110,3,0,0,0,148,65,39,0,0,344,21,100.0,3,0.821917808219178,False,False,False
27123,2022,365,267,98,0,0,0,0,85,57,36,0,0,321,44,100.0,0,0.0,False,False,False
27139,2019,365,273,92,0,0,0,0,93,58,38,0,192,173,0,100.0,0,0.0,False,False,False
27139,2020,365,307,57,1,0,0,0,121,54,35,0,183,182,0,99.72677595628416,1,0.273972602739726,False,False,False
27139,2021,351,263,88,0,0,0,0,98,61,39,0,209,142,0,96.16438356164385,0,0.0,False,False,False
27139,2022,365,282,83,0,0,0,0,89,57,42,0,205,160,0,100.0,0,0.0,False,False,False
27145,2019,344,290,54,0,0,0,0,94,55,34,0,194,150,0,94.24657534246576,0,0.0,False,False,False
27145,2020,366,309,57,0,0,0,0,80,53,36,0,182,184,0,100.0,0,0.0,False,False,False
27145,2021,362,261,95,3,2,1,0,252,68,40,0,132,230,0,99.17808219178085,6,1.6574585635359116,False,False,False
27145,2022,277,204,73,0,0,0,0,78,58,39,0,102,175,0,75.89041095890411,0,0.0,False,False,False
27163,2019,260,192,68,0,0,0,0,87,64,37,0,170,89,1,71.23287671232876,0,0.0,False,False,False
27163,2020,215,210,5,0,0,0,0,77,44,33,0,215,0,0,58.7431693989071,0,0.0,False,False,False
27163,2021,227,205,21,1,0,0,0,119,49,35,0,227,0,0,62.19178082191781,1,0.4405286343612335,False,False,False
27163,2022,227,212,15,0,0,0,0,90,48,36,0,227,0,0,62.19178082191781,0,0.0,False,False,False
27171,2019,362,289,73,0,0,0,0,90,58,36,0,199,163,0,99.17808219178085,0,0.0,False,False,False
27171,2020,357,289,67,1,0,0,0,112,55,37,0,165,192,0,97.54098360655738,1,0.2801120448179272,False,False,False
27171,2021,357,233,119,3,2,0,0,193,71,43,0,148,209,0,97.80821917808218,5,1.400560224089636,False,False,False
27171,2022,356,278,78,0,0,0,0,90,56,41,0,181,175,0,97.53424657534246,0,0.0,False,False,False
28011,2019,364,197,167,0,0,0,0,96,64,49,0,95,269,0,99.72602739726028,0,0.0,False,False,False
28011,2020,363,233,130,0,0,0,0,87,60,46,0,97,266,0,99.18032786885246,0,0.0,False,False,False
28011,2021,360,236,124,0,0,0,0,90,60,44,0,94,266,0,98.63013698630137,0,0.0,False,False,False
28011,2022,365,234,131,0,0,0,0,93,61,44,0,87,278,0,100.0,0,0.0,False,False,False
28033,2019,364,222,141,1,0,0,0,136,60,46,0,93,271,0,99.72602739726028,1,0.2747252747252747,False,False,False
28033,2020,365,246,119,0,0,0,0,100,58,44,0,84,281,0,99.72677595628416,0,0.0,False,False,False
28033,2021,364,228,135,1,0,0,0,136,62,46,0,85,279,0,99.72602739726028,1,0.2747252747252747,False,False,False
28033,2022,365,211,148,6,0,0,0,133,63,48,0,86,279,0,100.0,6,1.643835616438356,False,False,False
28035,2019,358,210,148,0,0,0,0,77,60,46,0,0,358,0,98.08219178082192,0,0.0,False,False,False
28035,2020,361,196,165,0,0,0,0,97,63,48,0,0,361,0,98.63387978142076,0,0.0,False,False,False
28035,2021,363,178,185,0,0,0,0,93,60,51,0,0,363,0,99.45205479452056,0,0.0,False,False,False
28035,2022,365,178,186,1,0,0,0,105,64,51,0,0,365,0,100.0,1,0.273972602739726,False,False,False
28045,2019,365,263,102,0,0,0,0,80,58,43,0,122,243,0,100.0,0,0.0,False,False,False
28045,2020,351,217,134,0,0,0,0,90,59,45,0,75,276,0,95.90163934426228,0,0.0,False,False,False
28045,2021,360,225,135,0,0,0,0,97,60,45,0,62,298,0,98.63013698630137,0,0.0,False,False,False
28045,2022,359,238,121,0,0,0,0,89,58,44,0,86,273,0,98.35616438356163,0,0.0,False,False,False
28047,2019,363,201,162,0,0,0,0,97,63,47,0,69,294,0,99.45205479452056,0,0.0,False,False,False
28047,2020,352,179,172,1,0,0,0,101,63,49,0,49,303,0,96.17486338797814,1,0.2840909090909091,False,False,False
28047,2021,359,221,138,0,0,0,0,87,58,45,0,61,298,0,98.35616438356163,0,0.0,False,False,False
28047,2022,365,211,154,0,0,0,0,100,62,46,0,86,279,0,100.0,0,0.0,False,False,False
28049,2019,365,161,204,0,0,0,0,100,66,52,0,70,295,0,100.0,0,0.0,False,False,False
28049,2020,366,152,213,1,0,0,0,114,66,53,0,36,330,0,100.0,1,0.273224043715847,False,False,False
28049,2021,365,144,221,0,0,0,0,88,64,52,0,30,335,0,100.0,0,0.0,False,False,False
28049,2022,365,168,195,2,0,0,0,105,65,52,0,72,293,0,100.0,2,0.547945205479452,False,False,False
28059,2019,365,232,132,1,0,0,0,105,61,46,0,94,271,0,100.0,1,0.273972602739726,False,False,False
28059,2020,356,204,152,0,0,0,0,84,59,47,1,71,284,0,97.26775956284152,0,0.0,False,False,False
28059,2021,359,242,117,0,0,0,0,84,57,44,0,108,251,0,98.35616438356163,0,0.0,False,False,False
28059,2022,365,243,121,1,0,0,0,101,60,44,1,125,239,0,100.0,1,0.273972602739726,False,False,False
28075,2019,245,229,16,0,0,0,0,77,49,36,0,245,0,0,67.12328767123287,0,0.0,False,False,False
28075,2020,252,252,0,0,0,0,0,50,42,31,0,252,0,0,68.85245901639344,0,0.0,False,False,False
28075,2021,245,244,1,0,0,0,0,54,42,31,0,245,0,0,67.12328767123287,0,0.0,False,False,False
28075,2022,240,230,10,0,0,0,0,77,47,36,0,240,0,0,65.75342465753424,0,0.0,False,False,False
28081,2019,241,222,19,0,0,0,0,84,49,39,0,241,0,0,66.02739726027397,0,0.0,False,False,False
28081,2020,243,242,1,0,0,0,0,54,45,35,0,243,0,0,66.39344262295081,0,0.0,False,False,False
28081,2021,242,232,10,0,0,0,0,64,46,36,0,242,0,0,66.3013698630137,0,0.0,False,False,False
28081,2022,244,225,19,0,0,0,0,100,49,40,0,244,0,0,66.84931506849315,0,0.0,False,False,False
29019,2019,245,239,6,0,0,0,0,71,46,38,0,245,0,0,67.12328767123287,0,0.0,False,False,False
29019,2020,244,235,9,0,0,0,0,93,44,33,0,244,0,0,66.66666666666666,0,0.0,False,False,False
29019,2021,245,233,12,0,0,0,0,77,47,37,0,245,0,0,67.12328767123287,0,0.0,False,False,False
29019,2022,245,235,10,0,0,0,0,67,48,38,0,245,0,0,67.12328767123287,0,0.0,False,False,False
29021,2019,365,223,142,0,0,0,0,84,61,42,0,0,327,38,100.0,0,0.0,False,False,False
29021,2020,365,248,116,1,0,0,0,126,58,42,0,0,315,50,99.72677595628416,1,0.273972602739726,False,False,False
29021,2021,365,235,127,3,0,0,0,109,59,44,0,0,310,55,100.0,3,0.821917808219178,False,False,False
29021,2022,365,237,126,2,0,0,0,106,58,42,0,0,301,64,100.0,2,0.547945205479452,False,False,False
29027,2019,245,238,7,0,0,0,0,71,47,39,0,245,0,0,67.12328767123287,0,0.0,False,False,False
29027,2020,245,234,11,0,0,0,0,87,45,35,0,245,0,0,66.93989071038251,0,0.0,False,False,False
29027,2021,245,229,16,0,0,0,0,80,47,39,0,245,0,0,67.12328767123287,0,0.0,False,False,False
29027,2022,244,222,22,0,0,0,0,74,50,40,0,244,0,0,66.84931506849315,0,0.0,False,False,False
29037,2019,365,289,76,0,0,0,0,93,57,42,0,173,192,0,100.0,0,0.0,False,False,False
29037,2020,362,300,60,2,0,0,0,105,54,39,0,171,191,0,98.90710382513662,2,0.5524861878453038,False,False,False
29037,2021,365,267,97,1,0,0,0,108,59,42,0,156,209,0,100.0,1,0.273972602739726,False,False,False
29037,2022,360,287,73,0,0,0,0,88,56,40,0,190,170,0,98.63013698630137,0,0.0,False,False,False
29047,2019,365,266,99,0,0,0,0,90,61,43,0,203,162,0,100.0,0,0.0,False,False,False
29047,2020,364,287,76,1,0,0,0,101,60,39,0,195,169,0,99.4535519125683,1,0.2747252747252747,False,False,False
29047,2021,350,270,76,4,0,0,0,129,64,41,0,206,144,0,95.8904109589041,4,1.1428571428571428,False,False,False
29047,2022,365,286,75,4,0,0,0,112,61,41,0,213,152,0,100.0,4,1.095890410958904,False,False,False
29049,2019,245,213,32,0,0,0,0,87,54,42,0,245,0,0,67.12328767123287,0,0.0,False,False,False
29049,2020,245,226,19,0,0,0,0,87,48,37,0,245,0,0,66.93989071038251,0,0.0,False,False,False
29049,2021,245,221,24,0,0,0,0,97,50,38,0,245,0,0,67.12328767123287,0,0.0,False,False,False
29049,2022,245,211,33,1,0,0,0,101,58,41,0,245,0,0,67.12328767123287,1,0.4081632653061224,False,False,False
29077,2019,365,262,103,0,0,0,0,77,57,43,0,143,208,14,100.0,0,0.0,False,False,False
29077,2020,364,268,95,1,0,0,0,116,57,40,0,124,234,6,99.4535519125683,1,0.2747252747252747,False,False,False
29077,2021,365,300,65,0,0,0,0,84,55,38,0,188,135,42,100.0,0,0.0,False,False,False
29077,2022,365,202,163,0,0,0,0,100,64,49,0,119,246,0,100.0,0,0.0,False,False,False
29095,2019,365,192,173,0,0,0,0,93,65,49,19,0,330,16,100.0,0,0.0,False,False,False
29095,2020,366,175,188,2,1,0,0,159,65,51,11,0,312,43,100.0,3,0.819672131147541,False,False,False
29095,2021,365,132,228,5,0,0,0,147,68,53,5,0,319,41,100.0,5,1.36986301369863,False,False,False
29095,2022,365,160,205,0,0,0,0,93,63,52,9,0,326,30,100.0,0,0.0,False,False,False
29097,2019,365,324,40,1,0,0,0,108,51,37,0,220,0,145,100.0,1,0.273972602739726,False,False,False
29097,2020,366,320,46,0,0,0,0,82,52,35,0,212,0,154,100.0,0,0.0,False,False,False
29097,2021,360,298,62,0,0,0,0,93,58,38,0,218,0,142,98.63013698630137,0,0.0,False,False,False
29097,2022,363,283,79,1,0,0,0,108,68,41,0,206,0,157,99.45205479452056,1,0.2754820936639118,False,False,False
29099,2019,361,252,107,2,0,0,0,105,62,42,0,182,167,12,98.9041095890411,2,0.554016620498615,False,False,False
29099,2020,365,250,113,2,0,0,0,141,59,43,0,119,238,8,99.72677595628416,2,0.547945205479452,False,False,False
29099,2021,365,244,116,4,1,0,0,164,62,44,0,145,210,10,100.0,5,1.36986301369863,False,False,False
29099,2022,360,236,121,3,0,0,0,108,65,44,0,151,185,24,98.63013698630137,3,0.8333333333333334,False,False,False
29113,2019,245,223,22,0,0,0,0,100,50,40,0,245,0,0,67.12328767123287,0,0.0,False,False,False
29113,2020,245,228,16,1,0,0,0,108,48,37,0,245,0,0,66.93989071038251,1,0.4081632653061224,False,False,False
29113,2021,244,225,19,0,0,0,0,93,49,39,0,244,0,0,66.84931506849315,0,0.0,False,False,False
29113,2022,245,214,30,1,0,0,0,112,54,41,0,245,0,0,67.12328767123287,1,0.4081632653061224,False,False,False
29510,2019,365,135,225,5,0,0,0,129,72,54,4,91,264,6,100.0,5,1.36986301369863,False,False,False
29510,2020,366,137,224,4,1,0,0,156,70,54,6,64,269,27,100.0,5,1.366120218579235,False,False,False
29510,2021,365,114,244,6,1,0,0,187,71,55,1,50,305,9,100.0,7,1.9178082191780823,False,False,False
30013,2019,363,326,36,1,0,0,0,106,51,28,0,0,363,0,99.45205479452056,1,0.2754820936639118,False,False,False
30013,2020,359,314,42,3,0,0,0,115,54,24,0,0,359,0,98.08743169398907,3,0.8356545961002786,False,False,False
30013,2021,365,296,58,9,2,0,0,160,62,27,0,0,365,0,100.0,11,3.0136986301369864,False,False,False
30013,2022,359,323,34,2,0,0,0,128,51,23,0,0,359,0,98.35616438356163,2,0.5571030640668524,False,False,False
30017,2022,364,318,46,0,0,0,0,80,52,40,3,269,89,3,99.72602739726028,0,0.0,False,False,False
30027,2019,365,343,22,0,0,0,0,86,48,38,0,313,50,2,100.0,0,0.0,False,False,False
30027,2020,366,330,33,1,2,0,0,159,50,39,1,307,58,0,100.0,3,0.819672131147541,False,False,False
30027,2021,365,288,62,14,1,0,0,156,77,41,0,296,68,1,100.0,15,4.10958904109589,False,False,False
30027,2022,365,341,22,2,0,0,0,122,49,40,0,323,42,0,100.0,2,0.547945205479452,False,False,False
30029,2019,365,267,97,1,0,0,0,103,61,39,0,198,143,24,100.0,1,0.273972602739726,False,False,False
30029,2020,366,286,72,3,4,1,0,206,59,37,0,219,124,23,100.0,8,2.185792349726776,False,False,False
30029,2021,365,268,88,8,1,0,0,155,66,39,0,181,144,40,100.0,9,2.4657534246575343,False,False,False
30029,2022,365,249,113,2,1,0,0,152,64,41,0,149,187,29,100.0,3,0.821917808219178,False,False,False
30031,2019,365,301,64,0,0,0,0,92,55,33,15,0,346,0,100.0,0,0.0,False,False,False
30031,2020,366,290,65,9,2,0,0,162,57,29,3,0,362,0,100.0,11,3.0054644808743167,False,False,False
30031,2021,365,243,108,13,1,0,0,158,78,41,5,0,358,0,100.0,14,3.8356164383561646,False,False,False
30031,2022,365,290,71,4,0,0,0,148,58,32,2,0,363,0,100.0,4,1.095890410958904,False,False,False
30049,2019,365,251,112,2,0,0,0,144,68,43,0,200,165,0,100.0,2,0.547945205479452,False,False,False
30049,2020,366,277,84,1,4,0,0,168,60,42,0,230,136,0,100.0,5,1.366120218579235,False,False,False
30049,2021,365,249,99,14,3,0,0,156,77,44,0,218,147,0,100.0,17,4.657534246575342,False,False,False
30049,2022,365,239,119,4,3,0,0,167,63,45,0,167,198,0,100.0,7,1.9178082191780823,False,False,False
30053,2019,364,189,174,1,0,0,0,102,75,48,0,0,353,11,99.72602739726028,1,0.2747252747252747,False,False,False
30053,2020,366,175,182,2,4,1,2,403,75,52,0,0,364,2,100.0,9,2.459016393442623,False,False,False
30053,2021,365,125,223,11,6,0,0,177,79,56,0,0,362,3,100.0,17,4.657534246575342,False,False,False
30053,2022,365,184,175,4,2,0,0,174,77,49,0,0,362,3,100.0,6,1.643835616438356,False,False,False
30063,2019,365,173,188,3,1,0,0,153,78,52,0,0,364,1,100.0,4,1.095890410958904,False,False,False
30063,2020,366,155,192,13,6,0,0,185,85,54,0,96,270,0,100.0,19,5.191256830601093,True,True,False
30063,2021,365,122,213,24,6,0,0,162,94,56,0,63,302,0,100.0,30,8.21917808219178,True,True,False
30063,2022,365,149,201,11,4,0,0,190,81,54,0,87,278,0,100.0,15,4.10958904109589,False,False,False
30081,2019,364,303,61,0,0,0,0,77,55,19,0,0,364,0,99.72602739726028,0,0.0,True,False,True
30081,2020,361,301,52,3,5,0,0,185,59,15,0,0,361,0,98.63387978142076,8,2.21606648199446,True,False,True
30081,2021,358,268,67,18,5,0,0,159,76,28,0,0,358,0,98.08219178082192,23,6.424581005586592,False,False,False
30081,2022,363,287,64,2,8,2,0,263,64,27,0,0,363,0,99.45205479452056,12,3.3057851239669422,False,False,False
30083,2019,365,322,43,0,0,0,0,93,51,37,0,275,85,5,100.0,0,0.0,False,False,False
30083,2020,366,343,23,0,0,0,0,72,47,37,0,302,62,2,100.0,0,0.0,False,False,False
30083,2021,351,284,63,4,0,0,0,147,71,38,0,273,75,3,96.16438356164385,4,1.1396011396011396,False,False,False
30083,2022,361,322,39,0,0,0,0,79,51,39,0,274,85,2,98.9041095890411,0,0.0,False,False,False
30087,2019,365,328,36,1,0,0,0,108,51,36,2,269,64,30,100.0,1,0.273972602739726,False,False,False
30087,2020,366,321,40,3,2,0,0,154,53,37,12,254,61,39,100.0,5,1.366120218579235,False,False,False
30087,2021,363,266,83,12,2,0,0,155,74,38,6,171,113,73,99.45205479452056,14,3.8567493112947657,False,False,False
30087,2022,337,337,0,0,0,0,0,36,14,2,235,0,18,84,92.32876712328768,0,0.0,True,False,True
30089,2019,365,289,76,0,0,0,0,95,56,33,0,0,357,8,100.0,0,0.0,False,False,False
30089,2020,366,302,56,1,4,3,0,261,57,31,0,0,361,5,100.0,8,2.185792349726776,False,False,False
30089,2021,356,232,104,8,11,1,0,207,84,42,0,0,350,6,97.53424657534246,20,5.617977528089887,False,False,False
30089,2022,365,266,94,2,3,0,0,188,59,36,0,0,344,21,100.0,5,1.36986301369863,False,False,False
30093,2019,363,293,70,0,0,0,0,92,60,24,0,0,236,127,99.45205479452056,0,0.0,False,False,False
30093,2020,366,289,69,5,3,0,0,181,61,22,0,0,247,119,100.0,8,2.185792349726776,False,False,False
30093,2021,365,256,89,14,6,0,0,163,80,33,0,0,325,40,100.0,20,5.47945205479452,False,False,False
30093,2022,365,268,87,8,2,0,0,162,67,27,0,0,298,67,100.0,10,2.73972602739726,False,False,False
30111,2019,292,271,20,0,1,0,0,159,47,31,0,0,292,0,80.0,1,0.3424657534246575,False,False,False
30111,2020,364,304,57,2,1,0,0,163,55,31,0,0,364,0,99.4535519125683,3,0.8241758241758242,False,False,False
30111,2021,340,212,118,9,1,0,0,167,70,40,0,0,340,0,93.15068493150685,10,2.941176470588235,False,False,False
30111,2022,365,307,56,1,1,0,0,155,54,32,0,0,365,0,100.0,2,0.547945205479452,False,False,False
31025,2019,348,348,0,0,0,0,0,46,26,13,0,0,0,348,95.34246575342463,0,0.0,True,False,True
31025,2020,358,346,12,0,0,0,0,71,32,14,0,0,0,358,97.81420765027322,0,0.0,True,False,True
31025,2021,351,345,6,0,0,0,0,64,37,19,0,0,0,351,96.16438356164385,0,0.0,True,False,True
31025,2022,356,337,19,0,0,0,0,87,40,19,0,0,0,356,97.53424657534246,0,0.0,True,False,True
31055,2019,365,273,92,0,0,0,0,80,59,42,0,156,207,2,100.0,0,0.0,False,False,False
31055,2020,366,267,97,1,1,0,0,157,57,42,0,133,222,9,100.0,2,0.546448087431694,False,False,False
31055,2021,365,244,116,5,0,0,0,150,64,43,0,165,189,11,100.0,5,1.36986301369863,False,False,False
31055,2022,365,278,86,1,0,0,0,108,57,41,0,238,118,9,100.0,1,0.273972602739726,False,False,False
31067,2021,184,49,134,1,0,0,0,115,66,55,0,0,184,0,50.41095890410959,1,0.5434782608695652,False,False,False
31067,2022,278,252,26,0,0,0,0,81,49,23,0,0,278,0,76.16438356164383,0,0.0,False,False,False
31079,2020,338,296,42,0,0,0,0,87,53,26,0,0,338,0,92.34972677595628,0,0.0,False,False,False
31079,2021,357,268,87,2,0,0,0,134,58,34,0,0,357,0,97.80821917808218,2,0.5602240896358543,False,False,False
31079,2022,350,301,49,0,0,0,0,84,53,27,0,0,350,0,95.8904109589041,0,0.0,False,False,False
31109,2019,288,249,39,0,0,0,0,70,52,36,0,214,74,0,78.9041095890411,0,0.0,False,False,False
31109,2020,282,261,21,0,0,0,0,77,48,35,0,204,78,0,77.04918032786885,0,0.0,False,False,False
31109,2021,276,246,30,0,0,0,0,84,53,37,0,201,75,0,75.61643835616438,0,0.0,False,False,False
31109,2022,277,258,19,0,0,0,0,64,47,37,0,209,68,0,75.89041095890411,0,0.0,False,False,False
31153,2019,350,240,110,0,0,0,0,82,60,39,0,0,350,0,95.8904109589041,0,0.0,False,False,False
31153,2020,316,227,87,2,0,0,0,149,57,39,0,0,316,0,86.33879781420765,2,0.6329113924050633,False,False,False
31153,2021,336,226,108,2,0,0,0,120,61,41,0,0,336,0,92.05479452054794,2,0.5952380952380952,False,False,False
31153,2022,331,269,62,0,0,0,0,94,55,32,0,0,331,0,90.68493150684932,0,0.0,False,False,False
31157,2020,278,170,106,2,0,0,0,122,61,36,0,0,278,0,75.95628415300546,2,0.7194244604316548,False,False,False
31157,2021,332,294,38,0,0,0,0,82,53,21,0,0,332,0,90.95890410958904,0,0.0,False,False,False
31157,2022,339,331,8,0,0,0,0,79,36,16,0,0,339,0,92.87671232876713,0,0.0,True,False,True
31177,2022,299,280,19,0,0,0,0,64,43,19,0,0,299,0,81.91780821917808,0,0.0,True,False,True
32001,2019,353,323,30,0,0,0,0,80,50,41,0,353,0,0,96.7123287671233,0,0.0,False,False,False
32001,2020,363,336,25,2,0,0,0,147,50,40,0,363,0,0,99.18032786885246,2,0.5509641873278237,False,False,False
32001,2021,362,271,81,9,1,0,0,159,74,44,0,362,0,0,99.17808219178085,10,2.7624309392265194,False,False,False
32001,2022,349,330,19,0,0,0,0,100,47,39,0,349,0,0,95.61643835616438,0,0.0,False,False,False
32003,2019,365,128,232,5,0,0,0,122,87,58,10,236,110,8,100.0,5,1.36986301369863,True,True,False
32003,2020,366,92,249,22,3,0,0,174,93,65,6,205,145,10,100.0,25,6.830601092896176,True,True,False
32003,2021,365,87,244,31,3,0,0,183,100,62,1,214,133,17,100.0,34,9.315068493150685,True,True,False
32003,2022,365,71,268,20,3,1,2,480,97,64,3,194,138,30,100.0,26,7.123287671232877,True,True,False
32005,2019,356,318,38,0,0,0,0,66,52,17,0,0,356,0,97.53424657534246,0,0.0,True,False,True
32005,2020,366,286,63,6,7,4,0,274,64,22,0,0,366,0,100.0,17,4.644808743169399,False,False,False
32005,2021,365,279,53,7,20,6,0,279,91,24,0,0,365,0,100.0,33,9.04109589041096,True,True,False
32005,2022,356,295,55,1,5,0,0,195,57,20,0,0,356,0,97.53424657534246,6,1.6853932584269662,True,False,True
32007,2019,365,356,9,0,0,0,0,77,31,14,0,12,23,330,100.0,0,0.0,True,False,True
32007,2020,363,304,55,1,3,0,0,169,57,30,0,133,12,218,99.18032786885246,4,1.1019283746556474,False,False,False
32007,2021,365,282,73,9,1,0,0,156,71,42,0,186,13,166,100.0,10,2.73972602739726,False,False,False
32007,2022,365,321,42,2,0,0,0,149,51,38,0,159,10,196,100.0,2,0.547945205479452,False,False,False
32019,2019,356,344,12,0,0,0,0,71,47,38,0,346,0,10,97.53424657534246,0,0.0,False,False,False
32019,2020,356,308,39,5,3,0,1,328,59,38,0,302,0,54,97.26775956284152,9,2.528089887640449,False,False,False
32019,2021,270,196,67,7,0,0,0,133,74,41,0,270,0,0,73.97260273972603,7,2.592592592592593,False,False,False
32019,2022,355,329,25,1,0,0,0,105,49,39,0,355,0,0,97.26027397260276,1,0.2816901408450704,False,False,False
32023,2019,365,352,12,1,0,0,0,146,31,15,0,0,0,365,100.0,1,0.273972602739726,True,False,True
32023,2020,366,343,20,1,2,0,0,200,40,21,0,0,0,366,100.0,3,0.819672131147541,False,False,False
32023,2021,365,336,28,1,0,0,0,105,44,23,0,0,0,365,100.0,1,0.273972602739726,False,False,False
32023,2022,358,306,41,6,4,1,0,294,57,22,0,0,0,358,98.08219178082192,11,3.072625698324022,False,False,False
32031,2019,365,214,151,0,0,0,0,97,64,48,2,273,87,3,100.0,0,0.0,False,False,False
32031,2020,366,193,149,11,11,2,0,265,85,50,3,217,139,7,100.0,24,6.557377049180328,True,True,False
32031,2021,365,174,156,16,10,8,1,333,95,51,1,240,120,4,100.0,35,9.58904109589041,True,True,False
32031,2022,365,180,176,1,4,4,0,259,74,51,1,218,140,6,100.0,9,2.4657534246575343,False,False,False
32033,2019,362,294,67,1,0,0,0,101,61,44,0,361,1,0,99.17808219178085,1,0.2762430939226519,False,False,False
32033,2020,361,294,64,3,0,0,0,136,64,44,0,358,3,0,98.63387978142076,3,0.8310249307479225,False,False,False
32033,2021,364,280,82,2,0,0,0,133,61,44,0,356,8,0,99.72602739726028,2,0.5494505494505495,False,False,False
32033,2022,346,287,59,0,0,0,0,87,54,44,0,333,13,0,94.7945205479452,0,0.0,False,False,False
32510,2019,365,296,69,0,0,0,0,97,58,44,0,277,88,0,100.0,0,0.0,False,False,False
32510,2020,366,284,62,12,6,2,0,210,71,42,0,240,126,0,100.0,20,5.46448087431694,False,False,False
32510,2021,365,273,64,9,12,6,1,304,84,42,0,266,99,0,100.0,28,7.671232876712329,False,False,False
32510,2022,364,290,65,5,2,2,0,227,58,44,0,290,74,0,99.72602739726028,9,2.4725274725274726,False,False,False
33001,2019,316,292,24,0,0,0,0,77,48,32,0,156,160,0,86.57534246575342,0,0.0,False,False,False
33001,2020,359,342,17,0,0,0,0,65,45,32,0,168,191,0,98.08743169398907,0,0.0,False,False,False
33001,2021,365,340,24,1,0,0,0,110,47,31,0,160,205,0,100.0,1,0.273972602739726,False,False,False
33001,2022,358,339,19,0,0,0,0,68,46,32,0,182,176,0,98.08219178082192,0,0.0,False,False,False
33005,2019,365,331,34,0,0,0,0,82,50,35,0,254,111,0,100.0,0,0.0,False,False,False
33005,2020,366,299,67,0,0,0,0,78,55,37,0,173,193,0,100.0,0,0.0,False,False,False
33005,2021,364,263,100,1,0,0,0,127,59,40,0,127,237,0,99.72602739726028,1,0.2747252747252747,False,False,False
33005,2022,365,304,61,0,0,0,0,84,55,37,0,230,135,0,100.0,0,0.0,False,False,False
33007,2019,324,313,11,0,0,0,0,64,47,40,0,304,20,0,88.76712328767124,0,0.0,False,False,False
33007,2020,366,339,27,0,0,0,0,74,50,43,0,366,0,0,100.0,0,0.0,False,False,False
33007,2021,360,325,33,2,0,0,0,133,50,42,0,355,5,0,98.63013698630137,2,0.5555555555555556,False,False,False
33007,2022,359,350,9,0,0,0,0,64,46,40,0,354,5,0,98.35616438356163,0,0.0,False,False,False
33009,2019,365,332,33,0,0,0,0,65,50,35,0,248,117,0,100.0,0,0.0,False,False,False
33009,2020,366,344,22,0,0,0,0,70,45,35,0,269,97,0,100.0,0,0.0,False,False,False
33009,2021,365,313,51,1,0,0,0,106,53,36,0,201,164,0,100.0,1,0.273972602739726,False,False,False
33009,2022,365,330,35,0,0,0,0,84,50,36,0,220,145,0,100.0,0,0.0,False,False,False
33011,2019,365,345,20,0,0,0,0,80,47,37,0,337,28,0,100.0,0,0.0,False,False,False
33011,2020,366,351,15,0,0,0,0,90,46,37,0,337,29,0,100.0,0,0.0,False,False,False
33011,2021,365,328,35,2,0,0,0,144,51,37,0,317,48,0,100.0,2,0.547945205479452,False,False,False
33011,2022,365,329,36,0,0,0,0,100,50,39,0,337,26,0,100.0,0,0.0,False,False,False
33013,2019,210,206,4,0,0,0,0,61,44,36,0,210,0,0,57.53424657534247,0,0.0,False,False,False
33013,2020,213,209,4,0,0,0,0,74,44,38,0,213,0,0,58.19672131147541,0,0.0,False,False,False
33013,2021,214,200,13,1,0,0,0,101,47,36,0,214,0,0,58.63013698630137,1,0.4672897196261681,False,False,False
33013,2022,212,205,7,0,0,0,0,84,46,36,0,212,0,0,58.08219178082192,0,0.0,False,False,False
33015,2019,365,319,45,1,0,0,0,112,52,39,0,255,110,0,100.0,1,0.273972602739726,False,False,False
33015,2020,366,296,70,0,0,0,0,90,56,41,0,201,165,0,100.0,0,0.0,False,False,False
33015,2021,365,285,76,4,0,0,0,147,58,40,0,199,165,1,100.0,4,1.095890410958904,False,False,False
33015,2022,365,292,71,2,0,0,0,122,55,40,0,232,133,0,100.0,2,0.547945205479452,False,False,False
34001,2020,359,286,73,0,0,0,0,90,55,37,0,170,189,0,98.08743169398907,0,0.0,False,False,False
34001,2021,362,290,72,0,0,0,0,96,56,37,0,202,160,0,99.17808219178085,0,0.0,False,False,False
34001,2022,365,316,48,0,1,0,0,185,52,36,0,193,172,0,100.0,1,0.273972602739726,False,False,False
34003,2020,364,228,133,3,0,0,0,119,63,43,45,120,196,0,99.4535519125683,3,0.8241758241758242,False,False,False
34003,2021,365,230,126,9,0,0,0,147,65,43,54,104,207,0,100.0,9,2.4657534246575343,False,False,False
34003,2022,365,259,106,0,0,0,0,90,60,42,61,142,162,0,100.0,0,0.0,False,False,False
34007,2020,366,219,147,0,0,0,0,87,63,46,4,126,236,0,100.0,0,0.0,False,False,False
34007,2021,365,188,173,4,0,0,0,120,67,49,9,138,218,0,100.0,4,1.095890410958904,False,False,False
34007,2022,365,197,167,1,0,0,0,108,63,48,4,120,241,0,100.0,1,0.273972602739726,False,False,False
34011,2020,365,251,114,0,0,0,0,72,57,44,3,130,232,0,99.72677595628416,0,0.0,False,False,False
34011,2021,364,291,71,2,0,0,0,112,55,39,4,231,129,0,99.72602739726028,2,0.5494505494505495,False,False,False
34011,2022,362,308,54,0,0,0,0,84,53,38,5,239,118,0,99.17808219178085,0,0.0,False,False,False
34013,2020,366,226,139,1,0,0,0,127,62,44,28,118,219,0,100.0,1,0.273224043715847,False,False,False
34013,2021,365,214,148,3,0,0,0,125,63,46,26,97,242,0,100.0,3,0.821917808219178,False,False,False
34013,2022,269,177,92,0,0,0,0,97,61,44,32,109,127,0,73.6986301369863,0,0.0,False,False,False
34015,2020,253,223,29,1,0,0,0,101,54,38,0,192,61,0,69.12568306010928,1,0.3952569169960474,False,False,False
34015,2021,297,238,57,2,0,0,0,101,59,40,0,226,71,0,81.36986301369863,2,0.6734006734006733,False,False,False
34015,2022,288,217,68,3,0,0,0,126,61,42,0,231,57,0,78.9041095890411,3,1.0416666666666663,False,False,False
34017,2020,366,259,107,0,0,0,0,90,59,39,51,136,179,0,100.0,0,0.0,False,False,False
34017,2021,365,216,146,3,0,0,0,126,64,44,46,98,221,0,100.0,3,0.821917808219178,False,False,False
34017,2022,365,232,131,2,0,0,0,115,62,44,40,116,207,0,100.0,2,0.547945205479452,False,False,False
34019,2020,364,265,99,0,0,0,0,87,57,41,0,169,195,0,99.4535519125683,0,0.0,False,False,False
34019,2021,364,249,115,0,0,0,0,97,61,43,0,159,205,0,99.72602739726028,0,0.0,False,False,False
34019,2022,364,263,101,0,0,0,0,93,60,42,0,197,167,0,99.72602739726028,0,0.0,False,False,False
34021,2020,366,262,101,3,0,0,0,112,58,42,0,182,184,0,100.0,3,0.819672131147541,False,False,False
34021,2021,365,193,165,7,0,0,0,130,67,48,0,139,226,0,100.0,7,1.9178082191780823,False,False,False
34021,2022,365,227,135,3,0,0,0,119,61,46,0,156,209,0,100.0,3,0.821917808219178,False,False,False
34023,2020,366,257,108,1,0,0,0,112,58,41,6,155,205,0,100.0,1,0.273224043715847,False,False,False
34023,2021,364,233,126,5,0,0,0,129,64,44,4,142,218,0,99.72602739726028,5,1.3736263736263736,False,False,False
34023,2022,365,261,103,1,0,0,0,101,59,42,10,164,191,0,100.0,1,0.273972602739726,False,False,False
34025,2020,226,209,17,0,0,0,0,93,48,37,0,226,0,0,61.74863387978142,0,0.0,False,False,False
34025,2021,255,227,24,3,1,0,0,154,54,36,0,255,0,0,69.86301369863014,4,1.568627450980392,False,False,False
34025,2022,248,226,20,1,1,0,0,161,49,38,0,248,0,0,67.94520547945206,2,0.8064516129032258,False,False,False
34027,2020,366,341,25,0,0,0,0,84,48,35,8,334,24,0,100.0,0,0.0,False,False,False
34027,2021,363,327,36,0,0,0,0,97,49,36,8,317,38,0,99.45205479452056,0,0.0,False,False,False
34027,2022,360,320,40,0,0,0,0,84,52,36,6,326,28,0,98.63013698630137,0,0.0,False,False,False
34029,2020,356,290,66,0,0,0,0,84,55,38,0,154,202,0,97.26775956284152,0,0.0,False,False,False
34029,2021,357,253,100,4,0,0,0,126,60,42,0,154,203,0,97.80821917808218,4,1.1204481792717087,False,False,False
34029,2022,358,287,68,3,0,0,0,105,58,40,0,195,163,0,98.08219178082192,3,0.8379888268156425,False,False,False
34031,2020,262,245,17,0,0,0,0,100,47,37,0,243,19,0,71.58469945355192,0,0.0,False,False,False
34031,2021,261,243,18,0,0,0,0,80,48,37,0,261,0,0,71.5068493150685,0,0.0,False,False,False
34031,2022,304,251,53,0,0,0,0,90,54,38,0,186,118,0,83.28767123287672,0,0.0,False,False,False
34039,2020,366,198,167,1,0,0,0,111,61,48,42,0,322,0,100.0,1,0.273224043715847,False,False,False
34039,2021,365,157,207,1,0,0,0,139,66,52,34,0,331,0,100.0,1,0.273972602739726,False,False,False
34039,2022,365,191,174,0,0,0,0,82,65,49,29,0,336,0,100.0,0,0.0,False,False,False
34041,2020,361,287,74,0,0,0,0,100,56,38,23,136,202,0,98.63387978142076,0,0.0,False,False,False
34041,2021,358,237,120,1,0,0,0,136,61,42,12,112,234,0,98.08219178082192,1,0.2793296089385474,False,False,False
34041,2022,363,241,122,0,0,0,0,86,60,43,24,100,239,0,99.45205479452056,0,0.0,False,False,False
35001,2019,365,134,227,4,0,0,0,108,77,55,1,218,110,36,100.0,4,1.095890410958904,False,False,False
35001,2020,366,105,252,7,1,1,0,214,78,57,0,169,132,65,100.0,9,2.459016393442623,False,False,False
35001,2021,365,60,284,19,2,0,0,171,92,63,0,147,118,100,100.0,21,5.753424657534247,True,True,False
35001,2022,365,81,251,28,2,1,2,825,97,63,0,164,144,57,100.0,33,9.04109589041096,True,True,False
35015,2019,365,212,134,17,2,0,0,174,90,47,1,360,4,0,100.0,19,5.205479452054795,True,True,False
35015,2020,364,244,109,11,0,0,0,115,80,46,0,352,12,0,99.4535519125683,11,3.021978021978022,False,False,False
35015,2021,365,219,120,25,1,0,0,166,93,47,2,357,6,0,100.0,26,7.123287671232877,True,True,False
35015,2022,365,207,130,27,1,0,0,151,93,48,1,352,12,0,100.0,28,7.671232876712329,True,True,False
35025,2019,365,210,151,4,0,0,0,140,71,48,4,252,109,0,100.0,4,1.095890410958904,False,False,False
35025,2020,366,310,56,0,0,0,0,79,54,40,5,282,79,0,100.0,0,0.0,False,False,False
35025,2021,365,257,105,2,1,0,0,151,64,44,2,264,99,0,100.0,3,0.821917808219178,False,False,False
35025,2022,365,237,123,5,0,0,0,126,74,44,2,259,104,0,100.0,5,1.36986301369863,False,False,False
35029,2019,361,349,10,1,0,0,1,630,29,12,0,0,0,361,98.9041095890411,2,0.554016620498615,True,False,True
35029,2020,354,335,18,0,0,0,1,353,40,19,0,0,0,354,96.72131147540983,1,0.2824858757062147,True,False,True
35029,2021,362,339,20,2,0,0,1,462,40,19,0,0,0,362,99.17808219178085,3,0.8287292817679558,True,False,True
35029,2022,358,317,32,6,2,0,1,806,52,17,0,0,0,358,98.08219178082192,9,2.5139664804469275,True,False,True
35039,2019,358,315,43,0,0,0,0,90,54,43,0,354,4,0,98.08219178082192,0,0.0,False,False,False
35039,2020,362,313,49,0,0,0,0,90,54,44,0,361,1,0,98.90710382513662,0,0.0,False,False,False
35039,2021,363,276,86,1,0,0,0,143,64,44,0,360,3,0,99.45205479452056,1,0.2754820936639118,False,False,False
35039,2022,331,304,26,1,0,0,0,105,49,40,0,317,14,0,90.68493150684932,1,0.3021148036253776,False,False,False
35043,2019,363,275,88,0,0,0,0,97,61,44,0,350,11,2,99.45205479452056,0,0.0,False,False,False
35043,2020,358,271,82,5,0,0,0,119,61,44,0,358,0,0,97.81420765027322,5,1.3966480446927374,False,False,False
35043,2021,357,271,83,3,0,0,0,119,67,44,0,357,0,0,97.80821917808218,3,0.8403361344537815,False,False,False
35043,2022,360,295,64,1,0,0,0,101,67,43,0,360,0,0,98.63013698630137,1,0.2777777777777778,False,False,False
35045,2019,365,208,157,0,0,0,0,97,90,49,3,362,0,0,100.0,0,0.0,True,True,False
35045,2020,366,265,96,5,0,0,0,109,64,45,0,364,0,2,100.0,5,1.366120218579235,False,False,False
35045,2021,365,237,120,8,0,0,0,126,77,46,1,360,0,4,100.0,8,2.191780821917808,False,False,False
35045,2022,365,238,116,9,1,1,0,220,77,45,2,342,0,21,100.0,11,3.0136986301369864,False,False,False
35049,2019,362,273,88,1,0,0,0,101,67,44,0,349,13,0,99.17808219178085,1,0.2762430939226519,False,False,False
35049,2020,366,287,78,1,0,0,0,101,58,44,0,333,33,0,100.0,1,0.273224043715847,False,False,False
35049,2021,364,275,87,2,0,0,0,113,64,44,0,324,40,0,99.72602739726028,2,0.5494505494505495,False,False,False
35049,2022,365,284,81,0,0,0,0,98,61,44,0,340,25,0,100.0,0,0.0,False,False,False
35055,2019,358,315,43,0,0,0,0,73,53,21,0,0,358,0,98.08219178082192,0,0.0,False,False,False
35055,2020,360,310,50,0,0,0,0,68,53,27,0,0,360,0,98.36065573770492,0,0.0,False,False,False
35055,2021,323,290,32,1,0,0,0,108,51,28,0,0,323,0,88.4931506849315,1,0.3095975232198142,False,False,False
35055,2022,359,323,36,0,0,0,0,86,51,19,0,0,359,0,98.35616438356163,0,0.0,True,False,True
35061,2019,357,270,87,0,0,0,0,93,67,44,0,357,0,0,97.80821917808218,0,0.0,False,False,False
35061,2020,359,283,74,2,0,0,0,105,61,44,0,359,0,0,98.08743169398907,2,0.5571030640668524,False,False,False
35061,2021,356,295,59,2,0,0,0,136,58,43,0,356,0,0,97.53424657534246,2,0.5617977528089888,False,False,False
35061,2022,361,317,44,0,0,0,0,93,54,41,0,361,0,0,98.9041095890411,0,0.0,False,False,False
36001,2019,365,276,89,0,0,0,0,93,58,41,0,151,214,0,100.0,0,0.0,False,False,False
36001,2020,365,235,127,3,0,0,0,143,60,42,0,115,250,0,99.72677595628416,3,0.821917808219178,False,False,False
36001,2021,365,254,109,2,0,0,0,118,60,39,0,147,218,0,100.0,2,0.547945205479452,False,False,False
36001,2022,365,276,89,0,0,0,0,88,57,40,0,173,192,0,100.0,0,0.0,False,False,False
36005,2019,365,212,150,3,0,0,0,115,66,46,28,114,223,0,100.0,3,0.821917808219178,False,False,False
36005,2020,366,229,136,1,0,0,0,108,64,45,15,122,229,0,100.0,1,0.273224043715847,False,False,False
36005,2021,365,214,143,7,1,0,0,156,68,47,17,109,239,0,100.0,8,2.191780821917808,False,False,False
36005,2022,365,225,139,1,0,0,0,101,61,44,29,132,204,0,100.0,1,0.273972602739726,False,False,False
36013,2019,343,302,40,1,0,0,0,105,53,38,0,302,41,0,93.97260273972604,1,0.2915451895043732,False,False,False
36013,2020,363,332,31,0,0,0,0,93,49,36,0,337,26,0,99.18032786885246,0,0.0,False,False,False
36013,2021,361,300,60,1,0,0,0,105,57,38,0,318,43,0,98.9041095890411,1,0.2770083102493075,False,False,False
36013,2022,355,322,29,4,0,0,0,140,50,36,0,330,25,0,97.26027397260276,4,1.1267605633802815,False,False,False
36027,2019,331,319,12,0,0,0,0,90,45,34,0,331,0,0,90.68493150684932,0,0.0,False,False,False
36027,2020,331,322,9,0,0,0,0,87,45,35,0,331,0,0,90.43715846994536,0,0.0,False,False,False
36027,2021,341,323,17,1,0,0,0,129,46,34,0,341,0,0,93.42465753424658,1,0.2932551319648094,False,False,False
36027,2022,341,321,20,0,0,0,0,97,48,35,0,341,0,0,93.42465753424658,0,0.0,False,False,False
36029,2019,365,262,103,0,0,0,0,93,59,43,12,130,223,0,100.0,0,0.0,False,False,False
36029,2020,366,278,86,0,2,0,0,157,57,41,2,160,204,0,100.0,2,0.546448087431694,False,False,False
36029,2021,365,225,139,1,0,0,0,101,64,46,3,104,258,0,100.0,1,0.273972602739726,False,False,False
36029,2022,365,238,125,2,0,0,0,150,61,44,5,114,245,1,100.0,2,0.547945205479452,False,False,False
36031,2019,364,327,37,0,0,0,0,80,51,42,0,357,7,0,99.72602739726028,0,0.0,False,False,False
36031,2020,365,344,21,0,0,0,0,80,48,39,0,349,16,0,99.72677595628416,0,0.0,False,False,False
36031,2021,365,310,54,1,0,0,0,101,58,40,0,337,28,0,100.0,1,0.273972602739726,False,False,False
36031,2022,365,342,21,2,0,0,0,115,48,41,0,342,23,0,100.0,2,0.547945205479452,False,False,False
36043,2019,185,185,0,0,0,0,0,45,37,29,0,185,0,0,50.68493150684932,0,0.0,False,False,False
36045,2019,205,198,7,0,0,0,0,64,46,35,0,205,0,0,56.16438356164384,0,0.0,False,False,False
36045,2020,360,345,15,0,0,0,0,90,44,33,0,360,0,0,98.36065573770492,0,0.0,False,False,False
36045,2021,351,332,19,0,0,0,0,97,46,32,0,351,0,0,96.16438356164385,0,0.0,False,False,False
36045,2022,360,352,8,0,0,0,0,84,43,32,0,360,0,0,98.63013698630137,0,0.0,False,False,False
36047,2019,365,280,85,0,0,0,0,78,55,36,0,0,365,0,100.0,0,0.0,False,False,False
36047,2020,365,300,65,0,0,0,0,80,55,30,0,0,365,0,99.72677595628416,0,0.0,False,False,False
36047,2021,365,233,131,0,1,0,0,154,61,42,0,0,365,0,100.0,1,0.273972602739726,False,False,False
36047,2022,364,240,124,0,0,0,0,85,59,43,0,0,364,0,99.72602739726028,0,0.0,False,False,False
36055,2019,365,272,93,0,0,0,0,90,57,40,0,140,225,0,100.0,0,0.0,False,False,False
36055,2020,366,275,91,0,0,0,0,81,58,41,0,172,194,0,100.0,0,0.0,False,False,False
36055,2021,365,239,126,0,0,0,0,100,61,43,0,131,234,0,100.0,0,0.0,False,False,False
36055,2022,365,270,93,2,0,0,0,126,58,42,0,159,206,0,100.0,2,0.547945205479452,False,False,False
36059,2019,360,308,52,0,0,0,0,72,53,29,0,0,360,0,98.63013698630137,0,0.0,False,False,False
36059,2020,361,317,44,0,0,0,0,75,52,27,0,0,361,0,98.63387978142076,0,0.0,False,False,False
36059,2021,360,291,68,1,0,0,0,118,54,32,0,0,360,0,98.63013698630137,1,0.2777777777777778,False,False,False
36059,2022,361,303,58,0,0,0,0,68,53,29,0,0,361,0,98.9041095890411,0,0.0,False,False,False
36061,2019,365,219,144,2,0,0,0,136,62,46,0,124,241,0,100.0,2,0.547945205479452,False,False,False
36061,2020,366,258,107,1,0,0,0,108,61,40,0,174,190,0,100.0,1,0.273224043715847,False,False,False
36061,2021,365,245,113,6,1,0,0,155,63,43,0,148,217,0,100.0,7,1.9178082191780823,False,False,False
36061,2022,365,234,130,1,0,0,0,105,61,43,0,146,219,0,100.0,1,0.273972602739726,False,False,False
36063,2019,352,339,13,0,0,0,0,80,44,35,0,352,0,0,96.43835616438356,0,0.0,False,False,False
36063,2020,359,340,19,0,0,0,0,87,46,34,0,359,0,0,98.08743169398907,0,0.0,False,False,False
36063,2021,357,330,26,1,0,0,0,108,48,34,0,357,0,0,97.80821917808218,1,0.2801120448179272,False,False,False
36063,2022,358,339,18,1,0,0,0,133,45,35,0,358,0,0,98.08219178082192,1,0.2793296089385474,False,False,False
36065,2019,355,331,24,0,0,0,0,64,47,23,0,0,355,0,97.26027397260276,0,0.0,False,False,False
36065,2020,349,324,25,0,0,0,0,81,48,21,0,0,349,0,95.3551912568306,0,0.0,False,False,False
36065,2021,347,311,35,1,0,0,0,107,51,25,0,0,347,0,95.06849315068492,1,0.2881844380403458,False,False,False
36065,2022,332,288,44,0,0,0,0,83,52,26,0,0,332,0,90.95890410958904,0,0.0,False,False,False
36067,2019,365,301,64,0,0,0,0,77,55,39,0,221,144,0,100.0,0,0.0,False,False,False
36067,2020,364,300,64,0,0,0,0,74,54,37,0,210,154,0,99.4535519125683,0,0.0,False,False,False
36067,2021,365,279,85,1,0,0,0,113,58,39,0,187,178,0,100.0,1,0.273972602739726,False,False,False
36067,2022,365,316,49,0,0,0,0,69,52,37,0,209,156,0,100.0,0,0.0,False,False,False
36071,2019,365,307,58,0,0,0,0,74,54,39,0,202,163,0,100.0,0,0.0,False,False,False
36071,2020,366,307,59,0,0,0,0,97,54,38,0,208,158,0,100.0,0,0.0,False,False,False
36071,2021,364,294,69,1,0,0,0,149,56,37,0,207,157,0,99.72602739726028,1,0.2747252747252747,False,False,False
36071,2022,363,292,71,0,0,0,0,73,55,37,0,106,257,0,99.45205479452056,0,0.0,False,False,False
36075,2019,321,316,5,0,0,0,0,67,45,34,0,321,0,0,87.94520547945206,0,0.0,False,False,False
36075,2020,359,349,10,0,0,0,0,58,44,33,0,359,0,0,98.08743169398907,0,0.0,False,False,False
36075,2021,360,337,23,0,0,0,0,97,46,34,0,360,0,0,98.63013698630137,0,0.0,False,False,False
36075,2022,354,349,5,0,0,0,0,58,43,32,0,354,0,0,96.986301369863,0,0.0,False,False,False
36079,2019,329,313,15,1,0,0,0,101,46,35,0,329,0,0,90.13698630136986,1,0.303951367781155,False,False,False
36079,2020,314,308,6,0,0,0,0,64,44,33,0,314,0,0,85.79234972677595,0,0.0,False,False,False
36079,2021,353,334,18,1,0,0,0,112,47,35,0,353,0,0,96.7123287671233,1,0.28328611898017,False,False,False
36079,2022,333,311,22,0,0,0,0,100,47,34,0,333,0,0,91.23287671232876,0,0.0,False,False,False
36081,2019,365,234,127,4,0,0,0,119,61,45,42,141,182,0,100.0,4,1.095890410958904,False,False,False
36081,2020,366,258,105,3,0,0,0,140,64,43,25,170,171,0,100.0,3,0.819672131147541,False,False,False
36081,2021,365,215,141,8,1,0,0,154,67,47,13,112,240,0,100.0,9,2.4657534246575343,False,False,False
36081,2022,365,203,159,3,0,0,0,126,67,47,18,114,233,0,100.0,3,0.821917808219178,False,False,False
36085,2019,365,275,90,0,0,0,0,97,60,41,0,177,188,0,100.0,0,0.0,False,False,False
36085,2020,364,280,82,2,0,0,0,108,57,39,0,175,189,0,99.4535519125683,2,0.5494505494505495,False,False,False
36085,2021,364,264,94,6,0,0,0,149,61,42,0,159,205,0,99.72602739726028,6,1.6483516483516485,False,False,False
36085,2022,365,278,86,1,0,0,0,105,57,40,0,185,180,0,100.0,1,0.273972602739726,False,False,False
36087,2019,365,314,50,1,0,0,0,112,53,39,0,268,97,0,100.0,1,0.273972602739726,False,False,False
36087,2020,366,319,47,0,0,0,0,93,53,36,0,251,115,0,100.0,0,0.0,False,False,False
36087,2021,362,314,47,0,1,0,0,155,53,37,0,240,122,0,99.17808219178085,1,0.2762430939226519,False,False,False
36087,2022,365,315,50,0,0,0,0,90,53,38,0,251,114,0,100.0,0,0.0,False,False,False
36091,2019,331,328,3,0,0,0,0,58,44,33,0,331,0,0,90.68493150684932,0,0.0,False,False,False
36091,2020,319,315,4,0,0,0,0,61,44,33,0,319,0,0,87.1584699453552,0,0.0,False,False,False
36091,2021,354,339,15,0,0,0,0,93,45,31,0,354,0,0,96.986301369863,0,0.0,False,False,False
36091,2022,362,354,8,0,0,0,0,74,44,32,0,362,0,0,99.17808219178085,0,0.0,False,False,False
36101,2019,365,315,50,0,0,0,0,69,53,37,0,208,157,0,100.0,0,0.0,False,False,False
36101,2020,365,330,35,0,0,0,0,81,49,36,0,249,116,0,99.72677595628416,0,0.0,False,False,False
36101,2021,365,285,79,1,0,0,0,124,59,38,0,187,178,0,100.0,1,0.273972602739726,False,False,False
36101,2022,365,326,39,0,0,0,0,71,51,38,0,220,145,0,100.0,0,0.0,False,False,False
36103,2019,365,276,80,9,0,0,0,150,64,43,0,261,104,0,100.0,9,2.4657534246575343,False,False,False
36103,2020,366,282,78,6,0,0,0,133,63,40,0,248,118,0,100.0,6,1.639344262295082,False,False,False
36103,2021,365,281,73,10,1,0,0,154,58,42,0,247,118,0,100.0,11,3.0136986301369864,False,False,False
36103,2022,365,272,85,8,0,0,0,133,60,42,0,253,112,0,100.0,8,2.191780821917808,False,False,False
36109,2019,356,349,7,0,0,0,0,61,45,35,0,356,0,0,97.53424657534246,0,0.0,False,False,False
36109,2020,364,359,5,0,0,0,0,64,44,34,0,364,0,0,99.4535519125683,0,0.0,False,False,False
36109,2021,360,334,25,1,0,0,0,105,48,35,0,360,0,0,98.63013698630137,1,0.2777777777777778,False,False,False
36109,2022,361,349,12,0,0,0,0,67,44,36,0,361,0,0,98.9041095890411,0,0.0,False,False,False
36117,2019,268,253,15,0,0,0,0,90,47,35,0,268,0,0,73.42465753424658,0,0.0,False,False,False
36117,2020,327,305,22,0,0,0,0,80,46,34,0,327,0,0,89.34426229508196,0,0.0,False,False,False
36117,2021,354,333,21,0,0,0,0,100,47,33,0,354,0,0,96.986301369863,0,0.0,False,False,False
36117,2022,343,333,9,1,0,0,0,101,44,33,0,343,0,0,93.97260273972604,1,0.2915451895043732,False,False,False
36119,2019,365,309,55,1,0,0,0,105,55,38,0,262,103,0,100.0,1,0.273972602739726,False,False,False
36119,2020,363,305,57,1,0,0,0,105,55,38,0,253,110,0,99.18032786885246,1,0.2754820936639118,False,False,False
36119,2021,365,307,52,6,0,0,0,143,56,38,0,258,107,0,100.0,6,1.643835616438356,False,False,False
36119,2022,365,300,65,0,0,0,0,100,55,38,0,248,117,0,100.0,0,0.0,False,False,False
37003,2019,305,274,31,0,0,0,0,80,51,39,0,245,0,60,83.56164383561644,0,0.0,False,False,False
37003,2020,300,297,3,0,0,0,0,54,45,33,0,243,0,57,81.9672131147541,0,0.0,False,False,False
37003,2021,245,212,33,0,0,0,0,80,54,41,0,245,0,0,67.12328767123287,0,0.0,False,False,False
37003,2022,300,280,20,0,0,0,0,90,49,37,0,245,0,55,82.1917808219178,0,0.0,False,False,False
37021,2019,365,277,88,0,0,0,0,84,55,42,0,146,219,0,100.0,0,0.0,False,False,False
37021,2020,363,329,34,0,0,0,0,97,50,34,0,154,209,0,99.18032786885246,0,0.0,False,False,False
37021,2021,365,278,87,0,0,0,0,81,57,41,0,123,242,0,100.0,0,0.0,False,False,False
37021,2022,365,291,74,0,0,0,0,74,54,38,0,160,205,0,100.0,0,0.0,False,False,False
37027,2019,243,214,29,0,0,0,0,74,54,42,0,243,0,0,66.57534246575342,0,0.0,False,False,False
37027,2020,243,243,0,0,0,0,0,50,44,34,0,243,0,0,66.39344262295081,0,0.0,False,False,False
37027,2021,243,219,24,0,0,0,0,77,50,40,0,243,0,0,66.57534246575342,0,0.0,False,False,False
37027,2022,245,224,21,0,0,0,0,74,50,40,0,245,0,0,67.12328767123287,0,0.0,False,False,False
37031,2019,259,239,20,0,0,0,0,80,50,37,0,259,0,0,70.95890410958904,0,0.0,False,False,False
37031,2020,362,359,3,0,0,0,0,61,43,34,0,362,0,0,98.90710382513662,0,0.0,False,False,False
37031,2021,352,337,15,0,0,0,0,97,47,35,0,352,0,0,96.43835616438356,0,0.0,False,False,False
37031,2022,359,346,13,0,0,0,0,77,46,35,0,359,0,0,98.35616438356163,0,0.0,False,False,False
37035,2019,361,215,146,0,0,0,0,74,59,44,0,0,361,0,98.9041095890411,0,0.0,False,False,False
37035,2020,357,247,110,0,0,0,0,95,58,42,0,0,357,0,97.54098360655738,0,0.0,False,False,False
37035,2021,344,197,147,0,0,0,0,94,61,46,0,0,344,0,94.24657534246576,0,0.0,False,False,False
37035,2022,355,234,121,0,0,0,0,81,59,44,0,0,355,0,97.26027397260276,0,0.0,False,False,False
37051,2019,363,236,127,0,0,0,0,84,61,44,0,156,204,3,99.45205479452056,0,0.0,False,False,False
37051,2020,363,280,83,0,0,0,0,83,56,39,0,120,240,3,99.18032786885246,0,0.0,False,False,False
37051,2021,365,227,137,1,0,0,0,107,64,44,0,124,241,0,100.0,1,0.273972602739726,False,False,False
37051,2022,360,231,128,1,0,0,0,115,61,45,0,136,214,10,98.63013698630137,1,0.2777777777777778,False,False,False
37057,2019,350,199,151,0,0,0,0,92,61,47,0,0,350,0,95.8904109589041,0,0.0,False,False,False
37057,2020,329,206,123,0,0,0,0,96,60,43,0,0,329,0,89.89071038251366,0,0.0,False,False,False
37057,2021,343,190,153,0,0,0,0,97,62,47,0,0,343,0,93.97260273972604,0,0.0,False,False,False
37057,2022,354,196,158,0,0,0,0,86,61,47,0,0,354,0,96.986301369863,0,0.0,False,False,False
37063,2019,364,207,157,0,0,0,0,87,60,47,0,138,226,0,99.72602739726028,0,0.0,False,False,False
37063,2020,364,276,88,0,0,0,0,97,55,40,0,111,252,1,99.4535519125683,0,0.0,False,False,False
37063,2021,365,238,127,0,0,0,0,90,59,44,0,116,249,0,100.0,0,0.0,False,False,False
37063,2022,365,273,92,0,0,0,0,93,55,42,0,155,209,1,100.0,0,0.0,False,False,False
37065,2019,363,275,88,0,0,0,0,71,55,40,0,136,227,0,99.45205479452056,0,0.0,False,False,False
37065,2020,336,287,49,0,0,0,0,95,53,35,0,135,201,0,91.8032786885246,0,0.0,False,False,False
37065,2021,363,292,71,0,0,0,0,90,55,38,0,171,192,0,99.45205479452056,0,0.0,False,False,False
37065,2022,356,312,44,0,0,0,0,93,52,37,0,175,181,0,97.53424657534246,0,0.0,False,False,False
37067,2019,365,175,190,0,0,0,0,97,66,51,6,114,245,0,100.0,0,0.0,False,False,False
37067,2020,366,233,133,0,0,0,0,97,60,45,2,113,251,0,100.0,0,0.0,False,False,False
37067,2021,365,201,161,3,0,0,0,124,66,48,0,131,234,0,100.0,3,0.821917808219178,False,False,False
37067,2022,365,209,155,1,0,0,0,137,61,48,1,130,234,0,100.0,1,0.273972602739726,False,False,False
37077,2019,240,195,45,0,0,0,0,87,64,44,0,240,0,0,65.75342465753424,0,0.0,False,False,False
37077,2020,238,237,1,0,0,0,0,51,46,36,0,238,0,0,65.02732240437157,0,0.0,False,False,False
37077,2021,242,237,5,0,0,0,0,67,46,38,0,242,0,0,66.3013698630137,0,0.0,False,False,False
37077,2022,244,223,20,1,0,0,0,112,50,42,0,244,0,0,66.84931506849315,1,0.4098360655737705,False,False,False
37081,2019,365,244,121,0,0,0,0,90,61,44,0,180,166,19,100.0,0,0.0,False,False,False
37081,2020,365,288,77,0,0,0,0,88,55,40,0,147,214,4,99.72677595628416,0,0.0,False,False,False
37081,2021,365,245,120,0,0,0,0,100,62,44,0,154,209,2,100.0,0,0.0,False,False,False
37081,2022,365,223,142,0,0,0,0,84,59,46,0,126,228,11,100.0,0,0.0,False,False,False
37087,2019,276,211,65,0,0,0,0,97,64,45,0,244,32,0,75.61643835616438,0,0.0,False,False,False
37087,2020,272,244,28,0,0,0,0,93,51,41,0,242,30,0,74.31693989071039,0,0.0,False,False,False
37087,2021,283,229,54,0,0,0,0,93,61,43,0,240,43,0,77.53424657534246,0,0.0,False,False,False
37087,2022,280,234,45,1,0,0,0,108,58,43,0,242,38,0,76.71232876712328,1,0.3571428571428571,False,False,False
37101,2019,363,224,139,0,0,0,0,87,60,46,0,106,257,0,99.45205479452056,0,0.0,False,False,False
37101,2020,339,266,73,0,0,0,0,75,55,39,0,136,203,0,92.62295081967213,0,0.0,False,False,False
37101,2021,365,240,125,0,0,0,0,97,60,44,0,104,261,0,100.0,0,0.0,False,False,False
37101,2022,365,271,93,1,0,0,0,140,55,42,0,128,237,0,100.0,1,0.273972602739726,False,False,False
37107,2019,237,205,32,0,0,0,0,87,54,42,0,237,0,0,64.93150684931507,0,0.0,False,False,False
37107,2020,296,290,6,0,0,0,0,58,45,32,0,238,0,58,80.87431693989072,0,0.0,False,False,False
37107,2021,306,284,22,0,0,0,0,97,49,34,0,241,0,65,83.83561643835617,0,0.0,False,False,False
37107,2022,241,217,23,1,0,0,0,108,50,39,0,241,0,0,66.02739726027397,1,0.4149377593360996,False,False,False
37109,2019,243,178,65,0,0,0,0,97,64,44,0,243,0,0,66.57534246575342,0,0.0,False,False,False
37109,2020,243,241,2,0,0,0,0,71,45,35,0,243,0,0,66.39344262295081,0,0.0,False,False,False
37109,2021,243,205,38,0,0,0,0,97,58,42,0,243,0,0,66.57534246575342,0,0.0,False,False,False
37109,2022,243,202,40,1,0,0,0,108,58,43,0,243,0,0,66.57534246575342,1,0.411522633744856,False,False,False
37117,2019,295,261,34,0,0,0,0,74,51,40,0,237,0,58,80.82191780821918,0,0.0,False,False,False
37117,2020,240,240,0,0,0,0,0,49,42,33,0,240,0,0,65.57377049180327,0,0.0,False,False,False
37117,2021,296,291,5,0,0,0,0,74,46,32,0,238,0,58,81.0958904109589,0,0.0,False,False,False
37117,2022,289,282,7,0,0,0,0,80,44,34,0,244,0,45,79.17808219178082,0,0.0,False,False,False
37119,2019,365,161,194,10,0,0,0,136,71,52,1,146,218,0,100.0,10,2.73972602739726,False,False,False
37119,2020,366,213,151,2,0,0,0,112,59,46,0,119,247,0,100.0,2,0.546448087431694,False,False,False
37119,2021,365,188,175,2,0,0,0,128,67,49,0,108,257,0,100.0,2,0.547945205479452,False,False,False
37119,2022,365,190,173,2,0,0,0,119,67,50,0,142,223,0,100.0,2,0.547945205479452,False,False,False
37121,2019,333,290,43,0,0,0,0,63,52,29,0,0,333,0,91.23287671232876,0,0.0,False,False,False
37121,2020,356,328,27,1,0,0,0,103,48,26,0,0,356,0,97.26775956284152,1,0.2808988764044944,False,False,False
37121,2021,356,296,60,0,0,0,0,82,53,31,0,0,356,0,97.53424657534246,0,0.0,False,False,False
37121,2022,346,298,48,0,0,0,0,69,53,31,0,0,346,0,94.7945205479452,0,0.0,False,False,False
37123,2019,365,256,109,0,0,0,0,71,58,44,0,153,212,0,100.0,0,0.0,False,False,False
37123,2020,366,281,85,0,0,0,0,85,55,40,0,107,259,0,100.0,0,0.0,False,False,False
37123,2021,365,257,108,0,0,0,0,80,58,43,0,139,226,0,100.0,0,0.0,False,False,False
37123,2022,363,263,100,0,0,0,0,80,58,43,0,167,196,0,99.45205479452056,0,0.0,False,False,False
37129,2019,348,305,43,0,0,0,0,80,53,37,0,209,139,0,95.34246575342463,0,0.0,False,False,False
37129,2020,357,328,29,0,0,0,0,77,48,34,0,210,147,0,97.54098360655738,0,0.0,False,False,False
37129,2021,360,286,74,0,0,0,0,93,55,40,0,105,255,0,98.63013698630137,0,0.0,False,False,False
37129,2022,361,268,93,0,0,0,0,80,55,42,0,93,268,0,98.9041095890411,0,0.0,False,False,False
37131,2020,360,303,57,0,0,0,0,90,53,29,41,0,319,0,98.36065573770492,0,0.0,False,False,False
37131,2021,363,270,93,0,0,0,0,94,57,34,4,0,359,0,99.45205479452056,0,0.0,False,False,False
37131,2022,362,284,78,0,0,0,0,71,55,33,5,0,357,0,99.17808219178085,0,0.0,False,False,False
37147,2019,352,271,81,0,0,0,0,87,55,41,0,156,196,0,96.43835616438356,0,0.0,False,False,False
37147,2020,361,313,48,0,0,0,0,95,52,36,0,152,209,0,98.63387978142076,0,0.0,False,False,False
37147,2021,360,288,72,0,0,0,0,81,55,39,0,137,223,0,98.63013698630137,0,0.0,False,False,False
37147,2022,365,305,60,0,0,0,0,97,52,37,0,144,221,0,100.0,0,0.0,False,False,False
37157,2019,245,207,38,0,0,0,0,84,58,44,0,245,0,0,67.12328767123287,0,0.0,False,False,False
37157,2020,243,238,5,0,0,0,0,54,47,36,0,243,0,0,66.39344262295081,0,0.0,False,False,False
37157,2021,239,200,39,0,0,0,0,90,58,43,0,239,0,0,65.47945205479452,0,0.0,False,False,False
37157,2022,239,219,20,0,0,0,0,80,50,41,0,239,0,0,65.47945205479452,0,0.0,False,False,False
37159,2019,365,276,89,0,0,0,0,100,67,44,0,319,46,0,100.0,0,0.0,False,False,False
37159,2020,365,253,112,0,0,0,0,90,57,43,0,160,205,0,99.72677595628416,0,0.0,False,False,False
37159,2021,364,244,120,0,0,0,0,87,63,44,0,181,183,0,99.72602739726028,0,0.0,False,False,False
37159,2022,364,230,134,0,0,0,0,87,59,46,0,180,184,0,99.72602739726028,0,0.0,False,False,False
37173,2019,362,259,103,0,0,0,0,90,56,42,0,121,241,0,99.17808219178085,0,0.0,False,False,False
37173,2020,362,301,60,1,0,0,0,119,53,38,0,136,226,0,98.90710382513662,1,0.2762430939226519,False,False,False
37173,2021,354,261,92,1,0,0,0,147,58,40,0,200,154,0,96.986301369863,1,0.2824858757062147,False,False,False
37173,2022,365,275,90,0,0,0,0,89,57,43,0,102,263,0,100.0,0,0.0,False,False,False
37179,2019,235,175,57,3,0,0,0,105,64,45,0,235,0,0,64.38356164383562,3,1.276595744680851,False,False,False
37179,2020,242,242,0,0,0,0,0,50,44,31,0,242,0,0,66.12021857923497,0,0.0,False,False,False
37179,2021,244,209,34,1,0,0,0,101,58,42,0,244,0,0,66.84931506849315,1,0.4098360655737705,False,False,False
37179,2022,244,218,26,0,0,0,0,100,51,41,0,244,0,0,66.84931506849315,0,0.0,False,False,False
37183,2019,365,141,224,0,0,0,0,93,64,53,1,90,273,0,100.0,0,0.0,False,False,False
37183,2020,365,222,142,1,0,0,0,101,61,46,1,94,269,0,99.72677595628416,1,0.273972602739726,False,False,False
37183,2021,365,199,166,0,0,0,0,96,65,48,1,109,255,0,100.0,0,0.0,False,False,False
37183,2022,365,228,136,1,0,0,0,122,59,46,0,153,212,0,100.0,1,0.273972602739726,False,False,False
37199,2019,244,191,53,0,0,0,0,87,64,45,0,244,0,0,66.84931506849315,0,0.0,False,False,False
37199,2020,244,204,39,1,0,0,0,105,58,44,0,244,0,0,66.66666666666666,1,0.4098360655737705,False,False,False
37199,2021,240,186,54,0,0,0,0,90,61,44,0,240,0,0,65.75342465753424,0,0.0,False,False,False
37199,2022,242,200,42,0,0,0,0,93,61,44,0,242,0,0,66.3013698630137,0,0.0,False,False,False
38013,2019,365,348,17,0,0,0,0,67,47,34,1,302,62,0,100.0,0,0.0,False,False,False
38013,2020,366,340,26,0,0,0,0,73,47,35,0,244,119,3,100.0,0,0.0,False,False,False
38013,2021,365,283,73,7,2,0,0,183,67,38,0,222,141,2,100.0,9,2.4657534246575343,False,False,False
38013,2022,363,304,59,0,0,0,0,77,55,40,0,210,150,3,99.45205479452056,0,0.0,False,False,False
38015,2019,365,299,66,0,0,0,0,90,55,36,5,155,205,0,100.0,0,0.0,False,False,False
38015,2020,366,302,64,0,0,0,0,77,55,37,2,146,216,2,100.0,0,0.0,False,False,False
38015,2021,365,265,83,12,5,0,0,183,70,38,3,124,235,3,100.0,17,4.657534246575342,False,False,False
38015,2022,365,260,105,0,0,0,0,99,59,39,3,104,254,4,100.0,0,0.0,False,False,False
38017,2019,363,301,60,1,1,0,0,157,54,36,7,197,159,0,99.45205479452056,2,0.5509641873278237,False,False,False
38017,2020,363,303,60,0,0,0,0,80,53,37,6,188,169,0,99.18032786885246,0,0.0,False,False,False
38017,2021,363,227,119,8,8,1,0,211,74,42,0,132,231,0,99.45205479452056,17,4.683195592286501,False,False,False
38017,2022,365,285,79,1,0,0,0,111,59,40,1,163,201,0,100.0,1,0.273972602739726,False,False,False
38025,2019,365,343,22,0,0,0,0,87,47,35,0,303,62,0,100.0,0,0.0,False,False,False
38025,2020,366,347,19,0,0,0,0,62,46,34,0,311,55,0,100.0,0,0.0,False,False,False
38025,2021,365,277,78,7,3,0,0,184,68,39,0,238,125,2,100.0,10,2.73972602739726,False,False,False
38025,2022,362,308,54,0,0,0,0,82,53,37,1,244,113,4,99.17808219178085,0,0.0,False,False,False
38053,2019,365,343,22,0,0,0,0,77,49,35,1,309,55,0,100.0,0,0.0,False,False,False
38053,2020,363,346,17,0,0,0,0,66,44,34,1,306,56,0,99.18032786885246,0,0.0,False,False,False
38053,2021,356,286,62,6,2,0,0,183,72,36,0,237,116,3,97.53424657534246,8,2.247191011235955,False,False,False
38053,2022,331,294,37,0,0,0,0,75,51,35,0,234,97,0,90.68493150684932,0,0.0,False,False,False
38057,2019,365,301,64,0,0,0,0,72,53,38,0,204,161,0,100.0,0,0.0,False,False,False
38057,2020,366,328,38,0,0,0,0,78,51,36,4,241,121,0,100.0,0,0.0,False,False,False
38057,2021,365,279,77,5,4,0,0,174,68,38,2,218,145,0,100.0,9,2.4657534246575343,False,False,False
38057,2022,365,318,47,0,0,0,0,72,52,36,1,241,123,0,100.0,0,0.0,False,False,False
38101,2019,364,336,28,0,0,0,0,87,46,31,5,217,138,4,99.72602739726028,0,0.0,False,False,False
38101,2020,366,344,22,0,0,0,0,73,44,35,1,253,112,0,100.0,0,0.0,False,False,False
38101,2021,360,284,62,10,4,0,0,173,67,37,1,180,179,0,98.63013698630137,14,3.888888888888889,False,False,False
38101,2022,359,315,44,0,0,0,0,79,52,37,0,213,146,0,98.35616438356163,0,0.0,False,False,False
38105,2019,362,324,38,0,0,0,0,77,51,34,0,263,97,2,99.17808219178085,0,0.0,False,False,False
39001,2019,327,294,33,0,0,0,0,66,51,28,0,0,327,0,89.58904109589041,0,0.0,False,False,False
39001,2020,287,215,72,0,0,0,0,83,55,39,0,0,287,0,78.41530054644808,0,0.0,False,False,False
39003,2019,332,229,103,0,0,0,0,97,61,44,0,167,165,0,90.95890410958904,0,0.0,False,False,False
39003,2020,360,289,70,1,0,0,0,105,57,40,0,202,158,0,98.36065573770492,1,0.2777777777777778,False,False,False
39003,2021,365,260,105,0,0,0,0,87,61,42,0,178,187,0,100.0,0,0.0,False,False,False
39003,2022,365,272,93,0,0,0,0,97,59,41,0,191,174,0,100.0,0,0.0,False,False,False
39007,2019,245,221,23,1,0,0,0,112,50,39,0,245,0,0,67.12328767123287,1,0.4081632653061224,False,False,False
39007,2020,241,224,17,0,0,0,0,93,47,37,0,241,0,0,65.84699453551912,0,0.0,False,False,False
39007,2021,243,213,28,2,0,0,0,112,58,38,0,243,0,0,66.57534246575342,2,0.823045267489712,False,False,False
39007,2022,239,211,23,5,0,0,0,133,54,38,0,239,0,0,65.47945205479452,5,2.092050209205021,False,False,False
39013,2019,365,327,38,0,0,0,0,69,51,15,250,0,91,9,100.0,0,0.0,True,False,True
39013,2020,366,347,19,0,0,0,0,69,40,13,274,0,87,5,100.0,0,0.0,True,False,True
39013,2021,363,320,43,0,0,0,0,77,53,14,247,0,108,8,99.45205479452056,0,0.0,True,False,True
39013,2022,360,338,22,0,0,0,0,64,44,15,252,0,105,3,98.63013698630137,0,0.0,True,False,True
39017,2019,364,236,126,2,0,0,0,101,70,44,0,267,92,5,99.72602739726028,2,0.5494505494505495,False,False,False
39017,2020,366,279,84,3,0,0,0,126,61,41,0,286,78,2,100.0,3,0.819672131147541,False,False,False
39017,2021,365,128,232,5,0,0,0,116,75,55,0,64,289,12,100.0,5,1.36986301369863,False,False,False
39017,2022,365,146,215,4,0,0,0,119,71,53,0,73,284,8,100.0,4,1.095890410958904,False,False,False
39023,2019,362,147,213,2,0,0,0,105,67,53,0,102,260,0,99.17808219178085,2,0.5524861878453038,False,False,False
39023,2020,343,218,124,1,0,0,0,108,61,44,0,145,198,0,93.71584699453553,1,0.2915451895043732,False,False,False
39023,2021,365,169,196,0,0,0,0,100,68,52,0,78,287,0,100.0,0,0.0,False,False,False
39023,2022,338,212,125,1,0,0,0,129,63,46,0,107,231,0,92.6027397260274,1,0.2958579881656805,False,False,False
39025,2019,358,247,107,4,0,0,0,140,61,44,0,177,181,0,98.08219178082192,4,1.11731843575419,False,False,False
39025,2020,361,296,65,0,0,0,0,100,54,39,0,171,190,0,98.63387978142076,0,0.0,False,False,False
39025,2021,364,263,101,0,0,0,0,97,58,42,0,171,193,0,99.72602739726028,0,0.0,False,False,False
39025,2022,360,238,121,1,0,0,0,129,59,44,0,146,214,0,98.63013698630137,1,0.2777777777777778,False,False,False
39027,2019,244,203,41,0,0,0,0,100,58,43,0,244,0,0,66.84931506849315,0,0.0,False,False,False
39027,2020,229,205,24,0,0,0,0,97,54,39,0,229,0,0,62.56830601092896,0,0.0,False,False,False
39027,2021,240,209,31,0,0,0,0,84,54,39,0,240,0,0,65.75342465753424,0,0.0,False,False,False
39027,2022,245,216,28,1,0,0,0,140,54,40,0,245,0,0,67.12328767123287,1,0.4081632653061224,False,False,False
39035,2019,365,116,245,4,0,0,0,108,74,56,0,78,277,10,100.0,4,1.095890410958904,False,False,False
39035,2020,366,148,208,9,1,0,0,152,70,54,0,95,267,4,100.0,10,2.73224043715847,False,False,False
39035,2021,365,100,261,4,0,0,0,115,77,57,0,75,284,6,100.0,4,1.095890410958904,False,False,False
39035,2022,365,137,220,6,2,0,0,158,76,54,3,74,285,1,100.0,8,2.191780821917808,False,False,False
39041,2019,241,214,27,0,0,0,0,84,51,41,0,241,0,0,66.02739726027397,0,0.0,False,False,False
39041,2020,244,222,21,1,0,0,0,101,50,38,0,244,0,0,66.66666666666666,1,0.4098360655737705,False,False,False
39041,2021,240,222,18,0,0,0,0,77,49,38,0,240,0,0,65.75342465753424,0,0.0,False,False,False
39041,2022,244,230,14,0,0,0,0,100,47,37,0,244,0,0,66.84931506849315,0,0.0,False,False,False
39049,2019,365,157,207,1,0,0,0,101,68,53,0,111,253,1,100.0,1,0.273972602739726,False,False,False
39049,2020,366,232,132,2,0,0,0,102,61,45,3,131,232,0,100.0,2,0.546448087431694,False,False,False
39049,2021,365,170,195,0,0,0,0,100,70,52,1,88,276,0,100.0,0,0.0,False,False,False
39049,2022,365,206,157,2,0,0,0,143,67,48,1,109,254,1,100.0,2,0.547945205479452,False,False,False
39055,2019,230,189,39,2,0,0,0,119,61,42,0,230,0,0,63.013698630136986,2,0.8695652173913043,False,False,False
39055,2020,245,214,31,0,0,0,0,100,61,41,0,245,0,0,66.93989071038251,0,0.0,False,False,False
39055,2021,216,176,40,0,0,0,0,97,71,41,0,216,0,0,59.17808219178082,0,0.0,False,False,False
39055,2022,239,210,27,2,0,0,0,119,54,40,0,239,0,0,65.47945205479452,2,0.8368200836820083,False,False,False
39057,2019,243,213,30,0,0,0,0,90,54,41,0,243,0,0,66.57534246575342,0,0.0,False,False,False
39057,2020,245,220,25,0,0,0,0,93,51,39,0,245,0,0,66.93989071038251,0,0.0,False,False,False
39057,2021,244,221,23,0,0,0,0,97,50,39,0,244,0,0,66.84931506849315,0,0.0,False,False,False
39057,2022,242,209,32,1,0,0,0,119,51,40,0,242,0,0,66.3013698630137,1,0.4132231404958678,False,False,False
39061,2019,365,99,260,6,0,0,0,119,77,57,4,88,273,0,100.0,6,1.643835616438356,False,False,False
39061,2020,366,105,254,7,0,0,0,126,71,55,4,69,293,0,100.0,7,1.912568306010929,False,False,False
39061,2021,365,109,251,5,0,0,0,140,77,56,6,58,301,0,100.0,5,1.36986301369863,False,False,False
39061,2022,365,125,236,3,1,0,0,151,71,54,7,75,283,0,100.0,4,1.095890410958904,False,False,False
39067,2019,293,277,16,0,0,0,0,64,41,2,0,0,57,0,80.27397260273973,0,0.0,True,False,True
39067,2020,304,295,9,0,0,0,0,56,30,1,0,0,41,4,83.06010928961749,0,0.0,True,False,True
39067,2021,232,216,16,0,0,0,0,68,42,5,0,0,54,3,63.56164383561645,0,0.0,True,False,True
39081,2019,364,143,219,2,0,0,0,123,66,53,0,47,317,0,99.72602739726028,2,0.5494505494505495,False,False,False
39081,2020,359,263,95,1,0,0,0,112,61,42,0,159,199,1,98.08743169398907,1,0.2785515320334262,False,False,False
39081,2021,358,123,232,2,1,0,0,157,74,55,0,49,309,0,98.08219178082192,3,0.8379888268156425,False,False,False
39081,2022,365,149,216,0,0,0,0,97,67,53,0,64,301,0,100.0,0,0.0,False,False,False
39083,2019,245,218,27,0,0,0,0,93,51,41,0,245,0,0,67.12328767123287,0,0.0,False,False,False
39083,2020,245,226,19,0,0,0,0,80,49,38,0,245,0,0,66.93989071038251,0,0.0,False,False,False
39083,2021,245,225,20,0,0,0,0,97,49,38,0,245,0,0,67.12328767123287,0,0.0,False,False,False
39083,2022,245,225,19,1,0,0,0,119,50,39,0,245,0,0,67.12328767123287,1,0.4081632653061224,False,False,False
39085,2019,365,292,68,5,0,0,0,115,58,40,0,187,178,0,100.0,5,1.36986301369863,False,False,False
39085,2020,366,296,64,6,0,0,0,140,57,40,0,173,191,2,100.0,6,1.639344262295082,False,False,False
39085,2021,365,251,107,7,0,0,0,122,66,41,0,148,216,1,100.0,7,1.9178082191780823,False,False,False
39085,2022,365,281,80,4,0,0,0,150,60,41,0,188,174,3,100.0,4,1.095890410958904,False,False,False
39087,2019,365,263,102,0,0,0,0,77,55,43,0,131,234,0,100.0,0,0.0,False,False,False
39087,2020,354,279,75,0,0,0,0,77,56,40,0,149,205,0,96.72131147540983,0,0.0,False,False,False
39087,2021,365,210,155,0,0,0,0,99,62,46,0,85,280,0,100.0,0,0.0,False,False,False
39087,2022,361,220,141,0,0,0,0,74,58,45,0,89,272,0,98.9041095890411,0,0.0,False,False,False
39089,2019,245,223,22,0,0,0,0,80,50,41,0,245,0,0,67.12328767123287,0,0.0,False,False,False
39089,2020,245,230,15,0,0,0,0,77,48,37,0,245,0,0,66.93989071038251,0,0.0,False,False,False
39089,2021,245,227,18,0,0,0,0,87,49,38,0,245,0,0,67.12328767123287,0,0.0,False,False,False
39089,2022,245,226,17,2,0,0,0,115,49,39,0,245,0,0,67.12328767123287,2,0.8163265306122449,False,False,False
39093,2019,362,260,102,0,0,0,0,75,58,41,0,153,209,0,99.17808219178085,0,0.0,False,False,False
39093,2020,358,289,68,0,1,0,0,155,55,39,0,136,222,0,97.81420765027322,1,0.2793296089385474,False,False,False
39093,2021,304,208,96,0,0,0,0,90,59,41,0,150,154,0,83.28767123287672,0,0.0,False,False,False
39093,2022,243,228,14,1,0,0,0,115,48,35,0,243,0,0,66.57534246575342,1,0.411522633744856,False,False,False
39095,2019,351,224,126,1,0,0,0,143,64,44,0,117,234,0,96.16438356164385,1,0.2849002849002849,False,False,False
39095,2020,354,250,96,8,0,0,0,136,65,42,0,156,198,0,96.72131147540983,8,2.2598870056497176,False,False,False
39095,2021,364,221,138,5,0,0,0,122,69,46,0,120,244,0,99.72602739726028,5,1.3736263736263736,False,False,False
39095,2022,362,240,117,5,0,0,0,119,63,44,0,132,230,0,99.17808219178085,5,1.3812154696132597,False,False,False
39097,2019,245,209,36,0,0,0,0,93,54,42,0,245,0,0,67.12328767123287,0,0.0,False,False,False
39097,2020,245,220,25,0,0,0,0,84,51,39,0,245,0,0,66.93989071038251,0,0.0,False,False,False
39097,2021,229,212,17,0,0,0,0,84,50,39,0,229,0,0,62.73972602739726,0,0.0,False,False,False
39097,2022,244,218,26,0,0,0,0,90,51,39,0,244,0,0,66.84931506849315,0,0.0,False,False,False
39099,2019,360,232,128,0,0,0,0,84,59,46,0,93,267,0,98.63013698630137,0,0.0,False,False,False
39099,2020,365,251,113,1,0,0,0,142,58,43,0,92,273,0,99.72677595628416,1,0.273972602739726,False,False,False
39099,2021,365,205,159,1,0,0,0,110,66,47,0,86,279,0,100.0,1,0.273972602739726,False,False,False
39099,2022,349,214,132,3,0,0,0,129,62,46,0,101,248,0,95.61643835616438,3,0.8595988538681949,False,False,False
39103,2019,353,230,123,0,0,0,0,81,58,44,0,99,254,0,96.7123287671233,0,0.0,False,False,False
39103,2020,360,280,80,0,0,0,0,93,56,38,0,145,215,0,98.36065573770492,0,0.0,False,False,False
39103,2021,363,250,113,0,0,0,0,93,62,42,0,169,194,0,99.45205479452056,0,0.0,False,False,False
39103,2022,362,284,76,2,0,0,0,126,58,41,0,190,172,0,99.17808219178085,2,0.5524861878453038,False,False,False
39109,2019,241,226,15,0,0,0,0,77,49,40,0,241,0,0,66.02739726027397,0,0.0,False,False,False
39109,2020,229,217,12,0,0,0,0,93,49,39,0,229,0,0,62.56830601092896,0,0.0,False,False,False
39109,2021,245,215,30,0,0,0,0,87,54,40,0,245,0,0,67.12328767123287,0,0.0,False,False,False
39109,2022,245,214,29,2,0,0,0,122,51,39,0,245,0,0,67.12328767123287,2,0.8163265306122449,False,False,False
39113,2019,365,163,202,0,0,0,0,95,67,52,0,101,264,0,100.0,0,0.0,False,False,False
39113,2020,361,177,180,4,0,0,0,112,67,51,0,109,252,0,98.63387978142076,4,1.10803324099723,False,False,False
39113,2021,357,157,199,1,0,0,0,101,71,53,0,91,266,0,97.80821917808218,1,0.2801120448179272,False,False,False
39113,2022,365,205,158,2,0,0,0,126,64,48,0,101,264,0,100.0,2,0.547945205479452,False,False,False
39133,2019,270,233,37,0,0,0,0,87,54,38,0,202,68,0,73.97260273972603,0,0.0,False,False,False
39133,2020,262,226,35,1,0,0,0,101,58,40,0,233,29,0,71.58469945355192,1,0.381679389312977,False,False,False
39133,2021,263,205,57,1,0,0,0,108,60,40,0,217,46,0,72.05479452054794,1,0.3802281368821292,False,False,False
39133,2022,282,226,52,3,1,0,0,159,61,41,0,226,56,0,77.26027397260275,4,1.4184397163120568,False,False,False
39135,2019,364,201,163,0,0,0,0,93,64,48,0,147,217,0,99.72602739726028,0,0.0,False,False,False
39135,2020,366,262,103,1,0,0,0,101,58,42,0,174,192,0,100.0,1,0.273224043715847,False,False,False
39135,2021,365,205,160,0,0,0,0,97,66,47,0,108,257,0,100.0,0,0.0,False,False,False
39135,2022,365,235,128,2,0,0,0,136,63,44,0,150,214,0,100.0,2,0.547945205479452,False,False,False
39145,2019,365,337,28,0,0,0,0,78,44,14,0,0,111,254,100.0,0,0.0,True,False,True
39145,2020,366,347,19,0,0,0,0,93,39,14,0,0,96,270,100.0,0,0.0,True,False,True
39145,2021,365,333,32,0,0,0,0,86,48,16,0,0,122,243,100.0,0,0.0,True,False,True
39145,2022,365,340,25,0,0,0,0,74,46,17,0,0,122,243,100.0,0,0.0,True,False,True
39151,2019,365,157,208,0,0,0,0,100,71,52,0,115,250,0,100.0,0,0.0,False,False,False
39151,2020,358,202,152,4,0,0,0,119,65,47,0,110,248,0,97.81420765027322,4,1.11731843575419,False,False,False
39151,2021,365,154,208,3,0,0,0,127,74,53,0,90,275,0,100.0,3,0.821917808219178,False,False,False
39151,2022,365,206,157,2,0,0,0,136,66,49,0,108,257,0,100.0,2,0.547945205479452,False,False,False
39153,2019,363,199,161,3,0,0,0,115,65,48,0,117,246,0,99.45205479452056,3,0.8264462809917356,False,False,False
39153,2020,361,193,165,3,0,0,0,114,63,48,0,68,293,0,98.63387978142076,3,0.8310249307479225,False,False,False
39153,2021,356,223,130,3,0,0,0,105,67,45,0,128,228,0,97.53424657534246,3,0.8426966292134831,False,False,False
39153,2022,362,231,128,3,0,0,0,133,62,43,0,131,231,0,99.17808219178085,3,0.8287292817679558,False,False,False
39155,2019,362,249,113,0,0,0,0,100,60,44,0,162,200,0,99.17808219178085,0,0.0,False,False,False
39155,2020,357,280,74,2,1,0,0,154,57,40,0,186,171,0,97.54098360655738,3,0.8403361344537815,False,False,False
39155,2021,363,219,141,3,0,0,0,147,67,45,0,114,249,0,99.45205479452056,3,0.8264462809917356,False,False,False
39155,2022,360,255,103,2,0,0,0,136,60,42,0,146,214,0,98.63013698630137,2,0.5555555555555556,False,False,False
39165,2019,360,210,147,3,0,0,0,122,64,47,0,148,212,0,98.63013698630137,3,0.8333333333333334,False,False,False
39165,2020,361,248,109,4,0,0,0,115,61,44,0,162,199,0,98.63387978142076,4,1.10803324099723,False,False,False
39165,2021,360,230,128,2,0,0,0,119,65,44,0,146,214,0,98.63013698630137,2,0.5555555555555556,False,False,False
39165,2022,356,231,122,3,0,0,0,133,63,44,0,154,202,0,97.53424657534246,3,0.8426966292134831,False,False,False
39167,2019,245,219,26,0,0,0,0,87,51,41,0,245,0,0,67.12328767123287,0,0.0,False,False,False
39167,2020,245,233,11,1,0,0,0,108,48,38,0,245,0,0,66.93989071038251,1,0.4081632653061224,False,False,False
39167,2021,245,222,23,0,0,0,0,87,50,39,0,245,0,0,67.12328767123287,0,0.0,False,False,False
39167,2022,245,222,23,0,0,0,0,84,50,39,0,245,0,0,67.12328767123287,0,0.0,False,False,False
39173,2019,244,225,19,0,0,0,0,87,49,38,0,244,0,0,66.84931506849315,0,0.0,False,False,False
39173,2020,229,216,13,0,0,0,0,80,46,34,0,229,0,0,62.56830601092896,0,0.0,False,False,False
39173,2021,245,216,29,0,0,0,0,90,51,39,0,245,0,0,67.12328767123287,0,0.0,False,False,False
39173,2022,242,220,22,0,0,0,0,97,50,38,0,242,0,0,66.3013698630137,0,0.0,False,False,False
40001,2019,365,295,70,0,0,0,0,88,54,40,0,215,148,1,100.0,0,0.0,False,False,False
40001,2020,363,297,65,0,1,0,0,152,55,36,0,168,189,5,99.18032786885246,1,0.2754820936639118,False,False,False
40001,2021,365,291,73,1,0,0,0,117,57,40,0,228,133,4,100.0,1,0.273972602739726,False,False,False
40001,2022,361,274,83,4,0,0,0,122,58,43,0,237,115,8,98.9041095890411,4,1.10803324099723,False,False,False
40017,2019,355,306,48,1,0,0,0,105,54,37,0,355,0,0,97.26027397260276,1,0.2816901408450704,False,False,False
40017,2020,358,332,26,0,0,0,0,84,49,36,0,358,0,0,97.81420765027322,0,0.0,False,False,False
40017,2021,333,292,38,3,0,0,0,126,54,37,0,333,0,0,91.23287671232876,3,0.9009009009009008,False,False,False
40017,2022,284,218,63,3,0,0,0,108,67,43,0,284,0,0,77.8082191780822,3,1.056338028169014,False,False,False
40019,2019,365,228,137,0,0,0,0,97,61,46,0,157,208,0,100.0,0,0.0,False,False,False
40019,2020,345,201,143,1,0,0,0,147,67,47,0,126,219,0,94.26229508196722,1,0.2898550724637681,False,False,False
40019,2021,316,186,129,1,0,0,0,118,61,46,0,0,316,0,86.57534246575342,1,0.3164556962025316,False,False,False
40019,2022,343,254,88,0,1,0,0,160,56,37,0,0,343,0,93.97260273972604,1,0.2915451895043732,False,False,False
40023,2019,252,238,14,0,0,0,0,90,47,37,0,252,0,0,69.04109589041096,0,0.0,False,False,False
40027,2019,365,160,205,0,0,0,0,90,67,52,0,131,234,0,100.0,0,0.0,False,False,False
40027,2020,354,175,177,2,0,0,0,121,67,51,0,106,248,0,96.72131147540983,2,0.5649717514124294,False,False,False
40027,2021,362,144,215,3,0,0,0,129,68,53,0,83,279,0,99.17808219178085,3,0.8287292817679558,False,False,False
40027,2022,348,182,162,4,0,0,0,105,68,49,0,141,207,0,95.34246575342463,4,1.1494252873563218,False,False,False
40031,2019,365,220,145,0,0,0,0,97,64,47,0,155,210,0,100.0,0,0.0,False,False,False
40031,2020,366,262,103,1,0,0,0,107,60,44,0,172,194,0,100.0,1,0.273224043715847,False,False,False
40031,2021,364,223,139,2,0,0,0,124,63,47,0,145,219,0,99.72602739726028,2,0.5494505494505495,False,False,False
40031,2022,353,205,146,2,0,0,0,126,71,47,0,177,176,0,96.7123287671233,2,0.56657223796034,False,False,False
40037,2019,356,331,24,1,0,0,0,101,48,36,0,356,0,0,97.53424657534246,1,0.2808988764044944,False,False,False
40037,2020,363,350,13,0,0,0,0,93,47,35,0,363,0,0,99.18032786885246,0,0.0,False,False,False
40037,2021,343,305,37,1,0,0,0,126,51,37,0,343,0,0,93.97260273972604,1,0.2915451895043732,False,False,False
40037,2022,279,220,57,2,0,0,0,112,71,43,0,279,0,0,76.43835616438356,2,0.7168458781362007,False,False,False
40039,2019,236,235,1,0,0,0,0,58,26,14,0,0,0,236,64.65753424657534,0,0.0,True,False,True
40043,2019,365,230,135,0,0,0,0,93,61,44,0,166,199,0,100.0,0,0.0,False,False,False
40043,2020,365,266,99,0,0,0,0,99,61,43,0,171,194,0,99.72677595628416,0,0.0,False,False,False
40043,2021,365,261,103,1,0,0,0,116,61,44,0,196,169,0,100.0,1,0.273972602739726,False,False,False
40043,2022,346,219,124,3,0,0,0,129,71,47,0,178,168,0,94.7945205479452,3,0.8670520231213872,False,False,False
40069,2020,289,267,22,0,0,0,0,97,49,38,0,289,0,0,78.96174863387978,0,0.0,False,False,False
40071,2019,365,206,158,1,0,0,0,106,61,47,0,69,296,0,100.0,1,0.273972602739726,False,False,False
40071,2020,366,171,193,2,0,0,0,113,62,51,0,39,327,0,100.0,2,0.546448087431694,False,False,False
40071,2021,354,167,178,8,1,0,0,168,72,52,0,0,354,0,96.986301369863,9,2.5423728813559325,False,False,False
40071,2022,361,225,136,0,0,0,0,93,59,43,0,0,361,0,98.9041095890411,0,0.0,False,False,False
40075,2021,283,221,62,0,0,0,0,100,67,43,0,283,0,0,77.53424657534246,0,0.0,False,False,False
40075,2022,257,185,70,2,0,0,0,115,74,44,0,257,0,0,70.41095890410959,2,0.7782101167315175,False,False,False
40087,2021,208,168,39,1,0,0,0,101,61,40,0,208,0,0,56.98630136986301,1,0.4807692307692308,False,False,False
40087,2022,278,204,71,3,0,0,0,119,71,45,0,278,0,0,76.16438356164383,3,1.079136690647482,False,False,False
40097,2019,297,283,14,0,0,0,0,100,46,35,0,297,0,0,81.36986301369863,0,0.0,False,False,False
40097,2020,258,255,3,0,0,0,0,51,44,34,0,258,0,0,70.49180327868852,0,0.0,False,False,False
40097,2021,248,228,20,0,0,0,0,100,49,37,0,248,0,0,67.94520547945206,0,0.0,False,False,False
40097,2022,266,246,19,1,0,0,0,112,49,39,0,266,0,0,72.87671232876713,1,0.3759398496240601,False,False,False
40105,2019,365,228,136,1,0,0,0,118,61,45,0,152,213,0,100.0,1,0.273972602739726,False,False,False
40105,2022,349,111,231,7,0,0,0,139,80,56,0,99,250,0,95.61643835616438,7,2.005730659025788,False,False,False
40109,2019,365,156,208,1,0,0,0,119,71,52,3,131,230,1,100.0,1,0.273972602739726,False,False,False
40109,2020,366,147,215,4,0,0,0,112,70,53,3,110,251,2,100.0,4,1.092896174863388,False,False,False
40109,2021,365,125,234,6,0,0,0,140,74,54,5,83,276,1,100.0,6,1.643835616438356,False,False,False
40109,2022,365,144,215,6,0,0,0,129,74,54,8,138,214,5,100.0,6,1.643835616438356,False,False,False
40113,2019,354,311,43,0,0,0,0,90,51,38,0,354,0,0,96.986301369863,0,0.0,False,False,False
40113,2020,350,322,28,0,0,0,0,90,49,36,0,350,0,0,95.62841530054644,0,0.0,False,False,False
40113,2021,327,278,49,0,0,0,0,100,58,39,0,327,0,0,89.58904109589041,0,0.0,False,False,False
40113,2022,292,221,64,5,2,0,0,172,74,44,0,292,0,0,80.0,7,2.3972602739726026,False,False,False
40115,2019,363,222,140,1,0,0,0,104,62,45,0,57,277,29,99.45205479452056,1,0.2754820936639118,False,False,False
40115,2020,352,202,148,1,1,0,0,154,65,46,0,44,287,21,96.17486338797814,2,0.5681818181818182,False,False,False
40115,2021,365,90,258,14,3,0,0,169,87,59,0,25,336,4,100.0,17,4.657534246575342,True,True,False
40115,2022,365,151,203,6,4,1,0,238,74,53,0,101,262,2,100.0,11,3.0136986301369864,False,False,False
40121,2019,365,220,143,2,0,0,0,105,62,46,0,183,182,0,100.0,2,0.547945205479452,False,False,False
40121,2020,366,230,135,1,0,0,0,141,60,44,0,138,228,0,100.0,1,0.273224043715847,False,False,False
40121,2021,360,176,180,4,0,0,0,117,66,51,0,107,253,0,98.63013698630137,4,1.1111111111111112,False,False,False
40121,2022,348,208,136,4,0,0,0,139,63,47,0,131,217,0,95.34246575342463,4,1.1494252873563218,False,False,False
40135,2019,361,279,82,0,0,0,0,67,56,41,10,141,210,0,98.9041095890411,0,0.0,False,False,False
40135,2020,362,304,57,1,0,0,0,141,54,37,5,166,191,0,98.90710382513662,1,0.2762430939226519,False,False,False
40135,2021,360,250,108,2,0,0,0,122,59,41,0,125,235,0,98.63013698630137,2,0.5555555555555556,False,False,False
40135,2022,364,278,84,2,0,0,0,122,58,42,4,146,214,0,99.72602739726028,2,0.5494505494505495,False,False,False
40143,2019,365,188,176,1,0,0,0,105,67,50,0,133,232,0,100.0,1,0.273972602739726,False,False,False
40143,2020,366,200,164,2,0,0,0,129,62,49,0,113,249,4,100.0,2,0.546448087431694,False,False,False
40143,2021,365,143,212,8,2,0,0,168,74,53,0,104,259,2,100.0,10,2.73972602739726,False,False,False
40143,2022,365,163,190,10,2,0,0,185,77,52,0,162,200,3,100.0,12,3.287671232876712,False,False,False
40147,2020,344,232,111,1,0,0,0,101,60,43,0,145,199,0,93.98907103825135,1,0.2906976744186046,False,False,False
40147,2021,345,168,170,7,0,0,0,139,67,51,0,128,217,0,94.52054794520548,7,2.0289855072463765,False,False,False
41001,2019,360,293,67,0,0,0,0,68,56,31,0,0,360,0,98.63013698630137,0,0.0,False,False,False
41001,2020,366,282,77,2,3,2,0,225,57,33,0,0,366,0,100.0,7,1.912568306010929,False,False,False
41001,2021,364,271,88,1,4,0,0,155,60,29,0,0,364,0,99.72602739726028,5,1.3736263736263736,False,False,False
41001,2022,365,283,79,3,0,0,0,124,59,32,0,0,365,0,100.0,3,0.821917808219178,False,False,False
41003,2019,365,302,63,0,0,0,0,87,56,22,0,0,365,0,100.0,0,0.0,False,False,False
41003,2020,366,313,42,0,1,7,3,541,56,23,0,0,366,0,100.0,11,3.0054644808743167,False,False,False
41003,2021,365,345,20,0,0,0,0,69,45,22,0,0,365,0,100.0,0,0.0,False,False,False
41003,2022,206,183,23,0,0,0,0,68,52,21,0,0,206,0,56.43835616438356,0,0.0,False,False,False
41005,2019,225,214,10,1,0,0,0,101,44,31,0,130,95,0,61.64383561643836,1,0.4444444444444444,False,False,False
41005,2020,272,238,25,3,2,0,4,481,53,33,0,126,146,0,74.31693989071039,9,3.308823529411765,False,False,False
41005,2021,354,320,33,0,1,0,0,161,50,31,0,134,220,0,96.986301369863,1,0.2824858757062147,False,False,False
41005,2022,364,286,73,3,2,0,0,168,61,33,0,135,229,0,99.72602739726028,5,1.3736263736263736,False,False,False
41009,2019,363,342,21,0,0,0,0,84,46,27,0,128,235,0,99.45205479452056,0,0.0,False,False,False
41009,2020,363,332,22,1,2,6,0,293,49,28,0,105,258,0,99.18032786885246,9,2.479338842975207,False,False,False
41009,2021,345,319,26,0,0,0,0,66,47,29,0,119,226,0,94.52054794520548,0,0.0,False,False,False
41009,2022,362,293,66,1,2,0,0,162,56,31,0,109,253,0,99.17808219178085,3,0.8287292817679558,False,False,False
41013,2019,365,266,98,1,0,0,0,103,63,30,0,0,365,0,100.0,1,0.273972602739726,False,False,False
41013,2020,365,261,97,0,1,3,3,1033,65,28,0,0,365,0,99.72677595628416,7,1.9178082191780823,False,False,False
41013,2021,365,281,75,6,3,0,0,190,62,28,0,0,365,0,100.0,9,2.4657534246575343,False,False,False
41013,2022,359,288,69,2,0,0,0,128,58,24,0,0,359,0,98.35616438356163,2,0.5571030640668524,False,False,False
41017,2019,365,309,51,4,1,0,0,154,53,26,0,0,365,0,100.0,5,1.36986301369863,False,False,False
41017,2020,366,298,54,4,2,1,7,1099,61,23,0,0,366,0,100.0,14,3.825136612021858,False,False,False
41017,2021,365,298,47,10,7,2,1,403,61,25,0,0,365,0,100.0,20,5.47945205479452,False,False,False
41017,2022,365,282,77,2,3,1,0,205,62,23,0,0,365,0,100.0,6,1.643835616438356,False,False,False
41019,2019,347,256,91,0,0,0,0,82,64,32,0,0,347,0,95.06849315068492,0,0.0,False,False,False
41019,2020,366,278,78,1,1,2,6,902,62,29,0,0,366,0,100.0,10,2.73224043715847,False,False,False
41019,2021,365,304,56,3,2,0,0,186,54,29,0,0,365,0,100.0,5,1.36986301369863,False,False,False
41023,2019,349,205,143,1,0,0,0,103,65,41,0,0,349,0,95.61643835616438,1,0.2865329512893982,False,False,False
41023,2020,364,196,161,1,5,0,1,393,70,44,0,0,364,0,99.4535519125683,7,1.9230769230769231,False,False,False
41023,2021,365,178,177,5,5,0,0,175,74,51,0,0,365,0,100.0,10,2.73972602739726,False,False,False
41023,2022,365,198,166,1,0,0,0,108,72,46,0,0,365,0,100.0,1,0.273972602739726,False,False,False
41025,2019,364,204,155,5,0,0,0,131,70,44,0,0,364,0,99.72602739726028,5,1.3736263736263736,False,False,False
41025,2020,366,211,144,2,7,1,1,357,75,42,0,0,366,0,100.0,11,3.0054644808743167,False,False,False
41025,2021,365,191,165,5,4,0,0,185,71,48,0,0,365,0,100.0,9,2.4657534246575343,False,False,False
41025,2022,365,226,137,2,0,0,0,114,70,41,0,0,365,0,100.0,2,0.547945205479452,False,False,False
41029,2019,365,249,109,3,4,0,0,190,64,41,0,123,242,0,100.0,7,1.9178082191780823,False,False,False
41029,2020,366,218,133,2,4,3,6,900,73,44,0,116,250,0,100.0,15,4.098360655737705,False,False,False
41029,2021,365,204,126,6,19,10,0,266,99,48,0,83,282,0,100.0,35,9.58904109589041,True,True,False
41029,2022,365,211,146,5,3,0,0,165,69,44,0,108,257,0,100.0,8,2.191780821917808,False,False,False
41031,2019,365,261,102,2,0,0,0,122,66,29,0,0,365,0,100.0,2,0.547945205479452,False,False,False
41031,2020,361,258,92,3,0,3,5,1135,64,28,0,0,361,0,98.63387978142076,11,3.0470914127423825,False,False,False
41031,2021,365,282,77,4,2,0,0,173,61,28,0,0,365,0,100.0,6,1.643835616438356,False,False,False
41031,2022,365,272,92,1,0,0,0,108,63,26,0,0,365,0,100.0,1,0.273972602739726,False,False,False
41033,2019,365,251,109,3,2,0,0,175,68,34,0,0,365,0,100.0,5,1.36986301369863,False,False,False
41033,2020,366,228,112,4,14,1,7,763,76,35,0,0,366,0,100.0,26,7.103825136612022,False,False,False
41033,2021,365,240,106,10,9,0,0,188,75,36,0,0,365,0,100.0,19,5.205479452054795,False,False,False
41033,2022,365,208,142,8,6,1,0,252,83,39,0,0,365,0,100.0,15,4.10958904109589,False,False,False
41035,2019,365,230,129,6,0,0,0,126,78,39,0,0,365,0,100.0,6,1.643835616438356,False,False,False
41035,2020,366,172,148,23,20,1,2,763,124,52,0,0,364,2,100.0,46,12.568306010928962,True,True,False
41035,2021,365,162,153,19,25,6,0,237,134,54,0,0,365,0,100.0,50,13.6986301369863,True,True,False
41035,2022,365,222,139,2,2,0,0,163,70,38,0,0,365,0,100.0,4,1.095890410958904,False,False,False
41037,2019,363,288,74,1,0,0,0,106,61,25,0,0,363,0,99.45205479452056,1,0.2754820936639118,False,False,False
41037,2020,365,267,80,14,4,0,0,166,70,29,0,0,305,60,99.72677595628416,18,4.931506849315069,False,False,False
41037,2021,365,240,102,17,6,0,0,188,85,28,0,0,365,0,100.0,23,6.301369863013699,True,True,False
41037,2022,365,273,88,4,0,0,0,129,65,25,0,0,364,1,100.0,4,1.095890410958904,False,False,False
41039,2019,365,216,141,8,0,0,0,117,78,44,0,50,308,7,100.0,8,2.191780821917808,False,False,False
41039,2020,366,203,149,4,0,2,8,1000,78,46,0,66,296,4,100.0,14,3.825136612021858,False,False,False
41039,2021,365,214,131,6,13,1,0,230,74,44,0,75,289,1,100.0,20,5.47945205479452,False,False,False
41039,2022,365,194,132,5,14,9,11,520,116,44,0,71,294,0,100.0,39,10.684931506849315,True,True,False
41043,2019,365,233,130,2,0,0,0,104,66,37,0,0,365,0,100.0,2,0.547945205479452,False,False,False
41043,2020,366,245,110,0,0,3,8,853,67,36,0,0,366,0,100.0,11,3.0054644808743167,False,False,False
41043,2021,365,268,96,1,0,0,0,136,61,34,0,0,365,0,100.0,1,0.273972602739726,False,False,False
41043,2022,365,254,109,2,0,0,0,127,65,33,0,0,365,0,100.0,2,0.547945205479452,False,False,False
41047,2019,356,262,94,0,0,0,0,93,63,37,0,108,248,0,97.53424657534246,0,0.0,False,False,False
41047,2020,365,278,76,1,0,1,9,1272,63,36,0,124,241,0,99.72677595628416,11,3.0136986301369864,False,False,False
41047,2021,363,280,83,0,0,0,0,93,60,36,0,124,239,0,99.45205479452056,0,0.0,False,False,False
41047,2022,365,254,104,5,2,0,0,168,70,36,0,125,240,0,100.0,7,1.9178082191780823,False,False,False
41051,2019,365,283,82,0,0,0,0,91,58,36,3,168,194,0,100.0,0,0.0,False,False,False
41051,2020,366,275,82,1,0,2,6,779,63,36,1,200,165,0,100.0,9,2.459016393442623,False,False,False
41051,2021,365,294,70,1,0,0,0,105,57,36,1,188,176,0,100.0,1,0.273972602739726,False,False,False
41051,2022,365,266,94,3,2,0,0,165,63,36,0,175,190,0,100.0,5,1.36986301369863,False,False,False
41059,2019,365,267,97,1,0,0,0,104,63,40,0,142,223,0,100.0,1,0.273972602739726,False,False,False
41059,2020,366,273,85,0,1,2,5,738,60,38,0,113,253,0,100.0,8,2.185792349726776,False,False,False
41059,2021,365,265,92,6,2,0,0,169,64,38,0,114,251,0,100.0,8,2.191780821917808,False,False,False
41059,2022,365,244,118,3,0,0,0,141,66,39,0,119,246,0,100.0,3,0.821917808219178,False,False,False
41061,2019,365,313,52,0,0,0,0,88,53,26,0,0,364,1,100.0,0,0.0,False,False,False
41061,2020,366,300,57,1,4,3,1,326,56,27,0,0,366,0,100.0,9,2.459016393442623,False,False,False
41061,2021,360,304,49,5,2,0,0,170,61,27,0,0,358,2,98.63013698630137,7,1.9444444444444444,False,False,False
41061,2022,361,283,74,4,0,0,0,130,57,28,0,0,360,1,98.9041095890411,4,1.10803324099723,False,False,False
41063,2019,363,289,73,1,0,0,0,103,56,29,0,0,363,0,99.45205479452056,1,0.2754820936639118,False,False,False
41063,2020,366,288,71,0,6,1,0,222,58,27,0,0,366,0,100.0,7,1.912568306010929,False,False,False
41063,2021,365,280,75,6,4,0,0,162,63,26,0,0,365,0,100.0,10,2.73972602739726,False,False,False
41063,2022,343,270,65,3,5,0,0,195,58,27,0,0,343,0,93.97260273972604,8,2.332361516034985,False,False,False
41065,2019,350,262,88,0,0,0,0,89,62,31,0,0,350,0,95.8904109589041,0,0.0,False,False,False
41065,2020,355,307,45,0,0,0,3,599,54,24,0,0,355,0,96.99453551912568,3,0.8450704225352111,False,False,False
41065,2021,319,287,30,1,1,0,0,163,51,22,0,0,319,0,87.3972602739726,2,0.6269592476489028,False,False,False
41067,2019,365,268,96,1,0,0,0,102,62,37,8,96,260,1,100.0,1,0.273972602739726,False,False,False
41067,2020,366,265,91,2,0,2,6,595,61,34,4,122,240,0,100.0,10,2.73224043715847,False,False,False
41067,2021,365,276,89,0,0,0,0,100,58,36,4,139,222,0,100.0,0,0.0,False,False,False
41067,2022,365,244,118,1,2,0,0,164,67,37,4,130,231,0,100.0,3,0.821917808219178,False,False,False
42001,2019,365,243,122,0,0,0,0,87,63,45,0,210,155,0,100.0,0,0.0,False,False,False
42001,2020,366,280,86,0,0,0,0,88,58,42,0,220,146,0,100.0,0,0.0,False,False,False
42001,2021,364,206,155,3,0,0,0,129,67,47,0,145,219,0,99.72602739726028,3,0.8241758241758242,False,False,False
42003,2019,365,67,287,7,4,0,0,165,80,59,0,39,326,0,100.0,11,3.0136986301369864,False,False,False
42003,2020,366,138,218,10,0,0,0,128,77,54,0,84,280,2,100.0,10,2.73224043715847,False,False,False
42003,2021,365,118,240,6,1,0,0,154,84,57,0,63,302,0,100.0,7,1.9178082191780823,False,False,False
42005,2019,365,261,104,0,0,0,0,72,57,43,0,154,211,0,100.0,0,0.0,False,False,False
42005,2020,366,246,117,3,0,0,0,122,58,43,0,156,210,0,100.0,3,0.819672131147541,False,False,False
42005,2021,350,184,165,1,0,0,0,108,70,48,0,122,228,0,95.8904109589041,1,0.2857142857142857,False,False,False
42007,2019,365,183,181,1,0,0,0,132,67,50,0,150,215,0,100.0,1,0.273972602739726,False,False,False
42007,2020,366,205,160,1,0,0,0,142,64,48,0,138,228,0,100.0,1,0.273224043715847,False,False,False
42007,2021,365,170,192,3,0,0,0,125,67,52,0,95,270,0,100.0,3,0.821917808219178,False,False,False
42011,2019,365,230,129,5,1,0,0,170,67,44,0,167,198,0,100.0,6,1.643835616438356,False,False,False
42011,2020,362,227,134,1,0,0,0,102,63,44,0,148,214,0,98.90710382513662,1,0.2762430939226519,False,False,False
42011,2021,365,198,162,5,0,0,0,133,71,48,0,133,232,0,100.0,5,1.36986301369863,False,False,False
42013,2019,352,220,132,0,0,0,0,93,64,46,0,147,205,0,96.43835616438356,0,0.0,False,False,False
42013,2020,360,262,98,0,0,0,0,87,60,43,0,162,198,0,98.36065573770492,0,0.0,False,False,False
42013,2021,336,206,128,2,0,0,0,120,64,45,0,79,257,0,92.05479452054794,2,0.5952380952380952,False,False,False
42015,2019,352,273,79,0,0,0,0,78,58,41,0,157,195,0,96.43835616438356,0,0.0,False,False,False
42015,2020,358,301,57,0,0,0,0,84,53,39,0,203,155,0,97.81420765027322,0,0.0,False,False,False
42015,2021,356,242,113,1,0,0,0,116,61,42,0,110,246,0,97.53424657534246,1,0.2808988764044944,False,False,False
42017,2019,357,318,36,3,0,0,0,136,54,35,0,357,0,0,97.80821917808218,3,0.8403361344537815,False,False,False
42017,2020,351,331,16,4,0,0,0,115,46,33,0,351,0,0,95.90163934426228,4,1.1396011396011396,False,False,False
42017,2021,283,239,34,10,0,0,0,143,64,37,0,283,0,0,77.53424657534246,10,3.53356890459364,False,False,False
42021,2019,365,229,136,0,0,0,0,89,62,45,4,109,250,0,100.0,0,0.0,False,False,False
42021,2020,366,228,138,0,0,0,0,90,60,44,0,107,258,0,100.0,0,0.0,False,False,False
42021,2021,353,169,183,1,0,0,0,130,65,51,0,63,287,0,96.7123287671233,1,0.28328611898017,False,False,False
42027,2019,365,192,173,0,0,0,0,99,66,49,0,120,245,0,100.0,0,0.0,False,False,False
42027,2020,366,287,79,0,0,0,0,91,57,41,0,207,159,0,100.0,0,0.0,False,False,False
42027,2021,365,241,123,1,0,0,0,114,64,43,0,162,203,0,100.0,1,0.273972602739726,False,False,False
42029,2019,364,223,139,2,0,0,0,115,67,46,0,196,168,0,99.72602739726028,2,0.5494505494505495,False,False,False
42029,2020,355,233,121,1,0,0,0,143,59,44,0,119,236,0,96.99453551912568,1,0.2816901408450704,False,False,False
42029,2021,347,215,130,2,0,0,0,138,63,45,0,105,242,0,95.06849315068492,2,0.5763688760806917,False,False,False
42041,2019,365,178,182,5,0,0,0,150,68,51,0,0,365,0,100.0,5,1.36986301369863,False,False,False
42041,2020,363,236,125,2,0,0,0,137,61,44,0,0,363,0,99.18032786885246,2,0.5509641873278237,False,False,False
42041,2021,365,209,155,1,0,0,0,114,63,47,0,0,365,0,100.0,1,0.273972602739726,False,False,False
42043,2019,365,232,129,3,1,0,0,161,67,44,0,162,202,1,100.0,4,1.095890410958904,False,False,False
42043,2020,366,219,144,3,0,0,0,116,65,46,0,126,240,0,100.0,3,0.819672131147541,False,False,False
42043,2021,359,155,202,2,0,0,0,127,71,52,0,78,281,0,98.35616438356163,2,0.5571030640668524,False,False,False
42045,2019,365,180,178,7,0,0,0,133,74,51,1,136,228,0,100.0,7,1.9178082191780823,False,False,False
42045,2020,366,174,189,3,0,0,0,129,67,52,1,84,281,0,100.0,3,0.819672131147541,False,False,False
42045,2021,365,182,180,3,0,0,0,142,67,51,3,92,270,0,100.0,3,0.821917808219178,False,False,False
42049,2019,364,271,93,0,0,0,0,93,56,39,4,172,186,0,99.72602739726028,0,0.0,False,False,False
42049,2020,363,298,65,0,0,0,0,87,54,36,0,201,159,0,99.18032786885246,0,0.0,False,False,False
42049,2021,329,255,74,0,0,0,0,92,57,38,18,137,163,9,90.13698630136986,0,0.0,False,False,False
42051,2019,360,273,87,0,0,0,0,75,57,42,0,192,168,0,98.63013698630137,0,0.0,False,False,False
42051,2020,363,265,98,0,0,0,0,100,55,42,0,148,215,0,99.18032786885246,0,0.0,False,False,False
42051,2021,354,227,126,1,0,0,0,113,60,43,0,83,271,0,96.986301369863,1,0.2824858757062147,False,False,False
42055,2019,341,324,17,0,0,0,0,80,48,36,0,341,0,0,93.42465753424658,0,0.0,False,False,False
42055,2020,363,363,0,0,0,0,0,50,42,32,0,363,0,0,99.18032786885246,0,0.0,False,False,False
42055,2021,288,274,14,0,0,0,0,77,47,35,0,288,0,0,78.9041095890411,0,0.0,False,False,False
42059,2019,349,294,55,0,0,0,0,71,54,38,0,190,159,0,95.61643835616438,0,0.0,False,False,False
42059,2020,359,294,64,1,0,0,0,101,53,39,0,198,161,0,98.08743169398907,1,0.2785515320334262,False,False,False
42059,2021,340,232,107,1,0,0,0,113,62,42,0,107,233,0,93.15068493150685,1,0.2941176470588235,False,False,False
42063,2019,350,324,26,0,0,0,0,93,49,38,0,350,0,0,95.8904109589041,0,0.0,False,False,False
42063,2020,351,320,30,1,0,0,0,112,49,37,0,315,36,0,95.90163934426228,1,0.2849002849002849,False,False,False
42063,2021,348,218,128,2,0,0,0,122,63,44,0,103,245,0,95.34246575342463,2,0.5747126436781609,False,False,False
42069,2019,365,309,56,0,0,0,0,82,53,39,11,233,121,0,100.0,0,0.0,False,False,False
42069,2020,366,295,71,0,0,0,0,83,55,40,15,197,154,0,100.0,0,0.0,False,False,False
42069,2021,353,252,100,1,0,0,0,137,60,40,17,132,202,0,96.7123287671233,1,0.28328611898017,False,False,False
42071,2019,365,160,195,9,1,0,0,159,76,52,0,104,261,0,100.0,10,2.73972602739726,False,False,False
42071,2020,366,177,184,4,1,0,0,153,66,51,0,91,274,1,100.0,5,1.366120218579235,False,False,False
42071,2021,365,100,257,7,1,0,0,156,82,56,0,60,303,2,100.0,8,2.191780821917808,False,False,False
42073,2019,361,356,5,0,0,0,0,74,43,31,0,361,0,0,98.9041095890411,0,0.0,False,False,False
42073,2020,363,354,9,0,0,0,0,93,43,31,0,363,0,0,99.18032786885246,0,0.0,False,False,False
42073,2021,278,259,19,0,0,0,0,87,47,31,0,278,0,0,76.16438356164383,0,0.0,False,False,False
42075,2019,360,219,137,4,0,0,0,142,66,46,0,135,225,0,98.63013698630137,4,1.1111111111111112,False,False,False
42075,2021,365,197,166,2,0,0,0,117,69,49,0,92,273,0,100.0,2,0.547945205479452,False,False,False
42077,2019,360,254,103,3,0,0,0,119,64,43,0,159,199,2,98.63013698630137,3,0.8333333333333334,False,False,False
42077,2020,359,262,97,0,0,0,0,93,58,41,0,169,186,4,98.08743169398907,0,0.0,False,False,False
42077,2021,353,198,154,0,1,0,0,154,66,47,0,83,262,8,96.7123287671233,1,0.28328611898017,False,False,False
42079,2019,361,350,11,0,0,0,0,77,45,34,0,352,0,9,98.9041095890411,0,0.0,False,False,False
42079,2020,356,354,2,0,0,0,0,54,43,31,0,308,0,48,97.26775956284152,0,0.0,False,False,False
42079,2021,287,270,17,0,0,0,0,90,48,34,0,257,0,30,78.63013698630137,0,0.0,False,False,False
42081,2019,361,322,39,0,0,0,0,77,51,37,0,269,92,0,98.9041095890411,0,0.0,False,False,False
42081,2020,366,283,82,1,0,0,0,109,56,41,0,188,178,0,100.0,1,0.273224043715847,False,False,False
42081,2021,354,221,132,1,0,0,0,111,61,44,0,103,251,0,96.986301369863,1,0.2824858757062147,False,False,False
42085,2019,365,240,125,0,0,0,0,96,61,44,0,181,184,0,100.0,0,0.0,False,False,False
42085,2020,366,272,93,1,0,0,0,105,58,41,0,190,176,0,100.0,1,0.273224043715847,False,False,False
42085,2021,363,277,85,1,0,0,0,112,61,40,0,223,140,0,99.45205479452056,1,0.2754820936639118,False,False,False
42091,2019,362,262,99,1,0,0,0,129,61,40,0,163,199,0,99.17808219178085,1,0.2762430939226519,False,False,False
42091,2020,366,269,97,0,0,0,0,99,60,43,0,181,185,0,100.0,0,0.0,False,False,False
42091,2021,356,202,148,6,0,0,0,150,67,47,0,114,242,0,97.53424657534246,6,1.6853932584269662,False,False,False
42095,2019,363,238,122,3,0,0,0,114,66,44,1,165,197,0,99.45205479452056,3,0.8264462809917356,False,False,False
42095,2020,365,260,104,1,0,0,0,117,59,41,4,155,206,0,99.72677595628416,1,0.273972602739726,False,False,False
42095,2021,365,214,147,4,0,0,0,148,67,45,3,132,230,0,100.0,4,1.095890410958904,False,False,False
42101,2019,365,193,166,6,0,0,0,140,72,49,12,131,222,0,100.0,6,1.643835616438356,False,False,False
42101,2020,366,212,149,5,0,0,0,119,63,47,17,111,238,0,100.0,5,1.366120218579235,False,False,False
42101,2021,365,137,217,9,2,0,0,153,77,54,10,92,263,0,100.0,11,3.0136986301369864,False,False,False
42115,2019,352,292,60,0,0,0,0,79,55,32,0,0,352,0,96.43835616438356,0,0.0,False,False,False
42115,2020,365,311,54,0,0,0,0,74,52,31,0,0,365,0,99.72677595628416,0,0.0,False,False,False
42115,2021,334,252,80,2,0,0,0,133,57,35,0,0,334,0,91.5068493150685,2,0.5988023952095809,False,False,False
42125,2019,365,177,188,0,0,0,0,95,66,51,0,110,255,0,100.0,0,0.0,False,False,False
42125,2020,366,221,145,0,0,0,0,100,61,46,1,135,230,0,100.0,0,0.0,False,False,False
42125,2021,365,187,177,1,0,0,0,123,67,49,0,98,267,0,100.0,1,0.273972602739726,False,False,False
42129,2019,354,276,78,0,0,0,0,93,55,41,0,195,159,0,96.986301369863,0,0.0,False,False,False
42129,2020,362,281,81,0,0,0,0,83,55,39,0,164,198,0,98.90710382513662,0,0.0,False,False,False
42129,2021,354,196,157,1,0,0,0,124,63,47,0,28,326,0,96.986301369863,1,0.2824858757062147,False,False,False
42131,2020,361,300,61,0,0,0,0,79,53,33,0,0,361,0,98.63387978142076,0,0.0,False,False,False
42131,2021,336,254,81,1,0,0,0,127,56,34,0,0,336,0,92.05479452054794,1,0.2976190476190476,False,False,False
42133,2019,365,232,133,0,0,0,0,94,60,44,17,160,188,0,100.0,0,0.0,False,False,False
42133,2020,366,221,145,0,0,0,0,97,62,46,11,102,253,0,100.0,0,0.0,False,False,False
42133,2021,357,168,187,2,0,0,0,148,71,51,3,91,263,0,97.80821917808218,2,0.5602240896358543,False,False,False
44003,2019,351,325,26,0,0,0,0,93,49,34,0,196,155,0,96.16438356164385,0,0.0,False,False,False
44003,2020,358,326,31,1,0,0,0,133,49,34,0,175,183,0,97.81420765027322,1,0.2793296089385474,False,False,False
44003,2021,358,313,42,3,0,0,0,140,54,34,0,163,195,0,98.08219178082192,3,0.8379888268156425,False,False,False
44003,2022,358,334,24,0,0,0,0,100,47,31,0,202,156,0,98.08219178082192,0,0.0,False,False,False
44007,2019,365,222,143,0,0,0,0,90,61,46,2,157,206,0,100.0,0,0.0,False,False,False
44007,2020,366,226,138,2,0,0,0,112,59,45,2,104,260,0,100.0,2,0.546448087431694,False,False,False
44007,2021,365,219,142,4,0,0,0,136,62,45,4,117,244,0,100.0,4,1.095890410958904,False,False,False
44007,2022,365,263,101,1,0,0,0,108,59,43,3,168,193,1,100.0,1,0.273972602739726,False,False,False
44009,2019,352,317,33,2,0,0,0,126,50,38,0,202,150,0,96.43835616438356,2,0.5681818181818182,False,False,False
44009,2020,366,327,37,1,1,0,0,154,51,35,0,202,164,0,100.0,2,0.546448087431694,False,False,False
44009,2021,358,306,50,2,0,0,0,143,52,36,0,173,185,0,98.08219178082192,2,0.5586592178770949,False,False,False
44009,2022,356,313,39,3,1,0,0,164,51,36,0,209,147,0,97.53424657534246,4,1.1235955056179776,False,False,False
45003,2020,259,258,1,0,0,0,0,71,44,32,0,259,0,0,70.76502732240438,0,0.0,False,False,False
45003,2021,282,259,23,0,0,0,0,84,49,36,0,282,0,0,77.26027397260275,0,0.0,False,False,False
45003,2022,271,246,25,0,0,0,0,87,50,37,0,271,0,0,74.24657534246575,0,0.0,False,False,False
45007,2020,265,257,8,0,0,0,0,71,46,35,0,265,0,0,72.40437158469946,0,0.0,False,False,False
45007,2021,263,240,23,0,0,0,0,87,50,38,0,263,0,0,72.05479452054794,0,0.0,False,False,False
45007,2022,246,230,16,0,0,0,0,74,48,39,0,246,0,0,67.3972602739726,0,0.0,False,False,False
45015,2020,220,219,1,0,0,0,0,51,43,31,0,220,0,0,60.10928961748634,0,0.0,False,False,False
45015,2021,258,250,8,0,0,0,0,80,47,34,0,258,0,0,70.68493150684931,0,0.0,False,False,False
45015,2022,234,221,13,0,0,0,0,80,49,36,0,234,0,0,64.10958904109589,0,0.0,False,False,False
45019,2019,357,262,95,0,0,0,0,76,56,42,0,41,315,1,97.80821917808218,0,0.0,False,False,False
45019,2020,366,264,101,1,0,0,0,117,57,43,0,58,308,0,100.0,1,0.273224043715847,False,False,False
45019,2021,365,197,168,0,0,0,0,93,62,48,0,46,319,0,100.0,0,0.0,False,False,False
45019,2022,365,209,156,0,0,0,0,84,59,47,0,70,294,1,100.0,0,0.0,False,False,False
45031,2020,253,253,0,0,0,0,0,49,42,32,0,253,0,0,69.12568306010928,0,0.0,False,False,False
45031,2021,275,257,18,0,0,0,0,74,48,35,0,275,0,0,75.34246575342466,0,0.0,False,False,False
45031,2022,265,249,16,0,0,0,0,84,47,36,0,265,0,0,72.6027397260274,0,0.0,False,False,False
45041,2019,361,243,118,0,0,0,0,73,57,41,0,0,361,0,98.9041095890411,0,0.0,False,False,False
45041,2020,352,290,62,0,0,0,0,95,53,37,0,0,352,0,96.17486338797814,0,0.0,False,False,False
45041,2021,337,251,86,0,0,0,0,86,58,39,0,0,337,0,92.32876712328768,0,0.0,False,False,False
45041,2022,333,210,123,0,0,0,0,79,59,44,0,0,333,0,91.23287671232876,0,0.0,False,False,False
45045,2019,365,211,154,0,0,0,0,97,63,46,12,57,288,8,100.0,0,0.0,False,False,False
45045,2020,366,234,131,1,0,0,0,116,60,44,1,133,232,0,100.0,1,0.273224043715847,False,False,False
45045,2021,365,180,184,1,0,0,0,101,70,51,3,114,248,0,100.0,1,0.273972602739726,False,False,False
45045,2022,365,179,186,0,0,0,0,97,66,51,0,117,248,0,100.0,0,0.0,False,False,False
45051,2020,214,214,0,0,0,0,0,50,44,32,0,214,0,0,58.46994535519126,0,0.0,False,False,False
45051,2021,264,238,26,0,0,0,0,90,50,38,0,264,0,0,72.32876712328768,0,0.0,False,False,False
45051,2022,263,247,16,0,0,0,0,93,49,38,0,263,0,0,72.05479452054794,0,0.0,False,False,False
45063,2019,365,230,135,0,0,0,0,69,58,44,0,0,360,5,100.0,0,0.0,False,False,False
45063,2020,365,263,101,1,0,0,0,111,55,39,0,0,352,13,99.72677595628416,1,0.273972602739726,False,False,False
45063,2021,358,199,158,1,0,0,0,102,63,46,0,0,346,12,98.08219178082192,1,0.2793296089385474,False,False,False
45063,2022,363,263,100,0,0,0,0,75,55,39,0,0,325,38,99.45205479452056,0,0.0,False,False,False
45079,2019,365,245,120,0,0,0,0,93,58,42,16,81,267,0,100.0,0,0.0,False,False,False
45079,2020,366,289,76,1,0,0,0,117,55,40,1,146,219,0,100.0,1,0.273224043715847,False,False,False
45079,2021,365,268,96,1,0,0,0,101,60,42,0,213,152,0,100.0,1,0.273972602739726,False,False,False
45079,2022,365,265,100,0,0,0,0,93,56,43,5,196,164,0,100.0,0,0.0,False,False,False
45083,2019,348,206,140,2,0,0,0,105,61,45,0,63,285,0,95.34246575342463,2,0.5747126436781609,False,False,False
45083,2020,366,232,132,2,0,0,0,112,58,45,0,103,263,0,100.0,2,0.546448087431694,False,False,False
45083,2021,354,201,152,1,0,0,0,119,64,46,0,112,242,0,96.986301369863,1,0.2824858757062147,False,False,False
45083,2022,363,206,157,0,0,0,0,87,61,47,0,120,243,0,99.45205479452056,0,0.0,False,False,False
45091,2019,365,210,148,7,0,0,0,133,64,47,0,146,219,0,100.0,7,1.9178082191780823,False,False,False
45091,2020,366,303,63,0,0,0,0,93,53,39,0,156,210,0,100.0,0,0.0,False,False,False
45091,2021,360,257,103,0,0,0,0,97,61,44,0,181,179,0,98.63013698630137,0,0.0,False,False,False
45091,2022,363,253,109,1,0,0,0,126,58,44,0,170,193,0,99.45205479452056,1,0.2754820936639118,False,False,False
46011,2019,365,273,87,5,0,0,0,126,66,43,0,311,44,10,100.0,5,1.36986301369863,False,False,False
46011,2020,366,305,61,0,0,0,0,87,55,39,0,281,52,33,100.0,0,0.0,False,False,False
46011,2021,365,270,87,6,1,1,0,236,67,39,0,236,103,26,100.0,8,2.191780821917808,False,False,False
46011,2022,364,320,44,0,0,0,0,87,54,36,0,266,54,44,99.72602739726028,0,0.0,False,False,False
46013,2020,364,308,56,0,0,0,0,78,54,28,0,0,258,106,99.4535519125683,0,0.0,False,False,False
46013,2021,356,301,52,0,2,1,0,208,58,26,0,0,210,146,97.53424657534246,3,0.8426966292134831,False,False,False
46013,2022,350,325,25,0,0,0,0,93,45,23,0,0,211,139,95.8904109589041,0,0.0,False,False,False
46029,2019,361,295,66,0,0,0,0,83,55,32,0,0,316,45,98.9041095890411,0,0.0,False,False,False
46029,2020,366,293,72,1,0,0,0,101,55,38,0,156,167,43,100.0,1,0.273224043715847,False,False,False
46029,2021,365,246,113,3,2,1,0,271,69,43,0,136,197,32,100.0,6,1.643835616438356,False,False,False
46029,2022,365,285,79,1,0,0,0,101,58,41,0,205,128,32,100.0,1,0.273972602739726,False,False,False
46065,2019,356,338,18,0,0,0,0,69,37,14,0,0,356,0,97.53424657534246,0,0.0,True,False,True
46065,2020,355,332,23,0,0,0,0,79,40,19,0,0,355,0,96.99453551912568,0,0.0,True,False,True
46065,2021,349,325,22,1,0,1,0,268,46,12,0,0,349,0,95.61643835616438,2,0.5730659025787965,True,False,True
46065,2022,362,352,10,0,0,0,0,63,28,7,0,0,362,0,99.17808219178085,0,0.0,True,False,True
46099,2019,365,301,63,1,0,0,0,105,55,37,7,265,91,2,100.0,1,0.273972602739726,False,False,False
46099,2020,366,298,68,0,0,0,0,90,56,38,2,205,151,8,100.0,0,0.0,False,False,False
46099,2021,349,266,78,3,2,0,0,193,61,39,12,193,126,18,95.61643835616438,5,1.4326647564469914,False,False,False
46099,2022,365,300,64,1,0,0,0,105,57,39,0,265,79,21,100.0,1,0.273972602739726,False,False,False
46103,2019,361,267,90,4,0,0,0,117,61,33,10,0,175,176,98.9041095890411,4,1.10803324099723,False,False,False
46103,2020,366,264,102,0,0,0,0,92,64,35,27,0,197,142,100.0,0,0.0,False,False,False
46103,2021,365,244,114,5,1,1,0,202,73,39,16,0,197,152,100.0,7,1.9178082191780823,False,False,False
46103,2022,363,238,123,2,0,0,0,116,69,40,13,0,196,154,99.45205479452056,2,0.5509641873278237,False,False,False
47001,2019,234,177,55,2,0,0,0,105,71,44,0,234,0,0,64.10958904109589,2,0.8547008547008548,False,False,False
47001,2020,245,238,7,0,0,0,0,64,46,35,0,245,0,0,66.93989071038251,0,0.0,False,False,False
47001,2021,235,219,16,0,0,0,0,87,49,38,0,235,0,0,64.38356164383562,0,0.0,False,False,False
47001,2022,245,228,17,0,0,0,0,80,48,39,0,245,0,0,67.12328767123287,0,0.0,False,False,False
47009,2019,365,223,140,2,0,0,0,115,61,46,0,180,185,0,100.0,2,0.547945205479452,False,False,False
47009,2020,366,273,93,0,0,0,0,93,56,42,0,183,183,0,100.0,0,0.0,False,False,False
47009,2021,365,231,132,2,0,0,0,107,61,44,0,168,197,0,100.0,2,0.547945205479452,False,False,False
47009,2022,365,238,126,1,0,0,0,115,58,45,0,169,196,0,100.0,1,0.273972602739726,False,False,False
47037,2019,365,151,213,1,0,0,0,101,64,52,10,63,292,0,100.0,1,0.273972602739726,False,False,False
47037,2020,366,190,174,2,0,0,0,116,62,50,4,71,291,0,100.0,2,0.546448087431694,False,False,False
47037,2021,365,152,209,4,0,0,0,116,70,52,6,47,312,0,100.0,4,1.095890410958904,False,False,False
47037,2022,365,169,194,2,0,0,0,143,66,51,5,70,290,0,100.0,2,0.547945205479452,False,False,False
47045,2019,360,275,85,0,0,0,0,66,54,35,0,0,360,0,98.63013698630137,0,0.0,False,False,False
47045,2020,351,293,57,1,0,0,0,117,53,31,0,0,351,0,95.90163934426228,1,0.2849002849002849,False,False,False
47045,2021,350,242,107,1,0,0,0,105,60,39,0,0,350,0,95.8904109589041,1,0.2857142857142857,False,False,False
47045,2022,356,258,97,1,0,0,0,102,56,39,0,0,356,0,97.53424657534246,1,0.2808988764044944,False,False,False
47065,2019,365,181,184,0,0,0,0,97,67,51,0,127,238,0,100.0,0,0.0,False,False,False
47065,2020,364,219,144,0,1,0,0,151,61,46,0,92,272,0,99.4535519125683,1,0.2747252747252747,False,False,False
47065,2021,351,191,159,1,0,0,0,101,64,48,0,116,235,0,96.16438356164385,1,0.2849002849002849,False,False,False
47065,2022,341,169,171,1,0,0,0,105,66,51,0,87,254,0,93.42465753424658,1,0.2932551319648094,False,False,False
47089,2019,234,197,37,0,0,0,0,93,58,44,0,234,0,0,64.10958904109589,0,0.0,False,False,False
47089,2020,240,232,8,0,0,0,0,74,48,37,0,240,0,0,65.57377049180327,0,0.0,False,False,False
47089,2021,235,199,36,0,0,0,0,100,58,41,0,235,0,0,64.38356164383562,0,0.0,False,False,False
47089,2022,244,219,25,0,0,0,0,87,51,41,0,244,0,0,66.84931506849315,0,0.0,False,False,False
47093,2019,364,214,150,0,0,0,0,84,62,46,0,128,232,4,99.72602739726028,0,0.0,False,False,False
47093,2020,366,233,133,0,0,0,0,91,60,44,0,85,281,0,100.0,0,0.0,False,False,False
47093,2021,365,153,207,5,0,0,0,150,69,52,0,51,314,0,100.0,5,1.36986301369863,False,False,False
47093,2022,365,185,180,0,0,0,0,77,63,49,0,77,288,0,100.0,0,0.0,False,False,False
47099,2019,330,244,86,0,0,0,0,66,55,36,0,0,330,0,90.41095890410958,0,0.0,False,False,False
47099,2020,359,325,34,0,0,0,0,75,49,26,0,0,359,0,98.08743169398907,0,0.0,False,False,False
47099,2021,357,274,83,0,0,0,0,98,57,34,0,0,357,0,97.80821917808218,0,0.0,False,False,False
47099,2022,351,306,45,0,0,0,0,82,53,26,0,0,351,0,96.16438356164385,0,0.0,False,False,False
47105,2019,365,251,114,0,0,0,0,93,58,43,0,120,245,0,100.0,0,0.0,False,False,False
47105,2020,366,299,67,0,0,0,0,97,54,38,0,136,230,0,100.0,0,0.0,False,False,False
47105,2021,365,259,106,0,0,0,0,90,59,42,0,134,231,0,100.0,0,0.0,False,False,False
47105,2022,365,303,62,0,0,0,0,77,53,39,0,142,223,0,100.0,0,0.0,False,False,False
47107,2019,357,239,118,0,0,0,0,69,57,41,0,0,357,0,97.80821917808218,0,0.0,False,False,False
47107,2020,358,280,78,0,0,0,0,89,55,37,0,0,358,0,97.81420765027322,0,0.0,False,False,False
47107,2021,360,250,110,0,0,0,0,90,59,37,0,0,360,0,98.63013698630137,0,0.0,False,False,False
47107,2022,357,233,124,0,0,0,0,73,56,41,0,0,357,0,97.80821917808218,0,0.0,False,False,False
47113,2019,362,262,100,0,0,0,0,65,56,36,0,0,362,0,99.17808219178085,0,0.0,False,False,False
47113,2020,354,304,49,1,0,0,0,108,53,33,0,0,354,0,96.72131147540983,1,0.2824858757062147,False,False,False
47113,2021,356,249,106,1,0,0,0,106,60,38,0,0,356,0,97.53424657534246,1,0.2808988764044944,False,False,False
47113,2022,359,245,113,1,0,0,0,102,58,41,0,0,359,0,98.35616438356163,1,0.2785515320334262,False,False,False
47119,2019,362,301,61,0,0,0,0,66,53,31,0,0,362,0,99.17808219178085,0,0.0,False,False,False
47119,2020,351,302,49,0,0,0,0,92,53,29,0,0,351,0,95.90163934426228,0,0.0,False,False,False
47119,2021,349,252,96,1,0,0,0,109,60,35,0,0,349,0,95.61643835616438,1,0.2865329512893982,False,False,False
47119,2022,344,282,62,0,0,0,0,82,54,33,0,0,344,0,94.24657534246576,0,0.0,False,False,False
47125,2019,362,278,84,0,0,0,0,67,55,35,0,0,362,0,99.17808219178085,0,0.0,False,False,False
47125,2020,359,288,69,2,0,0,0,116,54,35,0,0,359,0,98.08743169398907,2,0.5571030640668524,False,False,False
47125,2021,359,279,79,1,0,0,0,138,59,33,0,0,359,0,98.35616438356163,1,0.2785515320334262,False,False,False
47125,2022,359,280,79,0,0,0,0,87,55,36,0,0,359,0,98.35616438356163,0,0.0,False,False,False
47141,2019,360,291,69,0,0,0,0,67,54,33,0,0,360,0,98.63013698630137,0,0.0,False,False,False
47141,2020,359,310,48,1,0,0,0,105,52,31,0,0,359,0,98.08743169398907,1,0.2785515320334262,False,False,False
47141,2021,356,268,88,0,0,0,0,91,58,36,0,0,356,0,97.53424657534246,0,0.0,False,False,False
47141,2022,347,289,58,0,0,0,0,81,53,32,0,0,347,0,95.06849315068492,0,0.0,False,False,False
47145,2019,356,251,105,0,0,0,0,75,55,37,0,0,356,0,97.53424657534246,0,0.0,False,False,False
47145,2020,338,272,66,0,0,0,0,92,55,35,0,0,338,0,92.34972677595628,0,0.0,False,False,False
47145,2021,357,256,101,0,0,0,0,89,57,37,0,0,357,0,97.80821917808218,0,0.0,False,False,False
47145,2022,340,273,66,0,1,0,0,162,55,36,0,0,340,0,93.15068493150685,1,0.2941176470588235,False,False,False
47155,2019,364,287,77,0,0,0,0,90,61,44,0,364,0,0,99.72602739726028,0,0.0,False,False,False
47155,2020,363,336,26,1,0,0,0,105,49,40,0,363,0,0,99.18032786885246,1,0.2754820936639118,False,False,False
47155,2021,363,310,53,0,0,0,0,93,54,42,0,363,0,0,99.45205479452056,0,0.0,False,False,False
47155,2022,310,262,48,0,0,0,0,93,54,44,0,310,0,0,84.93150684931507,0,0.0,False,False,False
47157,2019,365,152,209,4,0,0,0,148,67,52,3,118,243,1,100.0,4,1.095890410958904,False,False,False
47157,2020,366,158,207,0,1,0,0,153,65,52,0,72,294,0,100.0,1,0.273224043715847,False,False,False
47157,2021,365,209,152,4,0,0,0,150,67,48,0,127,238,0,100.0,4,1.095890410958904,False,False,False
47157,2022,365,224,131,8,2,0,0,159,69,46,6,184,174,1,100.0,10,2.73972602739726,False,False,False
47163,2019,362,240,121,1,0,0,0,119,59,44,0,158,204,0,99.17808219178085,1,0.2762430939226519,False,False,False
47163,2020,366,314,52,0,0,0,0,80,52,36,0,161,205,0,100.0,0,0.0,False,False,False
47163,2021,365,273,92,0,0,0,0,100,59,41,0,153,212,0,100.0,0,0.0,False,False,False
47163,2022,364,299,65,0,0,0,0,87,54,40,0,174,190,0,99.72602739726028,0,0.0,False,False,False
47165,2019,357,240,117,0,0,0,0,93,61,44,0,160,197,0,97.80821917808218,0,0.0,False,False,False
47165,2020,360,273,86,1,0,0,0,121,56,41,0,137,223,0,98.36065573770492,1,0.2777777777777778,False,False,False
47165,2021,357,236,119,2,0,0,0,133,62,44,0,109,248,0,97.80821917808218,2,0.5602240896358543,False,False,False
47165,2022,358,249,108,1,0,0,0,147,58,42,0,143,215,0,98.08219178082192,1,0.2793296089385474,False,False,False
47187,2019,245,215,30,0,0,0,0,84,51,42,0,245,0,0,67.12328767123287,0,0.0,False,False,False
47187,2020,241,231,10,0,0,0,0,71,47,37,0,241,0,0,65.84699453551912,0,0.0,False,False,False
47187,2021,243,225,18,0,0,0,0,67,50,39,0,243,0,0,66.57534246575342,0,0.0,False,False,False
47187,2022,244,209,33,2,0,0,0,122,54,41,0,244,0,0,66.84931506849315,2,0.819672131147541,False,False,False
47189,2019,231,205,26,0,0,0,0,80,51,40,0,231,0,0,63.287671232876704,0,0.0,False,False,False
47189,2020,245,240,5,0,0,0,0,64,45,33,0,245,0,0,66.93989071038251,0,0.0,False,False,False
47189,2021,243,221,22,0,0,0,0,74,48,37,0,243,0,0,66.57534246575342,0,0.0,False,False,False
47189,2022,242,221,20,1,0,0,0,122,49,39,0,242,0,0,66.3013698630137,1,0.4132231404958678,False,False,False
48013,2020,214,149,64,0,1,0,0,158,65,38,0,0,214,0,58.46994535519126,1,0.4672897196261681,False,False,False
48013,2021,356,213,143,0,0,0,0,87,63,43,0,0,356,0,97.53424657534246,0,0.0,False,False,False
48013,2022,356,218,136,2,0,0,0,115,62,44,0,0,356,0,97.53424657534246,2,0.5617977528089888,False,False,False
48027,2019,365,237,126,2,0,0,0,105,62,45,1,211,153,0,100.0,2,0.547945205479452,False,False,False
48027,2020,366,236,129,1,0,0,0,135,63,44,0,193,173,0,100.0,1,0.273224043715847,False,False,False
48027,2021,365,240,122,3,0,0,0,122,69,44,0,230,135,0,100.0,3,0.821917808219178,False,False,False
48027,2022,365,241,121,3,0,0,0,129,73,46,0,246,119,0,100.0,3,0.821917808219178,False,False,False
48029,2019,365,117,243,4,1,0,0,175,74,55,0,93,271,1,100.0,5,1.36986301369863,False,False,False
48029,2020,366,119,237,9,1,0,0,160,80,55,0,110,255,1,100.0,10,2.73224043715847,False,False,False
48029,2021,365,113,240,12,0,0,0,147,80,55,0,94,269,2,100.0,12,3.287671232876712,False,False,False
48029,2022,365,116,236,12,0,1,0,214,80,55,0,105,259,1,100.0,13,3.5616438356164384,False,False,False
48037,2019,349,171,177,1,0,0,0,109,62,51,0,0,349,0,95.61643835616438,1,0.2865329512893982,False,False,False
48037,2020,358,193,164,1,0,0,0,127,61,48,0,0,358,0,97.81420765027322,1,0.2793296089385474,False,False,False
48037,2021,357,163,193,1,0,0,0,106,64,52,0,0,357,0,97.80821917808218,1,0.2801120448179272,False,False,False
48037,2022,349,144,205,0,0,0,0,99,65,52,0,0,349,0,95.61643835616438,0,0.0,False,False,False
48039,2019,365,325,33,6,1,0,0,161,51,33,5,360,0,0,100.0,7,1.9178082191780823,False,False,False
48039,2020,365,328,34,2,1,0,0,182,51,33,11,354,0,0,99.72677595628416,3,0.821917808219178,False,False,False
48039,2021,365,331,22,11,1,0,0,159,50,34,10,355,0,0,100.0,12,3.287671232876712,False,False,False
48039,2022,365,311,46,8,0,0,0,119,61,35,5,360,0,0,100.0,8,2.191780821917808,False,False,False
48041,2020,303,210,93,0,0,0,0,99,57,40,0,0,303,0,82.78688524590164,0,0.0,False,False,False
48041,2021,356,248,108,0,0,0,0,85,58,40,0,0,356,0,97.53424657534246,0,0.0,False,False,False
48041,2022,345,251,94,0,0,0,0,94,55,40,0,0,345,0,94.52054794520548,0,0.0,False,False,False
48043,2019,362,278,84,0,0,0,0,93,57,42,0,257,105,0,99.17808219178085,0,0.0,False,False,False
48043,2020,360,314,46,0,0,0,0,80,52,41,0,278,82,0,98.36065573770492,0,0.0,False,False,False
48043,2021,356,287,68,1,0,0,0,105,57,42,0,276,80,0,97.53424657534246,1,0.2808988764044944,False,False,False
48043,2022,357,266,91,0,0,0,0,87,58,42,0,255,102,0,97.80821917808218,0,0.0,False,False,False
48061,2019,365,172,193,0,0,0,0,91,67,52,0,83,282,0,100.0,0,0.0,False,False,False
48061,2020,366,158,199,6,3,0,0,184,74,52,0,64,302,0,100.0,9,2.459016393442623,False,False,False
48061,2021,365,162,203,0,0,0,0,99,70,52,0,67,298,0,100.0,0,0.0,False,False,False
48061,2022,365,191,171,3,0,0,0,120,70,48,0,92,273,0,100.0,3,0.821917808219178,False,False,False
48085,2019,365,309,48,7,1,0,0,156,58,40,0,365,0,0,100.0,8,2.191780821917808,False,False,False
48085,2020,365,317,45,2,1,0,0,154,54,37,0,365,0,0,99.72677595628416,3,0.821917808219178,False,False,False
48085,2021,357,294,55,7,1,0,0,154,64,37,0,357,0,0,97.80821917808218,8,2.2408963585434174,False,False,False
48085,2022,359,289,63,7,0,0,0,143,71,40,0,359,0,0,98.35616438356163,7,1.9498607242339836,False,False,False
48113,2019,365,156,203,6,0,0,0,143,74,52,6,137,222,0,100.0,6,1.643835616438356,False,False,False
48113,2020,366,218,142,6,0,0,0,135,69,46,17,161,187,1,100.0,6,1.639344262295082,False,False,False
48113,2021,365,210,145,9,1,0,0,174,71,47,12,180,172,1,100.0,10,2.73972602739726,False,False,False
48113,2022,365,164,184,17,0,0,0,148,74,52,12,145,207,1,100.0,17,4.657534246575342,False,False,False
48121,2019,365,239,114,12,0,0,0,133,67,44,1,236,128,0,100.0,12,3.287671232876712,False,False,False
48121,2020,366,245,113,8,0,0,0,142,71,44,3,223,140,0,100.0,8,2.185792349726776,False,False,False
48121,2021,365,222,122,18,3,0,0,179,77,45,0,226,139,0,100.0,21,5.753424657534247,False,False,False
48121,2022,365,209,136,19,1,0,0,187,87,47,0,268,97,0,100.0,20,5.47945205479452,True,True,False
48135,2019,354,251,103,0,0,0,0,82,56,38,0,0,354,0,96.986301369863,0,0.0,False,False,False
48135,2020,346,271,75,0,0,0,0,96,57,36,0,0,346,0,94.53551912568308,0,0.0,False,False,False
48135,2021,349,269,80,0,0,0,0,91,56,35,0,0,349,0,95.61643835616438,0,0.0,False,False,False
48135,2022,360,266,94,0,0,0,0,94,58,37,0,0,360,0,98.63013698630137,0,0.0,False,False,False
48139,2019,365,250,115,0,0,0,0,97,58,44,5,188,172,0,100.0,0,0.0,False,False,False
48139,2020,366,239,126,1,0,0,0,125,61,45,2,137,227,0,100.0,1,0.273224043715847,False,False,False
48139,2021,363,262,100,1,0,0,0,105,60,43,5,184,174,0,99.45205479452056,1,0.2754820936639118,False,False,False
48139,2022,364,311,53,0,0,0,0,97,54,38,6,317,41,0,99.72602739726028,0,0.0,False,False,False
48141,2019,365,100,252,11,2,0,0,159,84,57,6,142,214,3,100.0,13,3.5616438356164384,False,False,False
48141,2020,366,95,252,17,2,0,0,192,89,59,6,151,181,28,100.0,19,5.191256830601093,True,True,False
48141,2021,365,91,255,19,0,0,0,150,84,59,7,141,207,10,100.0,19,5.205479452054795,False,False,False
48141,2022,365,72,273,19,1,0,0,163,86,59,3,132,220,10,100.0,20,5.47945205479452,True,True,False
48167,2019,362,247,107,8,0,0,0,136,63,43,3,215,143,1,99.17808219178085,8,2.209944751381215,False,False,False
48167,2020,360,238,119,3,0,0,0,143,66,44,1,198,159,2,98.36065573770492,3,0.8333333333333334,False,False,False
48167,2021,361,259,99,3,0,0,0,122,63,43,1,194,163,3,98.9041095890411,3,0.8310249307479225,False,False,False
48167,2022,365,236,122,6,1,0,0,159,66,46,0,184,181,0,100.0,7,1.9178082191780823,False,False,False
48183,2019,362,328,33,1,0,0,0,112,50,35,3,359,0,0,99.17808219178085,1,0.2762430939226519,False,False,False
48183,2020,363,357,6,0,0,0,0,74,44,31,10,353,0,0,99.18032786885246,0,0.0,False,False,False
48183,2021,365,336,29,0,0,0,0,93,48,33,7,358,0,0,100.0,0,0.0,False,False,False
48183,2022,365,329,35,1,0,0,0,143,50,35,2,363,0,0,100.0,1,0.273972602739726,False,False,False
48201,2019,365,91,247,22,4,1,0,202,93,56,7,106,252,0,100.0,27,7.397260273972603,True,True,False
48201,2020,366,109,240,15,2,0,0,190,82,56,5,94,266,1,100.0,17,4.644808743169399,False,False,False
48201,2021,365,64,276,18,7,0,0,179,90,58,3,69,283,10,100.0,25,6.849315068493151,True,True,False
48201,2022,365,57,281,22,5,0,0,179,93,60,3,89,238,35,100.0,27,7.397260273972603,True,True,False
48203,2019,358,242,116,0,0,0,0,90,58,44,0,131,227,0,98.08219178082192,0,0.0,False,False,False
48203,2020,363,264,99,0,0,0,0,100,57,40,0,108,255,0,99.18032786885246,0,0.0,False,False,False
48203,2021,362,205,153,3,1,0,0,161,64,47,0,89,273,0,99.17808219178085,4,1.1049723756906076,False,False,False
48203,2022,328,164,159,4,1,0,0,181,64,51,1,110,217,0,89.86301369863014,5,1.524390243902439,False,False,False
48215,2019,365,184,179,2,0,0,0,106,69,50,0,76,289,0,100.0,2,0.547945205479452,False,False,False
48215,2020,366,222,139,3,2,0,0,157,69,44,0,78,288,0,100.0,5,1.366120218579235,False,False,False
48215,2021,363,169,192,2,0,0,0,108,74,52,0,85,278,0,99.45205479452056,2,0.5509641873278237,False,False,False
48215,2022,365,197,165,3,0,0,0,136,70,49,0,103,262,0,100.0,3,0.821917808219178,False,False,False
48221,2019,357,325,31,1,0,0,0,133,50,35,0,357,0,0,97.80821917808218,1,0.2801120448179272,False,False,False
48221,2020,357,330,27,0,0,0,0,100,48,33,0,357,0,0,97.54098360655738,0,0.0,False,False,False
48221,2021,357,331,25,1,0,0,0,122,49,35,0,357,0,0,97.80821917808218,1,0.2801120448179272,False,False,False
48221,2022,360,295,54,11,0,0,0,150,64,38,0,360,0,0,98.63013698630137,11,3.055555555555556,False,False,False
48231,2019,364,345,19,0,0,0,0,97,47,35,3,361,0,0,99.72602739726028,0,0.0,False,False,False
48231,2020,366,351,15,0,0,0,0,87,45,32,2,364,0,0,100.0,0,0.0,False,False,False
48231,2021,362,343,19,0,0,0,0,93,46,33,5,357,0,0,99.17808219178085,0,0.0,False,False,False
48231,2022,358,330,28,0,0,0,0,97,50,36,5,353,0,0,98.08219178082192,0,0.0,False,False,False
48245,2019,365,194,165,6,0,0,0,150,67,49,0,142,223,0,100.0,6,1.643835616438356,False,False,False
48245,2020,363,219,142,2,0,0,0,122,65,46,0,148,215,0,99.18032786885246,2,0.5509641873278237,False,False,False
48245,2021,365,231,131,3,0,0,0,115,62,44,0,147,218,0,100.0,3,0.821917808219178,False,False,False
48245,2022,365,203,157,5,0,0,0,129,66,48,0,117,248,0,100.0,5,1.36986301369863,False,False,False
48251,2019,352,298,47,7,0,0,0,143,61,38,0,352,0,0,96.43835616438356,7,1.9886363636363635,False,False,False
48251,2020,349,320,27,2,0,0,0,105,50,34,0,349,0,0,95.3551912568306,2,0.5730659025787965,False,False,False
48251,2021,363,311,46,6,0,0,0,136,61,37,0,363,0,0,99.45205479452056,6,1.6528925619834711,False,False,False
48251,2022,362,281,67,13,1,0,0,156,74,41,0,362,0,0,99.17808219178085,14,3.867403314917127,False,False,False
48255,2020,363,363,0,0,0,0,0,32,17,6,363,0,0,0,99.18032786885246,0,0.0,True,False,True
48255,2021,364,364,0,0,0,0,0,26,16,6,364,0,0,0,99.72602739726028,0,0.0,True,False,True
48255,2022,349,349,0,0,0,0,0,34,17,6,349,0,0,0,95.61643835616438,0,0.0,True,False,True
48257,2019,365,278,87,0,0,0,0,93,57,42,0,209,156,0,100.0,0,0.0,False,False,False
48257,2020,366,260,105,1,0,0,0,134,60,42,3,171,192,0,100.0,1,0.273224043715847,False,False,False
48257,2021,365,269,96,0,0,0,0,84,58,40,3,153,209,0,100.0,0,0.0,False,False,False
48257,2022,365,252,110,3,0,0,0,112,62,44,1,216,148,0,100.0,3,0.821917808219178,False,False,False
48273,2019,284,182,102,0,0,0,0,89,61,41,0,0,284,0,77.8082191780822,0,0.0,False,False,False
48273,2020,330,181,143,4,2,0,0,174,70,46,0,0,330,0,90.1639344262295,6,1.818181818181818,False,False,False
48273,2021,348,185,162,1,0,0,0,109,68,48,0,0,348,0,95.34246575342463,1,0.2873563218390804,False,False,False
48273,2022,347,196,147,4,0,0,0,133,65,47,0,0,347,0,95.06849315068492,4,1.1527377521613833,False,False,False
48303,2019,330,281,48,1,0,0,0,103,53,34,0,0,330,0,90.41095890410958,1,0.303030303030303,False,False,False
48303,2020,352,311,41,0,0,0,0,83,52,26,0,0,352,0,96.17486338797814,0,0.0,False,False,False
48303,2021,347,278,69,0,0,0,0,85,55,31,0,0,347,0,95.06849315068492,0,0.0,False,False,False
48303,2022,347,300,45,2,0,0,0,138,54,26,0,0,347,0,95.06849315068492,2,0.5763688760806917,False,False,False
48309,2019,365,313,52,0,0,0,0,87,54,39,0,276,88,0,100.0,0,0.0,False,False,False
48309,2020,366,294,72,0,0,0,0,97,54,39,0,231,135,0,100.0,0,0.0,False,False,False
48309,2021,364,280,84,0,0,0,0,100,59,39,0,216,146,0,99.72602739726028,0,0.0,False,False,False
48309,2022,364,209,155,0,0,0,0,100,64,48,0,122,239,0,99.72602739726028,0,0.0,False,False,False
48323,2019,339,246,92,1,0,0,0,104,59,34,0,0,339,0,92.87671232876713,1,0.2949852507374631,False,False,False
48323,2020,347,254,92,0,1,0,0,164,61,36,0,0,347,0,94.80874316939892,1,0.2881844380403458,False,False,False
48323,2021,353,239,114,0,0,0,0,88,61,37,0,0,353,0,96.7123287671233,0,0.0,False,False,False
48323,2022,349,256,92,1,0,0,0,107,62,36,0,0,349,0,95.61643835616438,1,0.2865329512893982,False,False,False
48339,2019,365,261,99,5,0,0,0,143,61,44,2,226,137,0,100.0,5,1.36986301369863,False,False,False
48339,2020,366,219,139,8,0,0,0,129,64,44,1,142,223,0,100.0,8,2.185792349726776,False,False,False
48339,2021,359,204,152,2,1,0,0,151,66,47,0,148,211,0,98.35616438356163,3,0.8356545961002786,False,False,False
48339,2022,364,175,183,6,0,0,0,126,71,51,1,137,226,0,99.72602739726028,6,1.6483516483516485,False,False,False
48349,2019,362,275,87,0,0,0,0,100,57,42,0,211,151,0,99.17808219178085,0,0.0,False,False,False
48349,2020,366,257,107,2,0,0,0,113,58,42,2,139,225,0,100.0,2,0.546448087431694,False,False,False
48349,2021,365,266,99,0,0,0,0,100,61,41,1,183,181,0,100.0,0,0.0,False,False,False
48349,2022,364,242,121,1,0,0,0,101,64,44,3,205,156,0,99.72602739726028,1,0.2747252747252747,False,False,False
48355,2019,365,198,166,1,0,0,0,107,66,49,0,113,252,0,100.0,1,0.273972602739726,False,False,False
48355,2020,366,227,137,0,2,0,0,162,67,46,0,135,231,0,100.0,2,0.546448087431694,False,False,False
48355,2021,364,200,162,2,0,0,0,113,67,47,0,127,236,1,99.72602739726028,2,0.5494505494505495,False,False,False
48355,2022,365,208,155,2,0,0,0,106,65,47,0,117,248,0,100.0,2,0.547945205479452,False,False,False
48361,2019,365,233,132,0,0,0,0,100,60,44,0,125,240,0,100.0,0,0.0,False,False,False
48361,2020,362,223,137,2,0,0,0,103,62,44,0,124,238,0,98.90710382513662,2,0.5524861878453038,False,False,False
48361,2021,364,262,102,0,0,0,0,80,57,41,3,111,250,0,99.72602739726028,0,0.0,False,False,False
48361,2022,365,247,116,2,0,0,0,108,60,43,3,123,239,0,100.0,2,0.547945205479452,False,False,False
48367,2019,363,317,46,0,0,0,0,100,54,37,0,363,0,0,99.45205479452056,0,0.0,False,False,False
48367,2020,362,331,30,1,0,0,0,115,50,35,0,362,0,0,98.90710382513662,1,0.2762430939226519,False,False,False
48367,2021,354,312,41,1,0,0,0,136,54,36,0,354,0,0,96.986301369863,1,0.2824858757062147,False,False,False
48367,2022,358,290,54,14,0,0,0,147,67,40,0,358,0,0,98.08219178082192,14,3.910614525139665,False,False,False
48375,2019,340,304,36,0,0,0,0,65,51,25,0,0,340,0,93.15068493150685,0,0.0,False,False,False
48375,2020,341,307,34,0,0,0,0,85,50,26,0,0,341,0,93.16939890710384,0,0.0,False,False,False
48375,2021,354,293,61,0,0,0,0,83,54,31,0,0,354,0,96.986301369863,0,0.0,False,False,False
48375,2022,359,312,46,1,0,0,0,108,53,31,0,0,359,0,98.35616438356163,1,0.2785515320334262,False,False,False
48397,2019,323,305,16,2,0,0,0,105,47,34,0,323,0,0,88.4931506849315,2,0.6191950464396285,False,False,False
48397,2020,363,345,17,1,0,0,0,133,45,32,0,363,0,0,99.18032786885246,1,0.2754820936639118,False,False,False
48397,2021,360,343,17,0,0,0,0,87,45,31,0,360,0,0,98.63013698630137,0,0.0,False,False,False
48397,2022,360,339,21,0,0,0,0,100,47,34,0,360,0,0,98.63013698630137,0,0.0,False,False,False
48423,2019,364,326,37,1,0,0,0,133,51,36,4,360,0,0,99.72602739726028,1,0.2747252747252747,False,False,False
48423,2020,366,352,14,0,0,0,0,84,46,33,3,363,0,0,100.0,0,0.0,False,False,False
48423,2021,361,333,28,0,0,0,0,100,48,35,8,353,0,0,98.9041095890411,0,0.0,False,False,False
48423,2022,363,289,68,6,0,0,0,122,64,40,19,344,0,0,99.45205479452056,6,1.6528925619834711,False,False,False
48439,2019,365,176,175,14,0,0,0,147,74,51,6,157,202,0,100.0,14,3.8356164383561646,False,False,False
48439,2020,366,163,187,13,3,0,0,159,77,52,7,131,228,0,100.0,16,4.371584699453552,False,False,False
48439,2021,365,161,190,12,1,1,0,209,79,52,6,137,222,0,100.0,14,3.8356164383561646,False,False,False
48439,2022,365,132,211,20,2,0,0,172,90,54,7,146,212,0,100.0,22,6.027397260273973,True,True,False
48453,2019,365,169,194,2,0,0,0,115,67,52,5,105,255,0,100.0,2,0.547945205479452,False,False,False
48453,2020,366,182,183,0,1,0,0,154,66,51,3,95,267,1,100.0,1,0.273224043715847,False,False,False
48453,2021,365,182,182,1,0,0,0,101,67,51,3,111,248,3,100.0,1,0.273972602739726,False,False,False
48453,2022,365,178,180,7,0,0,0,129,77,51,4,136,225,0,100.0,7,1.9178082191780823,False,False,False
48469,2019,341,319,22,0,0,0,0,87,48,31,0,341,0,0,93.42465753424658,0,0.0,False,False,False
48469,2020,329,308,21,0,0,0,0,100,47,31,0,329,0,0,89.89071038251366,0,0.0,False,False,False
48469,2021,364,347,17,0,0,0,0,97,46,32,0,364,0,0,99.72602739726028,0,0.0,False,False,False
48469,2022,354,342,12,0,0,0,0,74,46,30,0,354,0,0,96.986301369863,0,0.0,False,False,False
48479,2019,365,187,177,1,0,0,0,109,71,50,0,74,290,1,100.0,1,0.273972602739726,False,False,False
48479,2020,366,217,146,2,1,0,0,163,68,47,0,97,269,0,100.0,3,0.819672131147541,False,False,False
48479,2021,365,197,168,0,0,0,0,97,69,48,0,60,303,2,100.0,0,0.0,False,False,False
48479,2022,361,215,144,2,0,0,0,114,69,45,0,27,329,5,98.9041095890411,2,0.554016620498615,False,False,False
48493,2020,365,365,0,0,0,0,0,34,18,7,365,0,0,0,99.72677595628416,0,0.0,True,False,True
48493,2021,363,363,0,0,0,0,0,27,16,7,363,0,0,0,99.45205479452056,0,0.0,True,False,True
48493,2022,300,300,0,0,0,0,0,44,21,8,300,0,0,0,82.1917808219178,0,0.0,True,False,True
49003,2019,364,300,62,2,0,0,0,121,54,41,61,261,42,0,99.72602739726028,2,0.5494505494505495,False,False,False
49003,2020,355,316,36,3,0,0,0,147,51,40,27,328,0,0,96.99453551912568,3,0.8450704225352111,False,False,False
49003,2021,363,281,78,4,0,0,0,119,67,42,2,361,0,0,99.45205479452056,4,1.1019283746556474,False,False,False
49003,2022,281,266,15,0,0,0,0,90,47,35,16,265,0,0,76.98630136986301,0,0.0,False,False,False
49005,2019,365,247,104,14,0,0,0,147,69,46,0,259,106,0,100.0,14,3.8356164383561646,False,False,False
49005,2020,366,205,152,5,4,0,0,162,72,48,0,170,179,17,100.0,9,2.459016393442623,False,False,False
49005,2021,365,213,142,10,0,0,0,129,82,45,0,229,124,12,100.0,10,2.73972602739726,False,False,False
49005,2022,365,223,135,6,1,0,0,155,71,46,0,208,157,0,100.0,7,1.9178082191780823,False,False,False
49007,2019,365,265,99,1,0,0,0,108,64,46,4,361,0,0,100.0,1,0.273972602739726,False,False,False
49007,2020,350,308,42,0,0,0,0,93,51,43,2,348,0,0,95.62841530054644,0,0.0,False,False,False
49007,2021,365,265,88,10,2,0,0,155,74,44,0,323,42,0,100.0,12,3.287671232876712,False,False,False
49007,2022,364,321,43,0,0,0,0,74,52,43,1,336,27,0,99.72602739726028,0,0.0,False,False,False
49011,2019,365,239,120,6,0,0,0,119,74,45,25,263,77,0,100.0,6,1.643835616438356,False,False,False
49011,2020,366,217,135,13,1,0,0,157,78,46,33,187,146,0,100.0,14,3.825136612021858,False,False,False
49011,2021,365,205,134,25,1,0,0,156,92,47,21,233,110,1,100.0,26,7.123287671232877,True,True,False
49011,2022,365,210,145,10,0,0,0,147,84,47,25,248,92,0,100.0,10,2.73972602739726,False,False,False
49013,2019,365,226,128,7,4,0,0,177,72,48,0,312,53,0,100.0,11,3.0136986301369864,False,False,False
49013,2020,366,239,122,5,0,0,0,125,68,46,0,259,107,0,100.0,5,1.366120218579235,False,False,False
49013,2021,365,220,137,7,1,0,0,155,77,48,0,296,69,0,100.0,8,2.191780821917808,False,False,False
49013,2022,365,223,138,3,1,0,0,177,72,48,0,301,58,6,100.0,4,1.095890410958904,False,False,False
49017,2019,299,258,41,0,0,0,0,80,51,41,0,268,31,0,81.91780821917808,0,0.0,False,False,False
49017,2020,365,331,34,0,0,0,0,74,50,42,0,361,4,0,99.72677595628416,0,0.0,False,False,False
49017,2021,362,273,87,2,0,0,0,115,64,45,0,359,3,0,99.17808219178085,2,0.5524861878453038,False,False,False
49017,2022,293,246,47,0,0,0,0,93,58,44,0,257,36,0,80.27397260273973,0,0.0,False,False,False
49021,2019,365,320,45,0,0,0,0,84,52,43,14,301,50,0,100.0,0,0.0,False,False,False
49021,2020,366,312,54,0,0,0,0,88,53,41,20,273,73,0,100.0,0,0.0,False,False,False
49021,2021,365,286,75,3,1,0,0,176,62,40,11,268,86,0,100.0,4,1.095890410958904,False,False,False
49021,2022,365,309,56,0,0,0,0,80,54,42,10,293,62,0,100.0,0,0.0,False,False,False
49035,2019,365,132,216,17,0,0,0,136,90,58,24,228,109,4,100.0,17,4.657534246575342,True,True,False
49035,2020,366,143,200,21,1,1,0,214,93,54,21,164,177,4,100.0,23,6.284153005464481,True,True,False
49035,2021,365,122,195,39,9,0,0,177,108,59,13,223,117,12,100.0,48,13.150684931506849,True,True,False
49035,2022,365,101,236,28,0,0,0,147,98,60,18,199,139,9,100.0,28,7.671232876712329,True,True,False
49037,2019,363,286,70,3,1,3,0,268,58,44,0,363,0,0,99.45205479452056,7,1.9283746556473829,False,False,False
49037,2020,363,294,67,2,0,0,0,119,58,43,0,360,3,0,99.18032786885246,2,0.5509641873278237,False,False,False
49037,2021,364,276,86,2,0,0,0,115,67,44,0,360,4,0,99.72602739726028,2,0.5494505494505495,False,False,False
49037,2022,365,306,59,0,0,0,0,87,58,44,0,362,3,0,100.0,0,0.0,False,False,False
49045,2019,365,286,77,2,0,0,0,117,61,44,1,285,79,0,100.0,2,0.547945205479452,False,False,False
49045,2020,366,253,108,4,1,0,0,162,70,43,1,235,130,0,100.0,5,1.366120218579235,False,False,False
49045,2021,365,229,120,14,2,0,0,157,77,43,1,241,123,0,100.0,16,4.383561643835616,False,False,False
49045,2022,365,248,111,6,0,0,0,119,72,44,1,265,99,0,100.0,6,1.643835616438356,False,False,False
49047,2019,365,157,186,17,4,1,0,205,87,54,0,342,23,0,100.0,22,6.027397260273973,True,True,False
49047,2020,366,201,160,5,0,0,0,133,72,50,0,308,58,0,100.0,5,1.366120218579235,False,False,False
49047,2021,365,190,149,24,2,0,0,159,93,50,0,338,27,0,100.0,26,7.123287671232877,True,True,False
49047,2022,365,242,123,0,0,0,0,93,67,47,0,329,36,0,100.0,0,0.0,False,False,False
49049,2019,365,217,147,1,0,0,0,107,70,48,4,267,93,1,100.0,1,0.273972602739726,False,False,False
49049,2020,366,199,162,5,0,0,0,150,80,48,1,201,163,1,100.0,5,1.366120218579235,False,False,False
49049,2021,365,192,156,17,0,0,0,144,87,49,6,259,97,3,100.0,17,4.657534246575342,True,True,False
49049,2022,365,206,154,5,0,0,0,119,74,49,7,222,124,12,100.0,5,1.36986301369863,False,False,False
49053,2019,365,283,82,0,0,0,0,93,61,45,0,332,33,0,100.0,0,0.0,False,False,False
49053,2020,366,276,87,3,0,0,0,112,63,44,0,318,48,0,100.0,3,0.819672131147541,False,False,False
49053,2021,365,256,106,2,1,0,0,163,64,45,0,340,25,0,100.0,3,0.821917808219178,False,False,False
49053,2022,365,288,77,0,0,0,0,97,61,44,0,337,28,0,100.0,0,0.0,False,False,False
49057,2019,308,224,82,2,0,0,0,108,66,44,20,208,80,0,84.38356164383562,2,0.6493506493506493,False,False,False
49057,2020,366,228,132,6,0,0,0,140,74,45,37,221,101,7,100.0,6,1.639344262295082,False,False,False
49057,2021,364,221,126,17,0,0,0,140,83,46,12,220,120,10,99.72602739726028,17,4.670329670329671,False,False,False
49057,2022,365,205,155,5,0,0,0,121,74,48,12,239,109,5,100.0,5,1.36986301369863,False,False,False
50003,2019,365,329,36,0,0,0,0,95,50,37,0,247,118,0,100.0,0,0.0,False,False,False
50003,2020,366,330,36,0,0,0,0,73,50,37,0,251,115,0,100.0,0,0.0,False,False,False
50003,2021,365,307,57,1,0,0,0,115,55,37,0,221,144,0,100.0,1,0.273972602739726,False,False,False
50003,2022,365,324,41,0,0,0,0,74,51,37,0,244,121,0,100.0,0,0.0,False,False,False
50007,2019,365,306,59,0,0,0,0,82,54,39,0,205,160,0,100.0,0,0.0,False,False,False
50007,2020,366,302,64,0,0,0,0,98,53,39,0,206,160,0,100.0,0,0.0,False,False,False
50007,2021,365,288,76,1,0,0,0,129,57,40,0,175,190,0,100.0,1,0.273972602739726,False,False,False
50007,2022,365,298,67,0,0,0,0,90,53,41,0,200,165,0,100.0,0,0.0,False,False,False
50021,2019,365,281,84,0,0,0,0,89,58,40,1,160,203,1,100.0,0,0.0,False,False,False
50021,2020,366,283,83,0,0,0,0,97,56,39,0,157,209,0,100.0,0,0.0,False,False,False
50021,2021,365,265,99,1,0,0,0,114,60,40,0,145,220,0,100.0,1,0.273972602739726,False,False,False
50021,2022,365,278,87,0,0,0,0,74,57,39,1,146,218,0,100.0,0,0.0,False,False,False
51013,2019,365,294,70,1,0,0,0,112,61,40,90,216,58,0,100.0,1,0.273972602739726,False,False,False
51013,2020,366,332,34,0,0,0,0,90,49,34,37,267,61,0,100.0,0,0.0,False,False,False
51013,2021,365,306,56,3,0,0,0,115,55,38,37,267,61,0,100.0,3,0.821917808219178,False,False,False
51013,2022,365,325,40,0,0,0,0,100,51,37,48,263,54,0,100.0,0,0.0,False,False,False
51041,2019,280,235,45,0,0,0,0,87,54,40,0,209,71,0,76.71232876712328,0,0.0,False,False,False
51041,2020,279,265,14,0,0,0,0,61,46,34,0,204,75,0,76.22950819672131,0,0.0,False,False,False
51041,2021,283,243,39,1,0,0,0,101,52,38,0,203,80,0,77.53424657534246,1,0.3533568904593639,False,False,False
51041,2022,286,264,22,0,0,0,0,80,48,38,0,212,74,0,78.35616438356165,0,0.0,False,False,False
51059,2019,365,192,171,2,0,0,0,105,64,49,12,104,249,0,100.0,2,0.547945205479452,False,False,False
51059,2020,366,236,130,0,0,0,0,100,58,44,9,112,245,0,100.0,0,0.0,False,False,False
51059,2021,365,208,153,4,0,0,0,129,65,47,10,101,254,0,100.0,4,1.095890410958904,False,False,False
51071,2019,344,315,29,0,0,0,0,84,50,40,0,344,0,0,94.24657534246576,0,0.0,False,False,False
51071,2020,342,337,5,0,0,0,0,67,45,36,0,342,0,0,93.44262295081968,0,0.0,False,False,False
51071,2021,358,331,27,0,0,0,0,74,49,38,0,358,0,0,98.08219178082192,0,0.0,False,False,False
51071,2022,358,329,29,0,0,0,0,100,50,38,0,358,0,0,98.08219178082192,0,0.0,False,False,False
51087,2019,363,310,53,0,0,0,0,100,54,38,17,278,64,0,99.45205479452056,0,0.0,False,False,False
51087,2020,366,287,79,0,0,0,0,71,55,41,2,140,223,0,100.0,0,0.0,False,False,False
51087,2021,363,221,141,1,0,0,0,112,61,44,1,111,250,0,99.45205479452056,1,0.2754820936639118,False,False,False
51087,2022,364,235,128,1,0,0,0,112,58,45,2,140,222,0,99.72602739726028,1,0.2747252747252747,False,False,False
51107,2019,337,286,50,1,0,0,0,112,54,38,78,202,57,0,92.32876712328768,1,0.2967359050445104,False,False,False
51107,2020,366,339,26,1,0,0,0,108,48,34,24,285,57,0,100.0,1,0.273224043715847,False,False,False
51107,2021,364,308,55,1,0,0,0,122,54,37,10,298,56,0,99.72602739726028,1,0.2747252747252747,False,False,False
51107,2022,364,328,34,2,0,0,0,112,50,37,16,304,44,0,99.72602739726028,2,0.5494505494505495,False,False,False
51143,2021,335,335,0,0,0,0,0,21,7,3,335,0,0,0,91.78082191780824,0,0.0,True,False,True
51143,2022,363,363,0,0,0,0,0,28,7,3,363,0,0,0,99.45205479452056,0,0.0,True,False,True
51147,2019,358,351,7,0,0,0,0,67,44,35,0,358,0,0,98.08219178082192,0,0.0,False,False,False
51147,2020,361,361,0,0,0,0,0,49,42,30,0,361,0,0,98.63387978142076,0,0.0,False,False,False
51147,2021,356,343,13,0,0,0,0,80,45,33,0,356,0,0,97.53424657534246,0,0.0,False,False,False
51147,2022,347,340,7,0,0,0,0,54,44,34,0,347,0,0,95.06849315068492,0,0.0,False,False,False
51153,2019,364,347,17,0,0,0,0,100,48,36,119,245,0,0,99.72602739726028,0,0.0,False,False,False
51153,2020,364,357,7,0,0,0,0,74,44,32,1,363,0,0,99.4535519125683,0,0.0,False,False,False
51153,2021,359,333,25,1,0,0,0,119,49,35,10,349,0,0,98.35616438356163,1,0.2785515320334262,False,False,False
51153,2022,350,337,13,0,0,0,0,93,46,35,5,345,0,0,95.8904109589041,0,0.0,False,False,False
51161,2019,365,286,79,0,0,0,0,71,55,42,48,145,172,0,100.0,0,0.0,False,False,False
51161,2020,366,277,89,0,0,0,0,72,55,40,3,103,260,0,100.0,0,0.0,False,False,False
51161,2021,365,246,118,1,0,0,0,106,61,43,1,114,249,0,100.0,1,0.273972602739726,False,False,False
51179,2019,260,244,16,0,0,0,0,93,49,39,0,240,0,20,71.23287671232876,0,0.0,False,False,False
51179,2020,362,357,5,0,0,0,0,84,44,32,0,360,0,2,98.90710382513662,0,0.0,False,False,False
51179,2021,358,337,20,1,0,0,0,115,47,35,0,357,0,1,98.08219178082192,1,0.2793296089385474,False,False,False
51179,2022,362,351,11,0,0,0,0,74,44,35,0,361,0,1,99.17808219178085,0,0.0,False,False,False
51197,2019,242,232,10,0,0,0,0,71,48,41,0,242,0,0,66.3013698630137,0,0.0,False,False,False
51197,2020,235,233,2,0,0,0,0,61,45,34,0,235,0,0,64.20765027322405,0,0.0,False,False,False
51197,2021,242,228,14,0,0,0,0,71,49,39,0,242,0,0,66.3013698630137,0,0.0,False,False,False
51197,2022,245,232,13,0,0,0,0,77,47,39,0,245,0,0,67.12328767123287,0,0.0,False,False,False
51760,2019,362,236,126,0,0,0,0,96,58,43,60,0,300,0,99.17808219178085,0,0.0,False,False,False
51760,2020,364,294,70,0,0,0,0,80,54,37,61,0,302,0,99.4535519125683,0,0.0,False,False,False
51760,2021,363,238,124,1,0,0,0,101,58,41,55,0,306,0,99.45205479452056,1,0.2754820936639118,False,False,False
53001,2019,360,339,21,0,0,0,0,89,42,17,0,0,360,0,98.63013698630137,0,0.0,True,False,True
53001,2020,364,345,11,0,5,3,0,266,43,17,0,0,364,0,99.4535519125683,8,2.197802197802198,True,False,True
53001,2021,364,333,24,3,4,0,0,191,45,19,0,0,364,0,99.72602739726028,7,1.9230769230769231,True,False,True
53001,2022,365,327,34,2,2,0,0,162,52,18,0,0,365,0,100.0,4,1.095890410958904,True,False,True
53003,2019,357,250,106,1,0,0,0,125,65,36,0,0,357,0,97.80821917808218,1,0.2801120448179272,False,False,False
53003,2020,350,229,112,2,1,5,1,328,66,38,0,0,350,0,95.62841530054644,9,2.571428571428571,False,False,False
53003,2021,335,176,140,14,4,1,0,233,83,48,0,0,335,0,91.78082191780824,19,5.6716417910447765,False,False,False
53003,2022,358,195,156,3,4,0,0,200,72,46,0,0,358,0,98.08219178082192,7,1.9553072625698324,False,False,False
53005,2019,364,273,91,0,0,0,0,80,59,39,0,152,199,13,99.72602739726028,0,0.0,False,False,False
53005,2020,365,284,69,3,3,1,5,954,58,35,0,107,207,51,99.72677595628416,12,3.287671232876712,False,False,False
53005,2021,365,283,73,6,3,0,0,180,63,36,0,126,187,52,100.0,9,2.4657534246575343,False,False,False
53005,2022,365,278,84,2,1,0,0,151,62,38,0,144,192,29,100.0,3,0.821917808219178,False,False,False
53007,2019,365,258,106,1,0,0,0,102,61,32,0,0,365,0,100.0,1,0.273972602739726,False,False,False
53007,2020,366,274,80,1,6,1,4,817,59,28,0,0,366,0,100.0,12,3.278688524590164,False,False,False
53007,2021,365,279,81,2,3,0,0,195,58,31,0,0,365,0,100.0,5,1.36986301369863,False,False,False
53007,2022,365,246,96,8,13,2,0,290,74,34,0,0,365,0,100.0,23,6.301369863013699,False,False,False
53009,2019,365,285,80,0,0,0,0,73,56,38,0,166,199,0,100.0,0,0.0,False,False,False
53009,2020,366,304,55,1,1,2,3,368,54,37,0,166,200,0,100.0,7,1.912568306010929,False,False,False
53009,2021,365,298,67,0,0,0,0,81,53,37,0,207,158,0,100.0,0,0.0,False,False,False
53009,2022,365,272,91,2,0,0,0,124,58,38,0,186,179,0,100.0,2,0.547945205479452,False,False,False
53011,2019,364,277,86,1,0,0,0,128,63,34,0,127,237,0,99.72602739726028,1,0.2747252747252747,False,False,False
53011,2020,366,272,85,1,0,3,5,874,62,32,0,51,315,0,100.0,9,2.459016393442623,False,False,False
53011,2021,365,308,57,0,0,0,0,98,55,34,0,136,229,0,100.0,0,0.0,False,False,False
53011,2022,365,267,93,2,3,0,0,175,66,36,0,99,266,0,100.0,5,1.36986301369863,False,False,False
53013,2019,365,322,43,0,0,0,0,72,53,22,0,0,365,0,100.0,0,0.0,False,False,False
53013,2020,365,323,34,0,5,3,0,258,52,23,0,18,347,0,99.72677595628416,8,2.191780821917808,False,False,False
53013,2021,365,304,53,3,5,0,0,172,58,39,0,258,107,0,100.0,8,2.191780821917808,False,False,False
53013,2022,365,314,47,4,0,0,0,135,54,37,0,251,114,0,100.0,4,1.095890410958904,False,False,False
53015,2019,360,301,59,0,0,0,0,79,54,24,0,0,360,0,98.63013698630137,0,0.0,False,False,False
53015,2020,366,331,26,1,3,5,0,282,50,21,0,0,366,0,100.0,9,2.459016393442623,False,False,False
53015,2021,365,355,10,0,0,0,0,64,38,21,0,0,365,0,100.0,0,0.0,False,False,False
53015,2022,363,316,45,2,0,0,0,144,54,21,0,0,363,0,99.45205479452056,2,0.5509641873278237,False,False,False
53021,2019,333,288,45,0,0,0,0,74,53,21,0,0,333,0,91.23287671232876,0,0.0,False,False,False
53021,2020,336,313,15,0,5,3,0,284,46,18,0,0,336,0,91.8032786885246,8,2.380952380952381,True,False,True
53021,2021,320,297,23,0,0,0,0,84,45,21,0,0,320,0,87.67123287671232,0,0.0,False,False,False
53021,2022,328,269,56,0,3,0,0,170,55,23,0,0,328,0,89.86301369863014,3,0.9146341463414632,False,False,False
53023,2019,358,330,28,0,0,0,0,67,48,23,0,0,358,0,98.08219178082192,0,0.0,False,False,False
53023,2020,335,305,21,2,5,2,0,252,48,19,0,0,335,0,91.53005464480874,9,2.686567164179104,True,False,True
53023,2021,334,284,44,1,4,1,0,224,62,19,0,0,334,0,91.5068493150685,6,1.7964071856287425,True,False,True
53023,2022,301,263,34,2,2,0,0,161,54,21,0,0,301,0,82.46575342465754,4,1.32890365448505,False,False,False
53025,2019,365,306,59,0,0,0,0,71,54,24,0,0,365,0,100.0,0,0.0,False,False,False
53025,2020,366,325,31,2,4,3,1,316,52,21,0,0,366,0,100.0,10,2.73224043715847,False,False,False
53025,2021,365,310,49,1,4,1,0,202,54,25,0,0,365,0,100.0,6,1.643835616438356,False,False,False
53025,2022,365,279,83,0,3,0,0,165,59,30,0,0,365,0,100.0,3,0.821917808219178,False,False,False
53027,2019,352,327,25,0,0,0,0,62,47,27,0,0,352,0,96.43835616438356,0,0.0,False,False,False
53027,2020,366,330,28,1,2,5,0,242,50,27,0,0,366,0,100.0,8,2.185792349726776,False,False,False
53027,2021,365,347,18,0,0,0,0,82,42,26,0,0,365,0,100.0,0,0.0,False,False,False
53027,2022,365,340,24,1,0,0,0,112,43,22,0,0,365,0,100.0,1,0.273972602739726,False,False,False
53031,2019,365,344,21,0,0,0,0,57,42,26,0,0,365,0,100.0,0,0.0,False,False,False
53031,2020,340,321,11,2,2,4,0,232,43,23,0,0,340,0,92.89617486338798,8,2.3529411764705883,False,False,False
53031,2021,358,352,6,0,0,0,0,79,32,20,0,0,358,0,98.08219178082192,0,0.0,True,False,True
53031,2022,349,327,22,0,0,0,0,90,41,21,0,0,349,0,95.61643835616438,0,0.0,False,False,False
53033,2019,365,208,157,0,0,0,0,90,64,48,19,44,302,0,100.0,0,0.0,False,False,False
53033,2020,366,248,106,3,4,5,0,299,66,43,14,65,287,0,100.0,12,3.278688524590164,False,False,False
53033,2021,365,248,112,3,2,0,0,177,60,43,14,111,240,0,100.0,5,1.36986301369863,False,False,False
53033,2022,365,216,130,14,3,2,0,237,77,46,9,94,262,0,100.0,19,5.205479452054795,False,False,False
53035,2019,340,313,27,0,0,0,0,77,47,24,0,0,340,0,93.15068493150685,0,0.0,False,False,False
53035,2020,361,322,30,3,1,5,0,245,51,23,0,0,361,0,98.63387978142076,9,2.4930747922437675,False,False,False
53035,2021,359,342,16,1,0,0,0,113,44,26,0,0,359,0,98.35616438356163,1,0.2785515320334262,False,False,False
53035,2022,359,306,50,3,0,0,0,143,55,28,0,0,359,0,98.35616438356163,3,0.8356545961002786,False,False,False
53037,2019,365,268,97,0,0,0,0,96,61,31,0,0,365,0,100.0,0,0.0,False,False,False
53037,2020,365,297,57,2,3,2,4,724,59,24,0,0,365,0,99.72677595628416,11,3.0136986301369864,False,False,False
53037,2021,365,303,57,3,2,0,0,173,55,28,0,0,365,0,100.0,5,1.36986301369863,False,False,False
53037,2022,364,259,100,3,2,0,0,164,74,28,0,0,364,0,99.72602739726028,5,1.3736263736263736,False,False,False
53039,2019,365,300,65,0,0,0,0,97,54,27,0,0,365,0,100.0,0,0.0,False,False,False
53039,2020,318,284,25,0,2,0,7,1358,51,22,0,0,318,0,86.88524590163934,9,2.8301886792452837,False,False,False
53041,2019,365,308,57,0,0,0,0,66,54,27,0,0,365,0,100.0,0,0.0,False,False,False
53041,2020,335,314,20,0,0,1,0,258,46,25,0,0,335,0,91.53005464480874,1,0.2985074626865672,False,False,False
53041,2021,350,328,22,0,0,0,0,71,46,23,0,0,350,0,95.8904109589041,0,0.0,False,False,False
53041,2022,365,285,70,7,3,0,0,198,66,26,0,0,365,0,100.0,10,2.73972602739726,False,False,False
53045,2019,361,305,56,0,0,0,0,75,53,28,0,0,361,0,98.9041095890411,0,0.0,False,False,False
53045,2020,357,312,36,2,2,1,4,397,52,23,0,0,357,0,97.54098360655738,9,2.5210084033613445,False,False,False
53045,2021,361,339,22,0,0,0,0,70,43,22,0,0,361,0,98.9041095890411,0,0.0,False,False,False
53045,2022,365,302,60,3,0,0,0,125,58,23,0,0,365,0,100.0,3,0.821917808219178,False,False,False
53047,2019,365,209,156,0,0,0,0,91,68,42,0,0,365,0,100.0,0,0.0,False,False,False
53047,2020,366,196,157,1,6,2,4,618,74,47,0,0,366,0,100.0,13,3.551912568306011,False,False,False
53047,2021,365,146,193,5,8,11,2,354,86,54,0,0,365,0,100.0,26,7.123287671232877,True,True,False
53047,2022,365,175,185,4,0,1,0,248,73,52,0,0,365,0,100.0,5,1.36986301369863,False,False,False
53051,2021,360,255,96,3,6,0,0,196,59,35,0,0,360,0,98.63013698630137,9,2.5,False,False,False
53051,2022,234,207,27,0,0,0,0,81,52,26,0,0,234,0,64.10958904109589,0,0.0,False,False,False
53053,2019,365,234,129,2,0,0,0,142,67,44,6,133,226,0,100.0,2,0.547945205479452,False,False,False
53053,2020,366,256,99,4,3,4,0,256,66,42,6,197,163,0,100.0,11,3.0054644808743167,False,False,False
53053,2021,365,269,96,0,0,0,0,94,61,42,2,200,163,0,100.0,0,0.0,False,False,False
53053,2022,365,239,115,9,2,0,0,178,70,44,1,186,178,0,100.0,11,3.0136986301369864,False,False,False
53057,2019,365,340,25,0,0,0,0,59,46,29,0,63,302,0,100.0,0,0.0,False,False,False
53057,2020,272,266,6,0,0,0,0,57,39,21,0,17,255,0,74.31693989071039,0,0.0,False,False,False
53057,2021,314,296,17,1,0,0,0,101,46,28,0,60,254,0,86.02739726027397,1,0.3184713375796179,False,False,False
53057,2022,365,313,47,4,1,0,0,183,52,33,0,124,241,0,100.0,5,1.36986301369863,False,False,False
53061,2019,364,227,136,1,0,0,0,114,71,40,0,0,364,0,99.72602739726028,1,0.2747252747252747,False,False,False
53061,2020,366,234,122,3,3,4,0,250,68,40,0,0,366,0,100.0,10,2.73224043715847,False,False,False
53061,2021,365,248,114,3,0,0,0,137,63,35,0,0,365,0,100.0,3,0.821917808219178,False,False,False
53061,2022,362,210,129,13,6,3,1,362,78,39,0,0,362,0,99.17808219178085,23,6.353591160220995,False,False,False
53063,2019,365,258,106,1,0,0,0,107,64,42,0,131,218,16,100.0,1,0.273972602739726,False,False,False
53063,2020,366,286,73,0,1,2,4,785,58,36,0,102,248,16,100.0,7,1.912568306010929,False,False,False
53063,2021,365,242,114,3,6,0,0,195,67,43,0,125,236,4,100.0,9,2.4657534246575343,False,False,False
53063,2022,365,254,105,3,3,0,0,185,66,40,0,135,223,7,100.0,6,1.643835616438356,False,False,False
53065,2019,365,223,141,1,0,0,0,146,67,36,0,0,335,30,100.0,1,0.273972602739726,False,False,False
53065,2020,366,219,138,1,2,2,4,957,66,42,0,0,354,12,100.0,9,2.459016393442623,False,False,False
53065,2021,365,203,146,6,8,2,0,223,74,44,0,0,338,27,100.0,16,4.383561643835616,False,False,False
53065,2022,365,208,149,7,1,0,0,153,72,43,0,0,331,34,100.0,8,2.191780821917808,False,False,False
53067,2019,365,290,75,0,0,0,0,74,58,33,0,134,231,0,100.0,0,0.0,False,False,False
53067,2020,366,316,43,0,3,4,0,242,53,28,0,118,248,0,100.0,7,1.912568306010929,False,False,False
53067,2021,329,309,20,0,0,0,0,63,41,19,0,0,329,0,90.13698630136986,0,0.0,True,False,True
53067,2022,348,309,36,1,2,0,0,157,51,28,0,130,218,0,95.34246575342463,3,0.8620689655172413,False,False,False
53071,2019,365,299,66,0,0,0,0,94,56,23,0,0,235,130,100.0,0,0.0,False,False,False
53071,2020,366,297,60,0,1,2,6,855,55,26,0,0,201,165,100.0,9,2.459016393442623,False,False,False
53071,2021,365,309,51,3,2,0,0,172,55,24,0,0,220,145,100.0,5,1.36986301369863,False,False,False
53071,2022,365,292,70,2,1,0,0,152,59,25,0,0,288,77,100.0,3,0.821917808219178,False,False,False
53073,2019,363,334,29,0,0,0,0,66,47,29,0,127,236,0,99.45205479452056,0,0.0,False,False,False
53073,2020,366,341,16,2,4,3,0,237,44,24,0,120,246,0,100.0,9,2.459016393442623,False,False,False
53073,2021,332,323,7,2,0,0,0,129,42,28,0,155,177,0,90.95890410958904,2,0.6024096385542169,False,False,False
53073,2022,343,294,40,3,5,1,0,243,56,32,0,196,147,0,93.97260273972604,9,2.623906705539359,False,False,False
53075,2019,365,324,41,0,0,0,0,71,51,24,0,0,365,0,100.0,0,0.0,False,False,False
53075,2020,366,335,23,1,5,2,0,237,47,19,0,0,366,0,100.0,8,2.185792349726776,True,False,True
53075,2021,365,310,45,5,4,1,0,218,58,22,0,0,365,0,100.0,10,2.73972602739726,False,False,False
53075,2022,365,306,55,0,4,0,0,190,56,24,0,0,365,0,100.0,4,1.095890410958904,False,False,False
53077,2019,365,178,177,10,0,0,0,127,79,51,0,0,363,2,100.0,10,2.73972602739726,False,False,False
53077,2020,366,198,153,6,2,3,4,743,79,46,0,0,366,0,100.0,15,4.098360655737705,False,False,False
53077,2021,365,175,163,12,14,1,0,210,90,52,0,0,362,3,100.0,27,7.397260273972603,True,True,False
53077,2022,365,178,181,5,1,0,0,158,82,51,0,0,365,0,100.0,6,1.643835616438356,False,False,False
54003,2019,278,233,43,2,0,0,0,127,54,40,0,201,77,0,76.16438356164383,2,0.7194244604316548,False,False,False
54003,2020,278,244,34,0,0,0,0,95,52,38,0,205,73,0,75.95628415300546,0,0.0,False,False,False
54003,2021,273,214,59,0,0,0,0,93,60,40,0,189,84,0,74.79452054794521,0,0.0,False,False,False
54003,2022,275,230,45,0,0,0,0,88,54,38,0,189,86,0,75.34246575342466,0,0.0,False,False,False
54009,2019,360,287,72,1,0,0,0,112,56,19,0,0,119,241,98.63013698630137,1,0.2777777777777778,True,False,True
54009,2020,366,318,48,0,0,0,0,78,52,18,0,0,121,245,100.0,0,0.0,True,False,True
54009,2021,362,295,67,0,0,0,0,83,56,21,0,0,122,240,99.17808219178085,0,0.0,False,False,False
54009,2022,363,321,42,0,0,0,0,76,52,18,0,0,121,242,99.45205479452056,0,0.0,True,False,True
54011,2019,275,233,42,0,0,0,0,71,53,40,0,199,76,0,75.34246575342466,0,0.0,False,False,False
54011,2020,284,252,32,0,0,0,0,100,51,37,0,208,76,0,77.59562841530054,0,0.0,False,False,False
54011,2021,283,232,51,0,0,0,0,87,55,38,0,193,90,0,77.53424657534246,0,0.0,False,False,False
54011,2022,282,247,35,0,0,0,0,93,54,39,0,211,71,0,77.26027397260275,0,0.0,False,False,False
54029,2019,303,257,46,0,0,0,0,93,54,40,0,216,48,39,83.01369863013699,0,0.0,False,False,False
54029,2020,307,262,44,1,0,0,0,133,54,37,0,195,67,45,83.87978142076503,1,0.3257328990228013,False,False,False
54029,2021,364,286,78,0,0,0,0,93,61,38,0,194,81,89,99.72602739726028,0,0.0,False,False,False
54029,2022,365,317,48,0,0,0,0,100,53,34,0,206,78,81,100.0,0,0.0,False,False,False
54039,2019,365,262,103,0,0,0,0,93,58,44,0,201,143,0,100.0,0,0.0,False,False,False
54039,2020,366,287,79,0,0,0,0,85,55,41,0,162,204,0,100.0,0,0.0,False,False,False
54039,2021,365,239,126,0,0,0,0,97,64,44,0,116,249,0,100.0,0,0.0,False,False,False
54039,2022,353,253,100,0,0,0,0,90,57,41,0,127,225,0,96.7123287671233,0,0.0,False,False,False
54051,2021,353,140,212,1,0,0,0,121,74,53,0,0,353,0,96.7123287671233,1,0.28328611898017,False,False,False
54051,2022,361,162,199,0,0,0,0,99,70,52,0,0,361,0,98.9041095890411,0,0.0,False,False,False
54061,2019,277,237,40,0,0,0,0,74,54,41,0,200,77,0,75.89041095890411,0,0.0,False,False,False
54061,2020,274,248,26,0,0,0,0,90,50,39,0,213,61,0,74.86338797814209,0,0.0,False,False,False
54061,2021,282,225,57,0,0,0,0,80,58,39,0,200,82,0,77.26027397260275,0,0.0,False,False,False
54061,2022,280,250,30,0,0,0,0,77,51,37,0,213,67,0,76.71232876712328,0,0.0,False,False,False
54069,2019,283,226,57,0,0,0,0,71,57,42,0,211,72,0,77.53424657534246,0,0.0,False,False,False
54069,2020,274,232,41,1,0,0,0,101,54,40,0,201,73,0,74.86338797814209,1,0.364963503649635,False,False,False
54069,2021,285,223,62,0,0,0,0,78,58,39,0,196,89,0,78.08219178082192,0,0.0,False,False,False
54069,2022,283,247,36,0,0,0,0,70,52,37,0,201,82,0,77.53424657534246,0,0.0,False,False,False
54107,2019,277,231,46,0,0,0,0,87,56,40,0,211,66,0,75.89041095890411,0,0.0,False,False,False
54107,2020,283,250,33,0,0,0,0,80,52,37,0,203,80,0,77.3224043715847,0,0.0,False,False,False
54107,2021,271,221,50,0,0,0,0,76,54,38,0,182,89,0,74.24657534246575,0,0.0,False,False,False
54107,2022,281,242,38,1,0,0,0,108,52,39,0,207,74,0,76.98630136986301,1,0.3558718861209964,False,False,False
55003,2019,364,332,32,0,0,0,0,81,50,35,0,263,101,0,99.72602739726028,0,0.0,False,False,False
55003,2020,366,336,30,0,0,0,0,72,48,34,0,244,122,0,100.0,0,0.0,False,False,False
55003,2021,365,282,79,3,1,0,0,160,58,37,0,214,151,0,100.0,4,1.095890410958904,False,False,False
55003,2022,364,334,30,0,0,0,0,74,48,36,0,256,108,0,99.72602739726028,0,0.0,False,False,False
55009,2019,361,265,96,0,0,0,0,97,58,40,0,120,241,0,98.9041095890411,0,0.0,False,False,False
55009,2020,366,261,104,1,0,0,0,119,59,39,0,127,239,0,100.0,1,0.273224043715847,False,False,False
55009,2021,365,231,131,3,0,0,0,125,67,43,0,107,258,0,100.0,3,0.821917808219178,False,False,False
55009,2022,359,262,95,2,0,0,0,112,59,40,0,115,244,0,98.35616438356163,2,0.5571030640668524,False,False,False
55021,2019,192,184,8,0,0,0,0,71,46,37,0,192,0,0,52.602739726027394,0,0.0,False,False,False
55021,2020,203,187,12,4,0,0,0,115,48,38,0,203,0,0,55.46448087431693,4,1.9704433497536944,False,False,False
55021,2021,208,181,27,0,0,0,0,100,54,40,0,208,0,0,56.98630136986301,0,0.0,False,False,False
55021,2022,202,191,11,0,0,0,0,80,46,38,0,202,0,0,55.342465753424655,0,0.0,False,False,False
55025,2019,365,239,126,0,0,0,0,93,64,43,0,111,254,0,100.0,0,0.0,False,False,False
55025,2020,366,222,142,2,0,0,0,112,63,44,0,104,262,0,100.0,2,0.546448087431694,False,False,False
55025,2021,365,199,165,1,0,0,0,101,68,48,0,98,267,0,100.0,1,0.273972602739726,False,False,False
55025,2022,365,236,129,0,0,0,0,91,62,45,0,93,271,1,100.0,0,0.0,False,False,False
55027,2019,365,257,107,1,0,0,0,122,61,42,0,209,156,0,100.0,1,0.273972602739726,False,False,False
55027,2020,366,247,117,2,0,0,0,136,61,42,0,168,196,2,100.0,2,0.546448087431694,False,False,False
55027,2021,365,216,149,0,0,0,0,99,68,46,0,171,194,0,100.0,0,0.0,False,False,False
55027,2022,365,266,99,0,0,0,0,93,60,42,0,183,182,0,100.0,0,0.0,False,False,False
55029,2019,201,191,9,1,0,0,0,112,47,35,0,201,0,0,55.06849315068493,1,0.4975124378109453,False,False,False
55029,2020,205,184,17,4,0,0,0,150,51,36,0,205,0,0,56.01092896174863,4,1.951219512195122,False,False,False
55029,2021,206,173,30,3,0,0,0,126,61,39,0,206,0,0,56.43835616438356,3,1.4563106796116505,False,False,False
55029,2022,205,176,24,5,0,0,0,147,71,36,0,205,0,0,56.16438356164384,5,2.4390243902439024,False,False,False
55035,2019,363,268,95,0,0,0,0,90,60,39,0,121,242,0,99.45205479452056,0,0.0,False,False,False
55035,2020,366,256,110,0,0,0,0,93,59,42,0,128,238,0,100.0,0,0.0,False,False,False
55035,2021,362,212,145,4,1,0,0,154,67,44,0,98,263,1,99.17808219178085,5,1.3812154696132597,False,False,False
55035,2022,365,268,97,0,0,0,0,81,58,41,0,117,248,0,100.0,0,0.0,False,False,False
55039,2019,202,195,7,0,0,0,0,100,47,36,0,202,0,0,55.342465753424655,0,0.0,False,False,False
55039,2020,205,194,9,2,0,0,0,115,46,36,0,205,0,0,56.01092896174863,2,0.975609756097561,False,False,False
55039,2021,208,178,30,0,0,0,0,90,54,39,0,208,0,0,56.98630136986301,0,0.0,False,False,False
55039,2022,203,193,9,1,0,0,0,108,48,36,0,203,0,0,55.61643835616439,1,0.4926108374384236,False,False,False
55041,2019,363,308,55,0,0,0,0,97,53,36,0,252,111,0,99.45205479452056,0,0.0,False,False,False
55041,2020,366,311,55,0,0,0,0,93,54,36,0,221,145,0,100.0,0,0.0,False,False,False
55041,2021,361,282,75,3,1,0,0,165,59,38,0,221,140,0,98.9041095890411,4,1.10803324099723,False,False,False
55041,2022,363,321,42,0,0,0,0,77,52,37,0,256,107,0,99.45205479452056,0,0.0,False,False,False
55043,2019,365,255,109,1,0,0,0,104,62,39,0,0,365,0,100.0,1,0.273972602739726,False,False,False
55043,2020,361,235,126,0,0,0,0,84,60,40,0,0,361,0,98.63387978142076,0,0.0,False,False,False
55043,2021,355,200,155,0,0,0,0,96,64,46,0,0,355,0,97.26027397260276,0,0.0,False,False,False
55043,2022,359,241,118,0,0,0,0,80,58,39,0,0,359,0,98.35616438356163,0,0.0,False,False,False
55053,2021,237,187,50,0,0,0,0,97,57,31,0,0,237,0,64.93150684931507,0,0.0,False,False,False
55053,2022,359,298,60,1,0,0,0,118,54,30,0,0,359,0,98.35616438356163,1,0.2785515320334262,False,False,False
55055,2019,203,191,12,0,0,0,0,100,48,37,0,203,0,0,55.61643835616439,0,0.0,False,False,False
55055,2020,210,189,17,4,0,0,0,136,51,38,0,210,0,0,57.377049180327866,4,1.9047619047619049,False,False,False
55055,2021,208,178,29,1,0,0,0,101,61,40,0,208,0,0,56.98630136986301,1,0.4807692307692308,False,False,False
55055,2022,200,185,15,0,0,0,0,87,49,38,0,200,0,0,54.7945205479452,0,0.0,False,False,False
55059,2019,365,248,115,2,0,0,0,119,65,44,0,190,175,0,100.0,2,0.547945205479452,False,False,False
55059,2020,361,238,112,10,1,0,0,197,67,43,0,188,173,0,98.63387978142076,11,3.0470914127423825,False,False,False
55059,2021,344,197,136,11,0,0,0,136,74,47,0,168,176,0,94.24657534246576,11,3.1976744186046515,False,False,False
55059,2022,365,236,124,4,1,0,0,164,69,44,0,187,178,0,100.0,5,1.36986301369863,False,False,False
55061,2019,210,199,11,0,0,0,0,90,45,36,0,210,0,0,57.53424657534247,0,0.0,False,False,False
55061,2020,207,195,12,0,0,0,0,97,47,34,0,207,0,0,56.55737704918032,0,0.0,False,False,False
55061,2021,207,170,35,2,0,0,0,108,61,40,0,207,0,0,56.71232876712329,2,0.966183574879227,False,False,False
55061,2022,201,172,25,3,1,0,0,161,61,39,0,201,0,0,55.06849315068493,4,1.9900497512437807,False,False,False
55063,2019,365,274,91,0,0,0,0,85,62,39,0,147,218,0,100.0,0,0.0,False,False,False
55063,2020,364,255,109,0,0,0,0,93,59,42,0,128,236,0,99.4535519125683,0,0.0,False,False,False
55063,2021,365,240,124,1,0,0,0,110,64,43,0,115,250,0,100.0,1,0.273972602739726,False,False,False
55063,2022,365,271,94,0,0,0,0,85,57,41,0,115,250,0,100.0,0,0.0,False,False,False
55071,2019,202,187,15,0,0,0,0,100,48,36,0,202,0,0,55.342465753424655,0,0.0,False,False,False
55071,2020,192,169,19,4,0,0,0,136,58,36,0,192,0,0,52.459016393442624,4,2.083333333333333,False,False,False
55071,2021,207,174,30,3,0,0,0,119,64,39,0,207,0,0,56.71232876712329,3,1.4492753623188406,False,False,False
55071,2022,198,167,25,4,2,0,0,182,71,38,0,198,0,0,54.24657534246575,6,3.0303030303030303,False,False,False
55073,2019,205,196,9,0,0,0,0,84,47,34,0,205,0,0,56.16438356164384,0,0.0,False,False,False
55073,2020,199,193,6,0,0,0,0,74,45,31,0,199,0,0,54.37158469945356,0,0.0,False,False,False
55073,2021,200,191,9,0,0,0,0,87,49,36,0,200,0,0,54.7945205479452,0,0.0,False,False,False
55073,2022,205,197,8,0,0,0,0,64,46,35,0,205,0,0,56.16438356164384,0,0.0,False,False,False
55079,2019,365,205,157,3,0,0,0,105,68,47,5,119,239,2,100.0,3,0.821917808219178,False,False,False
55079,2020,366,204,157,4,1,0,0,169,67,46,4,130,232,0,100.0,5,1.366120218579235,False,False,False
55079,2021,365,162,196,7,0,0,0,129,72,52,3,118,241,3,100.0,7,1.9178082191780823,False,False,False
55079,2022,365,192,167,6,0,0,0,143,70,49,1,126,234,4,100.0,6,1.643835616438356,False,False,False
55081,2021,265,216,49,0,0,0,0,94,56,32,0,0,265,0,72.6027397260274,0,0.0,False,False,False
55081,2022,364,295,68,1,0,0,0,132,54,32,0,0,364,0,99.72602739726028,1,0.2747252747252747,False,False,False
55087,2019,365,258,105,2,0,0,0,119,63,41,0,115,250,0,100.0,2,0.547945205479452,False,False,False
55087,2020,366,254,110,2,0,0,0,126,60,40,0,131,235,0,100.0,2,0.546448087431694,False,False,False
55087,2021,363,226,134,3,0,0,0,139,66,44,0,100,263,0,99.45205479452056,3,0.8264462809917356,False,False,False
55087,2022,365,241,123,1,0,0,0,122,60,43,0,105,260,0,100.0,1,0.273972602739726,False,False,False
55089,2019,363,271,89,3,0,0,0,108,61,40,0,173,190,0,99.45205479452056,3,0.8264462809917356,False,False,False
55089,2020,365,269,91,4,1,0,0,164,62,40,0,167,198,0,99.72677595628416,5,1.36986301369863,False,False,False
55089,2021,364,241,116,7,0,0,0,129,67,43,0,160,204,0,99.72602739726028,7,1.9230769230769231,False,False,False
55089,2022,307,228,74,4,1,0,0,159,64,41,0,156,151,0,84.10958904109589,5,1.6286644951140066,False,False,False
55101,2019,203,174,28,1,0,0,0,115,58,39,0,203,0,0,55.61643835616439,1,0.4926108374384236,False,False,False
55101,2020,199,162,29,7,1,0,0,172,67,38,0,199,0,0,54.37158469945356,8,4.0201005025125625,False,False,False
55101,2021,210,149,53,8,0,0,0,126,80,43,0,210,0,0,57.53424657534247,8,3.8095238095238098,False,False,False
55101,2022,202,165,34,2,1,0,0,164,67,40,0,202,0,0,55.342465753424655,3,1.4851485148514851,False,False,False
55105,2019,203,185,18,0,0,0,0,77,50,38,0,203,0,0,55.61643835616439,0,0.0,False,False,False
55105,2020,210,192,15,3,0,0,0,105,49,38,0,210,0,0,57.377049180327866,3,1.4285714285714286,False,False,False
55105,2021,205,173,32,0,0,0,0,100,61,41,0,205,0,0,56.16438356164384,0,0.0,False,False,False
55105,2022,202,184,18,0,0,0,0,97,50,39,0,202,0,0,55.342465753424655,0,0.0,False,False,False
55111,2019,365,281,83,1,0,0,0,107,59,39,0,124,241,0,100.0,1,0.273972602739726,False,False,False
55111,2020,366,264,101,1,0,0,0,112,59,41,0,124,242,0,100.0,1,0.273224043715847,False,False,False
55111,2021,365,236,129,0,0,0,0,96,65,44,0,110,255,0,100.0,0,0.0,False,False,False
55111,2022,360,265,95,0,0,0,0,79,58,41,0,124,236,0,98.63013698630137,0,0.0,False,False,False
55117,2019,206,180,24,2,0,0,0,108,61,38,0,206,0,0,56.43835616438356,2,0.9708737864077668,False,False,False
55117,2020,207,170,31,4,2,0,0,159,74,39,0,207,0,0,56.55737704918032,6,2.898550724637681,False,False,False
55117,2021,208,164,39,5,0,0,0,126,74,41,0,208,0,0,56.98630136986301,5,2.403846153846154,False,False,False
55117,2022,203,172,24,6,1,0,0,177,74,40,0,203,0,0,55.61643835616439,7,3.4482758620689653,False,False,False
55125,2019,362,320,42,0,0,0,0,91,52,31,0,156,206,0,99.17808219178085,0,0.0,False,False,False
55125,2020,366,327,39,0,0,0,0,84,51,33,0,166,200,0,100.0,0,0.0,False,False,False
55125,2021,363,297,63,3,0,0,0,148,57,34,0,158,205,0,99.45205479452056,3,0.8264462809917356,False,False,False
55125,2022,363,329,34,0,0,0,0,68,50,33,0,160,203,0,99.45205479452056,0,0.0,False,False,False
55127,2019,205,189,15,1,0,0,0,112,49,37,0,205,0,0,56.16438356164384,1,0.4878048780487805,False,False,False
55127,2020,198,180,14,4,0,0,0,136,50,39,0,198,0,0,54.09836065573771,4,2.0202020202020203,False,False,False
55127,2021,221,184,36,1,0,0,0,101,61,41,0,221,0,0,60.54794520547945,1,0.4524886877828055,False,False,False
55127,2022,200,181,16,3,0,0,0,105,50,39,0,200,0,0,54.7945205479452,3,1.5,False,False,False
55133,2019,365,211,153,1,0,0,0,115,64,45,0,81,284,0,100.0,1,0.273972602739726,False,False,False
55133,2020,359,214,143,2,0,0,0,129,64,44,0,110,249,0,98.08743169398907,2,0.5571030640668524,False,False,False
55133,2021,365,177,184,4,0,0,0,108,71,51,0,89,275,1,100.0,4,1.095890410958904,False,False,False
55133,2022,363,215,144,4,0,0,0,126,63,47,0,95,267,1,99.45205479452056,4,1.1019283746556474,False,False,False
56001,2019,365,245,120,0,0,0,0,90,61,47,0,327,4,34,100.0,0,0.0,False,False,False
56001,2020,366,251,106,7,2,0,0,187,71,46,0,285,13,68,100.0,9,2.459016393442623,False,False,False
56001,2021,365,193,158,13,0,0,1,312,84,50,3,277,18,67,100.0,14,3.8356164383561646,False,False,False
56001,2022,365,225,136,2,2,0,0,159,67,48,16,275,5,69,100.0,4,1.095890410958904,False,False,False
56003,2019,356,344,12,0,0,0,0,77,46,36,0,356,0,0,97.53424657534246,0,0.0,False,False,False
56003,2020,359,349,8,2,0,0,0,126,46,38,0,359,0,0,98.08743169398907,2,0.5571030640668524,False,False,False
56003,2021,364,324,39,1,0,0,0,101,51,39,0,364,0,0,99.72602739726028,1,0.2747252747252747,False,False,False
56003,2022,362,356,6,0,0,0,0,64,46,38,0,362,0,0,99.17808219178085,0,0.0,False,False,False
56005,2019,365,301,63,1,0,0,0,111,56,41,1,215,21,128,100.0,1,0.273972602739726,False,False,False
56005,2020,366,247,116,3,0,0,0,124,68,44,1,195,4,166,100.0,3,0.819672131147541,False,False,False
56005,2021,365,218,131,16,0,0,0,143,87,44,0,184,29,152,100.0,16,4.383561643835616,True,True,False
56005,2022,365,210,146,7,1,0,1,584,74,48,0,131,38,196,100.0,9,2.4657534246575343,False,False,False
56007,2019,364,325,38,1,0,0,0,112,51,43,13,351,0,0,99.72602739726028,1,0.2747252747252747,False,False,False
56007,2020,304,304,0,0,0,0,0,31,21,8,304,0,0,0,83.06010928961749,0,0.0,True,False,True
56007,2021,348,348,0,0,0,0,0,37,20,10,348,0,0,0,95.34246575342463,0,0.0,True,False,True
56007,2022,361,361,0,0,0,0,0,27,18,9,361,0,0,0,98.9041095890411,0,0.0,True,False,True
56009,2019,365,314,50,1,0,0,0,101,53,41,3,312,10,40,100.0,1,0.273972602739726,False,False,False
56009,2020,366,302,60,4,0,0,0,129,61,42,0,269,18,79,100.0,4,1.092896174863388,False,False,False
56009,2021,365,274,87,4,0,0,0,119,70,42,0,310,0,55,100.0,4,1.095890410958904,False,False,False
56009,2022,365,314,51,0,0,0,0,90,54,40,1,298,0,66,100.0,0,0.0,False,False,False
56013,2019,365,291,73,1,0,0,0,122,60,45,0,335,30,0,100.0,1,0.273972602739726,False,False,False
56013,2020,366,282,78,5,1,0,0,161,60,45,0,312,50,4,100.0,6,1.639344262295082,False,False,False
56013,2021,365,240,117,8,0,0,0,141,77,46,0,289,73,3,100.0,8,2.191780821917808,False,False,False
56013,2022,365,254,111,0,0,0,0,100,61,46,0,282,78,5,100.0,0,0.0,False,False,False
56019,2019,364,345,19,0,0,0,0,80,49,40,1,356,0,7,99.72602739726028,0,0.0,False,False,False
56019,2020,364,337,27,0,0,0,0,93,50,40,2,355,0,7,99.4535519125683,0,0.0,False,False,False
56019,2021,365,304,54,7,0,0,0,126,64,40,2,358,0,5,100.0,7,1.9178082191780823,False,False,False
56019,2022,365,350,14,1,0,0,0,101,48,39,1,353,0,11,100.0,1,0.273972602739726,False,False,False
56021,2019,365,296,69,0,0,0,0,74,58,43,4,320,25,16,100.0,0,0.0,False,False,False
56021,2020,366,313,48,3,2,0,0,159,58,39,4,279,65,18,100.0,5,1.366120218579235,False,False,False
56021,2021,364,261,92,11,0,0,0,126,77,44,2,320,40,0,99.72602739726028,11,3.021978021978022,False,False,False
56021,2022,363,297,66,0,0,0,0,90,58,42,1,313,46,2,99.45205479452056,0,0.0,False,False,False
56023,2019,365,364,1,0,0,0,0,56,27,12,0,0,0,365,100.0,0,0.0,True,False,True
56023,2020,366,357,9,0,0,0,0,71,34,15,0,0,0,366,100.0,0,0.0,True,False,True
56023,2021,365,297,62,6,0,0,0,126,67,30,5,126,31,203,100.0,6,1.643835616438356,False,False,False
56023,2022,365,321,43,1,0,0,0,118,51,43,8,327,9,21,100.0,1,0.273972602739726,False,False,False
56025,2019,364,327,37,0,0,0,0,74,51,42,1,357,6,0,99.72602739726028,0,0.0,False,False,False
56025,2020,366,316,46,4,0,0,0,124,54,42,3,332,31,0,100.0,4,1.092896174863388,False,False,False
56025,2021,365,282,77,6,0,0,0,125,71,42,2,333,30,0,100.0,6,1.643835616438356,False,False,False
56025,2022,365,317,48,0,0,0,0,97,54,42,0,353,12,0,100.0,0,0.0,False,False,False
56029,2019,307,292,15,0,0,0,0,80,47,38,3,261,40,3,84.10958904109589,0,0.0,False,False,False
56029,2022,344,314,30,0,0,0,0,83,47,20,0,0,344,0,94.24657534246576,0,0.0,True,False,True
56031,2020,224,202,20,1,0,1,0,283,50,19,0,0,0,224,61.20218579234973,2,0.8928571428571428,True,False,True
56031,2021,362,324,28,2,3,1,4,682,51,16,0,0,0,362,99.17808219178085,10,2.7624309392265194,True,False,True
56031,2022,355,311,29,8,3,0,4,692,54,17,0,0,0,355,97.26027397260276,15,4.225352112676056,True,False,True
56033,2019,365,315,50,0,0,0,0,90,54,39,0,299,39,27,100.0,0,0.0,False,False,False
56033,2020,366,334,32,0,0,0,0,100,48,40,0,327,37,2,100.0,0,0.0,False,False,False
56033,2021,364,302,55,7,0,0,0,115,67,40,0,299,45,20,99.72602739726028,7,1.9230769230769231,False,False,False
56033,2022,365,270,95,0,0,0,0,90,58,44,0,220,143,2,100.0,0,0.0,False,False,False
56035,2019,365,265,89,8,3,0,0,200,71,46,0,358,7,0,100.0,11,3.0136986301369864,False,False,False
56035,2020,366,289,72,4,1,0,0,151,63,45,0,344,22,0,100.0,5,1.366120218579235,False,False,False
56035,2021,365,253,105,7,0,0,0,133,77,46,0,342,23,0,100.0,7,1.9178082191780823,False,False,False
56035,2022,365,301,63,1,0,0,0,105,54,45,0,355,10,0,100.0,1,0.273972602739726,False,False,False
56037,2019,365,258,104,3,0,0,0,133,64,46,3,318,9,35,100.0,3,0.821917808219178,False,False,False
56037,2020,366,235,119,7,4,0,1,1334,76,46,5,248,14,99,100.0,12,3.278688524590164,False,False,False
56037,2021,365,238,117,9,1,0,0,195,83,45,2,286,24,53,100.0,10,2.73972602739726,False,False,False
56037,2022,365,285,78,1,1,0,0,157,61,44,1,308,7,49,100.0,2,0.547945205479452,False,False,False
56039,2019,365,323,42,0,0,0,0,87,51,44,0,353,11,1,100.0,0,0.0,False,False,False
56039,2020,366,312,42,7,5,0,0,165,57,43,0,315,51,0,100.0,12,3.278688524590164,False,False,False
56039,2021,365,277,78,10,0,0,0,131,72,44,0,318,45,2,100.0,10,2.73972602739726,False,False,False
56039,2022,365,332,33,0,0,0,0,100,50,43,1,327,37,0,100.0,0,0.0,False,False,False
56041,2019,365,315,49,1,0,0,0,101,58,44,1,360,0,4,100.0,1,0.273972602739726,False,False,False
56041,2020,366,323,41,2,0,0,0,122,51,40,2,225,0,139,100.0,2,0.546448087431694,False,False,False
56041,2021,364,361,3,0,0,0,0,60,25,7,0,0,0,364,99.72602739726028,0,0.0,True,False,True
56041,2022,365,363,2,0,0,0,0,55,17,7,0,0,0,365,100.0,0,0.0,True,False,True
56045,2019,360,335,25,0,0,0,0,71,49,40,0,360,0,0,98.63013698630137,0,0.0,False,False,False
56045,2020,353,323,29,1,0,0,0,119,49,40,0,353,0,0,96.448087431694,1,0.28328611898017,False,False,False
56045,2021,343,282,61,0,0,0,0,100,64,41,0,343,0,0,93.97260273972604,0,0.0,False,False,False
56045,2022,363,344,19,0,0,0,0,64,48,40,0,363,0,0,99.45205479452056,0,0.0,False,False,False
