CountyFIPS,Year,Population,Log_Population,Smoking_AdjPrev,Complete_4_Years,is_extreme_smoking,is_extreme_population
1003,2019,223234,5.3487603411967575,19.9,True,False,False
1003,2020,229287,5.360379432015966,16.9,True,False,False
1003,2021,239294,5.3789318093549365,15.0,True,False,False
1003,2022,253507,5.40398995585634,13.3,True,False,False
1033,2019,55241,4.74226153179202,21.5,False,False,False
1049,2019,71513,4.854384997256603,25.0,True,False,False
1049,2020,71658,4.855264682687404,23.0,True,False,False
1049,2021,71813,4.8562030698302365,22.2,True,False,False
1049,2022,72569,4.860751138549722,19.9,True,False,False
1051,2019,81209,4.909604162661628,20.4,True,False,False
1051,2020,82158,4.914649858540343,18.6,True,False,False
1051,2021,89304,4.95087091173314,16.8,True,False,False
1051,2022,90441,4.956365355664486,15.1,True,False,False
1055,2019,102268,5.009739762769156,23.5,True,False,False
1055,2020,102371,5.010176945665998,20.6,True,False,False
1055,2021,103162,5.013519753207506,19.4,True,False,False
1055,2022,103241,5.013852202500837,18.1,True,False,False
1069,2019,105882,5.024822136074347,21.7,False,False,False
1073,2019,658573,5.81860392165166,17.6,True,False,False
1073,2020,655342,5.816468002205684,16.1,True,False,False
1073,2021,667820,5.824659421246614,16.4,True,False,False
1073,2022,662895,5.821444743288764,14.1,True,False,False
1089,2019,372909,5.571602865000272,16.1,True,False,False
1089,2020,379453,5.579157990759224,15.7,True,False,False
1089,2021,395211,5.596829023903489,13.8,True,False,False
1089,2022,412600,5.615529223637132,12.0,True,False,False
1097,2019,413210,5.616170823235452,21.4,True,False,False
1097,2020,412716,5.615651305749275,20.4,True,False,False
1097,2021,413073,5.616026808788668,18.9,True,False,False
1097,2022,411640,5.614517569528736,15.7,True,False,False
1101,2019,226486,5.35504136171017,20.1,True,False,False
1101,2020,224639,5.351485157154445,17.2,True,False,False
1101,2021,227434,5.35685538958925,17.6,True,False,False
1101,2022,224980,5.352143912441583,14.8,True,False,False
1103,2019,119679,5.07801795170775,20.6,True,False,False
1103,2020,119883,5.078757602367898,20.7,True,False,False
1103,2021,123668,5.092257337290431,18.9,True,False,False
1103,2022,125133,5.097371856679516,16.3,True,False,False
1113,2019,57961,4.763135869737982,21.7,True,False,False
1113,2020,58237,4.765198994790501,21.5,True,False,False
1113,2021,58722,4.768800838702498,20.2,True,False,False
1113,2022,58744,4.768963515199759,18.1,True,False,False
1117,2019,217702,5.337862418866423,15.3,True,False,False
1117,2020,221428,5.345232537394635,13.7,True,False,False
1117,2021,226902,5.355838323937539,12.7,True,False,False
1117,2022,233000,5.367355921026019,10.6,True,False,False
1125,2019,209355,5.320883337553396,20.2,True,False,False
1125,2020,210758,5.323784068658176,18.2,True,False,False
1125,2021,227007,5.356039249327488,17.4,True,False,False
1125,2022,237373,5.375431318587105,15.0,True,False,False
2020,2019,288000,5.459392487759231,15.3,True,False,False
2020,2020,287095,5.458025628960043,15.6,True,False,False
2020,2021,288121,5.45957491344093,14.9,True,False,False
2020,2022,286075,5.456479906611818,14.1,True,False,False
2050,2019,18386,4.264487255780689,34.9,False,True,False
2090,2019,96849,4.986095140834954,17.6,True,False,False
2090,2020,95651,4.980689514794174,15.9,True,False,False
2090,2021,95593,4.980426091306664,16.0,True,False,False
2090,2022,94840,4.97699154530615,14.3,True,False,False
2110,2019,31974,4.504796970624556,15.1,True,False,False
2110,2020,31849,4.503095800837778,14.7,True,False,False
2110,2021,31973,4.504783387673614,14.5,True,False,False
2110,2022,31555,4.4990681845107945,13.8,True,False,False
2170,2019,108317,5.0346966230777,19.8,True,False,False
2170,2020,110213,5.042232824055506,18.6,True,False,False
2170,2021,110686,5.044092693080626,19.3,True,False,False
2170,2022,115239,5.061599480983191,17.0,True,False,False
4001,2019,71887,4.856650359941603,23.9,True,False,False
4001,2020,71875,4.856577857697687,26.2,True,False,False
4001,2021,65623,4.81705608057097,27.3,True,False,False
4001,2022,65036,4.8131538223869255,23.1,True,False,False
4003,2019,125922,5.10010161290306,17.6,True,False,False
4003,2020,127450,5.105339839805287,17.5,True,False,False
4003,2021,126050,5.100542850012465,16.5,True,False,False
4003,2022,124640,5.095657440328489,13.4,True,False,False
4005,2019,143476,5.156779260378176,18.1,True,False,False
4005,2020,142481,5.15375695455287,17.8,True,False,False
4005,2021,145052,5.161523721301218,16.2,True,False,False
4005,2022,144472,5.159783684990139,12.9,True,False,False
4007,2019,54018,4.732538500528158,19.8,True,False,False
4007,2020,54303,4.73482382309632,23.2,True,False,False
4007,2021,53589,4.729075652947064,20.4,True,False,False
4007,2022,54003,4.7324178866240025,16.7,True,False,False
4012,2019,21108,4.324447085505086,19.5,True,False,False
4012,2020,21480,4.332034277027518,21.3,True,False,False
4012,2021,16408,4.21505564736031,19.7,True,False,False
4012,2022,16710,4.222976449893391,16.7,True,False,False
4013,2019,4485414,6.651802534251383,14.3,True,False,True
4013,2020,4579081,6.660778325891074,14.6,True,False,True
4013,2021,4496588,6.652883097146884,14.0,True,False,True
4013,2022,4585871,6.66142183391417,11.0,True,False,True
4015,2019,212181,5.326706491890512,21.0,True,False,False
4015,2020,217206,5.336871817836243,21.0,True,False,False
4015,2021,217692,5.337842469373229,19.8,True,False,False
4015,2022,223682,5.349631037224925,17.1,True,False,False
4017,2019,110924,5.045025522162633,20.7,True,False,False
4017,2020,112112,5.0496521001495,23.6,True,False,False
4017,2021,108147,5.034014476604361,21.9,True,False,False
4017,2022,109175,5.038123200593378,19.5,True,False,False
4019,2019,1047279,6.020062395164168,14.3,True,False,True
4019,2020,1061175,6.025787009977894,15.8,True,False,True
4019,2021,1052030,6.022028124464763,15.1,True,False,True
4019,2022,1063162,6.02659944546925,11.3,True,False,True
4021,2019,462789,5.665383027686636,17.4,True,False,False
4021,2020,480828,5.681989749950223,18.7,True,False,False
4021,2021,449557,5.652784764403072,17.2,True,False,False
4021,2022,484239,5.685059764045644,12.7,True,False,False
4023,2019,46498,4.667434273155681,14.5,True,False,False
4023,2020,46808,4.670320085102662,15.0,True,False,False
4023,2021,47883,4.680181352315623,14.8,True,False,False
4023,2022,49158,4.69159420524304,12.0,True,False,False
4025,2019,235099,5.37125078184546,17.2,True,False,False
4025,2020,240226,5.3806200099172266,17.4,True,False,False
4025,2021,242253,5.384269163949339,16.6,True,False,False
4025,2022,249081,5.396340600640217,12.9,True,False,False
4027,2019,213787,5.329981293015334,15.1,True,False,False
4027,2020,217824,5.338105728924504,16.4,True,False,False
4027,2021,206990,5.315949364540375,15.7,True,False,False
4027,2022,213221,5.328829975846958,13.7,True,False,False
5019,2019,22320,4.348694190265541,20.5,True,False,False
5019,2020,22103,4.344451223686138,21.3,True,False,False
5019,2021,21321,4.32880757016209,20.1,True,False,False
5019,2022,21274,4.327849154905208,17.4,True,False,False
5035,2019,47955,4.680833895327369,23.9,True,False,False
5035,2020,47616,4.677752909529766,22.3,True,False,False
5035,2021,47525,4.676922125537481,24.1,True,False,False
5035,2022,47139,4.673380365225038,18.8,True,False,False
5113,2019,19964,4.300247561194085,24.5,True,False,False
5113,2020,19707,4.294620516587421,24.2,True,False,False
5113,2021,19353,4.2867482966137125,24.2,True,False,False
5113,2022,19436,4.288606890390969,19.4,True,False,False
5119,2019,391911,5.593187453251661,19.6,True,False,False
5119,2020,392980,5.594370448312677,18.2,True,False,False
5119,2021,397821,5.599687704739647,18.9,True,False,False
5119,2022,400009,5.602069762843876,13.6,True,False,False
5139,2019,38682,4.5875089205947495,21.4,False,False,False
5143,2019,239187,5.378737571713992,18.6,True,False,False
5143,2020,243216,5.385992141666258,18.9,True,False,False
5143,2021,250057,5.398039016527445,17.9,True,False,False
5143,2022,261549,5.417553063895811,14.2,True,False,False
6001,2019,1671329,6.223061948888258,10.0,True,False,True
6001,2020,1662323,6.220715413845445,9.9,True,False,True
6001,2021,1648556,6.217103704332013,9.2,True,False,True
6001,2022,1622188,6.210101184419676,9.2,True,False,True
6005,2019,39752,4.599358983737476,14.2,True,False,False
6005,2020,40083,4.602960218714666,14.4,True,False,False
6005,2021,41259,4.6155186977102085,13.3,True,False,False
6005,2022,41811,4.6212905547613286,12.4,True,False,False
6007,2019,219186,5.340812811140254,14.6,True,False,False
6007,2020,212744,5.327857320560921,15.3,True,False,False
6007,2021,208309,5.318708034066321,14.6,True,False,False
6007,2022,207172,5.316331058663902,13.9,True,False,False
6009,2019,45905,4.66185999172781,15.0,True,False,False
6009,2020,46308,4.665656024619022,14.6,True,False,False
6009,2021,46221,4.664839337287267,14.7,True,False,False
6009,2022,46565,4.668059607290941,13.9,True,False,False
6011,2019,21547,4.333386811659532,13.5,True,False,False
6011,2020,21558,4.333608467588293,14.2,True,False,False
6011,2021,21917,4.340781107631172,14.4,True,False,False
6011,2022,22037,4.343152471662257,13.5,True,False,False
6013,2019,1153526,6.062027387785828,10.0,True,False,True
6013,2020,1152333,6.061577999195165,10.0,True,False,True
6013,2021,1161413,6.064986682896433,9.6,True,False,True
6013,2022,1155025,6.062591384439891,9.3,True,False,True
6015,2019,27812,4.4442322207135785,17.6,True,False,False
6015,2020,27968,4.446661410954309,17.6,True,False,False
6015,2021,28100,4.44870631990508,17.4,True,False,False
6015,2022,26589,4.424702004023985,15.1,True,False,False
6017,2019,192843,5.285203879050917,12.3,True,False,False
6017,2020,192925,5.285388508921991,11.9,True,False,False
6017,2021,193221,5.286054325436068,11.2,True,False,False
6017,2022,192215,5.283787275960191,10.6,True,False,False
6019,2019,999101,5.999609393656899,14.3,True,False,True
6019,2020,1000918,6.000398499451112,14.2,True,False,True
6019,2021,1013581,6.005858460919884,13.9,True,False,True
6019,2022,1017162,6.00739012706543,13.4,True,False,True
6021,2019,28393,4.453211282438223,15.2,True,False,False
6021,2020,28283,4.45152547352459,15.8,True,False,False
6021,2021,28805,4.4594678795625455,15.7,True,False,False
6021,2022,28129,4.449154293053878,14.2,True,False,False
6023,2019,135558,5.132125152704649,15.4,True,False,False
6023,2020,134977,5.130259771279629,15.8,True,False,False
6023,2021,136310,5.134527717797338,15.6,True,False,False
6023,2022,133985,5.127056180589668,15.0,True,False,False
6025,2019,181215,5.258194143382776,13.3,True,False,False
6025,2020,180267,5.255916231272498,14.0,True,False,False
6025,2021,179851,5.254912856907238,14.2,True,False,False
6025,2022,179057,5.252991303856433,13.3,True,False,False
6027,2019,18039,4.2562124585651615,13.6,True,False,False
6027,2020,18046,4.256380953031641,13.9,True,False,False
6027,2021,18970,4.278067330888662,13.1,True,False,False
6027,2022,18527,4.267805101513972,12.4,True,False,False
6029,2019,900202,5.954339973485818,15.1,True,False,True
6029,2020,901362,5.954899244950644,15.1,True,False,True
6029,2021,917673,5.962687953973589,16.1,True,False,True
6029,2022,913820,5.96086065885712,14.7,True,False,True
6031,2019,152940,5.184521085852911,14.3,True,False,False
6031,2020,152692,5.183816283638807,15.0,True,False,False
6031,2021,153443,5.185947080902639,15.1,True,False,False
6031,2022,152682,5.183787840190311,15.0,True,False,False
6033,2019,64386,4.808791445252275,16.5,True,False,False
6033,2020,64479,4.809418293408548,16.9,True,False,False
6033,2021,68766,4.837373762913333,16.3,True,False,False
6033,2022,67878,4.831729037508926,15.6,True,False,False
6037,2019,10039107,7.001695083105738,10.9,True,False,True
6037,2020,9943046,6.997519448617174,10.5,True,False,True
6037,2021,9829544,6.992533371049099,11.0,True,False,True
6037,2022,9663345,6.985127484964335,11.3,True,False,True
6039,2019,157327,5.196803261369422,14.1,True,False,False
6039,2020,157761,5.197999650469255,15.4,True,False,False
6039,2021,159410,5.202515561781529,15.7,True,False,False
6039,2022,162858,5.211809097076632,14.9,True,False,False
6041,2019,258826,5.413007900626364,9.5,True,False,False
6041,2020,257332,5.410493795379768,8.8,True,False,False
6041,2021,260206,5.415317306587014,8.9,True,False,False
6041,2022,254407,5.405529056738756,8.4,True,False,False
6043,2019,17203,4.2356041893398375,14.8,True,False,False
6043,2020,17160,4.234517283512687,14.5,True,False,False
6043,2021,17147,4.234188147853202,13.7,True,False,False
6043,2022,16919,4.228374690421907,13.3,True,False,False
6045,2019,86749,4.938264477157608,14.8,True,False,False
6045,2020,86061,4.934806388132299,15.0,True,False,False
6045,2021,91305,4.96049456080869,15.1,True,False,False
6045,2022,89108,4.949916696179288,14.7,True,False,False
6047,2019,277680,5.443544600663356,14.4,True,False,False
6047,2020,279252,5.445996292211473,15.0,True,False,False
6047,2021,286461,5.45706550365869,15.2,True,False,False
6047,2022,291920,5.465263850356592,14.5,True,False,False
6051,2019,14444,4.159687479754789,12.9,True,False,False
6051,2020,14534,4.162385155857241,12.6,True,False,False
6051,2021,13247,4.122117536313263,12.4,True,False,False
6051,2022,13066,4.116142653853793,11.6,True,False,False
6053,2019,434061,5.637550766613451,12.0,True,False,False
6053,2020,430906,5.634382541312201,12.4,True,False,False
6053,2021,437325,5.640804304812744,12.4,True,False,False
6053,2022,430723,5.634198063093888,12.1,True,False,False
6055,2019,137744,5.139072690473783,10.8,False,False,False
6055,2020,135965,5.133427127023717,11.1,False,False,False
6057,2019,99755,4.998934672960174,12.4,True,False,False
6057,2020,99606,4.998285499953895,12.2,True,False,False
6057,2021,103487,5.014885797301504,12.0,True,False,False
6057,2022,102037,5.008757681390137,11.5,True,False,False
6059,2019,3175692,6.501838374993465,10.4,True,False,True
6059,2020,3166857,6.500628453168864,10.5,True,False,True
6059,2021,3167809,6.500758988338322,9.7,True,False,True
6059,2022,3135755,6.496342123430572,9.3,True,False,True
6061,2019,398329,5.600241925996315,11.0,True,False,False
6061,2020,402950,5.605251160108172,10.4,True,False,False
6061,2021,412300,5.615213334801359,10.2,True,False,False
6061,2022,423561,5.626915964975244,9.6,True,False,False
6063,2019,18807,4.274319524558622,14.0,True,False,False
6063,2020,18967,4.277998644200288,13.9,True,False,False
6063,2021,19915,4.299180310745347,13.9,True,False,False
6063,2022,19131,4.281737671706917,13.7,True,False,False
6065,2019,2470546,6.392792944588593,12.5,True,False,True
6065,2020,2489188,6.39605769864927,13.0,True,False,True
6065,2021,2458395,6.390651663960567,12.4,True,False,True
6065,2022,2492442,6.39662506091628,11.6,True,False,True
6067,2019,1552058,6.190907946696196,13.3,True,False,True
6067,2020,1559146,6.192886784865248,12.6,True,False,True
6067,2021,1588921,6.201102304937416,12.7,True,False,True
6067,2022,1584288,6.199834132708997,11.8,True,False,True
6069,2019,62808,4.798014964351487,11.7,True,False,False
6069,2020,64055,4.80655303552734,11.8,True,False,False
6069,2021,66677,4.823976051372591,11.0,True,False,False
6069,2022,68175,4.833625146613668,10.8,True,False,False
6071,2019,2180085,6.338473426774929,13.2,True,False,True
6071,2020,2189183,6.340282066989717,13.5,True,False,True
6071,2021,2194710,6.341377142473202,12.5,True,False,True
6071,2022,2195611,6.341555397928184,12.4,True,False,True
6073,2019,3338330,6.5235292652657,11.0,True,False,True
6073,2020,3332427,6.522760644554187,10.9,True,False,True
6073,2021,3286069,6.516676678394428,10.6,True,False,True
6073,2022,3269973,6.514544166727741,10.1,True,False,True
6075,2019,881549,5.945246457121077,9.3,True,False,True
6075,2020,866606,5.937821691573351,9.0,True,False,True
6075,2021,815201,5.9112647037439725,8.9,True,False,True
6075,2022,808988,5.907942079619152,8.8,True,False,True
6077,2019,762148,5.882039314308294,13.9,True,False,True
6077,2020,767967,5.885342558539559,13.9,True,False,True
6077,2021,789410,5.897302623601568,13.1,True,False,True
6077,2022,800965,5.903613539006875,12.7,True,False,True
6079,2019,283111,5.451956743778711,11.9,True,False,False
6079,2020,282249,5.4506324119070095,11.6,True,False,False
6079,2021,283159,5.452030369911761,11.7,True,False,False
6079,2022,281639,5.44969279362359,11.3,True,False,False
6081,2019,766573,5.884553518600159,9.2,True,False,True
6081,2020,758308,5.879845637731951,8.7,True,False,True
6081,2021,737888,5.86799044763163,8.1,True,False,True
6081,2022,726353,5.861147734603024,8.0,True,False,False
6083,2019,446499,5.6498204905594624,11.7,True,False,False
6083,2020,444766,5.648131580334878,11.7,True,False,False
6083,2021,446475,5.649797145943453,12.0,True,False,False
6083,2022,441257,5.644691607998734,11.6,True,False,False
6085,2019,1927852,6.285073690329023,8.7,True,False,True
6085,2020,1907105,6.28037460477398,8.4,True,False,True
6085,2021,1885508,6.275428379408563,7.4,True,False,True
6085,2022,1877592,6.273601226162726,8.2,True,False,True
6087,2019,273213,5.436501360067851,11.4,True,False,False
6087,2020,269925,5.431243110044611,11.4,True,False,False
6087,2021,267792,5.427797598785957,11.2,True,False,False
6087,2022,261547,5.417549742941478,10.7,True,False,False
6089,2019,180080,5.255465481992464,16.1,True,False,False
6089,2020,179027,5.252918534146043,15.4,True,False,False
6089,2021,182139,5.260402947834015,14.8,True,False,False
6089,2022,180366,5.256154673981781,14.1,True,False,False
6093,2019,43539,4.63887844998139,15.6,True,False,False
6093,2020,43245,4.635935901443889,16.1,True,False,False
6093,2021,44118,4.644615816355384,16.0,True,False,False
6093,2022,42905,4.632507906307724,15.2,True,False,False
6095,2019,447643,5.65093179761896,11.9,True,False,False
6095,2020,446935,5.650244366098431,11.9,True,False,False
6095,2021,451716,5.654865473755208,11.4,True,False,False
6095,2022,449218,5.652457149958196,11.3,True,False,False
6097,2019,494336,5.694022239091244,11.4,True,False,False
6097,2020,489819,5.690035627328334,11.8,True,False,False
6097,2021,485887,5.6865352795861766,11.0,True,False,False
6097,2022,481812,5.682877612326673,10.8,True,False,False
6099,2019,550660,5.7408835304304295,14.2,True,False,False
6099,2020,550081,5.740426644517734,14.4,True,False,False
6099,2021,552999,5.742724345961345,14.4,True,False,False
6099,2022,551430,5.741490389771279,13.6,True,False,False
6101,2019,96971,4.98664187423491,14.7,True,False,False
6101,2020,96385,4.984009451702538,14.3,True,False,False
6101,2021,99063,4.995911475914936,14.4,True,False,False
6101,2022,97948,4.990995572563205,14.1,True,False,False
6103,2019,65084,4.813474236405938,16.6,True,False,False
6103,2020,64494,4.8095193132694165,16.5,True,False,False
6103,2021,65498,4.816228038889112,16.0,True,False,False
6103,2022,64896,4.812217928981204,15.5,True,False,False
6105,2019,12285,4.0893751608161,17.4,True,False,False
6105,2020,12216,4.086929024048365,17.8,True,False,False
6105,2021,16060,4.205745540942663,18.0,True,False,False
6105,2022,15670,4.19506899646859,17.7,True,False,False
6107,2019,466195,5.668567611346604,14.9,True,False,False
6107,2020,468680,5.670876421250182,15.6,True,False,False
6107,2021,477054,5.6785675416704215,14.7,True,False,False
6107,2022,479468,5.680759627383279,14.2,True,False,False
6109,2019,54478,4.736221155349159,15.0,True,False,False
6109,2020,54515,4.736516016421845,13.9,True,False,False
6109,2021,55810,4.74671202251666,13.2,True,False,False
6109,2022,54204,4.734031336609019,12.9,True,False,False
6111,2019,846006,5.92737344313081,10.6,True,False,True
6111,2020,841387,5.924995797588417,11.1,True,False,True
6111,2021,839784,5.924167595977194,10.8,True,False,True
6111,2022,829590,5.918863508362911,10.5,True,False,True
6113,2019,220500,5.343408593803857,12.2,True,False,False
6113,2020,219728,5.341885402713267,12.2,True,False,False
6113,2021,216986,5.336431713945819,11.4,True,False,False
6113,2022,220544,5.3434952470958965,11.1,True,False,False
8001,2019,517421,5.713844050973184,15.0,True,False,False
8001,2020,519883,5.715905616381643,14.4,True,False,False
8001,2021,522140,5.717786964832727,15.3,True,False,False
8001,2022,533365,5.727024513405627,13.2,True,False,False
8005,2019,656590,5.8172942640499,13.1,True,False,False
8005,2020,657452,5.8178640508559525,13.1,True,False,False
8005,2021,654900,5.816174990428801,12.9,True,False,False
8005,2022,656061,5.816944221588706,10.4,True,False,False
8007,2019,14029,4.147026715222231,14.2,True,False,False
8007,2020,14196,4.152165990675555,14.0,True,False,False
8007,2021,13790,4.139564266175849,14.4,True,False,False
8007,2022,14189,4.151951788707265,12.1,True,False,False
8013,2019,326196,5.513478631172133,11.1,True,False,False
8013,2020,327171,5.514774801423062,11.3,True,False,False
8013,2021,329543,5.517912090991635,11.0,True,False,False
8013,2022,326831,5.514323242751529,9.4,True,False,False
8019,2019,9700,3.9867717342662448,13.7,True,False,False
8019,2020,9586,3.981637424655769,12.6,True,False,False
8019,2021,9446,3.975247941240681,11.6,True,False,False
8019,2022,9147,3.961278679085043,9.9,True,False,False
8029,2019,31162,4.493625323233193,19.4,False,False,False
8029,2020,31067,4.492299317421358,19.5,False,False,False
8029,2021,31661,4.500524627760176,18.2,False,False,False
8031,2019,727211,5.861660439525201,13.2,True,False,False
8031,2020,735538,5.866605114540101,13.6,True,False,False
8031,2021,711463,5.852152319299209,12.6,True,False,False
8031,2022,716577,5.855262864486822,10.2,True,False,False
8035,2019,351154,5.545497619834844,9.8,True,False,False
8035,2020,360750,5.557206339765532,9.3,True,False,False
8035,2021,368990,5.567014596501425,8.9,True,False,False
8035,2022,383906,5.584224899683252,7.6,True,False,False
8041,2019,720403,5.857575512699318,14.2,True,False,False
8041,2020,728310,5.862316273039543,14.9,True,False,False
8041,2021,737867,5.867978087606938,13.7,True,False,True
8041,2022,744215,5.871698419181319,10.9,True,False,True
8045,2019,60061,4.778592558813119,14.5,True,False,False
8045,2020,60366,4.780792399383683,15.0,True,False,False
8045,2021,62161,4.793517992456123,14.0,True,False,False
8045,2022,62707,4.797316023951698,12.0,True,False,False
8047,2020,6235,3.7948364578145615,12.5,False,False,False
8047,2021,5873,3.768860000842957,12.2,False,False,False
8047,2022,5926,3.772761647144032,10.7,False,False,False
8051,2019,17462,4.242093983883883,13.6,True,False,False
8051,2020,17593,4.245339902695324,12.7,True,False,False
8051,2021,17281,4.237568870198198,12.5,True,False,False
8051,2022,17321,4.238572961696629,10.2,True,False,False
8057,2022,1309,3.116939646550756,16.8,False,False,False
8059,2019,582881,5.7655798989810645,13.5,True,False,False
8059,2020,583283,5.765879318940248,11.8,True,False,False
8059,2021,579581,5.763114139859165,12.5,True,False,False
8059,2022,576366,5.760698353738236,9.9,True,False,False
8067,2019,56221,4.749898566113462,14.2,True,False,False
8067,2020,56564,4.752540113598297,14.0,True,False,False
8067,2021,56250,4.7501225267834,13.5,True,False,False
8067,2022,56407,4.7513330024360485,11.9,True,False,False
8069,2019,356899,5.552545331101947,13.9,True,False,False
8069,2020,360428,5.556818521966138,13.0,True,False,False
8069,2021,362533,5.559347544881088,12.5,True,False,False
8069,2022,370771,5.5691057582866295,10.2,True,False,False
8077,2019,154210,5.188112537165025,17.9,True,False,False
8077,2020,155603,5.192017965859878,16.5,True,False,False
8077,2021,157335,5.196825344467197,16.4,True,False,False
8077,2022,159681,5.203253243714852,13.2,True,False,False
8083,2019,26183,4.418019405728941,18.4,True,False,False
8083,2020,26408,4.421735511322255,18.4,True,False,False
8083,2021,26175,4.41788669035088,17.8,True,False,False
8083,2022,26531,4.423753619612828,15.2,True,False,False
8099,2019,12172,4.08536194368613,16.5,True,False,False
8099,2020,12106,4.083000669576533,18.7,True,False,False
8099,2021,11996,4.07903645708749,18.5,True,False,False
8099,2022,11751,4.070074826267528,15.6,True,False,False
8101,2021,169622,5.229482179636299,16.8,False,False,False
8101,2022,169422,5.228969804213312,14.2,False,False,False
8103,2019,6324,3.8009918612601714,17.3,True,False,False
8103,2020,6342,3.80222623769107,17.4,True,False,False
8103,2021,6476,3.811306840081336,17.6,True,False,False
8103,2022,6569,3.8174992618677583,13.3,True,False,False
8107,2019,25638,4.40888414320084,13.5,True,False,False
8107,2020,25560,4.407560849486362,12.6,True,False,False
8107,2021,25091,4.399517970434873,11.9,True,False,False
8107,2022,25064,4.399050381873649,10.0,True,False,False
8113,2019,8179,3.91270020819086,11.8,True,False,False
8113,2020,8105,3.908753019184534,12.1,True,False,False
8113,2021,8074,3.907088745074296,11.9,True,False,False
8113,2022,7868,3.8958643512472992,9.4,True,False,False
8123,2019,324492,5.511203994206702,14.8,True,False,False
8123,2020,333983,5.523724361440038,13.9,True,False,False
8123,2021,340036,5.531524898729587,14.4,True,False,False
8123,2022,359442,5.555628822084377,12.6,True,False,False
9001,2019,943332,5.974664566960404,10.9,False,False,True
9001,2020,942426,5.974247259086457,10.5,False,False,True
9001,2021,959768,5.98216626585573,11.3,False,False,True
9003,2019,891720,5.950228507353124,13.2,False,False,True
9003,2020,889226,5.949012152510365,15.0,False,False,True
9003,2021,896854,5.952721749448629,13.2,False,False,True
9005,2019,180333,5.256075207623722,14.0,False,False,False
9005,2020,179610,5.254330512865347,15.6,False,False,False
9005,2021,185000,5.267171728403014,12.7,False,False,False
9007,2019,162436,5.210682286411963,13.2,False,False,False
9007,2020,161657,5.208594514982544,14.2,False,False,False
9007,2021,164759,5.216849147354544,12.3,False,False,False
9009,2019,854757,5.931842666121368,15.0,False,False,True
9009,2020,851948,5.930413087721806,15.4,False,False,True
9009,2021,863700,5.9363629195977445,14.8,False,False,True
9011,2019,265206,5.423583345288598,13.6,False,False,False
9011,2020,264999,5.423244235086615,15.5,False,False,False
9011,2021,268805,5.429437342701036,14.7,False,False,False
9013,2019,150721,5.178173766904755,13.6,False,False,False
9013,2020,150600,5.177824971864681,13.5,False,False,False
9013,2021,150293,5.176938753493304,13.4,False,False,False
9015,2019,116782,5.067375908674526,17.3,False,False,False
9015,2020,116540,5.066475013754132,17.7,False,False,False
9015,2021,116418,5.066020134062204,16.8,False,False,False
10001,2019,180786,5.257164795839777,18.9,True,False,False
10001,2020,183643,5.263974378805395,20.0,True,False,False
10001,2021,184149,5.265169364811018,18.0,True,False,False
10001,2022,189789,5.278271037502546,14.0,True,False,False
10003,2019,558753,5.747219867916186,15.4,True,False,False
10003,2020,561531,5.749373737012985,14.8,True,False,False
10003,2021,571708,5.757174269407812,13.8,True,False,False
10003,2022,578592,5.76237242450748,11.8,True,False,False
10005,2019,234225,5.369633247621898,17.5,True,False,False
10005,2020,241635,5.383159840569778,16.4,True,False,False
10005,2021,247527,5.393622578265388,15.0,True,False,False
10005,2022,263509,5.420795452882864,14.6,True,False,False
11001,2019,705749,5.848650271452624,14.2,True,False,False
11001,2020,712816,5.852977439392628,12.3,True,False,False
11001,2021,670050,5.826107211527519,11.3,True,False,False
11001,2022,678972,5.8318518648604325,9.5,True,False,False
12001,2019,269043,5.429821696992357,16.1,False,False,False
12001,2020,271218,5.433318509093485,16.4,False,False,False
12001,2022,285994,5.456356921960424,12.7,False,False,False
12005,2019,174705,5.242305334526925,22.1,False,False,False
12005,2020,171322,5.233813135674882,20.8,False,False,False
12005,2022,190769,5.280507803162833,14.7,False,False,False
12009,2019,601942,5.779554646916536,18.0,False,False,False
12009,2020,608459,5.784231319339032,16.8,False,False,False
12009,2022,643979,5.808871705352325,13.0,False,False,False
12011,2019,1952778,6.290652873674381,14.9,False,False,True
12011,2020,1958105,6.2918359763833305,15.8,False,False,True
12011,2022,1962531,6.292816525556198,11.8,False,False,True
12021,2019,384902,5.5853501677501045,15.6,False,False,False
12021,2020,392973,5.594362712324969,15.2,False,False,False
12021,2022,404310,5.606714483087596,11.2,False,False,False
12023,2019,71686,4.855434347907406,25.9,False,False,False
12023,2020,72654,4.861259529578378,23.6,False,False,False
12023,2022,73063,4.8636975005709,18.6,False,False,False
12031,2019,957755,5.981254427913525,19.0,False,False,True
12031,2020,966728,5.985304297541258,18.5,False,False,True
12031,2022,1030822,6.013183678773555,14.0,False,False,True
12033,2019,318316,5.502858468772026,19.6,False,False,False
12033,2020,322364,5.50834653600429,19.7,False,False,False
12033,2022,326928,5.514452117658196,14.8,False,False,False
12035,2019,115081,5.061003627050361,20.7,False,False,False
12035,2020,118451,5.073538731522682,19.4,False,False,False
12035,2022,131439,5.118724246287216,13.0,False,False,False
12047,2019,14428,4.159206133646325,27.6,False,True,False
12047,2020,14521,4.161996525422446,29.4,False,True,False
12047,2022,13471,4.129399836135896,21.5,False,False,False
12055,2019,106221,5.026210385695786,20.9,False,False,False
12055,2020,106639,5.027916063857808,21.2,False,False,False
12055,2022,107614,5.031868774371578,15.9,False,False,False
12057,2019,1471968,6.167898368714468,16.1,False,False,True
12057,2020,1497957,6.17549934678751,16.2,False,False,True
12057,2022,1535564,6.186267921897688,12.1,False,False,True
12061,2019,159923,5.203910928128727,18.1,False,False,False
12061,2020,162518,5.210901469116419,19.5,False,False,False
12061,2022,169795,5.229924897307338,12.6,False,False,False
12069,2019,367118,5.564805678726345,19.3,False,False,False
12069,2020,375492,5.574600688629491,18.8,False,False,False
12069,2022,424462,5.62783881606639,12.9,False,False,False
12071,2019,770577,5.8868160421514775,17.2,False,False,True
12071,2020,790767,5.898048537200889,17.3,False,False,True
12071,2022,834573,5.921464330362884,12.6,False,False,True
12073,2019,293582,5.467729424744322,16.6,False,False,False
12073,2020,295460,5.470498693490922,17.6,False,False,False
12073,2022,296913,5.472629213105189,12.9,False,False,False
12081,2019,403253,5.605577607006069,17.1,False,False,False
12081,2020,411219,5.614073172632463,17.7,False,False,False
12081,2022,441095,5.644532134893082,13.1,False,False,False
12083,2019,365579,5.56298124054631,21.4,False,False,False
12083,2020,373513,5.572305721894424,20.8,False,False,False
12083,2022,409959,5.612740425099928,15.7,False,False,False
12085,2019,161000,5.20682587603185,17.0,False,False,False
12085,2020,162088,5.209750863542574,17.1,False,False,False
12085,2022,163315,5.213026075233021,12.3,False,False,False
12086,2019,2716940,6.434080047708786,13.6,False,False,True
12086,2020,2707303,6.432536864512261,14.9,False,False,True
12086,2022,2686867,6.429246169374866,11.4,False,False,True
12089,2019,88625,4.947556248191123,18.8,False,False,False
12091,2019,210738,5.323742854081313,18.0,False,False,False
12091,2020,212820,5.328012438855587,17.9,False,False,False
12095,2019,1393452,6.144092013240088,15.3,False,False,True
12095,2020,1404396,6.147489583837745,15.9,False,False,True
12095,2022,1471416,6.167735474197937,11.9,False,False,True
12097,2019,375751,5.5749001450644124,15.6,False,False,False
12097,2020,385315,5.585815916073542,17.0,False,False,False
12097,2022,437784,5.641259885055831,11.7,False,False,False
12099,2019,1496770,6.17515506994557,14.9,False,False,True
12099,2020,1507600,6.178286128777567,16.3,False,False,True
12099,2022,1533801,6.185769016582876,11.8,False,False,True
12101,2019,553947,5.743468214712845,21.1,False,False,False
12101,2020,570412,5.756188653377757,21.5,False,False,False
12101,2022,632996,5.801400965651768,13.7,False,False,False
12103,2019,974996,5.989002833973931,18.9,False,False,True
12103,2020,976802,5.989806540154756,18.7,False,False,True
12103,2022,961596,5.982992648105482,12.7,False,False,True
12105,2019,724777,5.860204403030273,18.4,False,False,False
12105,2020,744552,5.871895034558879,19.6,False,False,True
12105,2022,818330,5.912928472715429,14.8,False,False,True
12107,2019,74521,4.872278674076701,27.2,False,False,False
12107,2020,74815,4.873988680272648,27.1,False,False,False
12107,2022,75955,4.880556368072875,21.7,False,False,False
12111,2019,328297,5.516266914135375,18.1,False,False,False
12111,2020,337186,5.527869534372134,19.2,False,False,False
12111,2022,373586,5.572390592834634,13.9,False,False,False
12113,2019,184313,5.265555968041395,19.4,False,False,False
12113,2020,189139,5.276781088540652,20.3,False,False,False
12113,2022,203162,5.307842479529116,13.2,False,False,False
12115,2019,433742,5.637231477682744,17.2,False,False,False
12115,2020,443465,5.646859349293597,15.9,False,False,False
12115,2022,469013,5.671184880561606,11.7,False,False,False
12117,2019,471826,5.67378186903243,13.5,False,False,False
12117,2020,474171,5.675934989277124,14.3,False,False,False
12117,2022,484271,5.685088462610297,10.8,False,False,False
12127,2019,553284,5.742948111363291,20.8,False,False,False
12127,2020,561497,5.749347440228952,20.0,False,False,False
12127,2022,590357,5.771114717136782,14.3,False,False,False
12129,2019,33739,4.528132206263837,20.9,False,False,False
12129,2020,34319,4.535534624724186,21.1,False,False,False
12129,2022,36449,4.56168561768995,15.0,False,False,False
13021,2019,153159,5.18514252210566,22.5,True,False,False
13021,2020,152737,5.183944256109182,20.4,True,False,False
13021,2021,156762,5.195240795654642,19.8,True,False,False
13021,2022,156512,5.194547641141188,17.3,True,False,False
13051,2019,289430,5.461543544610252,18.1,True,False,False
13051,2020,289463,5.461593058831078,16.4,True,False,False
13051,2021,296329,5.471774155441164,16.2,True,False,False
13051,2022,303655,5.482380436634382,13.7,True,False,False
13055,2019,24789,4.394259007476107,27.3,True,False,False
13055,2020,24843,4.3952040393618494,26.5,True,False,False
13055,2021,24932,4.396757118219961,24.6,True,False,False
13055,2022,25222,4.401779521353841,21.6,True,False,False
13059,2019,128331,5.108331578453746,18.8,True,False,False
13059,2020,127795,5.106513862313081,18.5,True,False,False
13059,2021,128711,5.109615664504674,16.3,True,False,False
13059,2022,129933,5.113719465913559,14.4,True,False,False
13067,2019,760141,5.880894157862699,14.0,True,False,True
13067,2020,762944,5.882492661960745,13.0,True,False,True
13067,2021,766802,5.884683236949675,11.9,True,False,True
13067,2022,776743,5.890277348087203,10.3,True,False,True
13073,2019,156714,5.195107795773986,15.9,True,False,False
13073,2020,160377,5.205142085336518,14.1,True,False,False
13073,2021,159639,5.203138998641915,12.9,True,False,False
13073,2022,165162,5.217910133246651,11.8,True,False,False
13089,2019,759297,5.880411683973769,14.7,True,False,True
13089,2020,762009,5.8819601007716935,13.8,True,False,True
13089,2021,757718,5.879507604271761,13.2,True,False,True
13089,2022,762992,5.882519984384671,11.4,True,False,True
13095,2019,87956,4.9442654706043045,23.3,True,False,False
13095,2020,86477,4.936900614964162,22.0,True,False,False
13095,2021,84844,4.928621135292156,21.0,True,False,False
13095,2022,82645,4.917216584004321,18.5,True,False,False
13097,2019,146343,5.165371953732028,18.5,True,False,False
13097,2020,147988,5.170226500901223,17.1,True,False,False
13097,2021,145814,5.163799223782043,15.6,True,False,False
13097,2022,149160,5.1736523746892695,13.5,True,False,False
13115,2019,98498,4.9934274122460165,22.0,True,False,False
13115,2020,98604,4.9938945330212485,20.7,True,False,False
13115,2021,98771,4.994629450774613,18.9,True,False,False
13115,2022,100113,5.000490475697943,16.5,True,False,False
13121,2019,1063937,6.026915912392856,13.9,True,False,True
13121,2020,1077402,6.032377777399056,13.0,True,False,True
13121,2021,1065334,6.027485787695975,12.6,True,False,True
13121,2022,1079105,6.03306370483303,9.9,True,False,True
13127,2019,85292,4.930908298239158,20.0,True,False,False
13127,2020,85568,4.932311381245872,18.5,True,False,False
13127,2021,84739,4.928083334611343,17.0,True,False,False
13127,2022,86172,4.935366172774795,15.0,True,False,False
13135,2019,936250,5.971391830707523,14.9,True,False,True
13135,2020,942627,5.974339875252892,13.7,True,False,True
13135,2021,964546,5.984322944338418,12.7,True,False,True
13135,2022,983526,5.99278584519819,11.5,True,False,True
13139,2019,204441,5.310567996590672,18.0,True,False,False
13139,2020,206591,5.31511139784442,18.2,True,False,False
13139,2021,207369,5.316743833368337,16.0,True,False,False
13139,2022,217267,5.33699376770917,14.2,True,False,False
13151,2019,234561,5.370255804485404,16.7,True,False,False
13151,2020,239139,5.378650408836786,16.4,True,False,False
13151,2021,245235,5.389582452886016,14.5,True,False,False
13151,2022,254613,5.40588057403928,12.7,True,False,False
13153,2019,157863,5.19828035180183,17.9,True,False,False
13153,2020,160110,5.20441845752325,16.9,True,False,False
13153,2021,166829,5.222271546573021,15.7,True,False,False
13153,2022,171974,5.235462792779324,13.0,True,False,False
13185,2019,117406,5.069690291973834,20.3,True,False,False
13185,2020,118268,5.07286725262981,19.0,True,False,False
13185,2021,119276,5.076553066334811,19.5,True,False,False
13185,2022,120712,5.081750445530113,16.2,True,False,False
13213,2019,40096,4.603101049314056,23.3,True,False,False
13213,2020,40032,4.6024072880133255,23.1,True,False,False
13213,2021,39951,4.601527654464691,21.0,True,False,False
13213,2022,41035,4.613154437759265,17.0,True,False,False
13215,2019,195769,5.291743922427154,20.7,True,False,False
13215,2020,196442,5.29323434708725,20.1,True,False,False
13215,2021,205617,5.313059018401924,18.4,True,False,False
13215,2022,201877,5.305086842261735,15.4,True,False,False
13245,2019,202518,5.306463629789005,21.5,True,False,False
13245,2020,202079,5.305521184084393,21.4,True,False,False
13245,2021,205673,5.313177282843738,19.6,True,False,False
13245,2022,205414,5.31263003962906,16.8,True,False,False
13247,2019,90896,4.958544771933183,18.3,True,False,False
13247,2020,90939,4.958750174227241,17.5,True,False,False
13247,2021,94082,4.973506541084651,16.7,True,False,False
13247,2022,95987,4.982212418346142,14.2,True,False,False
13261,2019,29524,4.47017519665518,23.3,True,False,False
13261,2020,29282,4.466600736296881,21.2,True,False,False
13261,2021,29283,4.466615567492371,20.4,True,False,False
13261,2022,28890,4.460747541844197,17.8,True,False,False
13295,2019,69761,4.843612697431523,23.4,False,False,False
13295,2021,68510,4.835753967519383,20.2,False,False,False
13295,2022,69489,4.841916061893772,17.0,False,False,False
13303,2019,20374,4.309076301822332,24.6,True,False,False
13303,2020,20150,4.304275050477128,23.4,True,False,False
13303,2021,19785,4.296336054602047,22.3,True,False,False
13303,2022,19820,4.297103650149256,19.6,True,False,False
15001,2019,201513,5.304303068572161,17.6,True,False,False
15001,2020,203340,5.3082228192210215,16.5,True,False,False
15001,2021,202906,5.307294889459982,13.7,True,False,False
15001,2022,207615,5.317258727701914,15.0,True,False,False
15003,2019,974563,5.988809919049318,13.6,True,False,True
15003,2020,963826,5.983998637574473,12.0,True,False,True
15003,2021,1000890,6.000386350188551,11.2,True,False,True
15003,2022,989408,5.9953754175925535,10.3,True,False,True
15007,2019,72293,4.859096247383737,14.7,False,False,False
15007,2020,71851,4.856432816888612,13.4,False,False,False
15007,2021,73454,4.866015450645363,13.3,False,False,False
15009,2019,167417,5.223799555397587,15.5,True,False,False
15009,2020,167902,5.2250558693589575,14.0,True,False,False
15009,2021,164221,5.2154286923751805,12.6,True,False,False
15009,2022,164183,5.215328186958766,13.4,True,False,False
16001,2019,481587,5.682674755026209,13.2,True,False,False
16001,2020,494399,5.694077583652521,13.3,True,False,False
16001,2021,511931,5.70921142906441,12.3,True,False,False
16001,2022,524673,5.71988871570831,10.5,True,False,False
16005,2019,87808,4.94353408535462,17.6,True,False,False
16005,2020,88795,4.948388511572007,18.3,True,False,False
16005,2021,88263,4.945778684739357,16.7,True,False,False
16005,2022,90400,4.956168430475364,13.3,True,False,False
16013,2019,23021,4.3621241848476044,13.6,True,False,False
16013,2020,23426,4.369698138949881,13.4,True,False,False
16013,2021,24766,4.393855868587961,12.3,True,False,False
16013,2022,25041,4.3986516682209045,9.8,True,False,False
16017,2019,45739,4.660286665315999,18.5,True,False,False
16017,2020,46817,4.670403580971269,17.0,True,False,False
16017,2021,49491,4.694526229121204,17.2,True,False,False
16017,2022,52547,4.720547926441579,13.2,True,False,False
16019,2019,119062,5.075773173543036,15.7,True,False,False
16019,2020,122134,5.086836580872747,15.4,True,False,False
16019,2021,127930,5.106972399886674,15.1,True,False,False
16019,2022,131366,5.118482976159217,11.6,True,False,False
16021,2022,13557,4.132163596050864,15.2,False,False,False
16027,2019,229849,5.3614426186130775,17.7,True,False,False
16027,2020,237053,5.374845455859158,17.1,True,False,False
16027,2021,243115,5.385811755290301,16.6,True,False,False
16027,2022,257674,5.411070599279699,12.6,True,False,False
16041,2019,13876,4.142264291170022,16.3,True,False,False
16041,2020,14215,4.152746864026461,16.6,True,False,False
16041,2021,14666,4.166311680659592,17.7,True,False,False
16041,2022,15494,4.190163551630705,13.2,True,False,False
16049,2019,16667,4.221857435419136,19.5,True,False,False
16049,2020,16823,4.2259034449261605,17.9,True,False,False
16049,2021,17040,4.231469590430681,17.7,True,False,False
16049,2022,17890,4.252610340567373,14.0,True,False,False
16053,2019,24412,4.387603361284556,17.7,False,False,False
16053,2020,24578,4.390546539888802,18.1,False,False,False
16055,2019,165697,5.219314645442631,17.4,True,False,False
16055,2020,170628,5.232050300264637,15.7,True,False,False
16055,2021,179789,5.254763116844148,16.6,True,False,False
16055,2022,185010,5.267195203145967,12.3,True,False,False
16057,2019,40108,4.603231006269363,15.1,True,False,False
16057,2020,40830,4.610979379922997,14.9,True,False,False
16057,2021,40313,4.605445118544163,14.0,True,False,False
16057,2022,41301,4.6159605671339845,11.6,True,False,False
16059,2019,8027,3.9045532629767727,18.4,True,False,False
16059,2020,8054,3.9060116252714128,18.0,True,False,False
16059,2021,8162,3.911796590437252,17.2,True,False,False
16059,2022,8441,3.9263939002696815,14.3,True,False,False
16069,2019,40408,4.606467355504293,17.5,True,False,False
16069,2020,40755,4.610180897473572,16.2,True,False,False
16069,2021,42454,4.627918615571418,16.2,True,False,False
16069,2022,42987,4.633337137396425,14.1,True,False,False
16079,2019,12882,4.109983294819893,22.6,True,False,False
16079,2020,12911,4.110959881124878,21.4,True,False,False
16079,2021,13612,4.133921940423772,21.1,True,False,False
16079,2022,14026,4.146933834562764,16.3,True,False,False
16083,2019,86878,4.93890981455875,16.6,True,False,False
16083,2020,88411,4.946506302819625,17.1,True,False,False
16083,2021,92243,4.9649334189858925,17.5,True,False,False
16083,2022,95156,4.978436177643925,13.6,True,False,False
16085,2019,11392,4.056599976292781,15.0,True,False,False
16085,2020,11792,4.071587470514976,15.5,True,False,False
16085,2021,12241,4.08781689793553,16.0,True,False,False
16085,2022,12644,4.101884487167542,13.3,True,False,False
17001,2019,65435,4.815810106748683,19.2,True,False,False
17001,2020,64783,4.8114610556420185,18.9,True,False,False
17001,2021,64954,4.812605900973897,18.1,True,False,False
17001,2022,64441,4.809162271211988,15.0,True,False,False
17019,2019,209689,5.321575648564521,16.0,True,False,False
17019,2020,209192,5.320545072058104,15.9,True,False,False
17019,2021,205943,5.313747034879285,15.1,True,False,False
17019,2022,205644,5.31311604277831,12.9,True,False,False
17031,2019,5150233,6.711826877259693,14.6,True,False,True
17031,2020,5108284,6.708275034285231,13.4,True,False,True
17031,2021,5173146,6.71375473553253,13.2,True,False,True
17031,2022,5087072,6.706467884472599,11.2,True,False,True
17043,2019,922921,5.965164527968028,11.2,True,False,True
17043,2020,917481,5.962597079266802,12.2,True,False,True
17043,2021,924885,5.96608773601439,10.8,True,False,True
17043,2022,921213,5.964360058024747,9.5,True,False,True
17049,2019,34008,4.531581091959066,19.0,False,False,False
17049,2021,34430,4.536937022704674,17.2,False,False,False
17049,2022,34331,4.5356864538235575,14.3,False,False,False
17083,2019,21773,4.337918272572673,19.2,True,False,False
17083,2020,21616,4.334775331677956,17.9,True,False,False
17083,2021,21333,4.3290519333599295,16.3,True,False,False
17083,2022,21091,4.3240971716876135,14.6,True,False,False
17085,2019,21235,4.3270522653266985,18.2,True,False,False
17085,2020,21239,4.327134064918578,17.7,True,False,False
17085,2021,21939,4.34121682814391,16.7,True,False,False
17085,2022,21756,4.337579050143133,13.9,True,False,False
17089,2019,532403,5.726240493984784,14.9,True,False,False
17089,2020,531010,5.725102699808259,14.2,True,False,False
17089,2021,515588,5.712302800856637,13.4,True,False,False
17089,2022,514982,5.711792049551307,11.0,True,False,False
17097,2019,696535,5.842942944054975,12.8,True,False,False
17097,2020,693593,5.841104701427909,13.7,True,False,False
17097,2021,711239,5.852015562670273,11.9,True,False,False
17097,2022,708760,5.850499199469473,10.5,True,False,False
17111,2019,307774,5.4882319289020165,15.0,True,False,False
17111,2020,305888,5.485562439926798,14.5,True,False,False
17111,2021,311122,5.492930721943762,12.9,True,False,False
17111,2022,312800,5.49526674438781,11.4,True,False,False
17113,2019,171517,5.234307171844066,15.9,True,False,False
17113,2020,171256,5.233645796054939,15.7,True,False,False
17113,2021,170889,5.232714108402122,14.1,True,False,False
17113,2022,170441,5.2315740735993375,12.2,True,False,False
17115,2019,104009,5.017070920848997,20.5,True,False,False
17115,2020,103015,5.012900466869481,20.0,True,False,False
17115,2021,102432,5.010435652464039,18.4,True,False,False
17115,2022,100591,5.002559125598758,15.7,True,False,False
17117,2019,44926,4.652497752773742,20.4,True,False,False
17117,2020,44567,4.64901340080603,20.5,True,False,False
17117,2021,44406,4.647441654593042,19.8,True,False,False
17117,2022,44018,4.6436303060797535,16.3,True,False,False
17119,2019,262966,5.4198996003265485,18.8,True,False,False
17119,2020,262635,5.419352601776266,18.2,True,False,False
17119,2021,264490,5.422409256609699,16.6,True,False,False
17119,2022,262752,5.419546030449692,13.6,True,False,False
17143,2019,179179,5.253287108459212,17.7,True,False,False
17143,2020,177652,5.24957010112495,17.7,True,False,False
17143,2021,179432,5.253899897928308,16.5,True,False,False
17143,2022,177513,5.24923016370957,14.3,True,False,False
17161,2019,141879,5.151918118790514,18.7,True,False,False
17161,2020,140907,5.148932568594521,18.2,True,False,False
17161,2021,142909,5.155059580276322,17.9,True,False,False
17161,2022,141236,5.149945409241336,15.1,True,False,False
17167,2019,194672,5.289303490708703,17.5,True,False,False
17167,2020,193882,5.287537491061469,17.2,True,False,False
17167,2021,194734,5.289441784716015,16.2,True,False,False
17167,2022,193491,5.28666076914181,13.5,True,False,False
17197,2019,690743,5.839316492464008,14.2,True,False,False
17197,2020,688726,5.8380464782857295,14.2,True,False,False
17197,2021,697252,5.843389768671638,13.3,True,False,False
17197,2022,700728,5.845549471571694,11.5,True,False,False
17201,2019,282572,5.451129125495727,18.3,True,False,False
17201,2020,281295,5.449162012678147,19.6,True,False,False
17201,2021,283119,5.451969015667714,18.2,True,False,False
17201,2022,280922,5.44858575167744,15.9,True,False,False
18003,2019,379299,5.578981697711875,19.5,True,False,False
18003,2020,382187,5.582275910546612,20.5,True,False,False
18003,2021,388608,5.589511736871311,17.5,True,False,False
18003,2022,394545,5.596096544014733,14.7,True,False,False
18005,2019,83779,4.923135172245375,19.2,True,False,False
18005,2020,84447,4.926584225765073,18.8,True,False,False
18005,2021,82475,4.916322324217382,16.4,True,False,False
18005,2022,84003,4.924294796302125,15.1,True,False,False
18019,2019,118302,5.072992086822534,20.8,True,False,False
18019,2020,119266,5.07651665392256,20.6,True,False,False
18019,2021,122738,5.088979042232576,19.1,True,False,False
18019,2022,125467,5.098529513845081,16.5,True,False,False
18035,2019,114135,5.057418843156233,22.5,True,False,False
18035,2020,113454,5.054819812228921,22.5,True,False,False
18035,2021,111871,5.048717520198971,21.7,True,False,False
18035,2022,112321,5.050460961350444,19.0,True,False,False
18039,2019,206341,5.314585530952335,19.8,True,False,False
18039,2020,206161,5.3142065121271935,21.0,True,False,False
18039,2021,206921,5.315804568584099,19.5,True,False,False
18039,2022,206409,5.314728629801695,17.4,True,False,False
18043,2019,78522,4.894991352796308,19.2,True,False,False
18043,2020,78936,4.897275115194261,18.5,True,False,False
18043,2021,80454,4.9055476411602505,17.4,True,False,False
18043,2022,80809,4.9074597324660285,15.1,True,False,False
18057,2019,338011,5.528930833891756,12.5,True,False,False
18057,2020,344238,5.536858809859629,11.3,True,False,False
18057,2021,356650,5.552242228356702,10.2,True,False,False
18057,2022,371645,5.570128294310994,9.3,True,False,False
18063,2019,170311,5.231242698960969,16.5,True,False,False
18063,2020,173251,5.238675750026866,16.5,True,False,False
18063,2021,179355,5.253713488300201,14.5,True,False,False
18063,2022,186387,5.270415618183462,12.6,True,False,False
18067,2019,82544,4.916685510529233,21.9,True,False,False
18067,2020,82732,4.917673523281381,21.8,True,False,False
18067,2021,83687,4.922657999609084,19.7,True,False,False
18067,2022,83831,4.923404646784884,18.6,True,False,False
18069,2019,36520,4.562530768862262,21.6,False,False,False
18083,2019,36594,4.563409883741345,22.7,True,False,False
18083,2020,36522,4.562554552136652,22.8,True,False,False
18083,2021,35956,4.555771371755518,21.7,True,False,False
18083,2022,36070,4.557146142318363,18.5,True,False,False
18089,2019,485493,5.686182972486476,20.6,True,False,False
18089,2020,487536,5.68800668982758,20.3,True,False,False
18089,2021,498558,5.697715689457507,18.7,True,False,False
18089,2022,500598,5.699489110172926,17.2,True,False,False
18091,2019,109888,5.040950269144804,24.8,True,False,False
18091,2020,109663,5.040060122503365,23.2,True,False,False
18091,2021,112390,5.0507276712150535,20.4,True,False,False
18091,2022,111706,5.048076500751322,17.9,True,False,False
18095,2019,129569,5.112501106940675,24.4,True,False,False
18095,2020,129681,5.11287635079795,23.7,True,False,False
18095,2021,130782,5.116547974579905,21.4,True,False,False
18095,2022,132504,5.122228988851744,18.8,True,False,False
18097,2019,964582,5.984339153321285,18.7,True,False,True
18097,2020,966183,5.98505939180177,21.4,True,False,True
18097,2021,971102,5.987264848559543,19.6,True,False,True
18097,2022,968460,5.986081687896615,15.2,True,False,True
18105,2019,148431,5.171524613361778,18.7,True,False,False
18105,2020,148219,5.170903878854193,18.7,True,False,False
18105,2021,139875,5.145740099536407,16.3,True,False,False
18105,2022,139342,5.144082039747641,14.3,True,False,False
18109,2019,70489,4.848121349444844,21.1,False,False,False
18123,2019,19169,4.282599457384596,23.1,True,False,False
18123,2020,19154,4.282259483083982,22.5,True,False,False
18123,2021,19316,4.285917196728309,19.8,True,False,False
18123,2022,19209,4.28350475654383,18.6,True,False,False
18127,2019,170389,5.231441554083836,18.0,True,False,False
18127,2020,170980,5.232945312745227,17.6,True,False,False
18127,2021,174243,5.241155339869399,16.2,True,False,False
18127,2022,175335,5.243868617688999,14.7,True,False,False
18129,2019,25427,4.405295123042287,20.5,True,False,False
18129,2020,25275,4.402691164263039,20.1,True,False,False
18129,2021,25116,4.399950474386311,17.8,True,False,False
18129,2022,25040,4.398634324538392,15.6,True,False,False
18141,2019,271826,5.434290994399758,19.8,True,False,False
18141,2020,271484,5.433744239389069,19.3,True,False,False
18141,2021,272212,5.434907266418052,17.6,True,False,False
18141,2022,272848,5.435920774713824,15.6,True,False,False
18157,2019,195732,5.291661833768998,17.7,True,False,False
18157,2020,196115,5.292510812271008,18.3,True,False,False
18157,2021,187076,5.27201807538817,16.5,True,False,False
18157,2022,188792,5.275983587263605,15.2,True,False,False
18163,2019,181451,5.2587593659964,21.9,True,False,False
18163,2020,182447,5.261136726598132,21.2,True,False,False
18163,2021,179987,5.255241138258019,19.6,True,False,False
18163,2022,179810,5.254813841034874,16.8,True,False,False
18167,2019,107038,5.029537985727574,23.0,True,False,False
18167,2020,106608,5.027789795924061,23.6,True,False,False
18167,2021,105994,5.025281281862484,21.8,True,False,False
18167,2022,106153,5.0259322723129936,19.1,True,False,False
18173,2019,62998,4.799326762108324,18.0,True,False,False
18173,2020,63269,4.801190970259465,17.5,True,False,False
18173,2021,64514,4.809653969875328,15.4,True,False,False
18173,2022,65867,4.818667883372954,13.1,True,False,False
19013,2019,131228,5.118026509948869,19.4,True,False,False
19013,2020,130786,5.11656125738153,17.9,True,False,False
19013,2021,130368,5.115171002984051,17.3,True,False,False
19013,2022,130471,5.115513991064523,16.9,True,False,False
19017,2019,25062,4.3990157256487645,16.2,True,False,False
19017,2020,25311,4.403309303826869,15.2,True,False,False
19017,2021,25081,4.399344848180368,14.9,True,False,False
19017,2022,25307,4.403240665084475,14.2,True,False,False
19045,2019,46429,4.666789329818256,20.3,True,False,False
19045,2020,46392,4.666443095740159,19.9,True,False,False
19045,2021,46463,4.667107247680808,18.6,True,False,False
19045,2022,46158,4.664246982821391,17.3,True,False,False
19085,2019,14049,4.147645412501743,18.5,True,False,False
19085,2020,13928,4.1438887581092745,18.5,True,False,False
19085,2021,14669,4.166400508575069,18.2,True,False,False
19085,2022,14670,4.166430113843282,16.1,True,False,False
19103,2019,151140,5.179379417881757,14.6,True,False,False
19103,2020,153740,5.186786876733248,13.5,True,False,False
19103,2021,154748,5.18962504480313,14.0,True,False,False
19103,2022,157528,5.1973577591714015,12.3,True,False,False
19113,2019,226706,5.355463014314471,15.7,True,False,False
19113,2020,227854,5.357656657068914,14.9,True,False,False
19113,2021,228939,5.35971978149959,15.5,True,False,False
19113,2022,228972,5.359782377584539,13.9,True,False,False
19137,2019,9917,3.99638031323341,20.5,True,False,False
19137,2020,9935,3.997167871445834,19.9,True,False,False
19137,2021,10322,4.013763854733933,19.9,True,False,False
19137,2022,10139,4.005995123054691,17.2,True,False,False
19139,2019,42664,4.63006157067482,17.0,True,False,False
19139,2020,42394,4.627304395477659,17.4,True,False,False
19139,2021,42688,4.630305807900436,16.8,True,False,False
19139,2022,42218,4.625497655557678,16.2,True,False,False
19147,2019,8886,3.948706308904852,17.2,True,False,False
19147,2020,8845,3.946697837245742,16.6,True,False,False
19147,2021,8906,3.949682690795204,16.7,True,False,False
19147,2022,8810,3.944975908412048,15.9,True,False,False
19153,2019,490161,5.690338753348948,17.4,True,False,False
19153,2020,494281,5.693973916643766,16.2,True,False,False
19153,2021,496844,5.696220049549852,15.4,True,False,False
19153,2022,505255,5.703510619983809,13.3,True,False,False
19163,2019,172943,5.237902988305298,18.0,True,False,False
19163,2020,173216,5.238588005410968,15.1,True,False,False
19163,2021,174170,5.240973351840004,16.6,True,False,False
19163,2022,174270,5.241222631195892,14.3,True,False,False
19177,2019,7044,3.847819347295239,21.3,True,False,False
19177,2020,7069,3.849357981661299,20.6,True,False,False
19177,2021,7243,3.859918485200716,21.2,True,False,False
19177,2022,7266,3.861295393526696,19.2,True,False,False
20057,2019,33619,4.526584791169458,17.5,True,False,False
20057,2020,33094,4.519749262564474,18.6,True,False,False
20057,2021,34159,4.533505148292178,17.3,True,False,False
20057,2022,33980,4.531223374533027,15.8,True,False,False
20091,2019,602401,5.779885684132421,11.9,True,False,False
20091,2020,607220,5.783346067476675,11.2,True,False,False
20091,2021,613219,5.78761560258697,10.0,True,False,False
20091,2022,622237,5.793955831938338,9.7,True,False,False
20103,2019,81758,4.912530259018773,17.4,True,False,False
20103,2020,82246,4.915114785404135,18.1,True,False,False
20103,2021,82184,4.914787275106086,15.7,True,False,False
20103,2022,83518,4.921780085761591,13.6,True,False,False
20133,2019,16007,4.204309944940537,20.2,True,False,False
20133,2020,15929,4.202188512266052,20.1,True,False,False
20133,2021,15784,4.198217072244135,19.2,True,False,False
20133,2022,15420,4.188084373714938,17.4,True,False,False
20173,2019,516042,5.712685049739497,17.1,True,False,False
20173,2020,519907,5.715925664790586,19.0,True,False,False
20173,2021,523828,5.719188708904961,18.4,True,False,False
20173,2022,528469,5.723019516669358,15.5,True,False,False
20177,2019,176875,5.247666452868366,17.0,True,False,False
20177,2020,175999,5.245510200224856,17.3,True,False,False
20177,2021,178264,5.251063647269982,18.1,True,False,False
20177,2022,177746,5.249799836138939,15.7,True,False,False
20181,2019,5917,3.772101569277012,16.2,True,False,False
20181,2020,5777,3.761702367541413,17.4,True,False,False
20181,2021,5895,3.770483809431108,17.8,True,False,False
20181,2022,5844,3.766710207262259,16.2,True,False,False
20191,2019,22836,4.3586200343346455,18.3,True,False,False
20191,2020,22578,4.353685468703508,19.7,True,False,False
20191,2021,22385,4.349957098719464,19.7,True,False,False
20191,2022,22334,4.34896651180206,17.2,True,False,False
20209,2019,165429,5.218611644490942,20.1,True,False,False
20209,2020,165265,5.218180887955466,23.2,True,False,False
20209,2021,167046,5.222836080700123,21.9,True,False,False
20209,2022,165281,5.218222931796359,17.7,True,False,False
21013,2019,26032,4.415507535592783,33.8,False,True,False
21013,2020,25482,4.406233511374323,32.1,False,True,False
21013,2021,23858,4.377634034247592,31.1,False,True,False
21015,2019,133581,5.125744690310452,18.1,False,False,False
21015,2020,135396,5.131605834189687,16.8,False,False,False
21015,2021,137412,5.138024660716386,16.0,False,False,False
21019,2019,46718,4.669484242333031,24.9,False,False,False
21019,2020,46516,4.667602361847101,23.8,False,False,False
21019,2021,47899,4.680326446629275,22.5,False,False,False
21029,2019,81676,4.912094460463952,23.6,False,False,False
21029,2020,82182,4.914776706144576,21.8,False,False,False
21029,2021,82918,4.918648818271811,20.0,False,False,False
21037,2019,93584,4.971201604019247,20.8,False,False,False
21037,2020,94020,4.973220246852234,18.1,False,False,False
21037,2021,93050,4.9687163774667855,16.8,False,False,False
21043,2019,26797,4.428086176253649,28.9,False,True,False
21043,2020,26542,4.423933644837305,27.1,False,False,False
21043,2021,26412,4.421801288600973,27.0,False,False,False
21047,2019,70461,4.847948802504038,26.4,False,False,False
21047,2020,71478,4.854172392167189,24.4,False,False,False
21047,2021,72357,4.859480552238981,23.4,False,False,False
21059,2019,101511,5.006513106096073,23.4,False,False,False
21059,2020,101978,5.008506490299809,21.5,False,False,False
21059,2021,103063,5.0131027799306365,21.0,False,False,False
21067,2019,323152,5.50940684813205,17.3,False,False,False
21067,2020,324735,5.511529099490465,17.8,False,False,False
21067,2021,321793,5.507576592608137,15.8,False,False,False
21089,2019,35098,4.545282369636454,23.7,False,False,False
21089,2020,34865,4.542389669540937,23.1,False,False,False
21089,2021,35649,4.552047351843618,21.5,False,False,False
21091,2019,8722,3.940616082337408,24.8,False,False,False
21091,2020,8742,3.9416108021536336,24.1,False,False,False
21091,2021,9064,3.9573198968553407,22.5,False,False,False
21093,2019,110958,5.045158620047999,23.2,False,False,False
21093,2020,111309,5.046530281067089,20.7,False,False,False
21093,2021,111607,5.047691434440583,20.5,False,False,False
21111,2019,766757,5.884657749502904,22.2,False,False,True
21111,2020,767452,5.885051222211732,18.0,False,False,True
21111,2021,777874,5.890909255683337,18.2,False,False,True
21113,2019,54115,4.733317662782867,22.5,False,False,False
21113,2020,54057,4.732851940001292,20.0,False,False,False
21113,2021,53626,4.7293754038488665,19.0,False,False,False
21139,2019,9194,3.9635044994142903,26.7,False,False,False
21139,2020,9041,3.95621646924339,23.3,False,False,False
21139,2021,8959,3.952259536590821,22.7,False,False,False
21145,2019,65418,4.81569726246947,22.5,False,False,False
21145,2020,65644,4.817195036808223,22.0,False,False,False
21145,2021,67454,4.829007708291385,21.4,False,False,False
21185,2019,66799,4.824769961012482,17.0,False,False,False
21185,2020,66999,4.82606832064526,15.5,False,False,False
21185,2021,68685,4.836861902583379,13.7,False,False,False
21193,2019,25758,4.4109121388630825,29.4,False,True,False
21193,2020,25456,4.405790162302506,26.2,False,False,False
21193,2021,27929,4.446055386031947,26.7,False,False,False
21195,2019,57876,4.762498507969507,28.7,False,True,False
21195,2020,57057,4.75630893315181,27.6,False,True,False
21195,2021,57391,4.758843792105353,27.4,False,False,False
21199,2019,64979,4.812773023447504,27.0,False,False,False
21199,2020,65530,4.816440167956139,25.4,False,False,False
21199,2021,65423,4.81573045500714,24.2,False,False,False
21213,2019,18572,4.268858674994137,24.6,False,False,False
21213,2020,18635,4.270329397089858,23.3,False,False,False
21213,2021,19718,4.294862862277967,21.0,False,False,False
21227,2019,132896,5.1235119094297845,21.8,False,False,False
21227,2020,134510,5.128754572690689,20.9,False,False,False
21227,2021,137212,5.137392094649789,20.4,False,False,False
22005,2019,126604,5.102447427249145,19.1,True,False,False
22005,2020,128665,5.109460424339467,17.7,True,False,False
22005,2021,128369,5.108460158044185,16.7,True,False,False
22005,2022,131632,5.119361479962119,15.1,True,False,False
22015,2019,127039,5.10393706650469,21.6,True,False,False
22015,2020,127275,5.104743105709376,18.8,True,False,False
22015,2021,129144,5.1110742337581,19.1,True,False,False
22015,2022,129795,5.113257962770714,16.3,True,False,False
22017,2019,240204,5.380580235221189,22.7,True,False,False
22017,2020,237479,5.375625211487825,21.8,True,False,False
22017,2021,233092,5.367527368263277,22.9,True,False,False
22017,2022,226386,5.354849566020015,18.6,True,False,False
22019,2019,203436,5.308427808065185,22.3,True,False,False
22019,2020,203310,5.308158740359688,21.0,True,False,False
22019,2021,205282,5.312350870250322,20.8,True,False,False
22019,2022,203761,5.30912106335238,17.3,True,False,False
22033,2019,440059,5.64351090752404,19.0,True,False,False
22033,2020,439729,5.643185108159308,16.1,True,False,False
22033,2021,453301,5.656386677130612,18.4,True,False,False
22033,2022,448467,5.651730491426527,15.0,True,False,False
22047,2019,32511,4.512030328087411,24.1,True,False,False
22047,2020,32070,4.5060989599284405,22.4,True,False,False
22047,2021,29824,4.474565890673888,22.6,True,False,False
22047,2022,29617,4.471541065345551,19.1,True,False,False
22051,2019,432493,5.635979082700312,18.8,True,False,False
22051,2020,432346,5.635831445303167,17.0,True,False,False
22051,2021,433688,5.63717740553386,18.7,True,False,False
22051,2022,421777,5.625082893456031,15.0,True,False,False
22055,2019,244390,5.388083431383649,20.4,True,False,False
22055,2020,246518,5.39184863564274,18.0,True,False,False
22055,2021,244205,5.38775455170624,18.8,True,False,False
22055,2022,249750,5.39750549689802,15.9,True,False,False
22057,2019,97614,4.989512109538762,23.3,True,False,False
22057,2020,97596,4.989432018347773,22.4,True,False,False
22057,2021,97504,4.98902243254258,22.7,True,False,False
22057,2022,95056,4.977979535032612,19.4,True,False,False
22063,2019,140789,5.148568724224264,22.7,True,False,False
22063,2020,143737,5.157568576258574,20.0,True,False,False
22063,2021,145830,5.163846875794205,19.3,True,False,False
22063,2022,150145,5.176510874273492,17.0,True,False,False
22071,2019,390144,5.591224932315432,21.4,True,False,False
22071,2020,389476,5.590480701061984,18.3,True,False,False
22071,2021,376971,5.576307941652994,19.0,True,False,False
22071,2022,364136,5.561263617215933,15.2,True,False,False
22073,2019,153279,5.1854826583844,23.3,True,False,False
22073,2020,152439,5.183096091137217,20.3,True,False,False
22073,2021,158768,5.200762974011397,21.8,True,False,False
22073,2022,157568,5.1974680225791845,18.2,True,False,False
22077,2019,21730,4.337059726320525,24.6,True,False,False
22077,2020,21529,4.333023857758089,23.0,True,False,False
22077,2021,20356,4.308692442201257,22.6,True,False,False
22077,2022,20000,4.301029995663981,19.2,True,False,False
22087,2019,47244,4.674346660837855,23.3,True,False,False
22087,2020,47647,4.678035561334018,22.3,True,False,False
22087,2021,44258,4.645991784453663,23.2,True,False,False
22087,2022,44463,4.647998761995242,19.7,True,False,False
22093,2019,21096,4.324200116785378,22.8,True,False,False
22093,2020,20727,4.316536447403556,21.2,True,False,False
22093,2021,19742,4.295391147571983,20.5,True,False,False
22093,2022,19191,4.283097605437225,16.8,True,False,False
22095,2019,42837,4.63181904831605,20.7,True,False,False
22095,2020,42516,4.628552398380802,19.3,True,False,False
22095,2021,42094,4.624220196724192,20.1,True,False,False
22095,2022,39592,4.5976074408031,16.7,True,False,False
22099,2019,53431,4.727793302395854,25.1,True,False,False
22099,2020,52954,4.723898771097236,22.4,True,False,False
22099,2021,51540,4.712144414214886,23.1,True,False,False
22099,2022,51057,4.708055293004027,19.7,True,False,False
22103,2019,260419,5.415672666893594,19.1,True,False,False
22103,2020,263446,5.420691608901915,17.2,True,False,False
22103,2021,269388,5.4303782459903225,15.9,True,False,False
22103,2022,275583,5.440252423562487,14.6,True,False,False
22121,2019,26465,4.422671898327287,20.8,True,False,False
22121,2020,26792,4.42800513453181,19.3,True,False,False
22121,2021,27792,4.443919801103023,20.0,True,False,False
22121,2022,28266,4.451264354621878,16.1,True,False,False
23001,2019,108277,5.034536214391645,19.8,True,False,False
23001,2020,108547,5.035617825013378,19.5,True,False,False
23001,2021,111034,5.0454559855558925,18.6,True,False,False
23001,2022,113765,5.056008671155474,16.9,True,False,False
23003,2019,67055,4.826431166847557,22.3,True,False,False
23003,2020,66804,4.824802467354563,22.8,True,False,False
23003,2021,66859,4.825159876627927,21.8,True,False,False
23003,2022,67351,4.8283440483330615,18.6,True,False,False
23005,2019,295003,5.469826432509759,14.1,True,False,False
23005,2020,298111,5.4743780013636005,12.7,True,False,False
23005,2021,305231,5.484628639522823,11.9,True,False,False
23005,2022,310230,5.491683792847272,11.1,True,False,False
23009,2019,54987,4.740260025937805,17.9,True,False,False
23009,2020,55088,4.741057005360599,16.9,True,False,False
23009,2021,56192,4.74967448988999,16.5,True,False,False
23009,2022,56526,4.752248254177775,13.9,True,False,False
23011,2019,122302,5.087433559095662,19.8,True,False,False
23011,2020,122955,5.089746194142301,18.5,True,False,False
23011,2021,124486,5.0951205123584495,18.0,True,False,False
23011,2022,127259,5.104688506231746,15.8,True,False,False
23013,2019,39772,4.599577430742687,17.7,False,False,False
23013,2021,41084,4.613672720547386,15.7,False,False,False
23013,2022,40977,4.612540159747515,14.3,False,False,False
23017,2019,57975,4.763240757310025,21.5,True,False,False
23017,2020,58132,4.764415264880041,21.0,True,False,False
23017,2021,58629,4.768112486745165,20.3,True,False,False
23017,2022,59905,4.777463072502592,18.0,True,False,False
23019,2019,152148,5.182266247889239,20.3,True,False,False
23019,2020,151655,5.18085673338465,20.2,True,False,False
23019,2021,152765,5.184023864396704,18.8,True,False,False
23019,2022,155312,5.191205012280046,16.2,True,False,False
23029,2019,31379,4.496639099180746,23.1,True,False,False
23029,2020,31473,4.49793814174857,22.1,True,False,False
23029,2021,31121,4.493053543571646,21.6,True,False,False
23029,2022,31555,4.4990681845107945,19.2,True,False,False
23031,2019,207641,5.317313111776048,16.9,True,False,False
23031,2020,209066,5.320283410086904,16.3,True,False,False
23031,2021,214591,5.331611503593115,14.9,True,False,False
23031,2022,218586,5.339622342803747,13.7,True,False,False
24003,2019,579234,5.762854046246768,15.0,True,False,False
24003,2020,582777,5.765502403478545,11.8,True,False,False
24003,2021,590336,5.77109926827053,11.4,True,False,False
24003,2022,594582,5.774211757511029,10.5,True,False,False
24005,2019,827370,5.917699769556032,15.6,False,False,True
24005,2020,826017,5.91698898549256,13.8,False,False,True
24005,2021,849316,5.929069305700517,12.8,False,False,True
24009,2019,92525,4.96625909376715,15.7,True,False,False
24009,2020,93072,4.968819046454293,13.6,True,False,False
24009,2021,93928,4.972795075043795,13.0,True,False,False
24009,2022,94728,4.976478368107121,11.0,True,False,False
24013,2019,168447,5.22646328070718,14.0,True,False,False
24013,2020,169092,5.228123060950536,13.4,True,False,False
24013,2021,173873,5.240232147492069,12.6,True,False,False
24013,2022,176639,5.2470865974003775,11.0,True,False,False
24015,2019,102855,5.012225408521056,19.4,True,False,False
24015,2020,103419,5.01460033408794,18.0,True,False,False
24015,2021,103905,5.01663644669252,18.1,True,False,False
24015,2022,105672,5.023959927171132,15.4,True,False,False
24017,2019,163257,5.21287181166961,16.1,True,False,False
24017,2020,164436,5.215996903774474,14.2,True,False,False
24017,2021,168698,5.227109933839199,12.7,True,False,False
24017,2022,171973,5.235460267422325,11.3,True,False,False
24019,2019,31929,4.504185316870708,19.7,True,False,False
24019,2020,31853,4.503150341603528,18.2,True,False,False
24019,2021,32489,4.511736344119204,18.8,True,False,False
24019,2022,32879,4.5169186001975055,16.6,True,False,False
24021,2019,259547,5.414216013407604,12.3,True,False,False
24021,2020,265161,5.423509648200611,11.7,True,False,False
24021,2021,279835,5.446902032372562,12.2,True,False,False
24021,2022,293391,5.467446787386313,9.1,True,False,False
24023,2019,29014,4.462607606712852,20.7,True,False,False
24023,2020,28852,4.460175923518029,18.4,True,False,False
24023,2021,28702,4.457912160103358,16.8,True,False,False
24023,2022,28423,4.453669915065227,14.8,True,False,False
24025,2019,255441,5.4072906057100285,15.8,True,False,False
24025,2020,256805,5.409603475203942,14.4,True,False,False
24025,2021,262977,5.419917766703139,13.5,True,False,False
24025,2022,264644,5.422662052128798,10.9,True,False,False
24027,2019,325690,5.512804424172821,9.6,True,False,False
24027,2020,328200,5.516138576717075,8.7,True,False,False
24027,2021,334529,5.524433772310284,8.1,True,False,False
24027,2022,336001,5.526340569931022,7.3,True,False,False
24031,2019,1050688,6.021473772170401,9.0,True,False,True
24031,2020,1051816,6.021939772922446,8.4,True,False,True
24031,2021,1054827,6.02318123773207,8.5,True,False,True
24031,2022,1058474,6.024680194622591,7.2,True,False,True
24033,2019,909327,5.958720086475962,13.2,True,False,True
24033,2020,909612,5.958856181120538,11.6,True,False,True
24033,2021,955306,5.98014250543204,11.0,True,False,True
24033,2022,947430,5.976547132374393,10.5,True,False,True
24043,2019,151049,5.179117854429428,18.3,True,False,False
24043,2020,151146,5.179396658289131,19.2,True,False,False
24043,2021,154937,5.190155142594566,17.4,True,False,False
24043,2022,155813,5.192603689490159,15.3,True,False,False
24510,2019,593490,5.773413405714524,20.7,False,False,False
24510,2020,586131,5.767994691477004,19.2,False,False,False
24510,2021,576498,5.760797804969017,18.3,False,False,False
25001,2019,212990,5.328359213547802,14.6,True,False,False
25001,2020,213164,5.3287138611355305,13.2,True,False,False
25001,2021,232411,5.3662566793389725,13.1,True,False,False
25001,2022,231735,5.364991632231593,11.4,True,False,False
25003,2019,124944,5.096715405484823,17.8,True,False,False
25003,2020,124571,5.095416950783348,15.1,True,False,False
25003,2021,128657,5.10943342038445,15.1,True,False,False
25003,2022,126818,5.103180899806526,13.3,True,False,False
25005,2019,565217,5.752215215623729,17.8,True,False,False
25005,2020,566765,5.753403022986508,16.0,True,False,False
25005,2021,580164,5.763550776713434,16.9,True,False,False
25005,2022,581841,5.764804320978387,16.0,True,False,False
25007,2019,17332,4.238848680362337,14.8,True,False,False
25007,2020,17461,4.24206911233894,13.1,True,False,False
25007,2021,21097,4.324220702877004,12.8,True,False,False
25007,2022,20819,4.318459865188351,11.2,True,False,False
25009,2019,789034,5.897095717650791,13.8,True,False,True
25009,2020,791263,5.8983208582947775,13.0,True,False,True
25009,2021,807074,5.906913356677797,12.4,True,False,True
25009,2022,810089,5.908532735033662,11.5,True,False,True
25011,2019,70180,4.846213363879388,16.3,True,False,False
25011,2020,70267,4.846751412036462,15.2,True,False,False
25011,2021,71015,4.851350091383622,14.4,True,False,False
25011,2022,70836,4.85025402926882,13.1,True,False,False
25013,2019,466372,5.668732468400778,17.9,True,False,False
25013,2020,463986,5.666504876644376,16.4,True,False,False
25013,2021,462718,5.665316394137077,15.9,True,False,False
25013,2022,460291,5.663032483282961,15.2,True,False,False
25015,2019,160830,5.206367061944969,14.2,True,False,False
25015,2020,161401,5.207906221173762,12.7,True,False,False
25015,2021,161572,5.208366100874819,12.8,True,False,False
25015,2022,162502,5.210858710444854,11.4,True,False,False
25017,2019,1611699,6.207283936448516,11.6,True,False,True
25017,2020,1609379,6.206658330131472,9.8,True,False,True
25017,2021,1614742,6.208103141572852,9.4,True,False,True
25017,2022,1623952,6.210573188425348,9.3,True,False,True
25021,2019,706775,5.849281179269831,12.2,True,False,False
25021,2020,709409,5.85089669389846,10.4,True,False,False
25021,2021,724505,5.860041386998245,10.9,True,False,False
25021,2022,727473,5.861816879213118,9.3,True,False,False
25023,2019,521202,5.717006073554932,16.1,True,False,False
25023,2020,523738,5.719114085437862,14.1,True,False,False
25023,2021,533003,5.726729653453925,13.8,True,False,False
25023,2022,535308,5.728603733818503,12.1,True,False,False
25025,2019,803907,5.90520581028707,13.1,True,False,True
25025,2020,801582,5.903947956292077,13.2,True,False,True
25025,2021,771245,5.887192361508788,12.7,True,False,True
25025,2022,768425,5.885601485790683,11.6,True,False,True
25027,2019,830622,5.919403429726026,14.8,True,False,True
25027,2020,829212,5.918665578390556,14.9,True,False,True
25027,2021,862029,5.935521876414183,13.4,True,False,True
25027,2022,866866,5.937951969496665,12.5,True,False,True
26005,2019,118081,5.072180022431565,19.2,True,False,False
26005,2020,118927,5.075280463700602,19.6,True,False,False
26005,2021,120950,5.082605872697899,17.6,True,False,False
26005,2022,121939,5.086142629128884,15.0,True,False,False
26017,2019,103126,5.0133681728779935,21.3,True,False,False
26017,2020,102387,5.0102448180980845,22.1,True,False,False
26017,2021,102985,5.012773973330169,18.9,True,False,False
26017,2022,102500,5.010723865391773,16.2,True,False,False
26019,2019,17766,4.249589657772943,18.7,True,False,False
26019,2020,17852,4.251686878168492,18.7,True,False,False
26019,2021,18223,4.260619875172372,16.9,True,False,False
26019,2022,18441,4.26578446784052,14.1,True,False,False
26021,2019,153401,5.185828190728127,20.0,True,False,False
26021,2020,153025,5.184762388171225,20.0,True,False,False
26021,2021,153101,5.184978027360988,17.9,True,False,False
26021,2022,152261,5.182588677769494,15.5,True,False,False
26027,2019,51787,4.714220753242595,21.9,True,False,False
26027,2020,51584,4.712515015788978,20.8,True,False,False
26027,2021,51483,4.711663846031191,19.4,True,False,False
26027,2022,51642,4.713003053349304,16.8,True,False,False
26037,2019,79595,4.900885787076716,17.8,True,False,False
26037,2020,79753,4.901747028518444,17.3,True,False,False
26037,2021,79426,4.899962691446908,15.6,True,False,False
26037,2022,79720,4.90156729002845,13.0,True,False,False
26049,2019,405813,5.6083259553090405,22.9,True,False,False
26049,2020,404794,5.607234066612861,22.2,True,False,False
26049,2021,404208,5.606604904729688,20.8,True,False,False
26049,2022,401522,5.603709345920665,17.4,True,False,False
26063,2019,30981,4.491095431740579,22.2,True,False,False
26063,2020,30653,4.486472985206382,22.6,True,False,False
26063,2021,31252,4.494877815637539,20.2,True,False,False
26063,2022,30927,4.490337794344103,17.5,True,False,False
26065,2019,292406,5.4659862798458665,16.5,True,False,False
26065,2020,290609,5.46330906003018,17.8,True,False,False
26065,2021,284034,5.453370329936384,15.7,True,False,False
26065,2022,284637,5.4542913534130095,14.6,True,False,False
26077,2019,265066,5.423354024378276,16.9,True,False,False
26077,2020,265988,5.424862043956857,18.8,True,False,False
26077,2021,261108,5.416820178229034,16.4,True,False,False
26077,2022,262215,5.4186575318654935,14.0,True,False,False
26081,2019,656955,5.817535622343638,17.4,True,False,False
26081,2020,658708,5.818692937974316,16.5,True,False,False
26081,2021,658046,5.818256253565166,14.7,True,False,False
26081,2022,661354,5.820433984589004,13.2,True,False,False
26091,2019,98451,4.993220131772016,20.4,True,False,False
26091,2020,97808,4.990374378445705,20.1,True,False,False
26091,2021,98956,4.99544213192182,18.2,True,False,False
26091,2022,97520,4.989093692610325,16.0,True,False,False
26099,2019,873972,5.941497519087167,19.9,True,False,True
26099,2020,870791,5.939913931771748,18.0,True,False,True
26099,2021,876792,5.942896578581324,19.0,True,False,True
26099,2022,875101,5.942058180120944,15.4,True,False,True
26101,2019,24558,4.390192995028913,21.2,False,False,False
26101,2021,25350,4.403977963669354,19.3,False,False,False
26101,2022,25562,4.407594830510745,16.6,False,False,False
26105,2019,29144,4.46454915823386,20.5,True,False,False
26105,2020,29164,4.464847089563307,21.4,True,False,False
26105,2021,29383,4.468096135121064,19.3,True,False,False
26105,2022,29159,4.464772625889805,16.3,True,False,False
26121,2019,173566,5.239464654834977,23.1,True,False,False
26121,2020,173883,5.240257124457644,21.6,True,False,False
26121,2021,176511,5.246771775392064,19.1,True,False,False
26121,2022,176564,5.246902159065299,17.3,True,False,False
26125,2019,1257584,6.099537003285096,13.6,True,False,True
26125,2020,1253459,6.0981101329771485,13.6,True,False,True
26125,2021,1270017,6.103809534307751,12.3,True,False,True
26125,2022,1270426,6.103949373260748,10.9,True,False,True
26139,2019,291830,5.4651299351405545,16.2,True,False,False
26139,2020,294635,5.469284335867103,16.7,True,False,False
26139,2021,299157,5.4758991693903525,14.2,True,False,False
26139,2022,303372,5.481975494688528,12.1,True,False,False
26147,2019,159128,5.201746604383089,21.4,True,False,False
26147,2020,159293,5.202196691506287,21.3,True,False,False
26147,2021,160053,5.204263818881495,19.6,True,False,False
26147,2022,159874,5.203777841015467,16.6,True,False,False
26153,2019,8094,3.908163200055548,24.9,True,False,False
26153,2020,8104,3.908699432352224,23.9,True,False,False
26153,2021,8030,3.904715545278681,22.1,True,False,False
26153,2022,8149,3.911104317804036,19.0,True,False,False
26157,2019,52245,4.718044733513918,23.6,True,False,False
26157,2020,52289,4.7184103362524,23.4,True,False,False
26157,2021,52917,4.723595214949007,21.1,True,False,False
26157,2022,52826,4.722847727028114,17.7,True,False,False
26161,2019,367601,5.565376684144681,14.0,True,False,False
26161,2020,366473,5.564041983389269,13.8,True,False,False
26161,2021,369390,5.56748513419138,11.6,True,False,False
26161,2022,365536,5.562930155114488,10.8,True,False,False
26163,2019,1749343,6.242874971515544,22.0,True,False,True
26163,2020,1740623,6.240704717843719,21.6,True,False,True
26163,2021,1774816,6.249153335235181,22.1,True,False,True
26163,2022,1751169,6.243328060547025,17.2,True,False,True
26165,2019,33631,4.52673978102338,23.4,True,False,False
26165,2020,33743,4.528183691932005,21.8,True,False,False
26165,2021,33901,4.530212509060796,20.2,True,False,False
26165,2022,34122,4.533034478635811,17.8,True,False,False
27003,2019,356921,5.552572101096077,16.6,True,False,False
27003,2020,359921,5.556207186797538,16.2,True,False,False
27003,2021,367018,5.564687364276546,16.3,True,False,False
27003,2022,372441,5.57105748405376,13.5,True,False,False
27005,2019,34423,4.536848716853547,19.6,True,False,False
27005,2020,34456,4.537264858754543,19.7,True,False,False
27005,2021,35219,4.546777020550977,18.4,True,False,False
27005,2022,35283,4.547565504692609,16.0,True,False,False
27007,2019,47188,4.673831570744718,21.5,True,False,False
27007,2020,47442,4.676162989181146,23.0,True,False,False
27007,2021,46380,4.666330744301969,20.5,True,False,False
27007,2022,46718,4.669484242333031,18.8,True,False,False
27017,2019,35871,4.554743483964182,20.4,True,False,False
27017,2020,35769,4.553506798674196,21.4,True,False,False
27017,2021,36409,4.561208750879949,19.6,True,False,False
27017,2022,36825,4.566142755514669,16.2,True,False,False
27021,2019,29779,4.473910109743431,22.1,True,False,False
27021,2020,29928,4.476077695190148,21.0,True,False,False
27021,2021,30639,4.4862745866273706,19.5,True,False,False
27021,2022,31446,4.497565410086237,17.8,True,False,False
27035,2019,65055,4.813280681204443,20.7,True,False,False
27035,2020,65644,4.817195036808223,19.5,True,False,False
27035,2021,67270,4.827821427682802,17.5,True,False,False
27035,2022,68304,4.834446137459872,15.4,True,False,False
27037,2019,429021,5.632478550834855,14.1,True,False,False
27037,2020,431807,5.635289678379713,13.5,True,False,False
27037,2021,442038,5.64545960527882,13.0,True,False,False
27037,2022,447440,5.650734806320192,11.3,True,False,False
27049,2019,46340,4.665956029453957,18.5,True,False,False
27049,2020,46318,4.665749798393899,18.0,True,False,False
27049,2021,47968,4.680951611168186,16.6,True,False,False
27049,2022,48035,4.681557795037682,14.9,True,False,False
27053,2019,1265843,6.102379844337054,12.7,True,False,True
27053,2020,1268408,6.1032589725106,13.3,True,False,True
27053,2021,1267416,6.102919185405482,12.2,True,False,True
27053,2022,1258713,6.099926717617681,11.1,True,False,True
27075,2019,10641,4.0269824431916055,18.1,True,False,False
27075,2020,10639,4.026900808890256,17.7,True,False,False
27075,2021,10986,4.04083959468534,17.1,True,False,False
27075,2022,10855,4.035629827790439,15.6,True,False,False
27083,2019,25474,4.406097144474105,19.1,True,False,False
27083,2020,25271,4.402622427748527,18.5,True,False,False
27083,2021,25231,4.401934463592304,17.6,True,False,False
27083,2022,25427,4.405295123042287,15.2,True,False,False
27095,2019,26277,4.419575781062139,21.9,False,False,False
27095,2020,26146,4.417405256843686,22.0,False,False,False
27095,2021,26867,4.429219175321009,20.8,False,False,False
27109,2019,158293,5.199461710007076,13.7,True,False,False
27109,2020,159298,5.202210323231035,14.1,True,False,False
27109,2021,163436,5.213347724652379,13.6,True,False,False
27109,2022,164784,5.216915040801338,11.4,True,False,False
27123,2019,550321,5.740616085608007,15.3,True,False,False
27123,2020,547903,5.73870367838667,15.5,True,False,False
27123,2021,543257,5.735005331019782,14.6,True,False,False
27123,2022,536075,5.729225554259047,12.8,True,False,False
27139,2019,149013,5.173224158224251,13.7,True,False,False
27139,2020,150689,5.178081550830483,13.7,True,False,False
27139,2021,153268,5.18545149031358,12.4,True,False,False
27139,2022,155814,5.192606476761364,11.9,True,False,False
27145,2019,161075,5.207028140018384,17.8,True,False,False
27145,2020,162038,5.20961687414174,17.8,True,False,False
27145,2021,158947,5.201252335360317,17.0,True,False,False
27145,2022,160977,5.206763829531008,15.1,True,False,False
27163,2019,262440,5.4190300290852615,13.0,True,False,False
27163,2020,265476,5.424025265384746,13.3,True,False,False
27163,2021,272256,5.4349774595505975,12.5,True,False,False
27163,2022,278936,5.445504568738584,10.9,True,False,False
27171,2019,138377,5.141063910907099,15.6,True,False,False
27171,2020,140249,5.146899773343313,16.5,True,False,False
27171,2021,144845,5.160903508101131,15.4,True,False,False
27171,2022,151150,5.179408151513836,12.5,True,False,False
28011,2019,30628,4.4861186384219005,22.4,True,False,False
28011,2020,30142,4.479172065501725,21.1,True,False,False
28011,2021,30308,4.481557278577391,23.3,True,False,False
28011,2022,28968,4.461918511808955,20.4,True,False,False
28033,2019,184945,5.267042594630801,17.3,True,False,False
28033,2020,188275,5.274792656273381,18.2,True,False,False
28033,2021,188633,5.27561767177466,16.0,True,False,False
28033,2022,193247,5.28611276057971,13.8,True,False,False
28035,2019,74897,4.87446442237852,19.6,True,False,False
28035,2020,75009,4.875113375602858,20.2,True,False,False
28035,2021,77875,4.891398059667226,19.0,True,False,False
28035,2022,78208,4.893251179890423,16.6,True,False,False
28045,2019,47632,4.6778988173026494,20.2,True,False,False
28045,2020,48000,4.681241237375588,17.6,True,False,False
28045,2021,46055,4.663276786639956,18.5,True,False,False
28045,2022,46159,4.664256391586449,16.0,True,False,False
28047,2019,208080,5.318230339187816,20.8,True,False,False
28047,2020,208801,5.31973257427966,19.2,True,False,False
28047,2021,209396,5.320968381284945,20.0,True,False,False
28047,2022,210612,5.323483112268802,16.5,True,False,False
28049,2019,231840,5.365188368127099,18.4,True,False,False
28049,2020,227966,5.357870078958924,17.3,True,False,False
28049,2021,222679,5.347679262322987,18.7,True,False,False
28049,2022,214870,5.332175783830423,16.5,True,False,False
28059,2019,143617,5.157205850555379,18.9,True,False,False
28059,2020,143802,5.15776492626191,18.8,True,False,False
28059,2021,143987,5.158323283184649,17.7,True,False,False
28059,2022,146389,5.165508444080414,15.5,True,False,False
28075,2019,74125,4.869964706372319,21.8,True,False,False
28075,2020,73751,4.867767913349015,20.9,True,False,False
28075,2021,72088,4.857862976681661,21.1,True,False,False
28075,2022,70527,4.848355410696216,19.0,True,False,False
28081,2019,85436,4.931640907069861,20.0,True,False,False
28081,2020,85466,4.931793378481441,17.7,True,False,False
28081,2021,82883,4.918465462235449,17.7,True,False,False
28081,2022,82799,4.918025091650768,15.5,True,False,False
29019,2019,180463,5.256388172762419,18.0,True,False,False
29019,2020,182991,5.262429730460186,15.9,True,False,False
29019,2021,185840,5.269139196792179,15.8,True,False,False
29019,2022,189463,5.277524409740683,13.5,True,False,False
29021,2019,87364,4.941332510183902,23.8,True,False,False
29021,2020,86530,4.937166703715032,23.1,True,False,False
29021,2021,83853,4.923518604928256,22.4,True,False,False
29021,2022,82956,4.918847802930058,19.1,True,False,False
29027,2019,44743,4.650725100005712,21.9,True,False,False
29027,2020,44887,4.6521205805189725,20.7,True,False,False
29027,2021,44638,4.6497047278555526,20.3,True,False,False
29027,2022,44731,4.650608607308078,17.2,True,False,False
29037,2019,105780,5.0244035626829655,19.8,True,False,False
29037,2020,106806,5.028595650573609,19.0,True,False,False
29037,2021,109638,5.039961104604728,18.2,True,False,False
29037,2022,111732,5.048177572695937,15.1,True,False,False
29047,2019,249948,5.39784966602384,18.4,True,False,False
29047,2020,253463,5.403914570893712,18.6,True,False,False
29047,2021,255518,5.407421499481778,16.1,True,False,False
29047,2022,259772,5.414592338034827,14.1,True,False,False
29049,2019,20387,4.30935332291878,21.1,True,False,False
29049,2020,20553,4.312875222239046,20.7,True,False,False
29049,2021,21287,4.328114460158389,20.5,True,False,False
29049,2022,21548,4.333406966873917,17.1,True,False,False
29077,2019,293086,5.46699507375075,20.1,True,False,False
29077,2020,294997,5.469817599401653,20.0,True,False,False
29077,2021,300865,5.47837166866076,18.5,True,False,False
29077,2022,304611,5.483745582365234,16.4,True,False,False
29095,2019,703011,5.846962120470644,21.8,True,False,False
29095,2020,705925,5.848758562501706,19.0,True,False,False
29095,2021,716862,5.855435559563451,17.9,True,False,False
29095,2022,718560,5.85646303771864,16.0,True,False,False
29097,2019,121328,5.083961038642487,21.6,True,False,False
29097,2020,121648,5.085104973142678,22.4,True,False,False
29097,2021,123155,5.0904520485610645,21.8,True,False,False
29097,2022,125056,5.097104533366641,19.0,True,False,False
29099,2019,225081,5.352338835989317,22.5,True,False,False
29099,2020,226543,5.35515064736561,20.7,True,False,False
29099,2021,227771,5.357498428515184,19.5,True,False,False
29099,2022,231230,5.364044179182894,16.3,True,False,False
29113,2019,59013,4.77094769310584,23.1,True,False,False
29113,2020,60119,4.779011748061015,22.1,True,False,False
29113,2021,61586,4.789481997655101,19.9,True,False,False
29113,2022,64699,4.810897568182794,17.5,True,False,False
29510,2019,300576,5.477954300656483,19.8,False,False,False
29510,2020,297645,5.473698591437921,19.4,False,False,False
29510,2021,293310,5.467326869904469,20.3,False,False,False
30013,2019,81366,4.910442966350447,19.5,True,False,False
30013,2020,81346,4.910336202378744,18.6,True,False,False
30013,2021,84511,4.926913240646536,18.1,True,False,False
30013,2022,84900,4.928907690243952,15.1,True,False,False
30017,2022,11985,4.0786380383696725,14.8,False,False,False
30027,2019,11050,4.04336227802113,18.4,True,False,False
30027,2020,11104,4.045479453110779,17.2,True,False,False
30027,2021,11617,4.065093989357153,17.4,True,False,False
30027,2022,11772,4.070850253427573,15.1,True,False,False
30029,2019,103806,5.016222456514203,17.2,True,False,False
30029,2020,105851,5.024694965259828,17.1,True,False,False
30029,2021,108454,5.0352455742929685,15.1,True,False,False
30029,2022,113679,5.055680244578174,12.9,True,False,False
30031,2019,114434,5.058555078815129,12.4,True,False,False
30031,2020,116806,5.0674651518514215,12.9,True,False,False
30031,2021,122713,5.088890573559927,12.1,True,False,False
30031,2022,126409,5.1017779957121165,10.4,True,False,False
30049,2019,69432,4.841559675359589,16.2,True,False,False
30049,2020,70229,4.846516484483867,14.8,True,False,False
30049,2021,72223,4.858675524195844,13.3,True,False,False
30049,2022,75011,4.875124955245091,12.2,True,False,False
30053,2019,19980,4.300595483889963,20.1,True,False,False
30053,2020,20343,4.308414999096672,20.6,True,False,False
30053,2021,20525,4.312283165791478,20.4,True,False,False
30053,2022,21895,4.340344949528144,17.4,True,False,False
30063,2019,119600,5.077731179652392,16.2,True,False,False
30063,2020,121630,5.085040706742194,14.2,True,False,False
30063,2021,119533,5.077487819421483,14.7,True,False,False
30063,2022,121849,5.085821969333103,12.1,True,False,False
30081,2019,43806,4.641533598824432,18.7,True,False,False
30081,2020,45002,4.653231815323397,17.3,True,False,False
30081,2021,45959,4.662370570512186,16.6,True,False,False
30081,2022,47738,4.67886422013453,13.2,True,False,False
30083,2019,10803,4.033544376090948,16.5,True,False,False
30083,2020,11043,4.043087072166329,17.7,True,False,False
30083,2021,11283,4.0524245881420615,16.6,True,False,False
30083,2022,11173,4.0481697987660175,13.8,True,False,False
30087,2019,8937,3.951191757934706,23.0,True,False,False
30087,2020,8836,3.946255707199397,21.8,True,False,False
30087,2021,8124,3.90976991473277,23.7,True,False,False
30087,2022,8160,3.911690158753861,21.0,True,False,False
30089,2019,12113,4.083251717221604,21.7,True,False,False
30089,2020,12157,4.0848264166974335,21.8,True,False,False
30089,2021,12959,4.11257148986498,21.3,True,False,False
30089,2022,13684,4.136213065513025,17.5,True,False,False
30093,2019,34915,4.543012046377036,20.1,True,False,False
30093,2020,35180,4.546295835121443,19.2,True,False,False
30093,2021,35411,4.54913819132602,17.8,True,False,False
30093,2022,36360,4.56062387454993,14.8,True,False,False
30111,2019,161300,5.207634367388962,17.5,True,False,False
30111,2020,162990,5.212160959753383,17.6,True,False,False
30111,2021,167146,5.223095987876157,15.5,True,False,False
30111,2022,170843,5.232597189025018,14.2,True,False,False
31025,2019,26248,4.419096217377991,16.4,True,False,False
31025,2020,26232,4.418831403661309,16.1,True,False,False
31025,2021,27017,4.431637122784461,14.5,True,False,False
31025,2022,27446,4.438479059004316,13.0,True,False,False
31055,2019,571327,5.756884748607954,15.9,True,False,False
31055,2020,574332,5.759163014498567,15.2,True,False,False
31055,2021,585008,5.76716180511141,13.9,True,False,False
31055,2022,589540,5.770513277098504,13.5,True,False,False
31067,2021,21616,4.334775331677956,18.0,False,False,False
31067,2022,21634,4.335136825371625,16.2,False,False,False
31079,2020,61028,4.785529137559473,17.3,False,False,False
31079,2021,61979,4.792244564836703,15.9,False,False,False
31079,2022,62197,4.793769437506466,14.7,False,False,False
31109,2019,319090,5.503913193999621,14.4,True,False,False
31109,2020,320650,5.506031244253258,15.0,True,False,False
31109,2021,324514,5.5112334376281975,13.9,True,False,False
31109,2022,326716,5.514170403350739,12.6,True,False,False
31153,2019,187196,5.27229656450632,13.2,True,False,False
31153,2020,188856,5.276130787021622,12.5,True,False,False
31153,2021,193418,5.2864968882418815,12.3,True,False,False
31153,2022,199886,5.300782377231337,11.0,True,False,False
31157,2020,35299,4.5477624022537295,17.1,False,False,False
31157,2021,35745,4.553215301402138,16.5,False,False,False
31157,2022,35699,4.552656050830272,14.6,False,False,False
31177,2022,21152,4.325351437805546,12.3,False,False,False
32001,2019,24909,4.396356292642913,18.9,True,False,False
32001,2020,25363,4.404200621701355,19.7,True,False,False
32001,2021,25723,4.410321617730682,17.1,True,False,False
32001,2022,25803,4.411670202385809,16.4,True,False,False
32003,2019,2266715,6.355396918578999,16.5,True,False,True
32003,2020,2315963,6.364731616789341,16.8,True,False,True
32003,2021,2292476,6.360304797723901,16.4,True,False,True
32003,2022,2336573,6.368579353946648,14.8,True,False,True
32005,2019,48905,4.6893532632422525,16.2,True,False,False
32005,2020,49088,4.690975337932868,16.9,True,False,False
32005,2021,49870,4.697839368218364,14.5,True,False,False
32005,2022,49545,4.694999832747095,12.6,True,False,False
32007,2019,52778,4.7224529287900365,18.5,True,False,False
32007,2020,53006,4.724325032231097,19.4,True,False,False
32007,2021,53915,4.731709609545512,18.0,True,False,False
32007,2022,54293,4.7347438395825385,16.9,True,False,False
32019,2019,57510,4.759743367597725,20.6,True,False,False
32019,2020,58319,4.765810068495698,20.6,True,False,False
32019,2021,60903,4.784638685922794,18.8,True,False,False
32019,2022,62583,4.796456377797351,16.0,True,False,False
32023,2019,46523,4.667667712106219,22.5,True,False,False
32023,2020,48054,4.681729544046698,22.4,True,False,False
32023,2021,53450,4.727947709544797,21.7,True,False,False
32023,2022,55720,4.746011107751926,18.6,True,False,False
32031,2019,471519,5.673499197452783,15.6,True,False,False
32031,2020,477082,5.678593031213834,17.4,True,False,False
32031,2021,493392,5.693192103434986,15.7,True,False,False
32031,2022,498022,5.697248528035953,12.8,True,False,False
32033,2019,9580,3.981365509078545,20.4,True,False,False
32033,2020,9466,3.976166500131975,21.3,True,False,False
32033,2021,9182,3.962937288430002,19.0,True,False,False
32033,2022,8522,3.9305415298644335,17.8,True,False,False
32510,2019,55916,4.747536096212921,17.4,True,False,False
32510,2020,56034,4.748451625785822,18.4,True,False,False
32510,2021,58993,4.7708004821212935,16.7,True,False,False
32510,2022,58036,4.763697472032553,14.7,True,False,False
33001,2019,61303,4.787481728214425,16.8,True,False,False
33001,2020,61551,4.789235113172355,16.8,True,False,False
33001,2021,64460,4.809290301176316,15.0,True,False,False
33001,2022,65027,4.813093718432021,12.4,True,False,False
33005,2019,76085,4.8812990449527245,17.6,True,False,False
33005,2020,76228,4.882114525301209,15.4,True,False,False
33005,2021,77329,4.88834239402274,14.6,True,False,False
33005,2022,77703,4.890437786603928,12.4,True,False,False
33007,2019,31563,4.499178275320827,21.4,True,False,False
33007,2020,31174,4.4937925310696665,19.8,True,False,False
33007,2021,31289,4.495391683266939,18.6,True,False,False
33007,2022,31372,4.496542206338053,15.6,True,False,False
33009,2019,89886,4.953692054400412,16.3,True,False,False
33009,2020,90691,4.957564190651339,14.9,True,False,False
33009,2021,92201,4.964735631380384,14.0,True,False,False
33009,2022,93146,4.9691642095787225,11.4,True,False,False
33011,2019,417025,5.620162091032751,15.4,True,False,False
33011,2020,418735,5.621939262949003,14.1,True,False,False
33011,2021,424079,5.627446767130948,13.7,True,False,False
33011,2022,427354,5.630787773276549,10.7,True,False,False
33013,2019,151391,5.180100057683757,15.9,True,False,False
33013,2020,152622,5.183617140368169,15.3,True,False,False
33013,2021,155238,5.190998038895605,14.1,True,False,False
33013,2022,157103,5.196184478299081,10.9,True,False,False
33015,2019,309769,5.491037953763487,14.3,True,False,False
33015,2020,311307,5.493188886269389,14.0,True,False,False
33015,2021,316947,5.500986645397751,12.9,True,False,False
33015,2022,320689,5.506084063385776,9.9,True,False,False
34001,2020,262945,5.419864916951891,16.7,False,False,False
34001,2021,274966,5.439278995920197,16.0,False,False,False
34001,2022,275213,5.439668944443267,13.2,False,False,False
34003,2020,930394,5.968666901016078,10.5,False,False,True
34003,2021,953819,5.979465969296181,10.7,False,False,True
34003,2022,957736,5.981245812268599,8.4,False,False,True
34007,2020,506809,5.704844318554797,15.2,False,False,False
34007,2021,523771,5.719141448864635,15.4,False,False,False
34007,2022,527196,5.721972106471163,13.1,False,False,False
34011,2020,147008,5.167340969178913,19.1,False,False,False
34011,2021,153627,5.186467549813534,19.0,False,False,False
34011,2022,152326,5.182774037891575,16.6,False,False,False
34013,2020,800501,5.903361878784001,14.4,False,False,True
34013,2021,854917,5.931923953100414,13.4,False,False,True
34013,2022,851117,5.929989265092484,12.3,False,False,True
34015,2020,293245,5.467230615873937,13.4,False,False,False
34015,2021,304477,5.483554491877443,13.9,False,False,False
34015,2022,308423,5.489146757188999,12.1,False,False,False
34017,2020,671666,5.827153364695731,11.9,False,False,False
34017,2021,702463,5.846623454101656,11.9,False,False,False
34017,2022,705472,5.848479781397512,10.4,False,False,False
34019,2020,124797,5.096204145449725,10.3,False,False,False
34019,2021,129924,5.113689382826794,10.5,False,False,False
34019,2022,130183,5.114554275413219,8.9,False,False,False
34021,2020,367239,5.564948796127789,12.3,False,False,False
34021,2021,385898,5.586472527751975,13.5,False,False,False
34021,2022,381671,5.581689162782633,10.7,False,False,False
34023,2020,822736,5.915260500903236,11.1,False,False,True
34023,2021,860807,5.9349057899777655,11.0,False,False,True
34023,2022,863623,5.936324199942963,10.1,False,False,True
34025,2020,618381,5.7912561372461,11.3,False,False,False
34025,2021,645354,5.809798006221066,11.8,False,False,False
34025,2022,642799,5.808075192461532,9.8,False,False,False
34027,2020,491087,5.691158437688941,9.8,False,False,False
34027,2021,510981,5.708404751898772,10.5,False,False,False
34027,2022,514423,5.711320377781212,8.5,False,False,False
34029,2020,614237,5.788335973637247,15.3,False,False,False
34029,2021,648998,5.812243358448594,14.2,False,False,False
34029,2022,659197,5.819015222223024,14.0,False,False,False
34031,2020,500382,5.699301678636737,13.4,False,False,False
34031,2021,518117,5.714427842210049,13.1,False,False,False
34031,2022,513395,5.710451634723069,12.5,False,False,False
34039,2020,555394,5.744601183694818,12.2,False,False,False
34039,2021,572114,5.75748257536286,12.5,False,False,False
34039,2022,572726,5.757946899195436,11.3,False,False,False
34041,2020,105624,5.023762610274551,13.9,False,False,False
34041,2021,110731,5.044269222000761,13.9,False,False,False
34041,2022,111252,5.046307827124037,11.7,False,False,False
35001,2019,679121,5.831947160069322,14.8,True,False,False
35001,2020,681666,5.833571632885611,14.3,True,False,False
35001,2021,674393,5.828913053791729,13.6,True,False,False
35001,2022,671586,5.82710163418114,12.2,True,False,False
35015,2019,58460,4.766858811021418,16.1,True,False,False
35015,2020,58418,4.766546684376111,17.0,True,False,False
35015,2021,60911,4.784695729544384,15.9,True,False,False
35015,2022,60275,4.780137219049491,13.4,True,False,False
35025,2019,71070,4.851686315442428,16.9,True,False,False
35025,2020,71830,4.856305866433299,18.6,True,False,False
35025,2021,73004,4.863346656426421,16.4,True,False,False
35025,2022,72101,4.857941288179487,15.1,True,False,False
35029,2019,23709,4.374913236658887,19.3,True,False,False
35029,2020,23905,4.378488748031808,19.6,True,False,False
35029,2021,25532,4.407084835757767,19.7,True,False,False
35029,2022,25316,4.403395087002509,18.0,True,False,False
35039,2019,38921,4.590183990098439,16.6,True,False,False
35039,2020,38521,4.585697552825414,17.5,True,False,False
35039,2021,40179,4.603999123554929,16.6,True,False,False
35039,2022,39876,4.600711587326336,14.9,True,False,False
35043,2019,146748,5.166572191044812,13.9,True,False,False
35043,2020,148904,5.172906364337767,15.4,True,False,False
35043,2021,151369,5.180036941825528,13.5,True,False,False
35043,2022,155936,5.1929463897012,11.4,True,False,False
35045,2019,123958,5.093274560500684,22.3,True,False,False
35045,2020,123312,5.091005341641933,22.6,True,False,False
35045,2021,120993,5.082760245115521,21.8,True,False,False
35045,2022,120675,5.081617307490729,20.5,True,False,False
35049,2019,150358,5.177126540274412,11.9,True,False,False
35049,2020,151946,5.181689271702615,12.2,True,False,False
35049,2021,155201,5.190894515202342,11.7,True,False,False
35049,2022,155956,5.193002087761106,10.4,True,False,False
35055,2019,32723,4.514853112350159,13.9,True,False,False
35055,2020,32593,4.513124336638276,14.3,True,False,False
35055,2021,34623,4.539364695746141,13.6,True,False,False
35055,2022,34405,4.536621562182411,11.7,True,False,False
35061,2019,76688,4.884727411647713,16.3,True,False,False
35061,2020,77574,4.889716185838142,16.2,True,False,False
35061,2021,77190,4.887561040930009,15.4,True,False,False
35061,2022,79141,4.898401533568853,13.7,True,False,False
36001,2019,305506,5.485019744010008,15.2,True,False,False
36001,2020,303654,5.482379006408642,14.5,True,False,False
36001,2021,313743,5.496574044942364,15.3,True,False,False
36001,2022,316659,5.500591835943919,11.4,True,False,False
36005,2019,1418207,6.151739624638766,16.5,True,False,True
36005,2020,1401142,6.146482151482301,17.0,True,False,True
36005,2021,1424948,6.153799016116378,16.6,True,False,True
36005,2022,1356476,6.1324121142349,13.4,True,False,True
36013,2019,126903,5.103471888982376,21.5,True,False,False
36013,2020,126032,5.100480828125241,19.1,True,False,False
36013,2021,126807,5.103143228131384,22.0,True,False,False
36013,2022,124891,5.096531143008499,15.5,True,False,False
36027,2019,294218,5.468669238960993,15.9,True,False,False
36027,2020,293293,5.467301697833428,14.4,True,False,False
36027,2021,297112,5.47292019279504,16.0,True,False,False
36027,2022,297150,5.472975734594228,11.3,True,False,False
36029,2019,918702,5.96317466182863,17.7,True,False,True
36029,2020,917241,5.962483459136611,15.5,True,False,True
36029,2021,950683,5.978035727977279,17.6,True,False,True
36029,2022,946147,5.975958616665185,12.8,True,False,True
36031,2019,36885,4.566849787794398,18.3,True,False,False
36031,2020,36891,4.566920427755827,16.8,True,False,False
36031,2021,37268,4.571336086816895,18.3,True,False,False
36031,2022,36775,4.565552681399568,14.0,True,False,False
36043,2019,61319,4.787595063696637,20.9,False,False,False
36045,2019,109834,5.040736800284199,20.4,True,False,False
36045,2020,108095,5.033805605862375,17.6,True,False,False
36045,2021,116295,5.0655610430251885,19.9,True,False,False
36045,2022,114787,5.059892705588463,14.8,True,False,False
36047,2019,2559903,6.40822350931073,14.0,True,False,True
36047,2020,2538934,6.404651411465153,14.0,True,False,True
36047,2021,2641052,6.421776952168959,13.9,True,False,True
36047,2022,2561225,6.408447732301379,12.2,True,False,True
36055,2019,741770,5.870269264827154,17.6,True,False,True
36055,2020,740900,5.86975959478241,15.1,True,False,True
36055,2021,755160,5.878038977795111,16.7,True,False,True
36055,2022,748482,5.874181360598014,12.1,True,False,True
36059,2019,1356924,6.132555523927286,12.1,True,False,True
36059,2020,1351334,6.130762703892076,10.9,True,False,True
36059,2021,1390907,6.143298092797897,11.1,True,False,True
36059,2022,1381715,6.14041847234961,8.7,True,False,True
36061,2019,1628706,6.211842696278389,11.4,True,False,True
36061,2020,1611989,6.207362073911007,11.4,True,False,True
36061,2021,1576876,6.1977975432762165,11.2,True,False,True
36061,2022,1597451,6.203427545543435,8.5,True,False,True
36063,2019,209281,5.320729801823093,20.9,True,False,False
36063,2020,208396,5.318889378760887,18.3,True,False,False
36063,2021,211653,5.325624428605975,20.3,True,False,False
36063,2022,209457,5.321094878951588,14.0,True,False,False
36065,2019,228671,5.359211090979465,19.6,True,False,False
36065,2020,227346,5.356687317488962,17.3,True,False,False
36065,2021,230274,5.362244904989979,21.2,True,False,False
36065,2022,227555,5.357086382573912,14.7,True,False,False
36067,2019,460528,5.663256040343542,17.3,True,False,False
36067,2020,459214,5.662015119873505,16.3,True,False,False
36067,2021,473236,5.675077774854151,19.4,True,False,False
36067,2022,467873,5.670127983663338,12.4,True,False,False
36071,2019,384940,5.585393041977091,15.4,True,False,False
36071,2020,385234,5.585724610126318,15.3,True,False,False
36071,2021,404525,5.606945366557793,15.7,True,False,False
36071,2022,407470,5.6100956392991375,12.2,True,False,False
36075,2019,117124,5.06864589592285,21.4,True,False,False
36075,2020,116346,5.065751456743595,19.7,True,False,False
36075,2021,117387,5.069620003718442,20.7,True,False,False
36075,2022,118162,5.072477833197706,16.2,True,False,False
36079,2019,98320,4.992641869878398,13.5,True,False,False
36079,2020,98532,4.993577298177411,12.5,True,False,False
36079,2021,97936,4.9909423621551126,13.4,True,False,False
36079,2022,98060,4.99149188891016,9.6,True,False,False
36081,2019,2253858,6.352926550681213,12.4,True,False,True
36081,2020,2225821,6.3474902355431455,13.0,True,False,True
36081,2021,2331143,6.367568915393608,12.5,True,False,True
36081,2022,2252196,6.352606182810941,11.0,True,False,True
36085,2019,476143,5.677737403947629,15.5,True,False,False
36085,2020,475327,5.676992484225266,15.1,True,False,False
36085,2021,493494,5.693281876797485,16.0,True,False,False
36085,2022,490687,5.690804552166664,12.1,True,False,False
36087,2019,325789,5.512936416620895,13.4,True,False,False
36087,2020,326225,5.51351723980056,13.8,True,False,False
36087,2021,339227,5.53049041163995,14.9,True,False,False
36087,2022,340807,5.532508506370932,11.8,True,False,False
36091,2019,229863,5.361469070490552,15.0,True,False,False
36091,2020,230298,5.362290166393517,15.3,True,False,False
36091,2021,237359,5.375405703618034,15.3,True,False,False
36091,2022,238711,5.377872432116221,10.7,True,False,False
36101,2019,95379,4.979452764766347,21.2,True,False,False
36101,2020,94657,4.976152736091284,19.5,True,False,False
36101,2021,92948,4.968240049317076,19.9,True,False,False
36101,2022,92162,4.964551890770317,15.0,True,False,False
36103,2019,1476601,6.16926315820424,13.7,True,False,True
36103,2020,1474273,6.168577911891707,13.4,True,False,True
36103,2021,1526344,6.183652423832027,12.5,True,False,True
36103,2022,1523170,6.182748377362115,9.7,True,False,True
36109,2019,102180,5.009365898346244,15.2,True,False,False
36109,2020,101058,5.004570699032247,14.7,True,False,False
36109,2021,105162,5.021858837045434,14.3,True,False,False
36109,2022,103558,5.015183654380146,10.8,True,False,False
36117,2019,89918,4.953846638542784,19.2,True,False,False
36117,2020,89339,4.951041086965991,17.9,True,False,False
36117,2021,90923,4.958673756814825,19.7,True,False,False
36117,2022,90829,4.958224532762944,14.2,True,False,False
36119,2019,967506,5.98565366698171,10.7,True,False,True
36119,2020,965802,5.984888100410014,11.2,True,False,True
36119,2021,997895,5.999084846578339,10.9,True,False,True
36119,2022,990817,5.995993449410423,9.3,True,False,True
37003,2019,37497,4.57399652277935,22.4,True,False,False
37003,2020,37441,4.573347439656937,21.8,True,False,False
37003,2021,36644,4.56400287446935,18.4,True,False,False
37003,2022,36473,4.56197148664423,17.1,True,False,False
37021,2019,261191,5.416958208140258,17.1,True,False,False
37021,2020,263477,5.4207427098367935,16.6,True,False,False
37021,2021,271534,5.433824217305664,14.4,True,False,False
37021,2022,275901,5.440753274577391,12.5,True,False,False
37027,2019,82178,4.914755567449905,23.8,True,False,False
37027,2020,82100,4.914343157119441,22.0,True,False,False
37027,2021,80463,4.905596220867071,19.5,True,False,False
37027,2022,80574,4.906194924210101,17.3,True,False,False
37031,2019,69473,4.841816053089334,18.8,True,False,False
37031,2020,69558,4.842347086248286,17.2,True,False,False
37031,2021,68541,4.835950436412986,15.7,True,False,False
37031,2022,69615,4.842702827474711,13.1,True,False,False
37035,2019,159551,5.202899530517125,20.4,True,False,False
37035,2020,160307,5.204952486764615,19.3,True,False,False
37035,2021,161723,5.208771789001986,17.3,True,False,False
37035,2022,164645,5.216548546433404,15.0,True,False,False
37051,2019,335509,5.525704174573304,19.5,True,False,False
37051,2020,336364,5.526809508416064,20.1,True,False,False
37051,2021,335508,5.525702880136704,17.0,True,False,False
37051,2022,337890,5.528775338832949,15.6,True,False,False
37057,2019,167609,5.224297334970839,22.3,True,False,False
37057,2020,169234,5.228487619512701,20.4,True,False,False
37057,2021,170637,5.232073207098552,18.6,True,False,False
37057,2022,174804,5.242551366273508,16.0,True,False,False
37063,2019,321488,5.50716476689929,15.2,True,False,False
37063,2020,327306,5.514953966637084,14.5,True,False,False
37063,2021,326126,5.513385423787284,13.2,True,False,False
37063,2022,336892,5.527490698137229,11.0,True,False,False
37065,2019,51472,4.711571043557894,24.6,True,False,False
37065,2020,50829,4.706111565560386,22.8,True,False,False
37065,2021,48359,4.684477311647539,21.3,True,False,False
37065,2022,48832,4.688704511938767,18.4,True,False,False
37067,2019,382295,5.582398617959887,17.9,True,False,False
37067,2020,383843,5.584153624950439,16.9,True,False,False
37067,2021,385523,5.586050292828264,16.3,True,False,False
37067,2022,392921,5.594305240673342,13.8,True,False,False
37077,2019,60443,4.781346011774066,20.6,True,False,False
37077,2020,60486,4.78165486512618,19.6,True,False,False
37077,2021,61986,4.79229361192865,18.2,True,False,False
37077,2022,62192,4.793734523287191,15.5,True,False,False
37081,2019,537174,5.730114984023127,18.7,True,False,False
37081,2020,540521,5.732812571567686,16.8,True,False,False
37081,2021,542410,5.734327687689363,14.5,True,False,False
37081,2022,549866,5.740256866674258,13.5,True,False,False
37087,2019,62317,4.794606537815884,19.8,True,False,False
37087,2020,62972,4.799147486777851,19.3,True,False,False
37087,2021,62476,4.7957132162351614,17.2,True,False,False
37087,2022,62969,4.799126796399881,14.4,True,False,False
37101,2019,209339,5.320850145237701,19.3,True,False,False
37101,2020,216246,5.334948082869826,18.0,True,False,False
37101,2021,226504,5.3550758759408525,16.5,True,False,False
37101,2022,241955,5.383734601232709,13.9,True,False,False
37107,2019,55949,4.747792328605869,24.1,True,False,False
37107,2020,55720,4.746011107751926,22.8,True,False,False
37107,2021,54706,4.738034961141285,22.7,True,False,False
37107,2022,54895,4.73953278941733,20.0,True,False,False
37109,2019,86111,4.935058632686647,19.3,True,False,False
37109,2020,88097,4.944961119471875,18.2,True,False,False
37109,2021,89670,4.952647169758943,16.4,True,False,False
37109,2022,95675,4.980798470896537,14.0,True,False,False
37117,2019,22440,4.351022852584124,23.3,True,False,False
37117,2020,22178,4.345922379138341,22.8,True,False,False
37117,2021,21754,4.337539124196711,21.4,True,False,False
37117,2022,21447,4.331366551785781,18.2,True,False,False
37119,2019,1110356,6.045462243694521,14.9,True,False,True
37119,2020,1128945,6.052672784459654,13.9,True,False,True
37119,2021,1122276,6.0500996755802445,12.6,True,False,True
37119,2022,1163701,6.06584140752097,10.7,True,False,True
37121,2019,14964,4.175047699526168,21.2,True,False,False
37121,2020,14881,4.172632116686294,20.1,True,False,False
37121,2021,14963,4.175018675936629,17.6,True,False,False
37121,2022,14999,4.176062305125079,15.1,True,False,False
37123,2019,27173,4.434137588786735,21.3,True,False,False
37123,2020,27238,4.435175215544276,20.9,True,False,False
37123,2021,25798,4.411586038419363,19.2,True,False,False
37123,2022,26085,4.416390841058393,16.9,True,False,False
37129,2019,234473,5.370092840116697,16.9,True,False,False
37129,2020,236613,5.374038601970548,16.1,True,False,False
37129,2021,229018,5.359869617682509,14.3,True,False,False
37129,2022,238852,5.378128882149945,12.2,True,False,False
37131,2020,19088,4.280760426326267,23.3,False,False,False
37131,2021,17129,4.233732009366046,22.0,False,False,False
37131,2022,16715,4.223106380928587,18.4,False,False,False
37147,2019,180742,5.257059083655393,19.2,True,False,False
37147,2020,182924,5.262270689532032,18.2,True,False,False
37147,2021,172169,5.2359549569845205,16.7,True,False,False
37147,2022,175119,5.2433332685706,15.0,True,False,False
37157,2019,91010,4.9590891143673925,22.9,True,False,False
37157,2020,91285,4.960399419895466,22.0,True,False,False
37157,2021,91266,4.960309016718425,20.0,True,False,False
37157,2022,92518,4.966226235876013,17.6,True,False,False
37159,2019,142088,5.152557401264233,20.7,True,False,False
37159,2020,142495,5.153799625674308,20.5,True,False,False
37159,2021,148150,5.17070165581607,19.3,True,False,False
37159,2022,151661,5.180873915247076,16.2,True,False,False
37173,2019,14271,4.154454406139564,26.3,True,False,False
37173,2020,14179,4.151645602511628,24.5,True,False,False
37173,2021,14136,4.150326536498707,22.6,True,False,False
37173,2022,13916,4.143514420075551,20.4,True,False,False
37179,2019,239859,5.379956018724393,17.7,True,False,False
37179,2020,244562,5.388388977343041,15.8,True,False,False
37179,2021,243648,5.386762850798254,13.6,True,False,False
37179,2022,256452,5.409006090360544,11.8,True,False,False
37183,2019,1111761,6.046011435144284,12.6,True,False,True
37183,2020,1132271,6.053950384201137,11.5,True,False,True
37183,2021,1150204,6.060774873585917,10.5,True,False,True
37183,2022,1190275,6.075647311968035,9.5,True,False,True
37199,2019,18069,4.256934117890243,22.0,True,False,False
37199,2020,18099,4.257654580036067,20.5,True,False,False
37199,2021,18757,4.273163378412345,18.7,True,False,False
37199,2022,18938,4.277334112215984,16.6,True,False,False
38013,2019,2115,3.325310371711061,17.7,True,False,False
38013,2020,2118,3.325925955771466,17.6,True,False,False
38013,2021,2158,3.334051440346892,15.4,True,False,False
38013,2022,2134,3.329194415088451,13.5,True,False,False
38015,2019,95626,4.980575989779568,16.5,True,False,False
38015,2020,96212,4.983229242607108,15.1,True,False,False
38015,2021,98933,4.995341178628522,14.7,True,False,False
38015,2022,100012,5.000052112211158,12.1,True,False,False
38017,2019,181923,5.2598876091329245,16.1,True,False,False
38017,2020,183904,5.264591175453604,15.8,True,False,False
38017,2021,186562,5.270823188869594,13.2,True,False,False
38017,2022,196362,5.293057446856944,12.0,True,False,False
38025,2019,4424,3.645815118296642,17.7,True,False,False
38025,2020,4465,3.649821463224565,19.0,True,False,False
38025,2021,4035,3.6058435390580894,17.0,True,False,False
38025,2022,4019,3.604118006192035,15.0,True,False,False
38053,2019,15024,4.176785574922036,18.5,True,False,False
38053,2020,15242,4.18304195729064,19.4,True,False,False
38053,2021,13819,4.140476616830133,17.5,True,False,False
38053,2022,14252,4.153875813678978,15.0,True,False,False
38057,2019,8187,3.913124790389559,18.3,True,False,False
38057,2020,8174,3.912434633375575,17.9,True,False,False
38057,2021,8323,3.920279894632949,17.5,True,False,False
38057,2022,8309,3.919548758968848,15.4,True,False,False
38101,2019,67641,4.83021001955361,17.5,True,False,False
38101,2020,68466,4.835474955752928,16.8,True,False,False
38101,2021,69071,4.839295743704685,15.6,True,False,False
38101,2022,68332,4.834624132214746,13.3,True,False,False
38105,2019,37589,4.575060772102248,18.2,False,False,False
39001,2019,27698,4.442448410930069,30.2,False,True,False
39001,2020,27531,4.439821986424003,29.2,False,True,False
39003,2019,102351,5.010092090206735,22.8,True,False,False
39003,2020,101980,5.008515007631455,22.9,True,False,False
39003,2021,101670,5.007192823557041,21.9,True,False,False
39003,2022,100838,5.003624223383053,17.6,True,False,False
39007,2019,97241,4.987849416360612,27.0,True,False,False
39007,2020,96513,4.984585815395709,27.2,True,False,False
39007,2021,97337,4.98827795682917,26.8,True,False,False
39007,2022,96845,4.986077203491227,20.5,True,False,False
39013,2019,67006,4.826113693002651,25.8,True,False,False
39013,2020,65932,4.819096249955589,24.3,True,False,False
39013,2021,65849,4.818549184039192,22.2,True,False,False
39013,2022,64918,4.812365131574042,18.6,True,False,False
39017,2019,383134,5.583350693766382,21.8,True,False,False
39017,2020,385648,5.586191083420009,20.0,True,False,False
39017,2021,390234,5.5913251055738895,18.1,True,False,False
39017,2022,393043,5.594440066001774,15.2,True,False,False
39023,2019,134083,5.127373718386963,24.9,True,False,False
39023,2020,133593,5.125783702592981,23.9,True,False,False
39023,2021,135633,5.13236536780746,21.9,True,False,False
39023,2022,134610,5.129077324252736,18.5,True,False,False
39025,2019,206428,5.314768604877388,23.1,True,False,False
39025,2020,207449,5.316911345670036,21.2,True,False,False
39025,2021,209642,5.321478294251413,19.7,True,False,False
39025,2022,211972,5.326278497491964,15.7,True,False,False
39027,2019,41968,4.622918273246278,25.6,True,False,False
39027,2020,41921,4.622431633930392,24.8,True,False,False
39027,2021,42004,4.6232906498076645,21.9,True,False,False
39027,2022,41938,4.62260771535978,18.3,True,False,False
39035,2019,1235072,6.091692276050131,21.5,True,False,True
39035,2020,1227883,6.089156986613649,21.1,True,False,True
39035,2021,1249387,6.0966969827548425,18.7,True,False,True
39035,2022,1233088,6.090994071365119,15.2,True,False,True
39041,2019,209177,5.320513930089022,15.0,True,False,False
39041,2020,213554,5.329507710446328,14.5,True,False,False
39041,2021,220740,5.343881038214771,11.1,True,False,False
39041,2022,231636,5.364806056723577,9.9,True,False,False
39049,2019,1316756,6.119505305963222,20.3,True,False,True
39049,2020,1324624,6.122092619481171,19.4,True,False,True
39049,2021,1321414,6.121038903721382,17.0,True,False,True
39049,2022,1326063,6.122564157479322,14.0,True,False,True
39055,2019,93649,4.971503144265441,19.1,True,False,False
39055,2020,93271,4.969746633052698,19.1,True,False,False
39055,2021,95565,4.980298864137723,16.4,True,False,False
39055,2022,95407,4.979580240006466,13.3,True,False,False
39057,2019,168937,5.227724777670622,18.6,True,False,False
39057,2020,170122,5.230760479754766,18.3,True,False,False
39057,2021,168412,5.2263730334113,15.9,True,False,False
39057,2022,169691,5.229658809000127,12.9,True,False,False
39061,2019,817473,5.912473417424488,20.0,True,False,True
39061,2020,817985,5.912745339763061,21.1,True,False,True
39061,2021,826139,5.917053124625775,17.2,True,False,True
39061,2022,827058,5.917535966864153,14.3,True,False,True
39067,2019,15040,4.177247836255623,27.8,False,True,False
39067,2020,15014,4.176496411530366,26.8,False,False,False
39067,2021,14477,4.160678574400385,23.2,False,False,False
39081,2019,65325,4.815079418399363,26.4,True,False,False
39081,2020,64939,4.81250559661173,26.0,True,False,False
39081,2021,64789,4.8115012767838286,24.1,True,False,False
39081,2022,64026,4.806356370289087,18.6,True,False,False
39083,2019,62322,4.794641382004472,21.7,True,False,False
39083,2020,62423,4.795344636680122,21.6,True,False,False
39083,2021,62897,4.798629931382995,20.5,True,False,False
39083,2022,63320,4.801540906190319,16.4,True,False,False
39085,2019,230149,5.362009092219672,20.5,True,False,False
39085,2020,229569,5.360913242445887,19.0,True,False,False
39085,2021,232023,5.365531037813241,17.2,True,False,False
39085,2022,231640,5.364813556261336,14.8,True,False,False
39087,2019,59463,4.774246816247643,27.2,True,False,False
39087,2020,59091,4.771521339629474,26.3,True,False,False
39087,2021,57445,4.759252233774364,24.1,True,False,False
39087,2022,56118,4.749102184729067,19.8,True,False,False
39089,2019,176862,5.247634531818165,21.8,True,False,False
39089,2020,178100,5.250663919463244,21.0,True,False,False
39089,2021,180401,5.2562389405966,17.8,True,False,False
39089,2022,183201,5.2629278399284285,15.6,True,False,False
39093,2019,309833,5.491127672153488,21.6,True,False,False
39093,2020,312172,5.4943939468019005,21.4,True,False,False
39093,2021,315595,5.499130114025308,19.4,True,False,False
39093,2022,317910,5.502304189055112,15.3,True,False,False
39095,2019,428348,5.631796743476876,23.5,True,False,False
39095,2020,428294,5.631741990378023,22.4,True,False,False
39095,2021,429191,5.632650606370991,19.7,True,False,False
39095,2022,425484,5.628883233416237,16.8,True,False,False
39097,2019,44731,4.650608607308078,23.1,True,False,False
39097,2020,44559,4.648935435770809,22.8,True,False,False
39097,2021,44386,4.647246008818986,20.8,True,False,False
39097,2022,44602,4.649354333364369,16.3,True,False,False
39099,2019,228683,5.35923388091367,23.5,True,False,False
39099,2020,226075,5.354252539513232,23.1,True,False,False
39099,2021,226762,5.3555702787349375,21.4,True,False,False
39099,2022,225596,5.353331394986268,17.6,True,False,False
39103,2019,179746,5.254659234536107,18.3,True,False,False
39103,2020,180912,5.257467374825192,18.4,True,False,False
39103,2021,183092,5.262669368704984,16.1,True,False,False
39103,2022,184042,5.264916944133317,13.2,True,False,False
39109,2019,106987,5.029331009729477,22.6,True,False,False
39109,2020,107516,5.031473098620446,22.5,True,False,False
39109,2021,109264,5.03847709537433,18.3,True,False,False
39109,2022,110876,5.044837549796026,15.5,True,False,False
39113,2019,531687,5.725656041737376,21.8,True,False,False
39113,2020,531610,5.725593141766503,21.6,True,False,False
39113,2021,535840,5.729035130195792,18.7,True,False,False
39113,2022,533796,5.727375315078247,15.7,True,False,False
39133,2019,162466,5.210762488038879,21.7,True,False,False
39133,2020,162583,5.211075132942122,21.1,True,False,False
39133,2021,162382,5.210537886149424,19.0,True,False,False
39133,2022,162665,5.2112941175217085,15.7,True,False,False
39135,2019,40882,4.611532133890776,23.4,True,False,False
39135,2020,40836,4.611043195143434,23.0,True,False,False
39135,2021,40867,4.611372757817634,20.6,True,False,False
39135,2022,40556,4.608055114382654,17.3,True,False,False
39145,2019,75314,4.876875714017427,29.3,True,True,False
39145,2020,74347,4.871263448853509,29.4,True,True,False
39145,2021,73346,4.865376434126184,27.4,True,False,False
39145,2022,71969,4.85714546826344,21.4,True,False,False
39151,2019,370606,5.568912446137218,22.9,True,False,False
39151,2020,369772,5.567934022275066,22.4,True,False,False
39151,2021,373834,5.5726787976872325,21.3,True,False,False
39151,2022,372716,5.571378036602943,17.6,True,False,False
39153,2019,541013,5.733207700892951,21.3,True,False,False
39153,2020,538866,5.731480782448857,21.6,True,False,False
39153,2021,537633,5.730485917929051,19.3,True,False,False
39153,2022,535733,5.728948398802376,14.9,True,False,False
39155,2019,197974,5.296608157948572,26.8,True,False,False
39155,2020,196800,5.294025094095323,25.9,True,False,False
39155,2021,201335,5.303919279039585,22.6,True,False,False
39155,2022,200373,5.30183920052353,19.1,True,False,False
39165,2019,234602,5.370331710188979,17.0,True,False,False
39165,2020,238412,5.377328110978536,16.3,True,False,False
39165,2021,246553,5.391910291294328,14.4,True,False,False
39165,2022,252148,5.401655527750323,12.1,True,False,False
39167,2019,59911,4.777506568644903,23.5,True,False,False
39167,2020,59652,4.775625009186624,24.1,True,False,False
39167,2021,59423,4.773954573596168,23.2,True,False,False
39167,2022,58577,4.767727125679337,17.8,True,False,False
39173,2019,130817,5.116664185321975,19.5,True,False,False
39173,2020,131113,5.11764575460664,20.6,True,False,False
39173,2021,132472,5.122124093136748,16.6,True,False,False
39173,2022,132650,5.122707254318348,13.9,True,False,False
40001,2019,22194,4.3462355816990375,29.9,True,True,False
40001,2020,21955,4.341533441440407,31.0,True,True,False
40001,2021,19414,4.288115025288104,30.2,True,True,False
40001,2022,19627,4.29285392247245,26.2,True,False,False
40017,2019,148306,5.171158721589273,17.4,True,False,False
40017,2020,153192,5.185236086141411,17.3,True,False,False
40017,2021,161737,5.208809383281034,15.3,True,False,False
40017,2022,175829,5.24509050612621,13.2,True,False,False
40019,2019,48111,4.682244383923317,20.9,True,False,False
40019,2020,48353,4.684423424500241,22.1,True,False,False
40019,2021,48291,4.68386619877341,20.7,True,False,False
40019,2022,48596,4.686600523389447,18.2,True,False,False
40023,2019,14672,4.1664893183259455,26.5,False,False,False
40027,2019,284014,5.453339748402282,16.6,True,False,False
40027,2020,287066,5.45798175785077,17.7,True,False,False
40027,2021,297597,5.473628548883207,16.4,True,False,False
40027,2022,301193,5.478844874246127,14.1,True,False,False
40031,2019,120749,5.081883542766985,19.5,True,False,False
40031,2020,121099,5.083140556881491,20.6,True,False,False
40031,2021,122063,5.0865840396123385,20.0,True,False,False
40031,2022,121574,5.084840705990427,18.3,True,False,False
40037,2019,71522,4.854439650318333,22.8,True,False,False
40037,2020,71485,4.854214921512205,22.6,True,False,False
40037,2021,72029,4.857507385379264,21.7,True,False,False
40037,2022,73332,4.865293529767452,18.7,True,False,False
40039,2019,29003,4.462442922590674,19.0,False,False,False
40043,2019,4891,3.6893976628212815,20.1,True,False,False
40043,2020,4815,3.682596291460553,21.7,True,False,False
40043,2021,4417,3.6451273992583912,20.3,True,False,False
40043,2022,4286,3.63205216670581,18.1,True,False,False
40069,2020,10824,4.034387783589566,24.1,False,False,False
40071,2019,43538,4.638868475028603,21.9,True,False,False
40071,2020,43274,4.636227040741543,22.5,True,False,False
40071,2021,43732,4.640799339432712,22.0,True,False,False
40071,2022,43641,4.639894693554849,19.6,True,False,False
40075,2021,8410,3.924795995797912,22.2,False,False,False
40075,2022,8398,3.9241758703019207,20.5,False,False,False
40087,2021,43516,4.638648968083367,17.3,False,False,False
40087,2022,47072,4.672762651047436,15.2,False,False,False
40097,2019,41100,4.613841821876069,24.8,True,False,False
40097,2020,41152,4.6143909469081095,25.7,True,False,False
40097,2021,39159,4.592831592732042,23.6,True,False,False
40097,2022,39889,4.600853148871242,20.7,True,False,False
40105,2019,10076,4.003288158826075,24.2,False,False,False
40105,2022,9438,3.97487997300693,20.6,False,False,False
40109,2019,797434,5.901694748629602,16.5,True,False,True
40109,2020,804041,5.905278195041689,18.1,True,False,True
40109,2021,798575,5.902315710150837,16.7,True,False,True
40109,2022,808866,5.9078765805977405,14.5,True,False,True
40113,2019,46963,4.671755831890126,22.9,True,False,False
40113,2020,46642,4.6687771646141885,22.8,True,False,False
40113,2021,45772,4.660599889267743,20.8,True,False,False
40113,2022,46130,4.663983454608267,18.4,True,False,False
40115,2019,31127,4.49313726567997,24.5,True,False,False
40115,2020,30879,4.489663227495498,26.5,True,False,False
40115,2021,30340,4.482015576450712,24.2,True,False,False
40115,2022,30287,4.481256257553046,22.3,True,False,False
40121,2019,43654,4.640024044108867,24.0,True,False,False
40121,2020,43679,4.6402726869436295,25.1,True,False,False
40121,2021,43633,4.639815074060729,22.2,True,False,False
40121,2022,43479,4.638279546925845,19.8,True,False,False
40135,2019,41569,4.61876957707524,26.8,True,False,False
40135,2020,41538,4.61844558199508,28.0,True,True,False
40135,2021,39508,4.596685045096567,25.4,True,False,False
40135,2022,40291,4.605208046467364,23.4,True,False,False
40143,2019,651552,5.813949082231035,17.4,True,False,False
40143,2020,657589,5.817954539812929,18.5,True,False,False
40143,2021,672858,5.827923420355665,16.6,True,False,False
40143,2022,682868,5.8343367616435176,15.0,True,False,False
40147,2020,52222,4.717853500430835,20.6,False,False,False
40147,2021,52772,4.722403553765987,19.4,False,False,False
41001,2019,16124,4.207472789481014,17.7,True,False,False
41001,2020,16284,4.211761093707362,17.5,True,False,False
41001,2021,16847,4.226522575863549,16.6,True,False,False
41001,2022,16912,4.228194969963351,14.5,True,False,False
41003,2019,93053,4.968730379212548,13.8,True,False,False
41003,2020,93239,4.969597607010585,12.7,True,False,False
41003,2021,96017,4.982348132545463,12.4,True,False,False
41003,2022,97713,4.989952347267186,11.3,True,False,False
41005,2019,418187,5.62137052796511,13.9,True,False,False
41005,2020,421596,5.624896481743939,13.3,True,False,False
41005,2021,422537,5.625864744510002,12.3,True,False,False
41005,2022,423173,5.626517950319466,10.6,True,False,False
41009,2019,52354,4.718949868661722,19.4,True,False,False
41009,2020,52876,4.723258593912653,16.7,True,False,False
41009,2021,53074,4.724881820104673,16.0,True,False,False
41009,2022,53880,4.731427587050948,14.4,True,False,False
41013,2019,24404,4.38746101632035,18.9,True,False,False
41013,2020,25105,4.399760225710366,18.1,True,False,False
41013,2021,25739,4.410591669883119,16.0,True,False,False
41013,2022,26952,4.430590997973064,13.4,True,False,False
41017,2019,197692,5.295989095079213,15.3,True,False,False
41017,2020,201769,5.304854441568232,14.0,True,False,False
41017,2021,204801,5.311332072877141,12.6,True,False,False
41017,2022,208513,5.319133136778664,10.7,True,False,False
41019,2019,110980,5.045244720478147,20.0,False,False,False
41019,2020,111364,5.046744821644442,18.6,False,False,False
41019,2021,111978,5.049132706445976,17.5,False,False,False
41023,2019,7199,3.8572721735640414,20.4,True,False,False
41023,2020,7180,3.8561244442423,18.8,True,False,False
41023,2021,7272,3.861653870213911,17.8,True,False,False
41023,2022,7215,3.858236335429513,15.5,True,False,False
41025,2019,7393,3.868820706197517,18.9,True,False,False
41025,2020,7373,3.8676442339030985,18.3,True,False,False
41025,2021,7575,3.879382637174343,18.9,True,False,False
41025,2022,7440,3.871572935545879,17.0,True,False,False
41029,2019,220944,5.344282212269562,17.8,True,False,False
41029,2020,221844,5.346047687268806,15.7,True,False,False
41029,2021,223734,5.3497319871827305,15.1,True,False,False
41029,2022,220768,5.3439361232665,13.4,True,False,False
41031,2019,24658,4.391957848245589,18.5,True,False,False
41031,2020,24856,4.395431240246918,18.4,True,False,False
41031,2021,25068,4.399119686027934,17.3,True,False,False
41031,2022,25454,4.405756039773956,15.0,True,False,False
41033,2019,87487,4.941943524477049,20.5,True,False,False
41033,2020,88053,4.944744157137487,19.1,True,False,False
41033,2021,88346,4.946186890942345,19.0,True,False,False
41033,2022,87821,4.943598378020126,16.4,True,False,False
41035,2019,68238,4.83402628952974,18.7,True,False,False
41035,2020,68739,4.837203209825633,18.5,True,False,False
41035,2021,70164,4.846114339884909,18.7,True,False,False
41035,2022,70003,4.845116652236079,15.7,True,False,False
41037,2019,7869,3.895919545310016,20.2,True,False,False
41037,2020,7949,3.900312496983727,19.6,True,False,False
41037,2021,8276,3.917820481993697,19.3,True,False,False
41037,2022,8293,3.918711665382321,16.0,True,False,False
41039,2019,382067,5.582139528301294,15.9,True,False,False
41039,2020,382986,5.583182898684355,16.4,True,False,False
41039,2021,383189,5.583413033527934,14.4,True,False,False
41039,2022,381181,5.581131245059669,13.0,True,False,False
41043,2019,129749,5.11310401934396,17.5,True,False,False
41043,2020,131054,5.117450280921051,17.8,True,False,False
41043,2021,129839,5.11340516196178,15.5,True,False,False
41043,2022,131496,5.118912542146316,14.5,True,False,False
41047,2019,347818,5.541352053510263,15.1,True,False,False
41047,2020,349204,5.543079209741373,16.3,True,False,False
41047,2021,347119,5.540478385982911,16.3,True,False,False
41047,2022,346741,5.540005197355811,12.7,True,False,False
41051,2019,812855,5.910013081490513,15.1,True,False,True
41051,2020,815637,5.911496918591335,14.3,True,False,True
41051,2021,803377,5.904919394092109,13.1,True,False,True
41051,2022,789698,5.897461038114287,11.7,True,False,True
41059,2019,77950,4.891816119524861,17.9,True,False,False
41059,2020,77752,4.890711569117427,18.1,True,False,False
41059,2021,79988,4.903024837933357,17.6,True,False,False
41059,2022,80053,4.903377611820996,14.9,True,False,False
41061,2019,26835,4.428701599623055,17.9,True,False,False
41061,2020,26551,4.424080882717047,17.7,True,False,False
41061,2021,26212,4.418500159284101,17.0,True,False,False
41061,2022,25944,4.4140369356649165,14.7,True,False,False
41063,2019,7208,3.857814777971007,17.4,True,False,False
41063,2020,7181,3.85618492672717,15.8,True,False,False
41063,2021,7545,3.8776592441116087,14.3,True,False,False
41063,2022,7674,3.885021794862298,12.3,True,False,False
41065,2019,26682,4.426218379832578,17.3,False,False,False
41065,2020,26403,4.421653275711644,17.3,False,False,False
41065,2021,26726,4.426933964071905,16.0,False,False,False
41067,2019,601592,5.779302052352608,12.2,True,False,False
41067,2020,603514,5.780687349084941,11.8,True,False,False
41067,2021,600811,5.778737875386872,10.4,True,False,False
41067,2022,598865,5.7773289319670935,9.6,True,False,False
42001,2019,103009,5.0128751711088695,20.3,False,False,False
42001,2020,102742,5.011748015549402,19.2,False,False,False
42001,2021,104127,5.017563356125501,17.5,False,False,False
42003,2019,1216045,6.084949646392374,18.1,False,False,True
42003,2020,1211358,6.0832725118033855,15.6,False,False,True
42003,2021,1238090,6.092752215833281,16.0,False,False,True
42005,2019,64735,4.811139152337678,23.8,False,False,False
42005,2020,64162,4.807277892923024,21.5,False,False,False
42005,2021,65093,4.813534287725962,20.1,False,False,False
42007,2019,163929,5.2146557896039685,21.6,False,False,False
42007,2020,162575,5.211053762679936,18.9,False,False,False
42007,2021,166624,5.221737555995598,19.0,False,False,False
42011,2019,421164,5.624451241740581,19.3,False,False,False
42011,2020,421017,5.62429963231342,18.2,False,False,False
42011,2021,429342,5.632803375029723,18.4,False,False,False
42013,2019,121829,5.0857506794369485,23.3,False,False,False
42013,2020,121007,5.082810494063897,20.4,False,False,False
42013,2021,121767,5.085529606361368,20.8,False,False,False
42015,2019,60323,4.780482931851232,23.2,False,False,False
42015,2020,60221,4.779747962914968,22.0,False,False,False
42015,2021,59892,4.777368815913747,21.2,False,False,False
42017,2019,628270,5.798146322575216,16.7,False,False,False
42017,2020,627987,5.797950653471748,15.1,False,False,False
42017,2021,646098,5.810298396681233,14.5,False,False,False
42021,2019,130192,5.114584298651539,21.9,False,False,False
42021,2020,128672,5.109484051422817,20.8,False,False,False
42021,2021,132167,5.121123032252836,20.4,False,False,False
42027,2019,162385,5.210545909645934,19.0,False,False,False
42027,2020,161496,5.208161770014236,17.2,False,False,False
42027,2021,157527,5.19735500222749,16.9,False,False,False
42029,2019,524989,5.720150203807197,13.7,False,False,False
42029,2020,526759,5.721611964530629,12.9,False,False,False
42029,2021,538649,5.731305857916303,12.1,False,False,False
42041,2019,253370,5.403755191424458,17.5,False,False,False
42041,2020,255857,5.40799730334756,16.2,False,False,False
42041,2021,262919,5.41982197179292,14.9,False,False,False
42043,2019,278299,5.444511645804894,18.9,False,False,False
42043,2020,279874,5.446962554839851,18.3,False,False,False
42043,2021,287400,5.458486763798207,16.9,False,False,False
42045,2019,566747,5.753389229924458,17.2,False,False,False
42045,2020,566753,5.753393827660482,15.8,False,False,False
42045,2021,573849,5.758797629167974,15.7,False,False,False
42049,2019,269728,5.430926032156652,21.5,False,False,False
42049,2020,268426,5.428824579714732,19.6,False,False,False
42049,2021,269011,5.429770038893217,19.7,False,False,False
42051,2019,129274,5.111511186968867,24.2,False,False,False
42051,2020,128126,5.107637268002071,23.4,False,False,False
42051,2021,126931,5.10356770156495,22.4,False,False,False
42055,2019,155027,5.19040734287892,20.8,False,False,False
42055,2020,155637,5.192112850916063,19.3,False,False,False
42055,2021,156289,5.193928412392738,18.7,False,False,False
42059,2019,36233,4.559104293998835,23.9,False,False,False
42059,2020,35621,4.5517061073896,21.5,False,False,False
42059,2021,35369,4.548622781029868,21.0,False,False,False
42063,2019,84073,4.924656544743199,23.3,False,False,False
42063,2020,83664,4.92253862448558,21.1,False,False,False
42063,2021,82886,4.918481181500763,20.0,False,False,False
42069,2019,209674,5.321544580410052,20.9,False,False,False
42069,2020,208989,5.320123427905206,19.3,False,False,False
42069,2021,215663,5.333775642208835,18.6,False,False,False
42071,2019,545724,5.736973053725181,20.0,False,False,False
42071,2020,546192,5.73734533479804,18.3,False,False,False
42071,2021,553652,5.743236873089765,16.7,False,False,False
42073,2019,85512,4.932027064062622,22.4,False,False,False
42073,2020,85083,4.929842794588423,20.8,False,False,False
42073,2021,85497,4.931950876057952,20.3,False,False,False
42075,2019,141793,5.151654791239061,21.4,False,False,False
42075,2021,143493,5.156830715456606,18.5,False,False,False
42077,2019,369318,5.567400475022139,17.6,False,False,False
42077,2020,370802,5.569142067939076,17.3,False,False,False
42077,2021,375539,5.574655045482075,16.8,False,False,False
42079,2019,317417,5.501630182684997,21.7,False,False,False
42079,2020,316982,5.501034601263099,20.1,False,False,False
42079,2021,326053,5.513288200487204,19.6,False,False,False
42081,2019,113299,5.054226076708954,22.3,False,False,False
42081,2020,113209,5.053880954192943,19.6,False,False,False
42081,2021,113605,5.0553974460283735,19.0,False,False,False
42085,2019,109424,5.0391125863889545,22.0,False,False,False
42085,2020,108545,5.035609822977708,21.2,False,False,False
42085,2021,109972,5.041282123399829,20.1,False,False,False
42091,2019,830915,5.919556599092122,14.9,False,False,True
42091,2020,833869,5.921097828760305,13.4,False,False,True
42091,2021,860578,5.93479023949145,12.6,False,False,True
42095,2019,305285,5.484705466017408,18.0,False,False,False
42095,2020,305892,5.4855681190203525,17.3,False,False,False
42095,2021,313628,5.496414828574446,15.9,False,False,False
42101,2019,1584064,6.1997727241507885,20.2,False,False,True
42101,2020,1578487,6.198241009508874,19.6,False,False,True
42101,2021,1576251,6.197625375104909,18.9,False,False,True
42115,2019,40328,4.605606684430094,22.4,False,False,False
42115,2020,40006,4.602125130614923,21.0,False,False,False
42115,2021,38389,4.584206799271915,20.5,False,False,False
42125,2019,206865,5.315687017525653,19.2,False,False,False
42125,2020,206803,5.315556834586293,18.3,False,False,False
42125,2021,209470,5.321121832708528,17.1,False,False,False
42129,2019,348899,5.542699724692868,20.5,False,False,False
42129,2020,347087,5.54043834765587,17.8,False,False,False
42129,2021,353057,5.547844826597646,16.4,False,False,False
42131,2020,26557,4.424179013578782,20.0,False,False,False
42131,2021,26034,4.415540900512855,19.2,False,False,False
42133,2019,449058,5.652302437781004,19.3,False,False,False
42133,2020,450448,5.653644662980954,20.0,False,False,False
42133,2021,458696,5.661524952938824,16.4,False,False,False
44003,2019,164292,5.215616416506007,16.5,True,False,False
44003,2020,164646,5.216551184188349,17.2,True,False,False
44003,2021,170715,5.232271682397822,14.9,True,False,False
44003,2022,171278,5.2337015830928095,12.8,True,False,False
44007,2019,638931,5.805453959978013,16.6,True,False,False
44007,2020,636547,5.803830475683418,15.7,True,False,False
44007,2021,658221,5.818371733987878,14.8,True,False,False
44007,2022,660615,5.819948430607695,12.5,True,False,False
44009,2019,125577,5.098910103670503,16.0,True,False,False
44009,2020,125746,5.0994941789720425,14.3,True,False,False
44009,2021,130592,5.115916573093177,11.9,True,False,False
44009,2022,129982,5.113883215061283,10.4,True,False,False
45003,2020,172895,5.237782433969076,18.8,False,False,False
45003,2021,170776,5.232426837079367,17.1,False,False,False
45003,2022,177130,5.248292122630316,13.8,False,False,False
45007,2020,204353,5.310381017745592,19.8,False,False,False
45007,2021,206908,5.315777282781188,18.8,False,False,False
45007,2022,213076,5.328534535333398,14.4,False,False,False
45015,2020,235987,5.372888079310064,18.1,False,False,False
45015,2021,236701,5.374200092713893,16.3,False,False,False
45015,2022,255217,5.406909599360629,12.9,False,False,False
45019,2019,411406,5.614270621213566,15.7,True,False,False
45019,2020,417981,5.621156540668102,14.7,True,False,False
45019,2021,413024,5.61597528837487,13.6,True,False,False
45019,2022,424367,5.627741604552757,10.6,True,False,False
45031,2020,66509,4.822880418022892,22.0,False,False,False
45031,2021,62755,4.797648333912458,22.0,False,False,False
45031,2022,62416,4.795295932967716,16.9,False,False,False
45041,2019,138293,5.140800197908937,20.4,True,False,False
45041,2020,137588,5.138580557729121,20.2,True,False,False
45041,2021,136504,5.1351453777685325,19.1,True,False,False
45041,2022,137214,5.1373984248733375,15.2,True,False,False
45045,2019,523542,5.718951527727514,15.0,True,False,False
45045,2020,532486,5.72630819388979,16.5,True,False,False
45045,2021,533834,5.727406230639479,14.6,True,False,False
45045,2022,558036,5.746662217032611,11.5,True,False,False
45051,2020,365449,5.5628267778356,20.4,False,False,False
45051,2021,365579,5.56298124054631,18.6,False,False,False
45051,2022,397478,5.59931309590315,15.1,False,False,False
45063,2019,298750,5.475307913956194,17.4,True,False,False
45063,2020,303946,5.482796432341751,18.1,True,False,False
45063,2021,300137,5.477319537261996,17.1,True,False,False
45063,2022,309528,5.490699941548275,13.0,True,False,False
45079,2019,415759,5.618841659233785,16.8,True,False,False
45079,2020,419051,5.622266881368957,15.4,True,False,False
45079,2021,418307,5.621495132177897,15.6,True,False,False
45079,2022,425138,5.628529925133531,11.9,True,False,False
45083,2019,319785,5.504858088647207,20.0,True,False,False
45083,2020,326205,5.513490613527579,18.6,True,False,False
45083,2021,335864,5.526163455942808,17.9,True,False,False
45083,2022,356698,5.552300674262944,14.4,True,False,False
45091,2019,280979,5.448673862520999,15.6,True,False,False
45091,2020,289105,5.461055602752055,16.3,True,False,False
45091,2021,288595,5.460288802532873,14.0,True,False,False
45091,2022,298320,5.474682370353251,11.1,True,False,False
46011,2019,35077,4.545022442756734,14.3,True,False,False
46011,2020,35603,4.551486594280516,14.0,True,False,False
46011,2021,34639,4.539565345794769,13.7,True,False,False
46011,2022,35980,4.556061159009532,12.9,True,False,False
46013,2020,38738,4.58813719481919,17.3,False,False,False
46013,2021,38101,4.580936374331331,15.2,False,False,False
46013,2022,37733,4.5767213355919525,14.7,False,False,False
46029,2019,28009,4.447297603567068,18.6,True,False,False
46029,2020,28186,4.450033447592529,19.2,True,False,False
46029,2021,28427,4.453731029504294,18.0,True,False,False
46029,2022,28971,4.461963486124938,16.8,True,False,False
46065,2019,17526,4.243682807357193,17.2,True,False,False
46065,2020,17336,4.238948898311762,16.4,True,False,False
46065,2021,17694,4.247826022935442,15.9,True,False,False
46065,2022,17624,4.246104484142712,14.0,True,False,False
46099,2019,193134,5.285858735263484,15.7,True,False,False
46099,2020,196659,5.2937138264686086,15.8,True,False,False
46099,2021,199685,5.300345442627847,15.2,True,False,False
46099,2022,206930,5.315823457751156,14.1,True,False,False
46103,2019,113775,5.056046844178431,18.9,True,False,False
46103,2020,115926,5.064180850891834,18.1,True,False,False
46103,2021,111806,5.048465110321171,16.5,True,False,False
46103,2022,115903,5.064094677262853,15.4,True,False,False
47001,2019,76978,4.886366623305113,23.1,True,False,False
47001,2020,77558,4.889626601332881,22.4,True,False,False
47001,2021,77576,4.889727382602097,21.1,True,False,False
47001,2022,80234,4.904358444135988,18.9,True,False,False
47009,2019,133088,5.12413889868484,22.5,True,False,False
47009,2020,134751,5.129531996811433,22.0,True,False,False
47009,2021,137605,5.138634214662267,19.6,True,False,False
47009,2022,141456,5.150621373225512,17.0,True,False,False
47037,2019,694144,5.841449574083323,16.9,True,False,False
47037,2020,694176,5.841469594573446,18.5,True,False,False
47037,2021,703953,5.847543664082395,17.3,True,False,False
47037,2022,712334,5.852683673896704,14.2,True,False,False
47045,2019,37159,4.570064018014673,24.4,True,False,False
47045,2020,36693,4.564583220891482,24.0,True,False,False
47045,2021,36615,4.56365903847287,22.4,True,False,False
47045,2022,36498,4.562269066846567,20.5,True,False,False
47065,2019,367804,5.565616448035504,19.3,True,False,False
47065,2020,371662,5.570148159605398,19.0,True,False,False
47065,2021,369135,5.567185225326314,16.8,True,False,False
47065,2022,379864,5.579628137086764,15.7,True,False,False
47089,2019,54495,4.736356656918396,23.3,True,False,False
47089,2020,55307,4.742780101810677,23.5,True,False,False
47089,2021,55624,4.74526221637756,22.0,True,False,False
47089,2022,57838,4.762213266928569,18.5,True,False,False
47093,2019,470313,5.67238698331813,18.6,True,False,False
47093,2020,475609,5.677250064225365,19.0,True,False,False
47093,2021,486677,5.68724082228807,17.3,True,False,False
47093,2022,500669,5.699550701952674,15.7,True,False,False
47099,2019,44142,4.644852006426143,26.0,True,False,False
47099,2020,44432,4.647695862406183,25.9,True,False,False
47099,2021,44828,4.651549363261519,24.6,True,False,False
47099,2022,46114,4.663832795231394,21.7,True,False,False
47105,2019,54068,4.732940305121614,20.9,True,False,False
47105,2020,54910,4.739651443709377,20.4,True,False,False
47105,2021,56690,4.75350645699097,18.7,True,False,False
47105,2022,60591,4.782408120195788,16.7,True,False,False
47107,2019,53794,4.730733838636553,26.6,True,False,False
47107,2020,54208,4.734063384314594,24.7,True,False,False
47107,2021,54059,4.73286800772418,23.5,True,False,False
47107,2022,55678,4.745683626664218,20.2,True,False,False
47113,2019,97984,4.991155164682148,21.2,True,False,False
47113,2020,98360,4.992818520066679,21.8,True,False,False
47113,2021,98775,4.994647038353484,20.8,True,False,False
47113,2022,99193,4.996481025292902,19.1,True,False,False
47119,2019,96387,4.984018463270234,20.9,True,False,False
47119,2020,99590,4.998215732370959,20.5,True,False,False
47119,2021,104760,5.020195489753195,18.8,True,False,False
47119,2022,110760,5.044382947073537,16.4,True,False,False
47125,2019,208993,5.320131740119262,19.3,True,False,False
47125,2020,214251,5.330922857635929,20.0,True,False,False
47125,2021,227900,5.357744325180375,18.4,True,False,False
47125,2022,239872,5.379979556199628,15.7,True,False,False
47141,2019,80245,4.904417981387695,23.0,True,False,False
47141,2020,80929,4.908104174061586,22.4,True,False,False
47141,2021,81188,4.909491843047709,21.9,True,False,False
47141,2022,83844,4.923471989301968,18.8,True,False,False
47145,2019,53382,4.727394840951908,23.8,True,False,False
47145,2020,53841,4.731113117531834,22.0,True,False,False
47145,2021,53992,4.732329415133332,21.0,True,False,False
47145,2022,56096,4.748931894413701,19.4,True,False,False
47155,2019,98250,4.9923325590474645,24.6,True,False,False
47155,2020,99244,4.9967042600632805,23.3,True,False,False
47155,2021,99517,4.997897275474923,21.9,True,False,False
47155,2022,99415,4.997451916849502,19.0,True,False,False
47157,2019,937166,5.971816524184172,19.7,True,False,True
47157,2020,936017,5.971283736493604,18.6,True,False,True
47157,2021,924454,5.965885305929814,19.2,True,False,True
47157,2022,910042,5.959061436219249,17.3,True,False,True
47163,2019,158348,5.19961258242565,23.1,True,False,False
47163,2020,158755,5.200727412314967,23.2,True,False,False
47163,2021,159265,5.202120345939547,20.7,True,False,False
47163,2022,162135,5.2098767758979125,19.7,True,False,False
47165,2019,191283,5.281676374448312,19.5,True,False,False
47165,2020,195561,5.291282249359703,20.5,True,False,False
47165,2021,200557,5.302237824673783,17.9,True,False,False
47165,2022,207994,5.31805080705663,15.3,True,False,False
47187,2019,238412,5.377328110978536,13.3,True,False,False
47187,2020,245348,5.389782522098862,12.8,True,False,False
47187,2021,255735,5.407790169820074,11.2,True,False,False
47187,2022,264460,5.422359993600072,10.1,True,False,False
47189,2019,144657,5.160339454145891,18.5,True,False,False
47189,2020,148130,5.17064302283611,18.2,True,False,False
47189,2021,151917,5.181606375528921,16.8,True,False,False
47189,2022,163674,5.213979696190591,14.2,True,False,False
48013,2020,51724,4.713692103036562,17.1,False,False,False
48013,2021,49939,4.698439841603031,15.6,False,False,False
48013,2022,51784,4.714195594009874,13.8,False,False,False
48027,2019,362924,5.559815688847902,16.9,True,False,False
48027,2020,369927,5.56811603048565,17.8,True,False,False
48027,2021,379617,5.579345652756512,17.3,True,False,False
48027,2022,393193,5.594605777500805,13.6,True,False,False
48029,2019,2003554,6.301801052077419,14.3,True,False,True
48029,2020,2026823,6.306815823937367,14.6,True,False,True
48029,2021,2028236,6.307118486920946,13.2,True,False,True
48029,2022,2087679,6.319663722660772,12.3,True,False,True
48037,2019,93245,4.969625553289004,20.7,True,False,False
48037,2020,93481,4.970723349549875,20.5,True,False,False
48037,2021,92581,4.96652186743984,18.9,True,False,False
48037,2022,91687,4.962307762840167,16.3,True,False,False
48039,2019,374264,5.573178054864192,15.6,True,False,False
48039,2020,380518,5.580375205431892,15.6,True,False,False
48039,2021,379689,5.579428015342322,13.8,True,False,False
48039,2022,398938,5.600905406087476,11.3,True,False,False
48041,2020,232555,5.366525681405332,17.0,False,False,False
48041,2021,237032,5.374806980969103,16.0,False,False,False
48041,2022,244703,5.388639293730454,13.8,False,False,False
48043,2019,9203,3.9639294220265584,13.9,True,False,False
48043,2020,9237,3.965530943622861,15.1,True,False,False
48043,2021,9450,3.975431808509263,12.3,True,False,False
48043,2022,9513,3.978317496746751,10.3,True,False,False
48061,2019,423163,5.626507687386496,16.2,True,False,False
48061,2020,424180,5.627550187767521,17.1,True,False,False
48061,2021,423029,5.626370140680638,15.4,True,False,False
48061,2022,426710,5.630132820721815,13.6,True,False,False
48085,2019,1034730,6.014827040800189,12.4,True,False,True
48085,2020,1072069,6.03022273811318,11.9,True,False,True
48085,2021,1109462,6.045112431874081,10.5,True,False,True
48085,2022,1195359,6.077498355748021,9.0,True,False,True
48113,2019,2635516,6.420865657124915,15.2,True,False,True
48113,2020,2635888,6.420926952957122,16.4,True,False,True
48113,2021,2586050,6.412636917494945,15.8,True,False,True
48113,2022,2606358,6.416034068608385,12.5,True,False,True
48121,2019,887207,5.948024959707132,13.1,True,False,True
48121,2020,919324,5.963468598016752,13.0,True,False,True
48121,2021,941647,5.97388812712004,11.5,True,False,True
48121,2022,1007703,6.003332551487303,9.5,True,False,True
48135,2019,166223,5.22069111621095,16.1,True,False,False
48135,2020,167701,5.22453565230905,17.3,True,False,False
48135,2021,161091,5.207071277479917,16.3,True,False,False
48135,2022,164494,5.216150061468886,14.2,True,False,False
48139,2019,184826,5.266763064623685,16.4,True,False,False
48139,2020,191760,5.2827580210255976,16.9,True,False,False
48139,2021,202678,5.306806610078623,15.0,True,False,False
48139,2022,222829,5.347971711278997,12.5,True,False,False
48141,2019,839238,5.92388514012435,13.6,True,False,True
48141,2020,841286,5.924943661798843,14.8,True,False,True
48141,2021,867947,5.938493206385829,14.7,True,False,True
48141,2022,869880,5.93945934579986,12.5,True,False,True
48167,2019,342139,5.534202581695779,17.1,True,False,False
48167,2020,345089,5.537931116012903,16.4,True,False,False
48167,2021,355062,5.5503041950462055,14.1,True,False,False
48167,2022,361744,5.5584013365056535,12.3,True,False,False
48183,2019,123945,5.0932290118121255,19.5,True,False,False
48183,2020,124229,5.094222989317429,20.5,True,False,False
48183,2021,124201,5.094125092561443,18.8,True,False,False
48183,2022,126243,5.101207306429072,15.7,True,False,False
48201,2019,4713325,6.673327386893153,15.4,True,False,True
48201,2020,4738253,6.675618246249648,15.8,True,False,True
48201,2021,4728030,6.674680223540103,15.5,True,False,True
48201,2022,4835125,6.684407706156044,12.6,True,False,True
48203,2019,66553,4.823167636881773,20.7,True,False,False
48203,2020,66386,4.822076501599741,20.8,True,False,False
48203,2021,69150,4.839792184445329,18.6,True,False,False
48203,2022,70895,4.850615606847647,15.7,True,False,False
48215,2019,868707,5.938873321051521,15.6,True,False,True
48215,2020,875200,5.942107308989356,16.8,True,False,True
48215,2021,880356,5.944658328480667,15.5,True,False,True
48215,2022,898471,5.953504063923312,13.8,True,False,True
48221,2019,61643,4.789883766512009,17.3,True,False,False
48221,2020,63527,4.802958346690387,17.2,True,False,False
48221,2021,64222,4.807683826229532,15.5,True,False,False
48221,2022,67774,4.831063118319127,12.4,True,False,False
48231,2019,98594,4.9938504864809925,19.9,True,False,False
48231,2020,99807,4.999161001755938,20.1,True,False,False
48231,2021,103394,5.014495337186387,17.9,True,False,False
48231,2022,113347,5.054410029970366,15.4,True,False,False
48245,2019,251565,5.400650217996524,19.0,True,False,False
48245,2020,250127,5.39816057424993,20.2,True,False,False
48245,2021,253704,5.404327314538376,19.2,True,False,False
48245,2022,251496,5.400531082068915,16.2,True,False,False
48251,2019,175817,5.245060865329585,18.6,True,False,False
48251,2020,179575,5.254245875105337,19.4,True,False,False
48251,2021,187280,5.272491400688568,16.8,True,False,False
48251,2022,202906,5.307294889459982,14.3,True,False,False
48255,2020,15562,4.192065410979292,19.3,False,False,False
48255,2021,14754,4.168909779122361,18.5,False,False,False
48255,2022,15018,4.176612099991867,16.2,False,False,False
48257,2019,136154,5.134030404782921,17.6,True,False,False
48257,2020,143198,5.155936952364089,18.0,True,False,False
48257,2021,157768,5.198018920085511,16.1,True,False,False
48257,2022,185690,5.268788516223584,13.7,True,False,False
48273,2019,30680,4.486855355276943,15.6,True,False,False
48273,2020,30338,4.481986946998056,16.4,True,False,False
48273,2021,30635,4.4862178846679726,15.7,True,False,False
48273,2022,30069,4.478118985077456,13.9,True,False,False
48303,2019,310569,5.492158103675735,15.8,True,False,False
48303,2020,314772,5.497996093489047,16.9,True,False,False
48303,2021,314451,5.497552980186498,16.3,True,False,False
48303,2022,320940,5.5064238482786605,13.7,True,False,False
48309,2019,256623,5.409295577703155,18.5,True,False,False
48309,2020,259730,5.414522115520652,19.0,True,False,False
48309,2021,263115,5.420145607612628,17.2,True,False,False
48309,2022,268583,5.429078520470293,14.5,True,False,False
48323,2019,58722,4.768800838702498,18.2,True,False,False
48323,2020,58378,4.766249212203172,17.0,True,False,False
48323,2021,58056,4.763847110073486,17.1,True,False,False
48323,2022,57762,4.76164222219881,14.8,True,False,False
48339,2019,607391,5.783468352482979,14.8,True,False,False
48339,2020,626351,5.796817775132286,15.7,True,False,False
48339,2021,648886,5.8121684041659405,14.2,True,False,False
48339,2022,711354,5.852085777925835,11.6,True,False,False
48349,2019,50113,4.699950402432091,20.3,True,False,False
48349,2020,50694,4.7049565604952495,20.9,True,False,False
48349,2021,53591,4.7290918609889365,19.4,True,False,False
48349,2022,55635,4.745348092384291,17.1,True,False,False
48355,2019,362294,5.559061141684362,16.0,True,False,False
48355,2020,363148,5.56008365667212,17.4,True,False,False
48355,2021,353079,5.547871887896334,15.3,True,False,False
48355,2022,352289,5.546899082823924,13.4,True,False,False
48361,2019,83396,4.921145220666661,21.4,True,False,False
48361,2020,82878,4.918439262195511,20.3,True,False,False
48361,2021,84742,4.92809870959079,19.4,True,False,False
48361,2022,85722,4.933092295113971,15.8,True,False,False
48367,2019,142878,5.154965362351841,17.5,True,False,False
48367,2020,148198,5.170842342679579,17.8,True,False,False
48367,2021,156764,5.195246336432529,15.8,True,False,False
48367,2022,173494,5.239284460037849,12.7,True,False,False
48375,2019,117415,5.069723582440522,20.2,True,False,False
48375,2020,116004,5.064472964640513,21.9,True,False,False
48375,2021,116547,5.066501098961579,20.4,True,False,False
48375,2022,114647,5.0593626949099,17.5,True,False,False
48397,2019,104915,5.020837584966807,13.5,True,False,False
48397,2020,109888,5.040950269144804,13.7,True,False,False
48397,2021,116381,5.0658820845347945,11.6,True,False,False
48397,2022,131307,5.118287879024276,9.7,True,False,False
48423,2019,232751,5.366891555576254,17.4,True,False,False
48423,2020,235806,5.372554851368654,17.9,True,False,False
48423,2021,237186,5.375089051040522,16.7,True,False,False
48423,2022,245209,5.389536406215896,14.0,True,False,False
48439,2019,2102515,6.32273910287375,14.8,True,False,True
48439,2020,2123347,6.327020972908695,15.9,True,False,True
48439,2021,2126477,6.32766068974127,14.6,True,False,True
48439,2022,2182947,6.339043191555698,12.6,True,False,True
48453,2019,1273954,6.105153746753776,12.0,True,False,True
48453,2020,1300503,6.114111358363451,11.9,True,False,True
48453,2021,1305154,6.115661758727378,10.7,True,False,True
48453,2022,1334961,6.125468578260744,9.3,True,False,True
48469,2019,92084,4.964184176175567,17.7,True,False,False
48469,2020,91936,4.963485604311853,17.7,True,False,False
48469,2021,90964,4.958869549521941,16.8,True,False,False
48469,2022,91664,4.962198804905538,14.2,True,False,False
48479,2019,276652,5.441933814206141,16.8,True,False,False
48479,2020,277681,5.443546164671206,16.7,True,False,False
48479,2021,267945,5.428045657283083,15.8,True,False,False
48479,2022,269148,5.42999115698399,13.1,True,False,False
48493,2020,52023,4.716195392955556,16.6,False,False,False
48493,2021,51257,4.709753183947856,14.7,False,False,False
48493,2022,54183,4.733863047344918,12.3,False,False,False
49003,2019,56046,4.748544622463244,10.9,True,False,False
49003,2020,57007,4.755928186807898,10.5,True,False,False
49003,2021,59688,4.775887026981542,11.2,True,False,False
49003,2022,62684,4.7971567019398185,9.9,True,False,False
49005,2019,128289,5.108189419865929,9.7,True,False,False
49005,2020,130004,5.113956715008393,9.2,True,False,False
49005,2021,137417,5.138040463069193,10.0,True,False,False
49005,2022,142393,5.153488640030498,9.1,True,False,False
49007,2019,20463,4.31096930425081,12.8,True,False,False
49007,2020,20760,4.31722734917642,12.5,True,False,False
49007,2021,20372,4.30903366750414,13.6,True,False,False
49007,2022,20609,4.314056919240724,12.3,True,False,False
49011,2019,355481,5.550816393207358,8.0,True,False,False
49011,2020,359232,5.555375016203559,7.8,True,False,False
49011,2021,367285,5.5650031920255225,8.0,True,False,False
49011,2022,373207,5.571949780928865,7.4,True,False,False
49013,2019,19938,4.299681591662354,13.7,True,False,False
49013,2020,19894,4.298722113605708,13.6,True,False,False
49013,2021,19790,4.296445794206396,13.4,True,False,False
49013,2022,20477,4.311266330288116,11.8,True,False,False
49017,2019,5051,3.7033773685123497,11.8,True,False,False
49017,2020,5050,3.703291378118661,11.8,True,False,False
49017,2021,5129,3.7100326990657537,12.1,True,False,False
49017,2022,5314,3.725421550074259,9.8,True,False,False
49021,2019,54839,4.739089526743996,11.1,True,False,False
49021,2020,56814,4.754455366935646,11.9,True,False,False
49021,2021,60519,4.781891743242921,12.4,True,False,False
49021,2022,64211,4.807609433521853,10.8,True,False,False
49035,2019,1160437,6.064621567631189,9.3,True,False,True
49035,2020,1165517,6.066518612436045,9.1,True,False,True
49035,2021,1186421,6.074238825228185,8.6,True,False,True
49035,2022,1185813,6.074016207180573,8.3,True,False,True
49037,2019,15308,4.184918453552462,16.8,True,False,False
49037,2020,15278,4.184066505691661,15.8,True,False,False
49037,2021,14489,4.161038412422962,16.2,True,False,False
49037,2022,14358,4.157093948997081,16.2,True,False,False
49045,2019,72259,4.858891947025984,10.6,True,False,False
49045,2020,74512,4.872226220588656,11.1,True,False,False
49045,2021,76640,4.884455496070488,10.6,True,False,False
49045,2022,82051,4.914083878403559,9.3,True,False,False
49047,2019,35734,4.553081633070497,13.8,True,False,False
49047,2020,35970,4.555940437818511,14.0,True,False,False
49047,2021,36204,4.5587565562226136,13.5,True,False,False
49047,2022,37747,4.576882441124978,12.5,True,False,False
49049,2019,636235,5.80361755645441,6.5,True,False,False
49049,2020,651059,5.813620346806873,6.7,True,False,False
49049,2021,684986,5.835681695310119,7.0,True,False,False
49049,2022,719174,5.856833978140303,7.0,True,False,False
49053,2019,177556,5.249335352632361,9.4,True,False,False
49053,2020,184913,5.266967444581563,9.3,True,False,False
49053,2021,191226,5.28154694070609,9.4,True,False,False
49053,2022,202452,5.306322071470811,8.7,True,False,False
49057,2019,260213,5.415328989716852,10.4,True,False,False
49057,2020,262658,5.419390633020125,10.6,True,False,False
49057,2021,267066,5.426618601790484,11.1,True,False,False
49057,2022,271926,5.4344507343131,9.2,True,False,False
50003,2019,35470,4.549861188471943,17.7,True,False,False
50003,2020,35338,4.548241966406093,15.5,True,False,False
50003,2021,37312,4.571848528742901,16.3,True,False,False
50003,2022,37183,4.57034442661083,12.6,True,False,False
50007,2019,163774,5.214244956320691,12.9,True,False,False
50007,2020,164306,5.21565342295614,12.0,True,False,False
50007,2021,168865,5.22753964434891,11.9,True,False,False
50007,2022,169481,5.229121017833086,9.2,True,False,False
50021,2019,58191,4.764855820516151,18.6,True,False,False
50021,2020,57764,4.7616572593153705,15.1,True,False,False
50021,2021,60591,4.782408120195788,16.7,True,False,False
50021,2022,60271,4.780108397223329,13.5,True,False,False
51013,2019,236842,5.374458719802703,8.7,True,False,False
51013,2020,240119,5.380426526024057,9.0,True,False,False
51013,2021,232965,5.3672906787572,7.9,True,False,False
51013,2022,234162,5.369516418792213,7.0,True,False,False
51041,2019,352802,5.547531038439662,14.6,True,False,False
51041,2020,358245,5.554180137694468,14.7,True,False,False
51041,2021,370688,5.5690085271729775,13.2,True,False,False
51041,2022,383876,5.584190960793141,11.4,True,False,False
51059,2019,1147532,6.059764805084809,10.5,False,False,True
51059,2020,1150847,6.061017589943905,9.4,False,False,True
51059,2021,1139720,6.056798169414531,8.3,False,False,True
51071,2019,16720,4.223236273102998,20.9,True,False,False
51071,2020,16663,4.221753194318869,19.7,True,False,False
51071,2021,16562,4.219112780306168,19.0,True,False,False
51071,2022,16457,4.216350669139196,16.4,True,False,False
51087,2019,330818,5.519589131739029,14.3,True,False,False
51087,2020,333766,5.523442093983583,14.3,True,False,False
51087,2021,333554,5.52316615310586,13.2,True,False,False
51087,2022,334760,5.524733559186517,11.4,True,False,False
51107,2019,413538,5.616515423034999,9.9,True,False,False
51107,2020,422784,5.626118543339283,9.5,True,False,False
51107,2021,427592,5.631029571213175,8.6,True,False,False
51107,2022,436347,5.639831994424605,8.0,True,False,False
51143,2021,59972,4.777948532320861,20.1,False,False,False
51143,2022,59571,4.775034890527529,18.8,False,False,False
51147,2019,22802,4.357972941336858,20.9,True,False,False
51147,2020,23006,4.361841115455327,20.7,True,False,False
51147,2021,21932,4.341078237211443,19.9,True,False,False
51147,2022,22049,4.343388897462354,17.4,True,False,False
51153,2019,470335,5.672407297991852,13.3,True,False,False
51153,2020,475533,5.6771806605386494,12.7,True,False,False
51153,2021,484472,5.685268682115605,11.6,True,False,False
51153,2022,489640,5.689876889263492,10.9,True,False,False
51161,2019,94186,4.973986353168618,15.6,False,False,False
51161,2020,94509,4.975473167919027,16.3,False,False,False
51161,2021,96589,4.984927669776595,14.3,False,False,False
51179,2019,152882,5.184356355517929,13.4,True,False,False
51179,2020,156748,5.195202008229995,14.1,True,False,False
51179,2021,160877,5.20649395903328,11.8,True,False,False
51179,2022,165428,5.218609019220919,10.8,True,False,False
51197,2019,28684,4.45763971382968,21.4,True,False,False
51197,2020,28620,4.456669629423757,20.6,True,False,False
51197,2021,28178,4.449910164792211,19.3,True,False,False
51197,2022,28104,4.448768136783969,17.0,True,False,False
51760,2019,230436,5.362550327963078,17.8,False,False,False
51760,2020,232226,5.365910841691958,17.2,False,False,False
51760,2021,226604,5.355267571734771,16.3,False,False,False
53001,2019,19983,4.300660688376522,16.7,True,False,False
53001,2020,20027,4.301615897819519,17.5,True,False,False
53001,2021,20621,4.314309722244847,16.5,True,False,False
53001,2022,20820,4.318480725174517,14.5,True,False,False
53003,2019,22582,4.3537624030672,18.8,True,False,False
53003,2020,22820,4.358315640082195,19.6,True,False,False
53003,2021,22397,4.350189849999334,16.4,True,False,False
53003,2022,22549,4.353127286608135,13.9,True,False,False
53005,2019,204390,5.31045964365906,14.5,True,False,False
53005,2020,206426,5.314764397147954,14.3,True,False,False
53005,2021,210025,5.322270993380716,13.2,True,False,False
53005,2022,215219,5.332880609145425,10.5,True,False,False
53007,2019,77200,4.887617300335736,15.3,True,False,False
53007,2020,77574,4.889716185838142,15.3,True,False,False
53007,2021,79646,4.901163969446009,14.2,True,False,False
53007,2022,79997,4.9030737006435015,11.7,True,False,False
53009,2019,77331,4.888353626260732,16.6,True,False,False
53009,2020,78067,4.892467490387112,16.5,True,False,False
53009,2021,78209,4.893256732924708,14.6,True,False,False
53009,2022,77616,4.8899512572819885,12.7,True,False,False
53011,2019,488241,5.688634246457871,12.9,True,False,False
53011,2020,496865,5.696238405394714,13.9,True,False,False
53011,2021,511404,5.708764120583422,13.0,True,False,False
53011,2022,521150,5.716962742102452,11.0,True,False,False
53013,2019,3985,3.600428325732131,17.8,True,False,False
53013,2020,4048,3.607240503831743,16.0,True,False,False
53013,2021,4042,3.606596309179285,14.4,True,False,False
53013,2022,4053,3.607776603741693,12.6,True,False,False
53015,2019,110593,5.043727639106276,19.8,True,False,False
53015,2020,111371,5.046772119207684,18.9,True,False,False
53015,2021,111524,5.047368337751547,17.2,True,False,False
53015,2022,112864,5.052555437987396,13.7,True,False,False
53021,2019,95222,4.978737298959979,15.4,True,False,False
53021,2020,97075,4.987107399218085,15.3,True,False,False
53021,2021,98268,4.9924121171611855,15.1,True,False,False
53021,2022,99034,4.995784320631764,12.2,True,False,False
53023,2019,2225,3.3473300153169503,15.7,True,False,False
53023,2020,2290,3.359835482339888,14.3,True,False,False
53023,2021,2346,3.3703280077795106,14.6,True,False,False
53023,2022,2363,3.373463721632369,11.9,True,False,False
53025,2019,97733,4.990041230024249,17.3,True,False,False
53025,2020,99377,4.997285882094448,16.9,True,False,False
53025,2021,100297,5.001287942961286,15.9,True,False,False
53025,2022,102678,5.011477400733501,13.0,True,False,False
53027,2019,75061,4.8754143460028425,19.0,True,False,False
53027,2020,75950,4.880527778198805,19.3,True,False,False
53027,2021,76841,4.88559300808523,18.2,True,False,False
53027,2022,77290,4.888123307297908,15.4,True,False,False
53031,2019,32221,4.508139014908231,14.4,True,False,False
53031,2020,32700,4.514547752660286,14.3,True,False,False
53031,2021,33605,4.526403899736798,12.9,True,False,False
53031,2022,33714,4.527810282478543,10.5,True,False,False
53033,2019,2252782,6.352719167410569,10.0,True,False,True
53033,2020,2274315,6.356850615711236,9.5,True,False,True
53033,2021,2252305,6.352627200943044,9.0,True,False,True
53033,2022,2271380,6.356289797406658,7.1,True,False,True
53035,2019,271473,5.433726642270691,14.7,True,False,False
53035,2020,272787,5.435823669639896,13.8,True,False,False
53035,2021,274314,5.438247972998588,13.0,True,False,False
53035,2022,277658,5.443510191065572,10.7,True,False,False
53037,2019,47935,4.680652731707304,16.0,True,False,False
53037,2020,49204,4.692000409826597,16.8,True,False,False
53037,2021,45499,4.658001851618553,15.0,True,False,False
53037,2022,45508,4.6580877494143245,12.2,True,False,False
53039,2019,22425,4.35073245171613,16.7,False,False,False
53039,2020,22697,4.355968457653611,17.0,False,False,False
53041,2019,80707,4.906911204232999,18.6,True,False,False
53041,2020,82109,4.914390762918648,17.8,True,False,False
53041,2021,84398,4.9263321551652846,17.7,True,False,False
53041,2022,86154,4.935275445888513,14.7,True,False,False
53045,2019,66768,4.824568367367633,18.5,True,False,False
53045,2020,68224,4.83393717867444,18.0,True,False,False
53045,2021,67615,4.830043052370365,17.1,True,False,False
53045,2022,68389,4.834986253423671,13.3,True,False,False
53047,2019,42243,4.625754753209012,19.6,True,False,False
53047,2020,42620,4.629613445378183,20.3,True,False,False
53047,2021,42634,4.629756080862766,17.8,True,False,False
53047,2022,43712,4.64060067766542,15.8,True,False,False
53051,2021,13886,4.142577160920535,16.6,False,False,False
53051,2022,14361,4.157184682201611,14.0,False,False,False
53053,2019,904980,5.956638981431042,16.7,True,False,True
53053,2020,913890,5.960893925199973,15.1,True,False,True
53053,2021,925708,5.966474016933176,14.2,True,False,True
53053,2022,928696,5.967873574996005,11.6,True,False,True
53057,2019,129205,5.111279320395853,16.1,True,False,False
53057,2020,130789,5.116571219216154,14.3,True,False,False
53057,2021,130696,5.116262296038763,13.7,True,False,False
53057,2022,131417,5.118651548851173,11.7,True,False,False
53061,2019,822083,5.914915667445473,13.8,True,False,True
53061,2020,830393,5.919283679528724,13.4,True,False,True
53061,2021,833540,5.920926445630671,11.6,True,False,True
53061,2022,844761,5.926733855620888,9.8,True,False,True
53063,2019,522798,5.71833391748803,16.1,True,False,False
53063,2020,528225,5.722818951784031,14.9,True,False,False
53063,2021,546040,5.737224457984917,14.2,True,False,False
53063,2022,551455,5.741510078790623,12.0,True,False,False
53065,2019,45723,4.660134717801592,18.7,True,False,False
53065,2020,46360,4.666143427291559,18.3,True,False,False
53065,2021,47426,4.676016496965091,16.6,True,False,False
53065,2022,48837,4.688748977888279,14.5,True,False,False
53067,2019,290536,5.46319995301783,13.8,True,False,False
53067,2020,294074,5.468456628874019,14.7,True,False,False
53067,2021,297977,5.474182743409892,12.5,True,False,False
53067,2022,299003,5.475675545772288,10.3,True,False,False
53071,2019,60760,4.7836177651907485,14.4,True,False,False
53071,2020,61292,4.787403792910151,15.3,True,False,False
53071,2021,62682,4.797142845089255,14.1,True,False,False
53071,2022,61568,4.7893550460217,11.9,True,False,False
53073,2019,229247,5.360303661061925,15.5,True,False,False
53073,2020,231016,5.363642059853501,15.6,True,False,False
53073,2021,228831,5.359514858481847,13.9,True,False,False
53073,2022,231919,5.365336329738204,11.6,True,False,False
53075,2019,50104,4.699872398693252,14.4,True,False,False
53075,2020,49500,4.694605198933568,16.1,True,False,False
53075,2021,47873,4.6800906437472864,14.0,True,False,False
53075,2022,48012,4.681349797426622,12.7,True,False,False
53077,2019,250873,5.399453923243719,16.4,True,False,False
53077,2020,251879,5.4011919604147485,17.5,True,False,False
53077,2021,256035,5.408299337451997,16.0,True,False,False
53077,2022,256643,5.409329423271116,13.2,True,False,False
54003,2019,119171,5.076170583656922,22.4,True,False,False
54003,2020,122125,5.08680457672683,21.5,True,False,False
54003,2021,126069,5.10060830795234,19.6,True,False,False
54003,2022,132440,5.122019172080031,17.2,True,False,False
54009,2019,21939,4.34121682814391,23.7,True,False,False
54009,2020,21674,4.335939069031729,22.3,True,False,False
54009,2021,22140,4.345177616542704,20.2,True,False,False
54009,2022,21373,4.329865485758008,17.9,True,False,False
54011,2019,91945,4.963528117136346,23.7,True,False,False
54011,2020,91589,4.961843317268649,23.9,True,False,False
54011,2021,93418,4.970430565175468,21.5,True,False,False
54011,2022,92082,4.96417474350109,19.4,True,False,False
54029,2019,28810,4.459543258280413,24.8,True,False,False
54029,2020,28571,4.455925441183637,23.8,True,False,False
54029,2021,28656,4.457215568504957,20.6,True,False,False
54029,2022,28145,4.449401252996221,19.3,True,False,False
54039,2019,178124,5.250722439201281,24.1,True,False,False
54039,2020,176253,5.246136517847025,23.2,True,False,False
54039,2021,177952,5.250302873396806,20.5,True,False,False
54039,2022,174805,5.242553850731757,19.6,True,False,False
54051,2021,30115,4.478782867506599,21.3,False,False,False
54051,2022,29405,4.468421183738056,21.1,False,False,False
54061,2019,105612,5.023713267039606,20.3,True,False,False
54061,2020,106819,5.028648507947716,18.9,True,False,False
54061,2021,106387,5.0268885624214565,16.2,True,False,False
54061,2022,107718,5.032288281269111,15.6,True,False,False
54069,2019,41411,4.617115718047371,21.8,True,False,False
54069,2020,41182,4.614707434265306,20.7,True,False,False
54069,2021,41776,4.620926854478869,19.4,True,False,False
54069,2022,41194,4.614833964658131,17.3,True,False,False
54107,2019,83518,4.921780085761591,23.0,True,False,False
54107,2020,82938,4.918753558403976,23.2,True,False,False
54107,2021,83624,4.922330937387795,20.9,True,False,False
54107,2022,83052,4.91935009528838,19.5,True,False,False
55003,2019,15562,4.192065410979292,21.2,True,False,False
55003,2020,15415,4.187943529062527,22.3,True,False,False
55003,2021,16107,4.2070146586829,19.6,True,False,False
55003,2022,16079,4.206259035209283,18.0,True,False,False
55009,2019,264542,5.422494632591233,15.4,True,False,False
55009,2020,264610,5.422606252787063,16.9,True,False,False
55009,2021,269591,5.430705389660094,14.1,True,False,False
55009,2022,271417,5.433637045884415,13.6,True,False,False
55021,2019,57532,4.7599094717808645,17.6,True,False,False
55021,2020,57668,4.760934889783959,17.3,True,False,False
55021,2021,58488,4.767066770896331,15.7,True,False,False
55021,2022,58091,4.76410885264672,14.4,True,False,False
55025,2019,546695,5.737745101909959,12.3,True,False,False
55025,2020,552536,5.742360579356258,12.4,True,False,False
55025,2021,563951,5.751241371086032,11.7,True,False,False
55025,2022,575347,5.759929852918089,10.4,True,False,False
55027,2019,87839,4.943687382923936,18.1,True,False,False
55027,2020,87336,4.941193297297842,18.3,True,False,False
55027,2021,89313,4.950914677447942,16.4,True,False,False
55027,2022,88231,4.945621201498303,15.0,True,False,False
55029,2019,27668,4.441977767006644,15.5,True,False,False
55029,2020,27889,4.445432942295167,15.6,True,False,False
55029,2021,30369,4.482430491568179,14.1,True,False,False
55029,2022,30562,4.485181771387377,12.7,True,False,False
55035,2019,104646,5.019722632472811,16.7,True,False,False
55035,2020,105260,5.022263365681258,16.0,True,False,False
55035,2021,106452,5.0271538252934045,14.7,True,False,False
55035,2022,107903,5.033033519431138,13.8,True,False,False
55039,2019,103403,5.014533138995307,17.1,True,False,False
55039,2020,102902,5.012423815778204,17.1,True,False,False
55039,2021,104362,5.018542393354983,15.4,True,False,False
55039,2022,103948,5.016816137752916,15.2,True,False,False
55041,2019,9004,3.9544354863284825,22.1,True,False,False
55041,2020,8960,3.952308009662125,22.9,True,False,False
55041,2021,9258,3.966517176446792,19.9,True,False,False
55041,2022,9325,3.969648840480725,20.6,True,False,False
55043,2019,51439,4.711292517095339,18.8,True,False,False
55043,2020,51021,4.707748966430295,20.2,True,False,False
55043,2021,52110,4.716921073166761,17.1,True,False,False
55043,2022,51409,4.711039156119401,16.5,True,False,False
55053,2021,21121,4.324714476560668,18.9,False,False,False
55053,2022,20855,4.31921019418185,18.1,False,False,False
55055,2019,84769,4.928237059917442,17.1,True,False,False
55055,2020,85038,4.929613037507975,17.6,True,False,False
55055,2021,84943,4.929127595251764,14.4,True,False,False
55055,2022,85743,4.933198674656916,13.8,True,False,False
55059,2019,169561,5.229325969191308,17.4,True,False,False
55059,2020,169671,5.229607619475972,17.1,True,False,False
55059,2021,168732,5.227197454287498,15.2,True,False,False
55059,2022,167488,5.223983696623768,14.7,True,False,False
55061,2019,20434,4.3103533890449945,17.9,True,False,False
55061,2020,20386,4.309332019875983,17.7,True,False,False
55061,2021,20543,4.312663866150631,15.6,True,False,False
55061,2022,20690,4.315760490665735,15.1,True,False,False
55063,2019,118016,5.071940890701498,16.7,True,False,False
55063,2020,118502,5.073725680148941,16.5,True,False,False
55063,2021,120433,5.08074550481381,14.7,True,False,False
55063,2022,120486,5.080936586529342,13.8,True,False,False
55071,2019,78981,4.8975226281563184,18.4,True,False,False
55071,2020,78757,4.896289164699955,18.0,True,False,False
55071,2021,81505,4.9111842517559605,15.9,True,False,False
55071,2022,81331,4.910256112172421,15.3,True,False,False
55073,2019,135692,5.132554243693104,17.4,True,False,False
55073,2020,135593,5.132237269620693,17.7,True,False,False
55073,2021,137648,5.138769905556636,15.5,True,False,False
55073,2022,138612,5.141800829901967,14.5,True,False,False
55079,2019,945726,5.975765328870603,18.3,True,False,True
55079,2020,945016,5.9754391615811,18.2,True,False,True
55079,2021,928059,5.967575586736029,17.1,True,False,True
55079,2022,916205,5.961992657519179,14.9,True,False,True
55081,2021,46193,4.66457616837638,17.1,False,False,False
55081,2022,46151,4.66418111575796,17.1,False,False,False
55087,2019,187885,5.273892109119874,15.1,True,False,False
55087,2020,188766,5.275923773107648,15.8,True,False,False
55087,2021,191545,5.282270819849503,14.0,True,False,False
55087,2022,193234,5.286083543990708,12.8,True,False,False
55089,2019,89221,4.950467086559129,13.1,True,False,False
55089,2020,90043,4.954449956139023,12.8,True,False,False
55089,2021,92497,4.966127647284178,11.1,True,False,False
55089,2022,93460,4.970625776688294,10.7,True,False,False
55101,2019,196311,5.292944635338445,17.1,True,False,False
55101,2020,195802,5.291817123547444,18.3,True,False,False
55101,2021,196896,5.294236893407935,14.9,True,False,False
55101,2022,196613,5.293612229882741,14.8,True,False,False
55105,2019,163354,5.213129773379308,17.5,True,False,False
55105,2020,163084,5.212411354954655,18.4,True,False,False
55105,2021,164381,5.21585161811876,15.7,True,False,False
55105,2022,164278,5.215579406902268,14.9,True,False,False
55111,2019,64442,4.809169010572212,17.4,True,False,False
55111,2020,64449,4.809216183165742,17.7,True,False,False
55111,2021,65697,4.817545538308749,15.4,True,False,False
55111,2022,65920,4.81901719868906,15.2,True,False,False
55117,2019,115340,5.061979947074878,15.9,True,False,False
55117,2020,115240,5.061603249608376,16.3,True,False,False
55117,2021,117747,5.070949850832414,14.8,True,False,False
55117,2022,117752,5.070968292289998,14.0,True,False,False
55125,2019,22195,4.346255149361386,18.3,True,False,False
55125,2020,22356,4.349394100943868,19.0,True,False,False
55125,2021,23520,4.371437317404101,16.4,True,False,False
55125,2022,23885,4.378125245619373,15.0,True,False,False
55127,2019,103868,5.016481769270524,16.7,True,False,False
55127,2020,103953,5.01683702723791,16.8,True,False,False
55127,2021,106799,5.028567186245767,14.4,True,False,False
55127,2022,105822,5.024575965292388,13.6,True,False,False
55133,2019,404198,5.606594160265102,13.2,True,False,False
55133,2020,406172,5.608709981440465,12.9,True,False,False
55133,2021,408756,5.611464140586426,11.6,True,False,False
55133,2022,412591,5.615519750314381,10.4,True,False,False
56001,2019,38880,4.589726256254237,14.9,True,False,False
56001,2020,38950,4.590507462008583,15.3,True,False,False
56001,2021,37608,4.575280238180196,14.9,True,False,False
56001,2022,38257,4.582710910946674,12.9,True,False,False
56003,2019,11790,4.071513805095089,18.1,True,False,False
56003,2020,11575,4.063520999689991,18.8,True,False,False
56003,2021,11632,4.065654393514962,18.4,True,False,False
56003,2022,12018,4.07983219967722,16.1,True,False,False
56005,2019,46341,4.66596540126656,19.6,True,False,False
56005,2020,46676,4.669093631170225,19.5,True,False,False
56005,2021,46401,4.666527340248891,18.5,True,False,False
56005,2022,47498,4.676675323156437,15.0,True,False,False
56007,2019,14800,4.1702617153949575,18.3,True,False,False
56007,2020,14711,4.167642195482166,20.1,True,False,False
56007,2021,14649,4.165807979003786,19.3,True,False,False
56007,2022,14334,4.156367400133521,15.7,True,False,False
56009,2019,13822,4.14057088863295,18.7,True,False,False
56009,2020,13804,4.140004950619449,18.6,True,False,False
56009,2021,13672,4.135832049712681,17.0,True,False,False
56009,2022,13809,4.140162229613637,15.4,True,False,False
56013,2019,39261,4.593961357132327,19.8,True,False,False
56013,2020,39317,4.594580372508234,22.0,True,False,False
56013,2021,39336,4.594790195282105,19.7,True,False,False
56013,2022,39815,4.600046720062274,16.9,True,False,False
56019,2019,8445,3.926599653907028,16.7,True,False,False
56019,2020,8588,3.933892035764211,17.8,True,False,False
56019,2021,8623,3.935658386100634,16.4,True,False,False
56019,2022,8759,3.942454526342477,15.3,True,False,False
56021,2019,99500,4.997823080745725,16.7,True,False,False
56021,2020,100595,5.002576394970661,18.2,True,False,False
56021,2021,100863,5.0037318813728815,14.8,True,False,False
56021,2022,100984,5.004252569206785,13.5,True,False,False
56023,2019,19830,4.297322714205302,17.2,True,False,False
56023,2020,20253,4.306489362708483,17.9,True,False,False
56023,2021,20153,4.304339704892339,16.2,True,False,False
56023,2022,20880,4.319730494330225,14.1,True,False,False
56025,2019,79858,4.902318429326384,19.3,True,False,False
56025,2020,80815,4.907491977267452,20.3,True,False,False
56025,2021,79555,4.900667480075247,17.2,True,False,False
56025,2022,79941,4.902769576645697,15.0,True,False,False
56029,2019,29194,4.465293603686642,15.4,False,False,False
56029,2022,30735,4.487633217456876,13.1,False,False,False
56031,2020,8578,3.9333860419030544,19.0,False,False,False
56031,2021,8699,3.93946933084353,17.0,False,False,False
56031,2022,8546,3.9317628884811775,15.8,False,False,False
56033,2019,30485,4.484086199357939,16.8,True,False,False
56033,2020,30863,4.48943813884058,17.6,True,False,False
56033,2021,31646,4.500318823746387,16.5,True,False,False
56033,2022,32519,4.51213718202783,13.2,True,False,False
56035,2019,9831,3.992597696102038,17.2,True,False,False
56035,2020,9856,3.99370069482035,16.5,True,False,False
56035,2021,8697,3.93936947007466,15.9,True,False,False
56035,2022,8969,3.9527440240148985,12.8,True,False,False
56037,2019,42343,4.626781624521608,17.0,True,False,False
56037,2020,42673,4.630153175731282,17.5,True,False,False
56037,2021,41614,4.6192394628353615,17.8,True,False,False
56037,2022,41249,4.615413424407249,15.9,True,False,False
56039,2019,23464,4.370402049972496,11.3,True,False,False
56039,2020,23497,4.37101241688384,12.0,True,False,False
56039,2021,23575,4.372451701409366,11.1,True,False,False
56039,2022,23232,4.36608659902,9.0,True,False,False
56041,2019,20226,4.305910002904615,18.8,True,False,False
56041,2020,20215,4.305673745669693,18.9,True,False,False
56041,2021,20635,4.314604473213435,16.8,True,False,False
56041,2022,20745,4.316913439164992,14.9,True,False,False
56045,2019,6927,3.840545187636839,19.2,True,False,False
56045,2020,6743,3.82885315967664,20.5,True,False,False
56045,2021,6745,3.828981954007923,19.7,True,False,False
56045,2022,6808,3.8330195470765314,15.9,True,False,False
